{"type":"FeatureCollection","features":[{"type":"Feature","properties":{"geoid":"3401703580","townId":"bayonne-city","name":"Bayonne city","county":"Hudson","status":""},"geometry":{"type":"Polygon","coordinates":[[[-74.16142499996813,40.64470699966635],[-74.16143500001387,40.644582000019106],[-74.16141999994525,40.64448300019237],[-74.16138899998312,40.644383000293985],[-74.16138999980802,40.644304999983],[-74.16142800034117,40.644147999840854],[-74.16132799988374,40.644136999947314],[-74.16120999988297,40.644123000266035],[-74.15990400037684,40.643969000170394],[-74.1581069997027,40.64375700015668],[-74.15794299967115,40.643738000042234],[-74.1490950001611,40.64269500031218],[-74.14310999973347,40.6419899997715],[-74.14223699987238,40.64213500003654],[-74.14200300041897,40.64217399976733],[-74.14179500000651,40.64220799968879],[-74.13654000022315,40.64308200030612],[-74.13619999956622,40.643138999830335],[-74.13583899989119,40.643198999815034],[-74.13427100044423,40.64345900003427],[-74.13292099965885,40.64368400015368],[-74.13181500016924,40.643437999957165],[-74.13022199970962,40.6430850001388],[-74.12807699977924,40.642607999830254],[-74.12601800006259,40.6421510000512],[-74.12545999984577,40.64235500007218],[-74.12344399978684,40.643091999747845],[-74.12164299981306,40.64375399967264],[-74.12095999992275,40.644000999998184],[-74.11929399966819,40.64460999986775],[-74.1098479997583,40.64806400010058],[-74.10614299987859,40.64806400010058],[-74.10503800021391,40.64806400010058],[-74.10392799962803,40.64806400010058],[-74.10024000036505,40.64806400010058],[-74.0941899996401,40.648064999970195],[-74.09344200035079,40.648064999970195],[-74.0911269996428,40.64930099977671],[-74.09061500035503,40.64957199976066],[-74.08698599974498,40.6515060002768],[-74.07255700003834,40.65149200009669],[-74.0716609997127,40.651496000051104],[-74.06978000027131,40.65148899996035],[-74.05577400016395,40.65147600027673],[-74.0557490000496,40.65147600027673],[-74.05535499986429,40.652135000079994],[-74.05459699963092,40.65340400003031],[-74.05451799998822,40.65353600006844],[-74.05442299955365,40.65369599997105],[-74.05419800032108,40.654071000156094],[-74.05348399957033,40.65520300003421],[-74.0532290002005,40.65565699976666],[-74.05304599990241,40.655979999854054],[-74.05172399960442,40.65816799977952],[-74.0512859999365,40.658893000068545],[-74.05073500029069,40.65980700026414],[-74.05066499997048,40.659921999688116],[-74.04998799992796,40.66104299994734],[-74.04963099955259,40.66163400021707],[-74.06582599997122,40.66688099978895],[-74.06576800024492,40.66694999991722],[-74.06571399981824,40.66703200003607],[-74.06586000030642,40.66708900022549],[-74.0658949995682,40.6671079998235],[-74.07651399981314,40.67157500026179],[-74.07883000034604,40.67254600002492],[-74.08145399995222,40.67364700005726],[-74.0855429999715,40.67536200025891],[-74.08765000026703,40.67624499970324],[-74.0884150001731,40.67656599999678],[-74.08879900031265,40.6767269999653],[-74.08904700000977,40.67683100023757],[-74.08920799966825,40.67689800005191],[-74.08929100040723,40.67693400022937],[-74.08950399994426,40.677009000196044],[-74.08966999962561,40.67706800026502],[-74.08986999964213,40.67713900030181],[-74.09192800043219,40.67803299981219],[-74.09362200027584,40.67876700026286],[-74.09434500034914,40.679082000159966],[-74.09483700044372,40.67929400033837],[-74.09522599970784,40.679454999849966],[-74.09584800039707,40.679716999958686],[-74.09739900012559,40.68037600007916],[-74.09812899987158,40.68068500017666],[-74.09817099970437,40.68079800026693],[-74.09821400026037,40.680913000282644],[-74.0982589995679,40.681034999815886],[-74.09828100020754,40.681092999672046],[-74.09831100034475,40.681174000056146],[-74.0983780002919,40.681350999947405],[-74.09838400013969,40.68136800014704],[-74.09868500043858,40.68217300010658],[-74.09878900019564,40.68245299970919],[-74.0988340004015,40.6825739997963],[-74.098850000295,40.68261699986446],[-74.09889600032575,40.682739999716084],[-74.09896800029578,40.68293400001767],[-74.09902900039515,40.68309799967067],[-74.09906700002999,40.68319900014924],[-74.09929700018377,40.683816999986995],[-74.09935200043535,40.683972000079244],[-74.0994600003904,40.684407000060716],[-74.09975999996604,40.68562299977927],[-74.09979400030122,40.68577199984522],[-74.0998210000654,40.68590499984213],[-74.09991499977674,40.68607600022662],[-74.1002570000835,40.68672299981012],[-74.10068200023093,40.68755799993865],[-74.10093699960075,40.68805799994704],[-74.10100199989809,40.688219000087194],[-74.10107700024115,40.68840000012724],[-74.10134800040281,40.68895699983439],[-74.1014479999619,40.689163000329785],[-74.10147899992404,40.689227000208504],[-74.10157099998554,40.68941800022625],[-74.10163899975761,40.689554000226146],[-74.1017290001693,40.68970799999111],[-74.10182200005572,40.68987000015588],[-74.10188599962981,40.6899799998919],[-74.10193800040669,40.69006899974354],[-74.10195599995002,40.69011299966458],[-74.10197900041456,40.69017999975171],[-74.10198500026235,40.69019900026229],[-74.10198799973708,40.690210999972514],[-74.10200799982856,40.69029200017386],[-74.10202299989717,40.69037300027674],[-74.10202500044531,40.690391000134866],[-74.10202700009513,40.690403999726655],[-74.10202799992005,40.6904150001652],[-74.10203499959273,40.69047900020377],[-74.10203700014087,40.69053199976345],[-74.10203700014087,40.69058499996219],[-74.10203700014087,40.69059700028405],[-74.1020329999429,40.69065900032328],[-74.10203200011802,40.69066900012649],[-74.10202899974496,40.69070100003148],[-74.10202799992005,40.690713000332444],[-74.1020179998743,40.69077299976154],[-74.101996000133,40.690874000188316],[-74.10191400011723,40.6909579999883],[-74.10189599967558,40.6909759996884],[-74.10156699978758,40.691311999782044],[-74.10150499986332,40.69138300031276],[-74.10139400043356,40.69151300031136],[-74.10132199956522,40.691595000190496],[-74.10123100022695,40.69170999996729],[-74.10113999999034,40.69190400004122],[-74.10104499955577,40.692135000263214],[-74.10104999957865,40.69223699987636],[-74.1010680000203,40.69232799989362],[-74.10108999976163,40.69240699979283],[-74.10113400014255,40.69252399998014],[-74.10118799967091,40.69263699975065],[-74.10144899978683,40.693058999954],[-74.10153599982544,40.69319099983679],[-74.10158299968113,40.69327799974046],[-74.10198600008727,40.6938779998343],[-74.10212199963138,40.69408499996169],[-74.10231199960216,40.69437300013514],[-74.10257299971809,40.6947669996613],[-74.10276500023701,40.69505600013851],[-74.10279700002407,40.69513000030184],[-74.10282700016131,40.69523100025404],[-74.10283899985686,40.69528300027764],[-74.1028489999026,40.695359999714086],[-74.10285099955243,40.69542399977062],[-74.10358399967144,40.695779000191614],[-74.10518700017683,40.69655800026049],[-74.10568099992123,40.696796999935835],[-74.10631100010808,40.697102000236804],[-74.1064879996601,40.69718799998666],[-74.10657999972159,40.69723199997414],[-74.10756399991078,40.69770999976097],[-74.10764099990367,40.69774700008162],[-74.1076569997972,40.69775499989059],[-74.10793600035477,40.69789099990069],[-74.10796200029404,40.69790300026885],[-74.10798499986025,40.69791400015036],[-74.10889299988146,40.69835499984873],[-74.10999500007141,40.69888999999287],[-74.11117099988122,40.69945999973436],[-74.11236500013268,40.700039000034195],[-74.11348700041412,40.70058300018831],[-74.11423100040379,40.700944000269445],[-74.11455899956853,40.70107199980763],[-74.1172669997386,40.697807999792296],[-74.11917099964454,40.695612000219604],[-74.11920599980463,40.69557199987866],[-74.11925699985827,40.69551200000333],[-74.12075400005843,40.69373900020717],[-74.12288700029325,40.69120200020148],[-74.12291099968436,40.69117199966513],[-74.12864800041486,40.684234000145054],[-74.12920800028152,40.683556999682075],[-74.1314030004406,40.680902000319364],[-74.13148700010619,40.68080199982652],[-74.13189100033723,40.68030800028653],[-74.13265799989313,40.67936800029334],[-74.13343299984493,40.678433999882095],[-74.13365200012804,40.67816999998165],[-74.13521100025248,40.67625300004981],[-74.13606700039516,40.67503500010131],[-74.13655699994159,40.67436799975193],[-74.13670300042978,40.6744440000356],[-74.13700300000545,40.674104000101316],[-74.13788699973718,40.67310199987357],[-74.13821999982312,40.67269900007188],[-74.14010799983554,40.67042100024371],[-74.14251600042995,40.667514999703855],[-74.14461399960634,40.664982999822435],[-74.14550800028215,40.66390399992174],[-74.14778100025903,40.66116099966781],[-74.14908599994025,40.65958600013904],[-74.14983900015076,40.65867799994931],[-74.1523489999541,40.655648999675016],[-74.15238699958894,40.65560299998139],[-74.15304100006524,40.65479999974588],[-74.15991199987442,40.64636500031194],[-74.16028799961806,40.64590300016478],[-74.16068400035151,40.645313000177666],[-74.1607189996133,40.64526000011179],[-74.16075299994849,40.64526399975815],[-74.16076999966691,40.64526299984657],[-74.16081499987274,40.64526000011179],[-74.16085000003287,40.64525300004854],[-74.16088699984277,40.64525300004854],[-74.1609300003988,40.64525499987193],[-74.16097700025448,40.64527699997034],[-74.16108799968423,40.645347999773655],[-74.161141000286,40.645399999860125],[-74.16119900001232,40.64543099977443],[-74.16125799956355,40.64544300004516],[-74.16130199994447,40.64544300004516],[-74.16135499964793,40.645420000092294],[-74.16136999971654,40.64540300027023],[-74.16136999971654,40.645382000123156],[-74.16136800006672,40.645313000177666],[-74.16138300013534,40.64525000031331],[-74.16138399996024,40.64521900031494],[-74.16136800006672,40.645197000197406],[-74.16132799988374,40.64517400015977],[-74.16129100007382,40.64515200002741],[-74.1612409998451,40.64509999974771],[-74.16122900014955,40.64505500019393],[-74.16122999997447,40.64500299983867],[-74.16123599982224,40.644955999705566],[-74.16126400030963,40.64492299973735],[-74.16131700001309,40.644889999752806],[-74.16138499978516,40.64485000032801],[-74.16140300022681,40.64482299981663],[-74.16142499996813,40.64476599968573],[-74.16142499996813,40.64470699966635]]]}},{"type":"Feature","properties":{"geoid":"3403504450","townId":"bedminster-township","name":"Bedminster township","county":"Somerset","status":""},"geometry":{"type":"Polygon","coordinates":[[[-74.730776,40.665556],[-74.72876,40.666668],[-74.726582,40.667004],[-74.724931,40.667934],[-74.722701,40.67009],[-74.721624,40.67675],[-74.72208,40.677413],[-74.720839,40.679271],[-74.720365,40.679696],[-74.718464,40.680573],[-74.717744,40.683988],[-74.719555,40.685424],[-74.721249,40.685151],[-74.722976,40.686319],[-74.723938,40.687837],[-74.722648,40.690045],[-74.721156,40.691576],[-74.721373,40.694113],[-74.720731,40.69683],[-74.717783,40.697843],[-74.716627,40.698687],[-74.715847,40.700742],[-74.718028,40.703203],[-74.716555,40.703914],[-74.716991,40.704943],[-74.720039,40.706362],[-74.719515,40.707779],[-74.720544,40.709701],[-74.72108,40.712827],[-74.720251,40.715191],[-74.722152,40.716005],[-74.724954,40.71947],[-74.725666,40.719532],[-74.715973,40.721757],[-74.679446,40.730134],[-74.679336,40.719117],[-74.6777,40.71551],[-74.676933,40.712636],[-74.676177,40.703646],[-74.675398,40.702276],[-74.675007,40.6994],[-74.675562,40.697676],[-74.667981,40.694683],[-74.660179,40.695454],[-74.650598,40.696442],[-74.648157,40.6943],[-74.646975,40.691533],[-74.647479,40.689713],[-74.644286,40.684533],[-74.639014,40.683364],[-74.636713,40.682247],[-74.636427,40.681652],[-74.631927,40.669588],[-74.63131,40.66794],[-74.631169,40.667574],[-74.625187,40.651302],[-74.624979,40.650735],[-74.623991,40.649251],[-74.625722,40.649298],[-74.627112,40.648869],[-74.629672,40.646947],[-74.630734,40.64449],[-74.631323,40.643857],[-74.631456,40.64356],[-74.634773,40.641527],[-74.636962,40.641347],[-74.637705,40.641347],[-74.640552,40.639366],[-74.643416,40.638664],[-74.645245,40.636864],[-74.648078,40.633514],[-74.646868,40.629961],[-74.648631,40.627716],[-74.650607,40.626199],[-74.652399,40.627006],[-74.65433,40.626796],[-74.654979,40.62836],[-74.659176,40.627813],[-74.659589,40.625609],[-74.662539,40.624633],[-74.664163,40.621333],[-74.665198,40.620612],[-74.666105,40.618382],[-74.665184,40.616965],[-74.667209,40.61591],[-74.670715,40.6164],[-74.675133,40.619152],[-74.679601,40.622751],[-74.680245,40.624501],[-74.681528,40.625978],[-74.680508,40.628257],[-74.683063,40.630612],[-74.683503,40.632519],[-74.682775,40.634464],[-74.684476,40.635411],[-74.686484,40.634656],[-74.688131,40.632369],[-74.691698,40.632407],[-74.694303,40.632967],[-74.697116,40.632408],[-74.699178,40.631465],[-74.700617,40.629247],[-74.699293,40.625741],[-74.699382,40.622564],[-74.701284,40.622454],[-74.702703,40.621117],[-74.705302,40.621595],[-74.708221,40.624115],[-74.711545,40.625038],[-74.711386,40.627483],[-74.713277,40.630616],[-74.717017,40.631705],[-74.7194,40.630901],[-74.721399,40.631462],[-74.725182,40.631575],[-74.726544,40.63241],[-74.727658,40.636233],[-74.72536,40.637206],[-74.722951,40.638932],[-74.722022,40.641429],[-74.724033,40.64434],[-74.723963,40.645419],[-74.72395,40.646858],[-74.720927,40.650955],[-74.71958,40.651821],[-74.721358,40.655552],[-74.722725,40.656588],[-74.727552,40.658614],[-74.729058,40.660897],[-74.729075,40.662824],[-74.729839,40.662966],[-74.730129,40.664252],[-74.730776,40.665556]]]}},{"type":"Feature","properties":{"geoid":"3403905320","townId":"berkeley-heights-township","name":"Berkeley Heights township","county":"Union","status":""},"geometry":{"type":"Polygon","coordinates":[[[-74.459756,40.674264],[-74.454183,40.674088],[-74.452584,40.676236],[-74.453404,40.67709],[-74.451564,40.679675],[-74.451639,40.679893],[-74.452997,40.682885],[-74.451903,40.685397],[-74.450328,40.686041],[-74.447812,40.685605],[-74.445278,40.68804],[-74.443762,40.688038],[-74.441122,40.689562],[-74.439638,40.6897],[-74.43797,40.691641],[-74.434085,40.693568],[-74.431773,40.692985],[-74.430515,40.693656],[-74.430078,40.697762],[-74.428573,40.699115],[-74.4248,40.694841],[-74.420464,40.693129],[-74.42086,40.689214],[-74.418203,40.687047],[-74.415687,40.684748],[-74.412931,40.679469],[-74.41059,40.679151],[-74.405465,40.682723],[-74.400691,40.685193],[-74.396075,40.686193],[-74.395434,40.689024],[-74.395985,40.689814],[-74.389231,40.692696],[-74.38624,40.695067],[-74.383364,40.696214],[-74.383076,40.695068],[-74.382117,40.694781],[-74.381489,40.688507],[-74.379459,40.68534],[-74.38557,40.679623],[-74.387102,40.678685],[-74.392558,40.676275],[-74.393994,40.675023],[-74.397734,40.674307],[-74.401375,40.670991],[-74.401432,40.669052],[-74.403486,40.666657],[-74.403587,40.666687],[-74.405002,40.667734],[-74.409493,40.665589],[-74.413022,40.662134],[-74.416716,40.66125],[-74.417062,40.66009],[-74.419091,40.658479],[-74.419781,40.657718],[-74.422386,40.658923],[-74.425473,40.662155],[-74.428023,40.663178],[-74.429756,40.664968],[-74.432919,40.664526],[-74.43592,40.663464],[-74.443084,40.657651],[-74.44869,40.655231],[-74.449362,40.655052],[-74.450846,40.654148],[-74.457083,40.666485],[-74.461035,40.673504],[-74.459756,40.674264]]]}},{"type":"Feature","properties":{"geoid":"3403505560","townId":"bernards-township","name":"Bernards township","county":"Somerset","status":""},"geometry":{"type":"Polygon","coordinates":[[[-74.63131,40.66794],[-74.630426,40.667619],[-74.623784,40.66723],[-74.621471,40.668625],[-74.613583,40.670537],[-74.604814,40.67148],[-74.60044,40.670783],[-74.597868,40.670986],[-74.594199,40.67377],[-74.595264,40.674456],[-74.601373,40.677184],[-74.605625,40.681858],[-74.609078,40.685253],[-74.610094,40.688161],[-74.609466,40.691381],[-74.608639,40.692229],[-74.61055,40.692809],[-74.607855,40.694474],[-74.590303,40.699738],[-74.5683,40.706451],[-74.567655,40.706631],[-74.556079,40.71793],[-74.553339,40.719069],[-74.555354,40.721525],[-74.553032,40.722591],[-74.563767,40.729073],[-74.563012,40.730289],[-74.559968,40.731965],[-74.556549,40.734784],[-74.558046,40.736037],[-74.551645,40.740413],[-74.551099,40.741587],[-74.549005,40.740935],[-74.547676,40.736987],[-74.548837,40.733717],[-74.543396,40.734483],[-74.53996,40.733793],[-74.537984,40.732118],[-74.534466,40.730315],[-74.530893,40.729854],[-74.530761,40.727725],[-74.529766,40.726505],[-74.531505,40.721267],[-74.531228,40.719683],[-74.528807,40.719123],[-74.528763,40.717642],[-74.526072,40.715791],[-74.524118,40.715643],[-74.524187,40.713374],[-74.526809,40.710933],[-74.525979,40.709327],[-74.523627,40.708426],[-74.522025,40.708684],[-74.521499,40.707918],[-74.518706,40.706299],[-74.517642,40.704802],[-74.513866,40.701064],[-74.513717,40.69775],[-74.51487,40.694839],[-74.514248,40.694522],[-74.516626,40.693011],[-74.518783,40.693763],[-74.518882,40.691607],[-74.516902,40.690853],[-74.517297,40.688734],[-74.521256,40.688256],[-74.522945,40.689458],[-74.524477,40.689142],[-74.524658,40.687732],[-74.525769,40.687015],[-74.526339,40.685079],[-74.527879,40.684344],[-74.528493,40.681245],[-74.528743,40.680083],[-74.527715,40.677441],[-74.527266,40.675517],[-74.525865,40.673321],[-74.52598,40.670209],[-74.528332,40.669633],[-74.528487,40.669596],[-74.528902,40.669359],[-74.529187,40.669022],[-74.529339,40.668749],[-74.529403,40.668464],[-74.529595,40.668027],[-74.529854,40.667567],[-74.531957,40.667002],[-74.532508,40.667669],[-74.533281,40.667916],[-74.533672,40.667905],[-74.534006,40.667805],[-74.534169,40.667688],[-74.534359,40.667308],[-74.534313,40.666988],[-74.533884,40.665405],[-74.532032,40.665782],[-74.529567,40.664673],[-74.529,40.663632],[-74.528846,40.662814],[-74.528548,40.662477],[-74.525585,40.660606],[-74.526929,40.659512],[-74.527257,40.659091],[-74.525822,40.655827],[-74.525978,40.65389],[-74.524118,40.654454],[-74.524376,40.652939],[-74.526077,40.652255],[-74.524791,40.651178],[-74.522835,40.651834],[-74.523931,40.649845],[-74.523229,40.649157],[-74.523476,40.648976],[-74.530546,40.64796],[-74.532402,40.649607],[-74.537701,40.650133],[-74.539967,40.651816],[-74.5413,40.651564],[-74.546149,40.651473],[-74.548656,40.651454],[-74.5503,40.65021],[-74.554767,40.649746],[-74.556898,40.65046],[-74.558646,40.649831],[-74.559755,40.648682],[-74.562046,40.648165],[-74.566078,40.648472],[-74.569272,40.649982],[-74.568991,40.652766],[-74.569938,40.654994],[-74.573256,40.656059],[-74.574425,40.655997],[-74.57617,40.654412],[-74.577036,40.65303],[-74.57556,40.652436],[-74.574933,40.649416],[-74.57561,40.645292],[-74.574243,40.641897],[-74.572857,40.634446],[-74.573081,40.631651],[-74.57173,40.628531],[-74.568983,40.625102],[-74.565377,40.622675],[-74.56259,40.618696],[-74.563765,40.615289],[-74.562841,40.6121],[-74.563225,40.610508],[-74.584845,40.621723],[-74.60917,40.639715],[-74.61322,40.642309],[-74.623991,40.649251],[-74.624979,40.650735],[-74.625187,40.651302],[-74.631169,40.667574],[-74.63131,40.66794]]]}},{"type":"Feature","properties":{"geoid":"3403505590","townId":"bernardsville-borough","name":"Bernardsville borough","county":"Somerset","status":""},"geometry":{"type":"Polygon","coordinates":[[[-74.637047,40.728414],[-74.635863,40.730961],[-74.632255,40.733644],[-74.630508,40.736973],[-74.630957,40.738579],[-74.629274,40.739959],[-74.631262,40.741142],[-74.618518,40.744049],[-74.590077,40.750532],[-74.570819,40.754917],[-74.556018,40.758288],[-74.555207,40.756901],[-74.55264,40.755905],[-74.5515,40.753288],[-74.550873,40.751013],[-74.552914,40.749677],[-74.552137,40.748404],[-74.550095,40.747327],[-74.549109,40.747045],[-74.549005,40.740935],[-74.551099,40.741587],[-74.551645,40.740413],[-74.558046,40.736037],[-74.556549,40.734784],[-74.559968,40.731965],[-74.563012,40.730289],[-74.563767,40.729073],[-74.553032,40.722591],[-74.555354,40.721525],[-74.553339,40.719069],[-74.556079,40.71793],[-74.567655,40.706631],[-74.5683,40.706451],[-74.590303,40.699738],[-74.607855,40.694474],[-74.61055,40.692809],[-74.61845,40.695209],[-74.618326,40.704607],[-74.618794,40.707308],[-74.61975,40.708541],[-74.620528,40.710515],[-74.620825,40.711024],[-74.640071,40.728233],[-74.637047,40.728414]]]}},{"type":"Feature","properties":{"geoid":"3401306260","townId":"bloomfield-township","name":"Bloomfield township","county":"Essex","status":""},"geometry":{"type":"Polygon","coordinates":[[[-74.2118530001323,40.78569400017489],[-74.21145999977193,40.785544999954894],[-74.21057299966711,40.78520999990117],[-74.20925999958996,40.78471399982295],[-74.20829200019263,40.78434900030251],[-74.20738699964618,40.78400799975431],[-74.20658199955713,40.783704000326644],[-74.20580999997838,40.78341200010319],[-74.20473899975056,40.78300700005581],[-74.20370400040606,40.78261600010237],[-74.20251000015459,40.78216599979457],[-74.20194100006712,40.78195100023397],[-74.20180100032502,40.78189799999174],[-74.20162200022489,40.781829999798695],[-74.20156299977535,40.781807999881416],[-74.20151599991968,40.78179000025283],[-74.20144599959949,40.78171200021879],[-74.20118899968153,40.78142500030786],[-74.20100200008378,40.78121699977749],[-74.2003550001785,40.78049100012118],[-74.20011199960592,40.780217000116615],[-74.19749999969532,40.77729699973105],[-74.19743500029631,40.77722499969914],[-74.19731100044775,40.77708599995528],[-74.19716199958651,40.7769189998833],[-74.19702199984444,40.77676299984818],[-74.19682299965281,40.776540999925416],[-74.19673800016233,40.77644700010225],[-74.1963630002436,40.77611199973767],[-74.19558699956856,40.77515300026506],[-74.19503599992274,40.774536999811744],[-74.19420499989444,40.77361200030078],[-74.19414600034321,40.77354599984494],[-74.19394700015157,40.773321999994074],[-74.1938280003259,40.77318899976779],[-74.1934140000491,40.77272499966106],[-74.19276100029603,40.77199500019139],[-74.19210500016992,40.771259999872825],[-74.19197799994829,40.77111999982976],[-74.19165999993098,40.7707649997833],[-74.19137700007377,40.770449000081925],[-74.19104599963765,40.77008000009169],[-74.19074600006199,40.76973999985205],[-74.19006700036965,40.7689759996822],[-74.1897590003981,40.76863399971296],[-74.18970099977346,40.76856999996081],[-74.18945399990125,40.768276999777086],[-74.18930800031137,40.76855399967302],[-74.18924200018914,40.76875200007228],[-74.18875000009456,40.769883999733686],[-74.18833300034304,40.77092399981824],[-74.18790399999763,40.771986999780005],[-74.18771700039989,40.77243500024485],[-74.18728300003161,40.77350400001548],[-74.1870789998171,40.7740040002142],[-74.186867000105,40.77452200029383],[-74.18684799983842,40.77457100024855],[-74.18680099998278,40.77455500004519],[-74.18676300034792,40.774528999706455],[-74.18673499986052,40.774496999955886],[-74.18672099961682,40.77446400017577],[-74.18670999974616,40.77448499979037],[-74.18635699956874,40.77462500022621],[-74.18625600018473,40.77466500000501],[-74.18641699984322,40.774895000136425],[-74.18659099992048,40.77514500023394],[-74.18633300017763,40.77577799971907],[-74.18566299980779,40.77742000020033],[-74.18563299967056,40.77749399995815],[-74.18550200014933,40.77781599994849],[-74.18526899962251,40.778388999831726],[-74.18446899955633,40.78035500018573],[-74.18436099960131,40.78062000032784],[-74.18406199985056,40.78135499980965],[-74.18385599998624,40.781858999709506],[-74.18373700016055,40.78215199985706],[-74.1832559999366,40.78333300005271],[-74.18323099982226,40.783403999706266],[-74.18284000001002,40.78452799977386],[-74.18232299980106,40.7860159998645],[-74.18215899976953,40.786542999992875],[-74.18213100018045,40.7866350001505],[-74.18209000017255,40.78676600032503],[-74.1816009995527,40.788232000092094],[-74.18159100040528,40.788263000221164],[-74.18140200025938,40.78881599971929],[-74.18134100016,40.7889940002777],[-74.18132100006854,40.78905299974615],[-74.18131400039583,40.78907299971546],[-74.18108400024207,40.789761999944716],[-74.18101200027205,40.78997900030541],[-74.18081399990533,40.79057099974551],[-74.18051400032967,40.79146699999768],[-74.18037200003945,40.791891999941384],[-74.18035199994796,40.79195100023541],[-74.18026200043458,40.792217999850024],[-74.1802559996885,40.79223699979947],[-74.18010300042593,40.79269100019679],[-74.18007199956548,40.79278399973633],[-74.18004899999927,40.79285200027517],[-74.17990400023432,40.793305000137124],[-74.1798830003179,40.793375000281486],[-74.17982200021854,40.79357899987316],[-74.17965300016415,40.79414999966813],[-74.1796499997911,40.79416099996375],[-74.17946300019334,40.79478800019976],[-74.17941200013972,40.794960999822365],[-74.1793059998345,40.79531999993981],[-74.17902800000017,40.79639500015719],[-74.17900700008377,40.79647700003871],[-74.17899600021312,40.79651799994147],[-74.17892000004512,40.79677599972726],[-74.17888900008299,40.796882000223746],[-74.17884999972492,40.79701299990418],[-74.17881499956482,40.79713199985185],[-74.17877299973203,40.79727499984967],[-74.17873300044737,40.79741099981858],[-74.17869599973915,40.79753900013486],[-74.17865700027939,40.797679999926586],[-74.1780170000468,40.80001100020659],[-74.17664000039555,40.80502799968633],[-74.17562600006914,40.80871800027989],[-74.1754050001362,40.80952499992721],[-74.17582899956041,40.809652999999884],[-74.17937399960657,40.81072699979538],[-74.17945800017047,40.8107520000932],[-74.17954299966097,40.810776999701694],[-74.17991299955682,40.810886000033165],[-74.18026599973423,40.810990000145075],[-74.18047099977366,40.81104999992627],[-74.18075299980595,40.81113300020279],[-74.18194600023251,40.811485000287014],[-74.18195799992807,40.81146900013823],[-74.18370399965028,40.81215899990373],[-74.18375600042712,40.812178999711115],[-74.18387199987977,40.81222500006104],[-74.18395100042079,40.812255999865044],[-74.18379800025991,40.81237599980313],[-74.18360599974099,40.81252500031946],[-74.18338999983091,40.81273699979289],[-74.18329600011958,40.81282899968713],[-74.18319200036251,40.812948999948674],[-74.18101100044713,40.815453000307905],[-74.18034799975,40.8161169997391],[-74.18018299989356,40.81621400003243],[-74.1796659996846,40.81660900020361],[-74.17961800000403,40.816625999851844],[-74.17957899964598,40.81705500005011],[-74.17954100001114,40.817297000123354],[-74.17950900022409,40.817456000252804],[-74.17938500037552,40.81792500007791],[-74.17935000021542,40.818044999959916],[-74.17934299964442,40.818077999838444],[-74.179325999926,40.81815599998043],[-74.17925899997883,40.81832799984746],[-74.17917000029038,40.81857800027397],[-74.17906700035822,40.818789000093794],[-74.17895199983218,40.819042000210835],[-74.1788480000751,40.819258000012],[-74.17873699974702,40.819451000092236],[-74.17844499966897,40.819428999724],[-74.17797000019114,40.81939299978547],[-74.1778200004033,40.81938200027245],[-74.17765299999873,40.819645000304426],[-74.17728099955474,40.82025599971108],[-74.17631900000518,40.82185299980776],[-74.17621299969996,40.82204899974745],[-74.17557699966532,40.8219779999541],[-74.1752860003105,40.821945999955375],[-74.17497400014098,40.82191499992066],[-74.17494300017884,40.821910000023344],[-74.17456900008503,40.822618000085406],[-74.17419800036426,40.822916000322934],[-74.17376599964582,40.82347599973856],[-74.17370999956931,40.823546999967654],[-74.1736739995843,40.823593999866844],[-74.17318800023581,40.82422200002493],[-74.17314499967978,40.824278000300126],[-74.17289299978472,40.82460300027182],[-74.17278800020274,40.82473899997971],[-74.17232500042046,40.825337000304444],[-74.17207199980214,40.825665000293334],[-74.1718219995569,40.82598899966783],[-74.17169299968548,40.82615600003846],[-74.17154500044578,40.82634600002198],[-74.17131000026913,40.82664900004292],[-74.17116100030621,40.82684199968899],[-74.17099499972655,40.82705700001739],[-74.17079800008305,40.827311999661376],[-74.17067099986146,40.82747599973267],[-74.17039700022507,40.82782999988821],[-74.17007400018487,40.828248000273206],[-74.169596000334,40.82886599975824],[-74.16692699962367,40.83231600015205],[-74.16656199975068,40.83278799969876],[-74.16540600003238,40.83428099966267],[-74.16533700043539,40.834370999999116],[-74.1649859999078,40.834824999667426],[-74.16466700006556,40.83523499986699],[-74.16403699987873,40.836075000214265],[-74.16408299990948,40.83609900002895],[-74.16335499981334,40.836762000309875],[-74.16324299966034,40.83689999973453],[-74.16320699967532,40.83694500017919],[-74.1631840001091,40.836973999800165],[-74.16290399972664,40.83742799999296],[-74.16285199984809,40.83751099988662],[-74.16281599986308,40.83756699981352],[-74.1627539999388,40.83766600016315],[-74.16274399989305,40.837682000109666],[-74.16268500034182,40.83777699996748],[-74.16266600007525,40.837808000063326],[-74.16269600021249,40.83782499971509],[-74.16309299987252,40.83804400007643],[-74.1685910002284,40.84103900007075],[-74.16995299981106,40.84178200013434],[-74.170033000177,40.84182499994523],[-74.17243800039837,40.843143000309674],[-74.17252700008682,40.84319100024903],[-74.17258800018618,40.84322500018504],[-74.17272799992826,40.84330200031547],[-74.17278999985255,40.84333600019455],[-74.17285299960174,40.84337000005619],[-74.17902299997729,40.846751000103296],[-74.17906599963499,40.84677599973439],[-74.17940299991889,40.84697200007588],[-74.1799030004094,40.84726099981661],[-74.18119499967183,40.84795899970829],[-74.18266199973476,40.84878400013195],[-74.18399900010137,40.84651699972877],[-74.18404199975907,40.84644300012369],[-74.18421599983635,40.84614999971903],[-74.18540199969189,40.8441460003111],[-74.18578400018163,40.84350099969978],[-74.18583500023524,40.843415000186006],[-74.1858679998472,40.84335899976309],[-74.18598500002308,40.84316199995005],[-74.18630100039057,40.84262799979219],[-74.18634800024624,40.84254700020565],[-74.18717300042675,40.84115599983841],[-74.18744500041332,40.84069700019299],[-74.1878939999519,40.839940000216885],[-74.18842100020659,40.8390500002861],[-74.18861399965212,40.838724000035135],[-74.18909999989891,40.837904000158495],[-74.18916000017337,40.83780200026511],[-74.18979700003293,40.836729000212785],[-74.19051000006046,40.83552300003939],[-74.19076199995554,40.83510199995744],[-74.19161300007531,40.8336610000667],[-74.19230000016358,40.832499999879644],[-74.19266300038674,40.831888999762484],[-74.19288299959645,40.831515999951186],[-74.19362800030935,40.83025900011528],[-74.19402400014445,40.82959000019214],[-74.19439599969014,40.828950000048685],[-74.19442800037551,40.82889600006838],[-74.19424000005452,40.82885300002744],[-74.19352100017922,40.828688000085776],[-74.19319800013903,40.82872100010692],[-74.19141200023385,40.82891299996625],[-74.19169199971803,40.82821300024774],[-74.19227500004922,40.82675299991493],[-74.19254399966273,40.82607799978746],[-74.19268400030313,40.8257280001635],[-74.19270199984648,40.825688999797734],[-74.19316200015403,40.82451600009247],[-74.19351199995837,40.82334399999143],[-74.19366599994419,40.82283299983243],[-74.19379900001356,40.82250800002436],[-74.1938850002273,40.82229699979838],[-74.19500199958755,40.81957499999195],[-74.19501800037939,40.81953700010211],[-74.19585799973021,40.81723499977296],[-74.19698800040756,40.814094999671354],[-74.19727899976239,40.81357899980064],[-74.19735599975527,40.81323799980112],[-74.19750300006838,40.8125899999927],[-74.19674700038314,40.81259800027231],[-74.19616200040214,40.81262500010417],[-74.19547899961353,40.81262299986517],[-74.19574700030044,40.81123000030422],[-74.19585199988244,40.81068800012785],[-74.19601099989107,40.80986099984637],[-74.19614399996048,40.80916800014624],[-74.19631100036504,40.808301000063885],[-74.19644799973409,40.80753199979836],[-74.19659599987209,40.8067300000735],[-74.19685299979004,40.80534799967204],[-74.19700099992805,40.804549000115784],[-74.19760799965036,40.803693000280305],[-74.19957799967855,40.80089500007002],[-74.1997359998623,40.80095700004941],[-74.20082600035668,40.79905699993088],[-74.200884000083,40.799064999802],[-74.201320999926,40.79844399979757],[-74.20123499971227,40.79833300012105],[-74.20082499963347,40.797734000158194],[-74.20011800035203,40.796737999700504],[-74.19991800033549,40.796489999994044],[-74.20049099972262,40.7962160000308],[-74.20089999997653,40.79602100030883],[-74.20119799990236,40.795883999840754],[-74.20123600043551,40.7958659999469],[-74.20132900032192,40.79582399994885],[-74.20145900001826,40.79576400000268],[-74.20156399960024,40.79570300030784],[-74.20172599998196,40.795621000150355],[-74.20190099988415,40.79553199997265],[-74.2019689996562,40.79549500029155],[-74.2030659998233,40.79490900014828],[-74.20321599961112,40.794828999785445],[-74.20398600043836,40.794416999960816],[-74.2040590002333,40.79436299975135],[-74.205348000021,40.79308700003087],[-74.20522300034753,40.79302599991667],[-74.20664699985446,40.79123299971077],[-74.20751300004287,40.79014199971506],[-74.20761000012725,40.79002000014035],[-74.20846999956954,40.788948000148565],[-74.20857300040004,40.788818999793804],[-74.20904500040314,40.78823100028515],[-74.20930099959786,40.787911999888436],[-74.20980699993615,40.78728199986974],[-74.20983000040069,40.78725300028638],[-74.21004100028787,40.78698999973407],[-74.21040600016084,40.786688999843605],[-74.2104930001995,40.78662899980401],[-74.21145700029717,40.785965999668676],[-74.2118530001323,40.78569400017489]]]}},{"type":"Feature","properties":{"geoid":"3401906370","townId":"bloomsbury-borough","name":"Bloomsbury borough","county":"Hunterdon","status":""},"geometry":{"type":"Polygon","coordinates":[[[-75.10904600010275,40.64216300023008],[-75.10938900023443,40.64177800028845],[-75.10900300044506,40.6414029998659],[-75.10894900001838,40.64134700019281],[-75.10893700032281,40.64133499986718],[-75.10886799982752,40.641267999770626],[-75.10883400039064,40.641235999995835],[-75.10882000014695,40.6412229996782],[-75.10867000035913,40.641076000210056],[-75.10849200008387,40.64090299966081],[-75.10843199980944,40.64034599998473],[-75.1084290003347,40.64029700000864],[-75.10842699978656,40.64027500031369],[-75.10842599996165,40.64026199980895],[-75.10841799956575,40.64024899998329],[-75.1083930003497,40.64005100028067],[-75.10839199962646,40.64004099970172],[-75.1083590000145,40.639753999966445],[-75.10837699955785,40.63974000004754],[-75.10837999993089,40.63968700032797],[-75.10841000006812,40.639610999975005],[-75.108451000076,40.63956900011955],[-75.1085359995665,40.63953200022497],[-75.10867200000895,40.63950100029754],[-75.10869100027553,40.639497000305845],[-75.1088100001012,40.63948900032173],[-75.1087880003599,40.63947199967072],[-75.10866199996319,40.639369999763446],[-75.10753300000906,40.63845199972014],[-75.1066979997828,40.639355999764064],[-75.10628600005417,40.640462000216],[-75.10611199997689,40.64070999975224],[-75.10610600012912,40.64079899993833],[-75.1061210001977,40.64090299966081],[-75.10592200000609,40.64097699995457],[-75.10482800021205,40.64144599989953],[-75.10179399962874,40.6426540003029],[-75.09913900006043,40.64374500026438],[-75.09689200002282,40.64466899997287],[-75.09403599971475,40.64581599977479],[-75.09189800035537,40.64667900002048],[-75.09063499960862,40.64718900008881],[-75.09043299994228,40.647270000081775],[-75.08913199956069,40.64779599974778],[-75.08705100010275,40.64864100006828],[-75.08676700042061,40.64875800005577],[-75.08282399999119,40.6503739996961],[-75.07830700034974,40.65218500003312],[-75.0756920000661,40.65323599972804],[-75.07434600037698,40.653764000324585],[-75.0738180002974,40.653981000167605],[-75.07327199977611,40.65418200013377],[-75.07174299978891,40.65472100025463],[-75.07040799997044,40.65512200012945],[-75.06900700002974,40.65559499988328],[-75.06703700000156,40.65619799973385],[-75.067089999705,40.656331000123416],[-75.06729100044478,40.65684199976368],[-75.06807800009216,40.6588329998831],[-75.0683140000937,40.65943200029122],[-75.06836799962205,40.65956899983699],[-75.06848800017097,40.65987200008144],[-75.06891199959519,40.660944999685924],[-75.07079399975981,40.66572200023635],[-75.07107099976925,40.66641299967151],[-75.07109199968565,40.666467999839604],[-75.0710950000587,40.66647700027163],[-75.07117000040178,40.666467000245774],[-75.07131199979368,40.66644900005921],[-75.07155000034336,40.666402000041245],[-75.07189599994977,40.66633400030463],[-75.07195299985119,40.66632299997999],[-75.07285000000172,40.66626799969231],[-75.07341999991411,40.666114000280864],[-75.07377999976424,40.66595799994814],[-75.07380400005367,40.66594200019041],[-75.07416200025396,40.66570599974059],[-75.07515599959058,40.665049999958676],[-75.07574700031768,40.66459900032643],[-75.07601299955816,40.664335999782814],[-75.07623900041227,40.66415899969067],[-75.07680199975367,40.66373099994827],[-75.07701600001391,40.66354799974402],[-75.0772059999847,40.66332499978451],[-75.07791999983715,40.662377999898],[-75.07829800012892,40.6618849997932],[-75.07839199984025,40.66176200030626],[-75.07857799961307,40.66152400003998],[-75.07875500006341,40.66125999996522],[-75.07886800004131,40.66105399977998],[-75.07897099997348,40.660802000123866],[-75.07907599955546,40.66042199982658],[-75.07910999989063,40.66020499980841],[-75.07911400008861,40.66018200017333],[-75.07911900011148,40.66013099970987],[-75.07912900015721,40.66003199978118],[-75.07913199963194,40.660000000144514],[-75.07913500000501,40.659971999938726],[-75.07914000002786,40.65992500012668],[-75.07915400027159,40.65990000032915],[-75.07915900029444,40.65987499984084],[-75.07916400031732,40.65984900033155],[-75.07916799961696,40.65982900033519],[-75.07919100008151,40.65977400014395],[-75.07926399987643,40.659638000033915],[-75.07937299965637,40.659487000082976],[-75.07944700017454,40.65940599992785],[-75.07954400025892,40.659333000006605],[-75.07963799997025,40.65926699996242],[-75.07974799957509,40.65920700011336],[-75.07981500042058,40.65917000020227],[-75.07985899990318,40.65914700021034],[-75.08002299993471,40.659034000223734],[-75.08021399973042,40.65886399969037],[-75.08034900034794,40.65874399989478],[-75.08050699963339,40.6585999999915],[-75.08074199981003,40.6584210002415],[-75.08128800033127,40.65807799986592],[-75.08160200015065,40.65789699995227],[-75.08181899988561,40.65777800018575],[-75.08200399983355,40.65769200001046],[-75.08237700010244,40.65755200015357],[-75.08268300042421,40.657447999797114],[-75.08302200035791,40.65736100014759],[-75.08330600004005,40.657316000002325],[-75.08365199964646,40.65727500011617],[-75.08396700018905,40.65724099969285],[-75.08422400010699,40.65720300032165],[-75.08453000042873,40.65712900030033],[-75.0847959996692,40.657055000196976],[-75.08503199967076,40.65697099992494],[-75.08533999964233,40.65683399981414],[-75.08551700009265,40.65674400014534],[-75.08564599996409,40.6566780002656],[-75.08603500012651,40.656477000322646],[-75.08646399957358,40.65627799994873],[-75.08679199963665,40.65614399970496],[-75.08682799962166,40.65612999981652],[-75.08684799971314,40.65612300021198],[-75.0869149996603,40.65612300021198],[-75.08709299993554,40.655987999905996],[-75.08729600032513,40.65592600033016],[-75.08734999985349,40.65591000021049],[-75.08736900012006,40.655904000334964],[-75.08798699971301,40.655714999891224],[-75.08827499959311,40.65562700026993],[-75.08880699987068,40.655400999765995],[-75.08889300008441,40.655400999765995],[-75.08898500014591,40.655400999765995],[-75.08922899964507,40.65527700014727],[-75.08931400003388,40.655228000228924],[-75.0894200003391,40.655166999710076],[-75.08964499957168,40.65500799969302],[-75.08991599973332,40.654772000083575],[-75.08998799970335,40.654689999885235],[-75.0900050003201,40.65464700020636],[-75.09000399959687,40.654588000062994],[-75.08998400040372,40.65453799986603],[-75.08994599987057,40.654480999854776],[-75.08976900031855,40.6543500000986],[-75.08969300015056,40.65429899994714],[-75.08968499975465,40.65429200015044],[-75.08963500042425,40.65421600007154],[-75.08960899958666,40.654136999888806],[-75.08960799976175,40.654056000052876],[-75.08962000035564,40.6540129999654],[-75.0896329998761,40.653960999775066],[-75.08969499980039,40.653856000171494],[-75.08979799973254,40.65374999993678],[-75.09017199982637,40.65349700016178],[-75.09086099956446,40.6530920002032],[-75.09103800001476,40.65298799970946],[-75.09115500019064,40.652906999841704],[-75.09125399992483,40.652809999693964],[-75.09134500016143,40.65269600007785],[-75.09141100028368,40.65260399999456],[-75.0914489999185,40.65254699969415],[-75.09151599986565,40.65245500008691],[-75.09172299955489,40.652163000167384],[-75.09174699984433,40.65212599975729],[-75.09181700016454,40.65203199994931],[-75.09186300019529,40.651951000284114],[-75.09188800030964,40.65186999983904],[-75.09191800044688,40.6517470002877],[-75.09194600003597,40.651681000235506],[-75.09195500025679,40.651660000019355],[-75.09202700022682,40.65155600001975],[-75.09262100042866,40.65097100006864],[-75.09262999975118,40.650948999802644],[-75.09315600018095,40.65047699965986],[-75.09355600021404,40.649924000186644],[-75.09424499995212,40.64938600001338],[-75.09500200036058,40.648812999786784],[-75.09577599958916,40.64824900025794],[-75.096257999638,40.64796900015207],[-75.0967079998998,40.647860999680404],[-75.09733800008667,40.647810000021735],[-75.09786500034134,40.64769099998497],[-75.09817999998562,40.647617000319016],[-75.09931099958956,40.64716099995894],[-75.10001399957135,40.646940000201575],[-75.10055500006975,40.64679199980374],[-75.10108200032444,40.646608000269914],[-75.1014170000602,40.6463099999266],[-75.1016859996737,40.646065999665645],[-75.10179399962874,40.64597300008281],[-75.10203600037639,40.645820999972614],[-75.10269099977928,40.645480000071295],[-75.10304499978162,40.64534400013233],[-75.10404599968922,40.64517899972408],[-75.10511500026722,40.64507200010468],[-75.105521999973,40.644914999721955],[-75.1059870003034,40.64458100009731],[-75.10641199955253,40.64420499981796],[-75.10683699969996,40.64379299982067],[-75.10735899993178,40.643405999859404],[-75.10780499999564,40.64301599986347],[-75.10799800033948,40.64282199998162],[-75.1082610001052,40.64250799984922],[-75.10871800003972,40.642420999805154],[-75.10879900023055,40.64236099980273],[-75.10900599991979,40.64221000028507],[-75.10901199976756,40.64220099998705],[-75.10904600010275,40.64216300023008]]]}},{"type":"Feature","properties":{"geoid":"3402706610","townId":"boonton-town","name":"Boonton town","county":"Morris","status":""},"geometry":{"type":"Polygon","coordinates":[[[-74.426335,40.907259],[-74.422811,40.910691],[-74.42015,40.911895],[-74.413762,40.914789],[-74.40594,40.918318],[-74.40383,40.915733],[-74.40314,40.913313],[-74.402401,40.910291],[-74.393499,40.91741],[-74.392472,40.913489],[-74.392196,40.912928],[-74.390856,40.909798],[-74.389238,40.90978],[-74.386949,40.909753],[-74.383682,40.903423],[-74.383174,40.899717],[-74.38589,40.899405],[-74.387779,40.899511],[-74.389735,40.897699],[-74.393886,40.897597],[-74.395716,40.894192],[-74.39965,40.89415],[-74.400929,40.893454],[-74.403498,40.892303],[-74.407142,40.892498],[-74.41079,40.894704],[-74.414751,40.896782],[-74.41709,40.896277],[-74.417562,40.89677],[-74.418964,40.896704],[-74.418241,40.897401],[-74.421856,40.901468],[-74.423655,40.901869],[-74.425542,40.90405],[-74.42546,40.904703],[-74.426335,40.907259]]]}},{"type":"Feature","properties":{"geoid":"3403506790","townId":"bound-brook-borough","name":"Bound Brook borough","county":"Somerset","status":""},"geometry":{"type":"Polygon","coordinates":[[[-74.557548,40.572525],[-74.555021,40.574793],[-74.553736,40.572797],[-74.544811,40.571947],[-74.539402,40.571423],[-74.539231,40.5719],[-74.537648,40.57454],[-74.536764,40.577609],[-74.536359,40.579274],[-74.524703,40.581839],[-74.526279,40.578545],[-74.52906,40.570657],[-74.523917,40.56967],[-74.523641,40.568734],[-74.525893,40.568226],[-74.525532,40.566537],[-74.524784,40.564832],[-74.524503,40.561952],[-74.526669,40.560727],[-74.526685,40.559474],[-74.527825,40.559617],[-74.531665,40.559449],[-74.53556,40.558722],[-74.53715,40.558109],[-74.54279,40.555196],[-74.544291,40.555782],[-74.544993,40.557433],[-74.548325,40.56076],[-74.548461,40.560788],[-74.554603,40.567603],[-74.553482,40.567999],[-74.556322,40.570133],[-74.557548,40.572525]]]}},{"type":"Feature","properties":{"geoid":"3403507180","townId":"branchburg-township","name":"Branchburg township","county":"Somerset","status":""},"geometry":{"type":"Polygon","coordinates":[[[-74.775338,40.504551],[-74.769525,40.513227],[-74.754786,40.535376],[-74.753434,40.53744],[-74.751098,40.541005],[-74.748929,40.54431],[-74.748802,40.54452],[-74.743081,40.553255],[-74.740956,40.555213],[-74.73549,40.558934],[-74.733672,40.561139],[-74.730702,40.563584],[-74.724597,40.566184],[-74.722536,40.569484],[-74.712962,40.584231],[-74.724937,40.588755],[-74.718582,40.599656],[-74.721752,40.600702],[-74.716949,40.607592],[-74.715052,40.609972],[-74.714875,40.610198],[-74.7133,40.612097],[-74.711476,40.611532],[-74.702703,40.621117],[-74.701284,40.622454],[-74.699382,40.622564],[-74.699293,40.625741],[-74.700617,40.629247],[-74.699178,40.631465],[-74.697116,40.632408],[-74.694303,40.632967],[-74.691698,40.632407],[-74.688131,40.632369],[-74.686484,40.634656],[-74.684476,40.635411],[-74.682775,40.634464],[-74.683503,40.632519],[-74.683063,40.630612],[-74.680508,40.628257],[-74.681528,40.625978],[-74.680245,40.624501],[-74.679601,40.622751],[-74.675133,40.619152],[-74.670715,40.6164],[-74.667209,40.61591],[-74.66651,40.613318],[-74.669744,40.612183],[-74.669287,40.610174],[-74.667782,40.609042],[-74.667048,40.606794],[-74.669558,40.602697],[-74.672247,40.601537],[-74.673626,40.599959],[-74.675454,40.59869],[-74.67604,40.597053],[-74.675804,40.595933],[-74.678908,40.590783],[-74.681386,40.588702],[-74.683502,40.585552],[-74.683719,40.583579],[-74.681557,40.580015],[-74.679868,40.571998],[-74.67626,40.567179],[-74.675996,40.565768],[-74.677451,40.564837],[-74.679374,40.564538],[-74.681244,40.562913],[-74.686503,40.560158],[-74.687802,40.556668],[-74.687409,40.555354],[-74.688552,40.553851],[-74.692129,40.551154],[-74.694015,40.548797],[-74.695387,40.547184],[-74.69617,40.546714],[-74.69834,40.54337],[-74.698273,40.542309],[-74.702749,40.539735],[-74.709316,40.537403],[-74.709579,40.535838],[-74.706045,40.533859],[-74.705318,40.532572],[-74.705326,40.531616],[-74.707684,40.53063],[-74.706982,40.527125],[-74.7056,40.526106],[-74.703566,40.524745],[-74.704206,40.52099],[-74.705388,40.520024],[-74.709018,40.519006],[-74.712497,40.517426],[-74.715727,40.517342],[-74.72126,40.518002],[-74.72444,40.520038],[-74.726862,40.520661],[-74.728121,40.519464],[-74.729328,40.516989],[-74.729069,40.513833],[-74.726578,40.50892],[-74.725848,40.507916],[-74.725487,40.506473],[-74.728986,40.503556],[-74.736941,40.50201],[-74.741882,40.501925],[-74.746811,40.502811],[-74.747923,40.504909],[-74.751643,40.505584],[-74.7541,40.507021],[-74.755966,40.507048],[-74.757744,40.506177],[-74.761879,40.505106],[-74.765727,40.504587],[-74.767632,40.503415],[-74.77326,40.5039],[-74.775338,40.504551]]]}},{"type":"Feature","properties":{"geoid":"3403507720","townId":"bridgewater-township","name":"Bridgewater township","county":"Somerset","status":""},"geometry":{"type":"Polygon","coordinates":[[[-74.687802,40.556668],[-74.686503,40.560158],[-74.681244,40.562913],[-74.679374,40.564538],[-74.677451,40.564837],[-74.675996,40.565768],[-74.67626,40.567179],[-74.679868,40.571998],[-74.681557,40.580015],[-74.683719,40.583579],[-74.683502,40.585552],[-74.681386,40.588702],[-74.678908,40.590783],[-74.675804,40.595933],[-74.67604,40.597053],[-74.675454,40.59869],[-74.673626,40.599959],[-74.672247,40.601537],[-74.669558,40.602697],[-74.667048,40.606794],[-74.667782,40.609042],[-74.669287,40.610174],[-74.669744,40.612183],[-74.66651,40.613318],[-74.667209,40.61591],[-74.665184,40.616965],[-74.666105,40.618382],[-74.665198,40.620612],[-74.664163,40.621333],[-74.662539,40.624633],[-74.659589,40.625609],[-74.659176,40.627813],[-74.654979,40.62836],[-74.65433,40.626796],[-74.652399,40.627006],[-74.650607,40.626199],[-74.648631,40.627716],[-74.646868,40.629961],[-74.648078,40.633514],[-74.645245,40.636864],[-74.643416,40.638664],[-74.640552,40.639366],[-74.637705,40.641347],[-74.636962,40.641347],[-74.634773,40.641527],[-74.631456,40.64356],[-74.631323,40.643857],[-74.630734,40.64449],[-74.629672,40.646947],[-74.627112,40.648869],[-74.625722,40.649298],[-74.623991,40.649251],[-74.61322,40.642309],[-74.60917,40.639715],[-74.584845,40.621723],[-74.563225,40.610508],[-74.55861,40.607553],[-74.554237,40.605138],[-74.544805,40.604046],[-74.535269,40.605626],[-74.53522,40.603465],[-74.534354,40.602599],[-74.532616,40.600522],[-74.532947,40.598878],[-74.531676,40.595324],[-74.525569,40.591619],[-74.517724,40.587252],[-74.515689,40.58612],[-74.513621,40.583754],[-74.512154,40.582075],[-74.516348,40.580745],[-74.515443,40.579382],[-74.520713,40.574246],[-74.522698,40.573384],[-74.521927,40.572549],[-74.523917,40.56967],[-74.52906,40.570657],[-74.526279,40.578545],[-74.524703,40.581839],[-74.536359,40.579274],[-74.536764,40.577609],[-74.537648,40.57454],[-74.539231,40.5719],[-74.539402,40.571423],[-74.544811,40.571947],[-74.553736,40.572797],[-74.555021,40.574793],[-74.557548,40.572525],[-74.556322,40.570133],[-74.553482,40.567999],[-74.554603,40.567603],[-74.548461,40.560788],[-74.548325,40.56076],[-74.544993,40.557433],[-74.544291,40.555782],[-74.54279,40.555196],[-74.543444,40.554779],[-74.547433,40.551774],[-74.55494,40.549418],[-74.561236,40.544773],[-74.566482,40.542805],[-74.567805,40.543243],[-74.568383,40.544868],[-74.567834,40.547449],[-74.568896,40.549726],[-74.570657,40.551122],[-74.572447,40.551948],[-74.577689,40.553123],[-74.583183,40.555222],[-74.584797,40.555552],[-74.586422,40.550689],[-74.593578,40.551122],[-74.594636,40.553694],[-74.596799,40.556683],[-74.598625,40.557665],[-74.603531,40.558914],[-74.608096,40.558356],[-74.610145,40.558743],[-74.608246,40.560205],[-74.607665,40.562451],[-74.60602,40.563904],[-74.589873,40.561225],[-74.589571,40.561183],[-74.588505,40.564382],[-74.586259,40.570531],[-74.592722,40.570979],[-74.594928,40.571106],[-74.593709,40.574857],[-74.597317,40.575293],[-74.596778,40.57672],[-74.599352,40.577941],[-74.598696,40.57975],[-74.604314,40.580238],[-74.605,40.578301],[-74.606328,40.57844],[-74.608929,40.578793],[-74.608723,40.579647],[-74.608504,40.580551],[-74.618512,40.581697],[-74.619172,40.58147],[-74.620352,40.580086],[-74.621111,40.580536],[-74.622461,40.579731],[-74.625,40.580448],[-74.625383,40.573897],[-74.625585,40.574006],[-74.639656,40.581582],[-74.647913,40.586044],[-74.648575,40.585317],[-74.650772,40.583893],[-74.652025,40.583356],[-74.661989,40.582795],[-74.661351,40.577996],[-74.658729,40.577802],[-74.65837,40.57451],[-74.657872,40.570289],[-74.65543,40.570188],[-74.65354,40.570046],[-74.650189,40.569775],[-74.647957,40.557086],[-74.648725,40.556202],[-74.650924,40.554628],[-74.652448,40.552856],[-74.65392,40.552088],[-74.661934,40.550523],[-74.668151,40.549649],[-74.674074,40.547868],[-74.677311,40.547713],[-74.680332,40.54947],[-74.686393,40.555192],[-74.687409,40.555354],[-74.687802,40.556668]]]}},{"type":"Feature","properties":{"geoid":"3401909280","townId":"califon-borough","name":"Califon borough","county":"Hunterdon","status":""},"geometry":{"type":"Polygon","coordinates":[[[-74.85123299992206,40.71339599999807],[-74.85119699993705,40.71336700017617],[-74.85106600041581,40.713265000232504],[-74.85092699960032,40.71315500013151],[-74.85042600018322,40.712760999739395],[-74.84993800028657,40.712377999956026],[-74.84840699975123,40.71117600020735],[-74.84293600005783,40.71373399985565],[-74.84018000020717,40.713768000068654],[-74.83967200021908,40.71377400018456],[-74.83964000043203,40.71369400018362],[-74.83849800005909,40.7108070001462],[-74.83635599960346,40.71132900009804],[-74.83630000042528,40.71134299997258],[-74.83631899979355,40.711409999817704],[-74.83633700023519,40.711474999714845],[-74.8363799998929,40.71163500018654],[-74.83640300035745,40.7117519999689],[-74.8364490003882,40.71185100004325],[-74.83651600033535,40.71196100025576],[-74.83514399980864,40.712129999955906],[-74.83098899966711,40.713609000205],[-74.83061999959618,40.71363900016976],[-74.82622299960533,40.71399400020221],[-74.82465500015836,40.71437400019172],[-74.8232709999361,40.71471000006722],[-74.82219100038576,40.71497100023504],[-74.8243980002404,40.71749399994447],[-74.82443199967729,40.71753299986719],[-74.82446900038553,40.71757599984276],[-74.82450000034767,40.717611000324936],[-74.82454700020331,40.71766500027402],[-74.82553600041538,40.718714999883076],[-74.82561099986013,40.71880699998438],[-74.82563900034754,40.718841000330045],[-74.82620699971179,40.71953700002548],[-74.82653800014789,40.71993499974053],[-74.82670399982925,40.72011600007595],[-74.82738699971956,40.72085899983557],[-74.82747200010837,40.72093400006522],[-74.82760600000267,40.72105099984617],[-74.8288539997825,40.722386999818994],[-74.82901899963895,40.722563999838506],[-74.82961399966568,40.72320200017989],[-74.82962500043466,40.72321400007226],[-74.82966700026745,40.72326000009334],[-74.82970499990229,40.72330199967047],[-74.82971599977294,40.72331300012267],[-74.82976000015388,40.72336000017759],[-74.83036900042433,40.72401700009244],[-74.83141200016473,40.725142999910936],[-74.83184099961183,40.72527199998403],[-74.83193799969621,40.72529400023543],[-74.83256100021036,40.72543799972081],[-74.83275899967876,40.72548400024718],[-74.832824999801,40.725498999938345],[-74.83287500002972,40.72551100009732],[-74.8329379997789,40.72552599978241],[-74.83327199968976,40.725604999792765],[-74.83340700030728,40.72563699993403],[-74.83342300020081,40.725640000137915],[-74.83345499998786,40.725650000135914],[-74.83355399972206,40.7256790000535],[-74.8343300003971,40.7259029997892],[-74.8343880001234,40.72592000019428],[-74.83443599980399,40.725933999723615],[-74.83493999959414,40.726079999989295],[-74.8356829997589,40.72629599995338],[-74.8361120001043,40.72642000023373],[-74.83679900019256,40.72662000028692],[-74.83759199968772,40.726849999877366],[-74.83810499969869,40.72699900031846],[-74.83829999969235,40.72705500023346],[-74.83839199975388,40.72711600033044],[-74.83850700027993,40.72719100031725],[-74.83887100032798,40.72742900030558],[-74.8389850001308,40.727503999939586],[-74.83905799992573,40.72755099975792],[-74.83932700043756,40.72772800034022],[-74.83942199997381,40.727789999855936],[-74.83962000034052,40.727920000278026],[-74.839893000152,40.72809899994092],[-74.84000799977971,40.72817400018137],[-74.8401669997884,40.72827799980305],[-74.8405409998822,40.728523000161154],[-74.84090999995314,40.7287650002351],[-74.84135299964393,40.729055000244635],[-74.84177699996646,40.72933300020348],[-74.84182899984499,40.7293689999614],[-74.8417650002709,40.72944000008869],[-74.84164200024726,40.729575000054695],[-74.84167499985921,40.72959300021097],[-74.84238700006182,40.72998499968425],[-74.84245800020693,40.729911000127224],[-74.84359800003172,40.72871699989095],[-74.8433989998401,40.7286229998258],[-74.8437939998503,40.72817900033053],[-74.84459999976427,40.72731600033429],[-74.84473299983364,40.72719000027256],[-74.84460499978712,40.72711400023889],[-74.844497999657,40.72705999978598],[-74.84441399999142,40.72701100020696],[-74.84427599989915,40.72693800011424],[-74.84413600015708,40.726853000026615],[-74.84419999973117,40.726790000268075],[-74.84446000002217,40.726565000059914],[-74.84459700028951,40.726447999760005],[-74.84473399965856,40.726335000165285],[-74.84487199975081,40.726213999904566],[-74.84500900001818,40.72610600021749],[-74.84514600028551,40.725988999791376],[-74.84527599998185,40.72588099973912],[-74.84540599967819,40.725764000279014],[-74.84552799987692,40.725655999861694],[-74.8457429999621,40.72546300012919],[-74.84590899964346,40.725327999990725],[-74.84603099984218,40.7252149998559],[-74.84616100043684,40.72510799998515],[-74.84629799980587,40.72499099984691],[-74.84643599989813,40.72487799982066],[-74.84671000043284,40.72464399989137],[-74.84714499972772,40.724293999904575],[-74.84728199999505,40.72417699969691],[-74.84742699976,40.724064000331026],[-74.84757300024819,40.72394699971904],[-74.84771700018823,40.72383899975709],[-74.84774999980019,40.723814000100234],[-74.84654200020334,40.722725000324424],[-74.84227300025901,40.71887600014708],[-74.84209900018175,40.718718999890115],[-74.84195400041678,40.71858799970459],[-74.84195100004374,40.718579000181315],[-74.84193799962493,40.718495999981485],[-74.84191300040888,40.71833699983468],[-74.84191699970853,40.71822599976399],[-74.8419550002417,40.718115000189144],[-74.84206200037181,40.7179679999704],[-74.84218100019751,40.71786299971269],[-74.84230500004607,40.71778400004511],[-74.84244599961306,40.717689000010424],[-74.8426389999569,40.71759699972577],[-74.84289599987486,40.71751199996404],[-74.84335399963426,40.717287999903846],[-74.84401499978324,40.71695900012986],[-74.84421399997488,40.716841999965276],[-74.84453500036524,40.716694000137544],[-74.84475299992513,40.7166149997636],[-74.84526299956308,40.716434000121914],[-74.84593899978067,40.71617099982203],[-74.84665799965599,40.71581899978824],[-74.84694800008421,40.71568200008052],[-74.84734300009441,40.7154909997839],[-74.8474479996764,40.715449000044416],[-74.84760500003523,40.71540400029418],[-74.8478059998767,40.71535899983263],[-74.84795900003758,40.715333000172464],[-74.84822600000125,40.71530200006679],[-74.84861400033878,40.715272000170415],[-74.8488479997922,40.71525400022609],[-74.84959799962964,40.715233000284954],[-74.84976599985913,40.71519900013918],[-74.84986100029369,40.71517399996084],[-74.84993599973845,40.71514599977718],[-74.84998000011937,40.71512499980197],[-74.85002199995216,40.71508400005815],[-74.85005600028737,40.71501900027978],[-74.85006899980783,40.71492399970381],[-74.85005100026449,40.71478700019703],[-74.85001100008152,40.714507000288464],[-74.85002199995216,40.71428099985359],[-74.850059999587,40.714169999829075],[-74.85013300028027,40.714065999951025],[-74.85020600007519,40.713997999811994],[-74.85021600012092,40.713988000106134],[-74.85032099970292,40.71389199985732],[-74.85045799997027,40.71378399992261],[-74.85062399965162,40.71367899987488],[-74.85093599982116,40.71351499990996],[-74.85123299992206,40.71339599999807]]]}},{"type":"Feature","properties":{"geoid":"3402712100","townId":"chatham-borough","name":"Chatham borough","county":"Morris","status":""},"geometry":{"type":"Polygon","coordinates":[[[-74.399721,40.727529],[-74.396757,40.732607],[-74.394487,40.736496],[-74.396058,40.739302],[-74.398975,40.744512],[-74.398905,40.744582],[-74.3927,40.750578],[-74.392063,40.751379],[-74.391497,40.752134],[-74.390267,40.751315],[-74.380613,40.755063],[-74.370996,40.751769],[-74.365149,40.749765],[-74.367781,40.748396],[-74.364802,40.746125],[-74.366272,40.743893],[-74.368718,40.742792],[-74.370555,40.744074],[-74.3722,40.743403],[-74.371738,40.73964],[-74.371561,40.739218],[-74.370662,40.736067],[-74.371127,40.73458],[-74.375,40.733534],[-74.377747,40.734348],[-74.379995,40.733734],[-74.379982,40.732783],[-74.377469,40.730044],[-74.379186,40.728961],[-74.384266,40.724492],[-74.388169,40.726237],[-74.38997,40.726073],[-74.390776,40.725388],[-74.391441,40.725441],[-74.396885,40.72588],[-74.399721,40.727529]]]}},{"type":"Feature","properties":{"geoid":"3402712130","townId":"chatham-township","name":"Chatham township","county":"Morris","status":""},"geometry":{"type":"Polygon","coordinates":[[[-74.45518,40.744987],[-74.452454,40.753094],[-74.4435,40.771631],[-74.436383,40.76605],[-74.439967,40.754653],[-74.438268,40.753552],[-74.438198,40.752308],[-74.433267,40.750069],[-74.432258,40.751099],[-74.428818,40.749575],[-74.429006,40.748519],[-74.429499,40.747357],[-74.430019,40.746001],[-74.414386,40.742501],[-74.409916,40.740501],[-74.408829,40.741316],[-74.405471,40.73989],[-74.402517,40.74198],[-74.402214,40.741282],[-74.398975,40.744512],[-74.396058,40.739302],[-74.394487,40.736496],[-74.396757,40.732607],[-74.399721,40.727529],[-74.396885,40.72588],[-74.391441,40.725441],[-74.390776,40.725388],[-74.391207,40.721316],[-74.390747,40.718446],[-74.391408,40.71811],[-74.39597,40.717223],[-74.401757,40.718143],[-74.402323,40.717984],[-74.40376,40.715989],[-74.407335,40.713424],[-74.408413,40.710209],[-74.409937,40.70953],[-74.411855,40.71036],[-74.413201,40.70981],[-74.413848,40.707271],[-74.41575,40.705566],[-74.418477,40.705137],[-74.421508,40.703193],[-74.423511,40.703049],[-74.425015,40.701799],[-74.426814,40.701845],[-74.427087,40.700602],[-74.428573,40.699115],[-74.430078,40.697762],[-74.430515,40.693656],[-74.431773,40.692985],[-74.434085,40.693568],[-74.43797,40.691641],[-74.439638,40.6897],[-74.441122,40.689562],[-74.443762,40.688038],[-74.445765,40.698881],[-74.449449,40.717392],[-74.449736,40.718831],[-74.451695,40.72867],[-74.45406,40.739391],[-74.45518,40.744987]]]}},{"type":"Feature","properties":{"geoid":"3402712580","townId":"chester-borough","name":"Chester borough","county":"Morris","status":""},"geometry":{"type":"Polygon","coordinates":[[[-74.706155,40.793273],[-74.676239,40.795012],[-74.674422,40.793358],[-74.669663,40.789026],[-74.677671,40.785886],[-74.695516,40.778881],[-74.699336,40.777383],[-74.709369,40.780502],[-74.706155,40.793273]]]}},{"type":"Feature","properties":{"geoid":"3402712610","townId":"chester-township","name":"Chester township","county":"Morris","status":""},"geometry":{"type":"Polygon","coordinates":[[[-74.74062,40.764541],[-74.732716,40.78319],[-74.728793,40.792],[-74.725483,40.805522],[-74.714223,40.812273],[-74.713026,40.812694],[-74.712554,40.81286],[-74.69255,40.82003],[-74.681164,40.826139],[-74.660786,40.837162],[-74.65341,40.841123],[-74.651429,40.840085],[-74.645946,40.837212],[-74.644737,40.835776],[-74.643259,40.835276],[-74.628039,40.830333],[-74.628044,40.829142],[-74.63066,40.824809],[-74.628262,40.822052],[-74.625578,40.820627],[-74.623797,40.818486],[-74.623842,40.816857],[-74.624855,40.815076],[-74.626343,40.814617],[-74.628347,40.811636],[-74.628201,40.810523],[-74.629298,40.808759],[-74.628738,40.806901],[-74.630647,40.80471],[-74.630304,40.801742],[-74.633106,40.799832],[-74.63425,40.799537],[-74.636778,40.800441],[-74.641826,40.7989],[-74.645026,40.796711],[-74.6477,40.794401],[-74.646782,40.792735],[-74.648438,40.791322],[-74.648009,40.79056],[-74.645739,40.789685],[-74.646571,40.787375],[-74.647413,40.786711],[-74.646942,40.785151],[-74.648018,40.783425],[-74.647248,40.782738],[-74.645244,40.782627],[-74.643156,40.781848],[-74.641996,40.780364],[-74.637862,40.778019],[-74.636912,40.773574],[-74.637323,40.772927],[-74.653215,40.759039],[-74.656737,40.756735],[-74.658645,40.753986],[-74.659883,40.751389],[-74.659125,40.750981],[-74.657258,40.735215],[-74.668291,40.73269],[-74.679446,40.730134],[-74.715973,40.721757],[-74.725666,40.719532],[-74.72959,40.721792],[-74.727704,40.724061],[-74.729062,40.724596],[-74.73047,40.727121],[-74.731004,40.729487],[-74.7307,40.730986],[-74.728714,40.733658],[-74.729232,40.734142],[-74.727853,40.736159],[-74.727764,40.737494],[-74.730984,40.739531],[-74.730714,40.74219],[-74.731033,40.744615],[-74.729452,40.745788],[-74.725977,40.746784],[-74.725439,40.747893],[-74.726047,40.748552],[-74.731214,40.751133],[-74.731999,40.753819],[-74.73174,40.757665],[-74.734559,40.759012],[-74.735962,40.761277],[-74.738154,40.762477],[-74.739785,40.764608],[-74.74062,40.764541]],[[-74.709369,40.780502],[-74.699336,40.777383],[-74.695516,40.778881],[-74.677671,40.785886],[-74.669663,40.789026],[-74.674422,40.793358],[-74.676239,40.795012],[-74.706155,40.793273],[-74.709369,40.780502]]]}},{"type":"Feature","properties":{"geoid":"3403913150","townId":"clark-township","name":"Clark township","county":"Union","status":""},"geometry":{"type":"Polygon","coordinates":[[[-74.356226,40.606027],[-74.353533,40.610492],[-74.352276,40.611729],[-74.34481,40.611968],[-74.340237,40.613679],[-74.339139,40.614668],[-74.34028,40.617118],[-74.337882,40.617443],[-74.336055,40.616511],[-74.333898,40.617902],[-74.329747,40.618589],[-74.329602,40.619024],[-74.331018,40.619322],[-74.328855,40.620125],[-74.325619,40.624276],[-74.325063,40.625156],[-74.322696,40.627695],[-74.318438,40.632295],[-74.315403,40.635552],[-74.312849,40.638307],[-74.311322,40.637378],[-74.304867,40.63349],[-74.303462,40.634277],[-74.301751,40.634841],[-74.295419,40.638695],[-74.293126,40.639024],[-74.290426,40.639863],[-74.290119,40.639915],[-74.289552,40.639968],[-74.291074,40.637543],[-74.291607,40.634742],[-74.295849,40.631436],[-74.297062,40.628726],[-74.296226,40.628711],[-74.294386,40.630176],[-74.292553,40.630689],[-74.291058,40.632388],[-74.289095,40.633398],[-74.286548,40.633939],[-74.285347,40.63471],[-74.279006,40.629313],[-74.276837,40.627353],[-74.27922,40.626098],[-74.282479,40.624386],[-74.295226,40.617647],[-74.299224,40.613781],[-74.301295,40.612425],[-74.30326,40.612048],[-74.302921,40.608683],[-74.312997,40.607874],[-74.323539,40.606985],[-74.331685,40.606299],[-74.338472,40.605735],[-74.346951,40.605036],[-74.356209,40.604277],[-74.358717,40.604061],[-74.356226,40.606027]]]}},{"type":"Feature","properties":{"geoid":"3401913720","townId":"clinton-town","name":"Clinton town","county":"Hunterdon","status":""},"geometry":{"type":"Polygon","coordinates":[[[-74.92950400024654,40.63679899971014],[-74.92956399962269,40.636792000122846],[-74.92934100003991,40.63516300006275],[-74.92918899970395,40.63406200015783],[-74.9291789996582,40.633984000057325],[-74.92898500038777,40.632575999984596],[-74.9289590004485,40.6323889998079],[-74.9287200000739,40.632362999814774],[-74.92842100032317,40.63232600001688],[-74.92812300039733,40.63229299994032],[-74.92776500019704,40.63225299978432],[-74.92743700013399,40.632207999750605],[-74.92678100000785,40.632136000178974],[-74.92579699981867,40.632012999708515],[-74.92515599976117,40.631940999926655],[-74.92483500026913,40.63190000012975],[-74.92451499970366,40.63186799995489],[-74.92418699964063,40.631828000226],[-74.92386600014856,40.631791000131656],[-74.9235459995831,40.631750999674935],[-74.92321800041836,40.631714000219674],[-74.92289700002799,40.63167399971678],[-74.92258400003355,40.631637000218845],[-74.9222640003664,40.63160100013486],[-74.92194399980096,40.63157399971832],[-74.92131100013935,40.63151900009842],[-74.92099800014493,40.63149700023781],[-74.92086300042571,40.631488999976796],[-74.9195749995646,40.63237400028508],[-74.9190409996372,40.63172799977642],[-74.9187860002674,40.63144900002087],[-74.91811400024775,40.63146800022449],[-74.91778600018469,40.631485000186814],[-74.91745800012164,40.631498999791575],[-74.91713000005858,40.63152100033329],[-74.91681100021634,40.63154800008955],[-74.9168289997597,40.63127799999037],[-74.91683999963035,40.631112000139915],[-74.91685999972184,40.630825000196985],[-74.91687499979045,40.63059800010488],[-74.91723399981565,40.62534199993554],[-74.91289899974907,40.625418000168104],[-74.91008099997416,40.625467999681874],[-74.90972899962165,40.625474000248246],[-74.90958100038195,40.625477000190315],[-74.90944499993952,40.62547799971645],[-74.90599600015284,40.62550799981133],[-74.90597799971117,40.62561800004394],[-74.90596799966542,40.625683999960124],[-74.9059529995968,40.62583200011364],[-74.90592900020569,40.62597199969907],[-74.90588399999984,40.626390999909106],[-74.9058530000377,40.62664800024899],[-74.90583799996908,40.626764999924895],[-74.90579199993833,40.62700300008408],[-74.9055350000204,40.62698800003322],[-74.9046420000678,40.62710300010989],[-74.90384299982655,40.62722300021593],[-74.90341500020438,40.62729299995094],[-74.90317900020283,40.62735599971792],[-74.90305299980614,40.62740400014979],[-74.90290800004118,40.6274650001375],[-74.90278699966734,40.627534000123504],[-74.90284500029199,40.62770599968942],[-74.90313900001985,40.62885199968668],[-74.90371399995513,40.6310939999588],[-74.90400299966012,40.632219000246394],[-74.89978800014246,40.63258400011537],[-74.8996500000502,40.63259599996887],[-74.89982599977729,40.634057999840294],[-74.89985500008962,40.63429699998855],[-74.89992799988454,40.634898999984976],[-74.89999999985457,40.63549999994919],[-74.90004300041058,40.63585599981641],[-74.9000950002891,40.63628599987081],[-74.90010500033486,40.63637199968572],[-74.90012999955091,40.636581999893714],[-74.90017399993184,40.63694599973475],[-74.90018700035064,40.63704799993723],[-74.90021699958953,40.63729899997914],[-74.90022599981037,40.63736900005883],[-74.90027900041214,40.63781400026097],[-74.90050000034506,40.63965099981279],[-74.90061900017076,40.639660999768495],[-74.90077999982924,40.6396659997458],[-74.90108500032608,40.63968399966092],[-74.90123000009103,40.63968800032308],[-74.90139800032051,40.63969800027324],[-74.90139800032051,40.63998100028664],[-74.9013899999246,40.64006200016596],[-74.9013899999246,40.64015699978138],[-74.90135899996247,40.64060299978498],[-74.90135200028976,40.64072500012891],[-74.90133700022115,40.64084199967939],[-74.90133700022115,40.640931999665966],[-74.90132899982522,40.641066999759126],[-74.90132100032763,40.64117500031871],[-74.90132200015255,40.64127900013703],[-74.90130600025901,40.641373000095534],[-74.90130700008393,40.64142699980884],[-74.90130399971088,40.64152200020822],[-74.9012910001904,40.6418419999847],[-74.9012760001218,40.64192700017874],[-74.9012760001218,40.641999000098],[-74.90126799972586,40.64210699983127],[-74.90129700003818,40.642179000238016],[-74.901522999994,40.64221999985742],[-74.9015029999025,40.642336000240235],[-74.90111600028821,40.644479999740916],[-74.90158900011622,40.6444449996897],[-74.90188700004207,40.64442299999866],[-74.90222599997578,40.64439899976977],[-74.90313900001985,40.644564000061536],[-74.90412499985885,40.64474300018113],[-74.90470399999208,40.64484799981087],[-74.90481000029729,40.644867000290944],[-74.90491900007723,40.644887000001276],[-74.90512699959137,40.64492500025225],[-74.90550900008111,40.64498900033907],[-74.90566999973959,40.6450150001864],[-74.9061429995676,40.64509400026338],[-74.90644700023954,40.645144000039465],[-74.90751599991921,40.64533899989877],[-74.90779799995151,40.645297000239374],[-74.90959200025262,40.64502599993528],[-74.9097679999797,40.64499900017671],[-74.91179900010725,40.64469200018454],[-74.91369899981522,40.6444049999982],[-74.91378199965591,40.64439200029778],[-74.91386100019695,40.64441399999904],[-74.9142889998191,40.64453399966705],[-74.91475599979935,40.64466399968868],[-74.91590999986785,40.64498599991037],[-74.91599899955631,40.64501099984355],[-74.91699899963902,40.64528900026882],[-74.91732300040242,40.64536000005936],[-74.91749400010666,40.6453970001315],[-74.92047900028615,40.64605199970743],[-74.92070299969382,40.64489599993711],[-74.92071399956447,40.64483700003265],[-74.92078700025772,40.644459999908634],[-74.92090799973323,40.64383299987894],[-74.92101099966538,40.64330000006505],[-74.92108299963542,40.64292500001373],[-74.92209000028913,40.6377089997913],[-74.92214700019053,40.637416000080876],[-74.92465199997102,40.637202000321956],[-74.92485799983534,40.637187999867855],[-74.92502600006485,40.63716999996142],[-74.92511700030143,40.63715700021528],[-74.92531599959473,40.63713900030049],[-74.92543000029588,40.63712599986667],[-74.9255449999236,40.637120999699114],[-74.92565899972641,40.637107999943474],[-74.92578099992515,40.63709900032089],[-74.9259030001239,40.63709400015136],[-74.92602500032264,40.63707600021953],[-74.92613999995035,40.637072000082526],[-74.92638400034782,40.63704499983326],[-74.92650599964824,40.63703600020222],[-74.9266360002429,40.63702299974833],[-74.92689499981067,40.63700499979737],[-74.92701700000941,40.636990999983645],[-74.92713900020816,40.6369920000191],[-74.92726100040687,40.63697400005983],[-74.9273829997073,40.63696499973747],[-74.9276429999983,40.63693800012663],[-74.92778000026564,40.63693800012663],[-74.92806300012286,40.636910999823165],[-74.92821499956052,40.63689299984199],[-74.9283679997214,40.63688400019048],[-74.92852000005736,40.63686600020203],[-74.92868800028684,40.63685699986516],[-74.92882600037912,40.63684600013346],[-74.92885599961802,40.63684400005807],[-74.92894799967952,40.63683899986944],[-74.92902399984752,40.63683499971824],[-74.92918399968109,40.63681300024577],[-74.92934400041297,40.63679899971014],[-74.92950400024654,40.63679899971014]]]}},{"type":"Feature","properties":{"geoid":"3401913750","townId":"clinton-township","name":"Clinton township","county":"Hunterdon","status":""},"geometry":{"type":"Polygon","coordinates":[[[-74.92295099955636,40.6670630001212],[-74.92321500004532,40.66621800007284],[-74.92277499982927,40.66579600026474],[-74.92316300016678,40.66477700023287],[-74.92162699960855,40.661724999768],[-74.92124500001714,40.660923999659815],[-74.9208840003421,40.66004899996523],[-74.9212280002987,40.65880699996769],[-74.92157200025527,40.658448000021345],[-74.9214330003381,40.65747400024214],[-74.92123099977341,40.6567150001959],[-74.92178200031756,40.65587500002039],[-74.92209000028913,40.655226999785185],[-74.92192700008252,40.65484800021065],[-74.9216650001417,40.6542790003314],[-74.92197300011328,40.65358199982417],[-74.92220900011482,40.65301799971126],[-74.92228699993262,40.652530000324475],[-74.92204900028125,40.65218400022528],[-74.92152899969925,40.65229700022843],[-74.92073000035631,40.65248099975173],[-74.92036899978298,40.652556999762325],[-74.91909099986592,40.65266299984778],[-74.91802499966099,40.65247999994828],[-74.91742899980933,40.65268099966551],[-74.91683399978255,40.652761999807616],[-74.91650200041985,40.65259600021838],[-74.91603299989148,40.65161400030167],[-74.91634599988595,40.65127200019121],[-74.91701000040797,40.651280999947566],[-74.91718799978489,40.651080000102255],[-74.91676900038355,40.6507570001474],[-74.91653500003183,40.649105999907135],[-74.91636000012964,40.64868500007013],[-74.91749300028174,40.64561700032097],[-74.91752099987083,40.64554099990377],[-74.91745399992368,40.64550200009553],[-74.9173019995877,40.64545600022249],[-74.91716500021866,40.645378999712115],[-74.91704600039299,40.64533000002267],[-74.91699899963902,40.64528900026882],[-74.91599899955631,40.64501099984355],[-74.91590999986785,40.64498599991037],[-74.91475599979935,40.64466399968868],[-74.9142889998191,40.64453399966705],[-74.91386100019695,40.64441399999904],[-74.91378199965591,40.64439200029778],[-74.91369899981522,40.6444049999982],[-74.91179900010725,40.64469200018454],[-74.9097679999797,40.64499900017671],[-74.90959200025262,40.64502599993528],[-74.90779799995151,40.645297000239374],[-74.90751599991921,40.64533899989877],[-74.90644700023954,40.645144000039465],[-74.9061429995676,40.64509400026338],[-74.90566999973959,40.6450150001864],[-74.90550900008111,40.64498900033907],[-74.90512699959137,40.64492500025225],[-74.90491900007723,40.644887000001276],[-74.90481000029729,40.644867000290944],[-74.90470399999208,40.64484799981087],[-74.90412499985885,40.64474300018113],[-74.90313900001985,40.644564000061536],[-74.90222599997578,40.64439899976977],[-74.90188700004207,40.64442299999866],[-74.90158900011622,40.6444449996897],[-74.90111600028821,40.644479999740916],[-74.9015029999025,40.642336000240235],[-74.901522999994,40.64221999985742],[-74.90129700003818,40.642179000238016],[-74.90126799972586,40.64210699983127],[-74.9012760001218,40.641999000098],[-74.9012760001218,40.64192700017874],[-74.9012910001904,40.6418419999847],[-74.90130399971088,40.64152200020822],[-74.90130700008393,40.64142699980884],[-74.90130600025901,40.641373000095534],[-74.90132200015255,40.64127900013703],[-74.90132100032763,40.64117500031871],[-74.90132899982522,40.641066999759126],[-74.90133700022115,40.640931999665966],[-74.90133700022115,40.64084199967939],[-74.90135200028976,40.64072500012891],[-74.90135899996247,40.64060299978498],[-74.9013899999246,40.64015699978138],[-74.9013899999246,40.64006200016596],[-74.90139800032051,40.63998100028664],[-74.90139800032051,40.63969800027324],[-74.90123000009103,40.63968800032308],[-74.90108500032608,40.63968399966092],[-74.90077999982924,40.6396659997458],[-74.90061900017076,40.639660999768495],[-74.90050000034506,40.63965099981279],[-74.90027900041214,40.63781400026097],[-74.90022599981037,40.63736900005883],[-74.90021699958953,40.63729899997914],[-74.90018700035064,40.63704799993723],[-74.90017399993184,40.63694599973475],[-74.90012999955091,40.636581999893714],[-74.90010500033486,40.63637199968572],[-74.9000950002891,40.63628599987081],[-74.90004300041058,40.63585599981641],[-74.89999999985457,40.63549999994919],[-74.89992799988454,40.634898999984976],[-74.89985500008962,40.63429699998855],[-74.89982599977729,40.634057999840294],[-74.8996500000502,40.63259599996887],[-74.89978800014246,40.63258400011537],[-74.90400299966012,40.632219000246394],[-74.90371399995513,40.6310939999588],[-74.90313900001985,40.62885199968668],[-74.90284500029199,40.62770599968942],[-74.90278699966734,40.627534000123504],[-74.90290800004118,40.6274650001375],[-74.90305299980614,40.62740400014979],[-74.90317900020283,40.62735599971792],[-74.90341500020438,40.62729299995094],[-74.90384299982655,40.62722300021593],[-74.9046420000678,40.62710300010989],[-74.9055350000204,40.62698800003322],[-74.90579199993833,40.62700300008408],[-74.90583799996908,40.626764999924895],[-74.9058530000377,40.62664800024899],[-74.90588399999984,40.626390999909106],[-74.90592900020569,40.62597199969907],[-74.9059529995968,40.62583200011364],[-74.90596799966542,40.625683999960124],[-74.90597799971117,40.62561800004394],[-74.90599600015284,40.62550799981133],[-74.90944499993952,40.62547799971645],[-74.90958100038195,40.625477000190315],[-74.90956999961298,40.6254570001193],[-74.90955100024473,40.6254240000572],[-74.90931500024318,40.62500399970169],[-74.90917999962565,40.62476700013738],[-74.90907300039383,40.62456399977567],[-74.90898100033233,40.624346000198194],[-74.90889199974558,40.62409600010086],[-74.90886400015647,40.623998000123756],[-74.90883999986701,40.62389399997685],[-74.90881599957758,40.62368899990151],[-74.90884400006497,40.62321099985955],[-74.9088590001336,40.6231330000387],[-74.90888900027082,40.622969000205714],[-74.90892799973057,40.62283100027545],[-74.90893699995141,40.62281299990777],[-74.90896200006576,40.622762000203366],[-74.90903700040882,40.62266100024603],[-74.90912899957202,40.62254799984272],[-74.9092259996564,40.622455000224186],[-74.9092819997329,40.622407999898485],[-74.90935000040328,40.62235800013953],[-74.90945300033543,40.62229100009021],[-74.90957499963586,40.62221400013369],[-74.90967300044346,40.622170999986494],[-74.9097949997439,40.62213799966448],[-74.9098230002313,40.62213500025428],[-74.90993399966105,40.622116999699045],[-74.910266999747,40.62206400030882],[-74.9103320000443,40.62204800025305],[-74.91037800007506,40.62202100006506],[-74.91040999986211,40.621988999929144],[-74.91042400010582,40.62195399967771],[-74.9104290001287,40.621924000032],[-74.91042599975565,40.62189199984961],[-74.9104080002123,40.62184600007195],[-74.91038399992286,40.621810999745584],[-74.91030500028013,40.62171099997827],[-74.91020099962476,40.62157399976083],[-74.9101479999213,40.621479999882105],[-74.9100690002786,40.62129600012831],[-74.91003999996626,40.62121899970666],[-74.91003400011849,40.62108300011762],[-74.91003199957034,40.62107199983291],[-74.91000900000412,40.62092500031752],[-74.90999700030856,40.6208389996996],[-74.91000200033145,40.62077999967153],[-74.91001900004987,40.62072699990234],[-74.91004599981406,40.62067799984673],[-74.9101479999213,40.620556999972926],[-74.91024400018077,40.620464000309774],[-74.91042800030378,40.620320999915286],[-74.91085400027612,40.61998399979181],[-74.91095100036051,40.619880000213655],[-74.9110209997824,40.619740000132495],[-74.91107299966095,40.6195880002966],[-74.91125500013413,40.619230999994834],[-74.91138300018065,40.61900200011477],[-74.91144500010493,40.61884800003089],[-74.91151799989987,40.61854400004527],[-74.91153299996847,40.61840999972891],[-74.91153799999134,40.61831899975268],[-74.91153799999134,40.61817899980948],[-74.91153200014355,40.61800000006352],[-74.91152100027293,40.61789400016311],[-74.91151000040226,40.61778899973565],[-74.91147400041724,40.61753400005623],[-74.91145900034863,40.617462999993606],[-74.91144599992984,40.6173950001607],[-74.91144000008207,40.61736899978511],[-74.91143400023427,40.61732199997218],[-74.91143400023427,40.61727100016674],[-74.91144400028001,40.61718199998528],[-74.91146099999845,40.617127000104965],[-74.9114989996333,40.617066999873984],[-74.91154300001422,40.61700399994848],[-74.9115990000907,40.616940000309675],[-74.91167199988566,40.61688900021262],[-74.91179400008437,40.61680800017912],[-74.91191000043533,40.6167479996616],[-74.91203199973576,40.61670100009369],[-74.91215999978229,40.61666599979915],[-74.91232100033908,40.616653000152645],[-74.91246100008115,40.616647999815854],[-74.9128729998098,40.61668500011718],[-74.91310799998645,40.61670999973788],[-74.91351899989019,40.616737999683764],[-74.9135480002025,40.616737999683764],[-74.91365600015754,40.616741999675064],[-74.91376999996037,40.61674300001383],[-74.91383799973241,40.61674300001383],[-74.91393200034204,40.61673900002258],[-74.91403699992404,40.616719999719905],[-74.9141390000313,40.61669300010594],[-74.91421600002418,40.61666399980123],[-74.914301000413,40.61661500017485],[-74.91437699968266,40.61655399982438],[-74.91443699995713,40.61647999973805],[-74.9144989998814,40.616364000119674],[-74.91452900001865,40.616285999804475],[-74.91453800023947,40.61619199998558],[-74.91453499986642,40.616147000039945],[-74.91451399995002,40.61609899970087],[-74.91447999961483,40.616069999820276],[-74.9144210000636,40.61603600022637],[-74.91437000000998,40.61600799998623],[-74.91433499984987,40.61598599978932],[-74.91421500019929,40.61590599969416],[-74.91407299990905,40.61581699973998],[-74.91391899992327,40.6157439998729],[-74.9138290004099,40.6156979999531],[-74.91377400015831,40.61567000025322],[-74.91370100036339,40.615624000282416],[-74.91365100013465,40.6155640000654],[-74.91359199968511,40.61545900006737],[-74.91355599970011,40.61533600024952],[-74.91353800015675,40.61516400019652],[-74.91353700033186,40.61501299986037],[-74.91354499982945,40.61490900004449],[-74.9135890002104,40.6147760003064],[-74.91362500019541,40.61467999966955],[-74.91370300001321,40.61446899976676],[-74.91373399997535,40.61438499976869],[-74.91381799964093,40.61418300028272],[-74.91388100028844,40.614051000160394],[-74.91391899992327,40.61395099968749],[-74.91394099966458,40.61386600002024],[-74.91394599968746,40.61377299990742],[-74.9139280001441,40.61336400013327],[-74.9139070002277,40.61312000016277],[-74.91388700013621,40.61297600001923],[-74.91384799977814,40.61282899973725],[-74.9137940002498,40.61264299990508],[-74.91375400006682,40.61245399971027],[-74.91367600024901,40.61218799974279],[-74.91365500033261,40.61217700003924],[-74.91362699984522,40.61215400021921],[-74.91348799992804,40.61204200018216],[-74.91316499988785,40.61183800028985],[-74.91308100022228,40.61180000030125],[-74.9129919996355,40.611772000331754],[-74.91293100043444,40.61175399971191],[-74.91286199993915,40.611742999936915],[-74.91272200019706,40.611730999746335],[-74.91258099973174,40.61172499999122],[-74.91249200004331,40.611734000305624],[-74.91238900011115,40.61175299998041],[-74.91224799964583,40.61181499967123],[-74.91212799999523,40.61187499984521],[-74.9119010002145,40.61230399979214],[-74.91185600000867,40.612362000082314],[-74.91175599955123,40.61244700029896],[-74.91166900041092,40.61249699997478],[-74.91149000031076,40.6125980002969],[-74.91138499983046,40.61263399971311],[-74.91128500027135,40.61265299981394],[-74.91117499976819,40.612667999674336],[-74.91109699995039,40.61266699995651],[-74.91099499984314,40.61266400012107],[-74.91069899956712,40.61262099996403],[-74.91023400013502,40.61252500032243],[-74.91001900004987,40.61248700004263],[-74.90981900003334,40.612416999793616],[-74.90956100029048,40.61230599992057],[-74.90891699985991,40.61202500004444],[-74.90886199960833,40.61199700016922],[-74.90872699988911,40.6119290002285],[-74.90852299967462,40.61185600020511],[-74.90838700013049,40.61181199979749],[-74.9082330001447,40.61175500012534],[-74.90809099985448,40.61170499989429],[-74.9079929999452,40.61167699988493],[-74.90792599999804,40.6116610000692],[-74.9078599998758,40.61164800013082],[-74.907782000058,40.61164199968629],[-74.90763999976777,40.611638000071615],[-74.90753799966052,40.61163200030814],[-74.90740700013927,40.61160700015128],[-74.90727900009274,40.61156699988081],[-74.90717500033568,40.61152700026842],[-74.90698000034202,40.61142599969136],[-74.90670400015748,40.611269999715375],[-74.90653900030105,40.61117299975653],[-74.90637699991933,40.611053999881825],[-74.90610400010786,40.61081300026],[-74.90601100022145,40.61070900004441],[-74.90589200039575,40.61053899985489],[-74.90579600013628,40.61036800016263],[-74.9057409998847,40.610196000278],[-74.90571099974748,40.61003100029776],[-74.90569599967887,40.609894999755596],[-74.90569499985395,40.6097719999245],[-74.90569900005191,40.60970800017789],[-74.90572099979322,40.609645000133035],[-74.90575799960314,40.60957699984473],[-74.90582999957317,40.609501999767474],[-74.906311999622,40.6091819998105],[-74.90641299990435,40.60909299976533],[-74.90644899988936,40.609035000047605],[-74.90645200026242,40.60901000028311],[-74.90643800001871,40.608959000270694],[-74.90641200007944,40.60888899973571],[-74.90632500004081,40.608769000109355],[-74.90602399974192,40.60852799974849],[-74.90582899974824,40.60838199969291],[-74.90566399989181,40.60826000027066],[-74.9054599996773,40.608076000251195],[-74.90522299985085,40.60780900011513],[-74.90509900000228,40.60760299998874],[-74.90509099960636,40.60758900014912],[-74.9049580004353,40.6073159999624],[-74.904852999955,40.60713999984037],[-74.90475199967265,40.60702399969255],[-74.90465899978624,40.60693100028697],[-74.90451900004415,40.606834999972804],[-74.90426799997397,40.60669499983584],[-74.90396300037547,40.6065580001973],[-74.90383199995588,40.60650999978959],[-74.90339400028797,40.60638399974875],[-74.90331800011998,40.60638900017166],[-74.90327299991415,40.60639499972391],[-74.90323500027932,40.60640099995758],[-74.90309499963892,40.606411999929904],[-74.90303699991259,40.6064220000892],[-74.90297599981322,40.60643200024696],[-74.90285699998753,40.60643699998433],[-74.9027769996216,40.606446000328944],[-74.90271999972019,40.606444000025164],[-74.9026219998109,40.6064409999103],[-74.90252499972651,40.60643300005806],[-74.90242400034249,40.60642800032045],[-74.90231600038746,40.60641899997336],[-74.90225399956486,40.60641500004606],[-74.90208899970843,40.60640400007419],[-74.90197999992849,40.60641000030706],[-74.90185799972974,40.60641899997336],[-74.90180599985122,40.6064220000892],[-74.90174999977472,40.60642399971169],[-74.90159499996402,40.60643099975389],[-74.90149000038203,40.60642500020487],[-74.90146500026766,40.606418000162044],[-74.90139099974952,40.60639499972391],[-74.90131299993172,40.6063460000687],[-74.90117599966435,40.60625899996608],[-74.90110299986942,40.60619100032444],[-74.90109600019673,40.60617300024721],[-74.90107399955711,40.606125000245],[-74.90106199986155,40.606100999889925],[-74.90104199977006,40.606062000232335],[-74.90102900024958,40.60600799988198],[-74.90102000002877,40.60596600003393],[-74.90100699960996,40.60592899993486],[-74.90099800028744,40.60590299987144],[-74.90099999993726,40.60587200001866],[-74.90100099976218,40.60583700018961],[-74.90100099976218,40.605738000203615],[-74.90100800033318,40.605663999732535],[-74.90102199967858,40.60557399995239],[-74.9010650002346,40.6054800000678],[-74.90110100021961,40.605386999877695],[-74.901122000136,40.605271999925705],[-74.90116200031898,40.605152999773026],[-74.90119699958075,40.60505499996961],[-74.90123599993883,40.60497700009295],[-74.90125100000742,40.60494700032602],[-74.90126000022825,40.6049280000802],[-74.9012910001904,40.60486200011753],[-74.9013270001754,40.60480199978493],[-74.90135499976451,40.60475499999828],[-74.90139099974952,40.60467500009676],[-74.90140599981814,40.6046400003229],[-74.90142000006183,40.604607000207515],[-74.90144400035126,40.60453600004871],[-74.90148399963593,40.604476999945845],[-74.90150899975029,40.604441000227425],[-74.90153800006262,40.604398000235165],[-74.9015740000476,40.60433700032561],[-74.90161900025346,40.60430599974647],[-74.90171799998767,40.6042380001638],[-74.90179499998055,40.6041969997301],[-74.90183699981334,40.60417499973653],[-74.90190700013355,40.6041450002916],[-74.90198099975339,40.604114000305444],[-74.90202599995925,40.60408800021795],[-74.90210299995213,40.604044999998635],[-74.90222699980069,40.603963000233286],[-74.90251100038114,40.603623999736534],[-74.9025730003054,40.60356199994856],[-74.90264500027543,40.60349400029104],[-74.90269799997888,40.60345099968953],[-74.90279500006328,40.6033960001012],[-74.90292800013265,40.603339999928224],[-74.90302199984397,40.603305000137276],[-74.90313399999698,40.60328000027539],[-74.90325899967044,40.603262999954744],[-74.90334200040944,40.603248000029325],[-74.90339799958763,40.60321700030918],[-74.90344199996855,40.60317900019255],[-74.90355999996933,40.60307299996848],[-74.90360400035026,40.603027000192164],[-74.90373200039677,40.6028909997193],[-74.90394199956076,40.60264900011939],[-74.90430200030917,40.60232099974226],[-74.90457599994556,40.60209899969239],[-74.90470300016716,40.60198400022151],[-74.90478099998496,40.60189500013939],[-74.9048119999471,40.60186100015338],[-74.90487300004648,40.60177600011265],[-74.90490099963557,40.60170999976571],[-74.90492800029806,40.60163800005699],[-74.90494300036669,40.60156299993695],[-74.90495699971206,40.60150800015917],[-74.90497699980357,40.60124499993902],[-74.90497000013086,40.60118399988017],[-74.90494699966632,40.601093000315046],[-74.90491300022946,40.60099300023034],[-74.90486999967344,40.600865000231],[-74.90485799997786,40.60081900029926],[-74.90485799997786,40.60077300033586],[-74.90487200022157,40.60071500021831],[-74.90489800016083,40.6006090001791],[-74.90492300027519,40.6005389997651],[-74.90497099995576,40.60045699979101],[-74.9050589998193,40.60032900012946],[-74.90518799969075,40.60014199970373],[-74.90526700023177,40.59997100000911],[-74.90533099980588,40.5997720003363],[-74.90537600001171,40.59960599994351],[-74.90542500041553,40.599339000074195],[-74.9054300004384,40.59926200026629],[-74.90542399969229,40.59916900029145],[-74.90539199990525,40.59904200013153],[-74.90536299959294,40.598975999813526],[-74.90530800023967,40.59889000027278],[-74.90485700015296,40.59842399999687],[-74.90484899975704,40.59841499993615],[-74.90483799988638,40.59840400001186],[-74.90483100021369,40.59839599987977],[-74.9047199998856,40.59827300003031],[-74.90467300002993,40.598225999745225],[-74.90463100019713,40.59819199993927],[-74.90455300037935,40.59816700021139],[-74.90447999968607,40.59815500031138],[-74.90425200008046,40.59813899998665],[-74.90404000036835,40.59813899998665],[-74.90385600024534,40.598111999685706],[-74.9036219998936,40.59802499977877],[-74.90351999978635,40.59798700012098],[-74.9032269998834,40.59784000029016],[-74.90311999975329,40.59778700005843],[-74.90292800013265,40.597675999758735],[-74.90275400005538,40.597575000075544],[-74.90245500030464,40.59737999987739],[-74.90221799957986,40.597259000101566],[-74.90208899970843,40.597210999836676],[-74.90200400021794,40.59719499996812],[-74.90189399971476,40.59717700019662],[-74.90164400036782,40.59716999986736],[-74.90115499974796,40.597171999766644],[-74.90075300006505,40.59719000022154],[-74.90041400013133,40.59719100017088],[-74.90021900013767,40.59718299989364],[-74.90016800008405,40.5971750002975],[-74.90001300027336,40.5971500001893],[-74.8997839999445,40.59708300009871],[-74.8991649996283,40.59692500015878],[-74.89827300039894,40.59663799998191],[-74.89807199965918,40.59659399978646],[-74.89611400022487,40.596163999979574],[-74.89598299980528,40.596154000331886],[-74.89555400035822,40.596151999720036],[-74.89518899958694,40.59619199966731],[-74.89501200003491,40.59622999966322],[-74.8947070004364,40.59630700023496],[-74.89393199958627,40.59657699981173],[-74.89377599995065,40.59661600022886],[-74.89358099995698,40.59663799998191],[-74.89343100016917,40.596641999812235],[-74.89326999961236,40.59663899993951],[-74.8930470000296,40.5966099997989],[-74.89286799992945,40.59655899987384],[-74.89284100016528,40.59655100020308],[-74.89257300037669,40.59644599966061],[-74.89223199989482,40.59626499974808],[-74.89194700038779,40.59607800023199],[-74.8917799999832,40.59593500016892],[-74.8915900000124,40.59578300006701],[-74.89131600037602,40.59555900018448],[-74.89101099987917,40.595197999820655],[-74.89075899998409,40.59489200004549],[-74.89059099975461,40.594677999776216],[-74.89050399971597,40.594556999885],[-74.89044299961661,40.59444799966027],[-74.89038599971519,40.594320000089404],[-74.89036399997389,40.594214000142046],[-74.89035899995102,40.594118999975635],[-74.89036999982169,40.594044000287454],[-74.89038800026334,40.593930999916275],[-74.8904979998682,40.59360399974008],[-74.89054300007403,40.59341000024405],[-74.89057999988395,40.59309599970507],[-74.89057999988395,40.59308700029139],[-74.89058800027988,40.59293799989294],[-74.89053800005117,40.5926800001483],[-74.89050999956376,40.59248600001772],[-74.89051200011188,40.592457000122145],[-74.89051700013478,40.592336000304485],[-74.89052100033274,40.59223300001095],[-74.89053499967811,40.5921409998332],[-74.89056499981535,40.592064999946764],[-74.89061300039424,40.59199600016351],[-74.89064799965603,40.59196500000045],[-74.89074399991549,40.59187900030906],[-74.89081300041077,40.59180900030406],[-74.89089299987839,40.591715000162644],[-74.89105799973485,40.59155000026243],[-74.89109200007003,40.591506000129336],[-74.8911740000858,40.591398999777866],[-74.89131600037602,40.59108399998694],[-74.8913859997979,40.590882999695616],[-74.8915199996922,40.59034600000635],[-74.89154900000453,40.590264999861816],[-74.89162400034759,40.590016999921005],[-74.89164100006604,40.589930999770786],[-74.89165100011178,40.58987900014983],[-74.89164699991382,40.58981900001221],[-74.89163400039334,40.58973899997231],[-74.89161599995168,40.58969600007333],[-74.89158499998952,40.58962799995458],[-74.89150100032396,40.589490000062774],[-74.89134599961493,40.58924500018111],[-74.8908009998169,40.58848600006813],[-74.89048100014976,40.587958000336684],[-74.89017599965293,40.58756300011287],[-74.88999699955276,40.587320000187354],[-74.88962300035728,40.58656300027367],[-74.88949399958753,40.58625099987226],[-74.88948699991482,40.58623399999664],[-74.88935300002053,40.58588599994742],[-74.88925699976106,40.585701000299515],[-74.88914799998112,40.58549000032354],[-74.88903500000322,40.585337000228584],[-74.88891000032973,40.58523400007004],[-74.88881200042044,40.58517399985821],[-74.88869199987154,40.58512500033888],[-74.88855999962705,40.58505699966559],[-74.88854499955845,40.58504899998313],[-74.88844599982426,40.584973999673025],[-74.88841200038736,40.58493399983714],[-74.88829600003642,40.58479999966674],[-74.88817700021073,40.584665999910115],[-74.88810900043866,40.58455999966806],[-74.88807299955533,40.584504000090206],[-74.88791500026991,40.58425499979152],[-74.88782800023127,40.58414699997378],[-74.88778399985034,40.58405800002453],[-74.8877739998046,40.58401600003031],[-74.887766000307,40.58398500026135],[-74.88776499958377,40.5838600002108],[-74.88775700008617,40.583483999867696],[-74.88780300011692,40.58325299997869],[-74.8878580003685,40.58311799969191],[-74.88791799974463,40.58299300006778],[-74.88799499973754,40.58285699977478],[-74.88826800044733,40.582539999663865],[-74.88858499974141,40.58217899996771],[-74.88861999990152,40.58213999999923],[-74.88866699975718,40.58206399966288],[-74.88871399961285,40.5819679997969],[-74.88884199965938,40.581700999764905],[-74.88898599959941,40.581432999846704],[-74.8890750001862,40.581224999933795],[-74.88913000043777,40.58102100013892],[-74.88913000043777,40.580915000260724],[-74.8891119999961,40.58082300020454],[-74.88910699997325,40.58079999982958],[-74.88908799970666,40.58072999982633],[-74.88906199976739,40.58068099978049],[-74.88900499986597,40.58061100033495],[-74.8889429999417,40.580538999737236],[-74.88886799959863,40.58047900008961],[-74.8886740003282,40.58031799988231],[-74.88859200031243,40.580231000020035],[-74.88854000043389,40.58016200030766],[-74.88847000011368,40.58002699992289],[-74.88841200038736,40.5798760000289],[-74.88832899964838,40.57950100001973],[-74.8883229998006,40.57947399969777],[-74.88831899960263,40.57945899989325],[-74.88830699990707,40.57940499988682],[-74.8882590002265,40.57920699994522],[-74.88821999986844,40.579097999944324],[-74.888167000165,40.57900900009982],[-74.88811100008849,40.578954000190386],[-74.88804999998912,40.57890399998538],[-74.88795899975253,40.57884199978842],[-74.88784199957665,40.57878300020793],[-74.8876330002376,40.5786950001703],[-74.88721800013592,40.57855799978053],[-74.88678499959254,40.57844700030983],[-74.88633699987889,40.578310000094476],[-74.88621399985523,40.57826900013486],[-74.88610599990021,40.57824500001371],[-74.88601200018888,40.578234999733255],[-74.88593000017312,40.578231999717055],[-74.88587800029458,40.57823899998208],[-74.88579999957847,40.57825299982761],[-74.88571199971491,40.57827800017808],[-74.88556799977486,40.57832399992516],[-74.8850149995809,40.578501999953794],[-74.88467200034755,40.578635999777866],[-74.88448200037675,40.57870199970458],[-74.88429599970561,40.57875500005345],[-74.88411499995563,40.57879200018199],[-74.88401200002347,40.578804000145524],[-74.88379100009053,40.57882999983171],[-74.88325700016316,40.578874000117345],[-74.88324299991945,40.57887599988154],[-74.88280000022866,40.578921999899734],[-74.88254900015848,40.57895199974623],[-74.8824370000055,40.578969000108145],[-74.88235099979178,40.578988999765826],[-74.88227999964666,40.579010000321055],[-74.88216900021689,40.57903899990731],[-74.88194699956072,40.579156999929296],[-74.88172599962778,40.579270000021175],[-74.88158000003793,40.57934300015418],[-74.88143600009789,40.57939100028235],[-74.88134099966332,40.57942099991853],[-74.88117699963179,40.57944500030008],[-74.8809799999883,40.57945599993194],[-74.88076400007823,40.57945899989325],[-74.88056999990948,40.57950100001973],[-74.88054099959714,40.57949399988677],[-74.88019800036379,40.57941600020753],[-74.8795430000626,40.579274000208116],[-74.87942000003895,40.579271000238506],[-74.87914300002952,40.579280000146916],[-74.87890799985287,40.5793150002341],[-74.87862599982056,40.57937800020839],[-74.87833799994047,40.57941999970345],[-74.87818300012977,40.579435000199005],[-74.87799999983166,40.57945199975589],[-74.87796800004462,40.57945599993194],[-74.87754399972209,40.57943299976924],[-74.87716999962828,40.579416999740396],[-74.87657999962438,40.57938800031799],[-74.87625499993437,40.57938400013788],[-74.87608400023016,40.579388999851275],[-74.87596500040446,40.57939599999522],[-74.8758339999849,40.579413000244294],[-74.87566099973255,40.57944700004721],[-74.87545800024127,40.57950699993818],[-74.87531699977595,40.579553000204726],[-74.87499999958355,40.57967800011679],[-74.87483800010017,40.57975600017278],[-74.87478200002366,40.57978099996156],[-74.87459600025083,40.57986400025766],[-74.87435100002845,40.57996099993884],[-74.87419600021775,40.58001500017874],[-74.87402200014047,40.58005699995614],[-74.87382999962155,40.58009200031902],[-74.87359799981795,40.58011400005042],[-74.87341399969492,40.58012100011852],[-74.87335199977065,40.58011899970926],[-74.87304600034722,40.580112000323254],[-74.8724250003812,40.580095999774514],[-74.8722989999845,40.580092999841774],[-74.87196500007366,40.58007999990424],[-74.8718139995626,40.5800640000302],[-74.87167600036867,40.58003899966489],[-74.87154300029925,40.57998900027083],[-74.87135400015337,40.57991099980424],[-74.87099299958004,40.57971499973484],[-74.87073800021024,40.579549000034476],[-74.87046500039875,40.579371000062565],[-74.8701309995896,40.57916899982736],[-74.86995099966455,40.579053000267734],[-74.86960699970795,40.57881600010691],[-74.86936599968354,40.578602999790085],[-74.86930100028452,40.57854700000102],[-74.8691099995905,40.57835500027086],[-74.86901000003138,40.57823400018274],[-74.86891299994701,40.578080999865065],[-74.86886500026641,40.57798700021438],[-74.8688569998705,40.577950999877665],[-74.86881099983974,40.577741999814464],[-74.86877300020491,40.577443999900986],[-74.86874200024278,40.57731099998284],[-74.8686519998311,40.577112999984294],[-74.86850899971596,40.57680000027984],[-74.86843400027121,40.576611999975775],[-74.86839900011111,40.57650499967571],[-74.86839699956296,40.576491000146696],[-74.86838099966944,40.57638999985111],[-74.86836800014896,40.57625699988455],[-74.86836999979877,40.57616700009066],[-74.86837200034692,40.57609000020881],[-74.86839900011111,40.575809999829346],[-74.86841099980667,40.575678999934205],[-74.86842400022546,40.57550000030868],[-74.8684049999589,40.5752999998556],[-74.86828199993523,40.57531300003971],[-74.86746799962536,40.575397000013545],[-74.86715200015618,40.57542899994338],[-74.86334299962107,40.57582299991438],[-74.86103100018444,40.57606200029184],[-74.86086100030514,40.57608000028854],[-74.86072400003779,40.57609399990357],[-74.85941400033369,40.57623000030027],[-74.8593730003258,40.576233999986655],[-74.85829700007511,40.57634499971758],[-74.85820900021156,40.57635400001961],[-74.85439399982867,40.576749000256854],[-74.85431400036104,40.57675700024965],[-74.85420399985787,40.5767689998959],[-74.85264599955833,40.576929999774634],[-74.85172099981871,40.5770260000477],[-74.85085100033065,40.577116000050665],[-74.85003500037097,40.57719999980774],[-74.8493549999554,40.577270000093286],[-74.8491649999846,40.577289000011945],[-74.84872300011872,40.57733499975681],[-74.84627699988947,40.57758800017602],[-74.84617800015528,40.57759900011322],[-74.84395799988184,40.57782799994562],[-74.84269000001053,40.57795899972673],[-74.84243100044277,40.57824199999796],[-74.84085399987666,40.57996500008445],[-74.83894699959765,40.58204700008752],[-74.83892200038161,40.58207400005321],[-74.83886799995494,40.582134000316934],[-74.83881299970335,40.58219399984459],[-74.83847299994473,40.58256499977666],[-74.83797599982726,40.583108000139916],[-74.83720400024852,40.583949999888695],[-74.83713899995118,40.58402100007975],[-74.83660400019889,40.58460499973343],[-74.83653300005378,40.584683000184285],[-74.83551799990245,40.585790000109185],[-74.83528100007598,40.586051000178855],[-74.8351899998394,40.5861369998611],[-74.8350979997779,40.58622200000153],[-74.83506299961778,40.586257999980326],[-74.83501400011231,40.586307000034],[-74.83493000044672,40.586393000069265],[-74.83484599988282,40.58648700018753],[-74.83476300004213,40.58657699974156],[-74.83467900037654,40.58665800025993],[-74.83460999988127,40.58674800026599],[-74.8345570001778,40.586833999734196],[-74.83455100033002,40.58685200024348],[-74.83453100023854,40.586873999798165],[-74.83443800035212,40.58697600005774],[-74.8340910000225,40.58735600025733],[-74.83306400017561,40.58848299982949],[-74.82536099961487,40.594760000017686],[-74.82528199997216,40.59482399975364],[-74.82312199997318,40.59538699970437],[-74.82304400015538,40.59540699990982],[-74.82026300019038,40.59613199973745],[-74.8201379996186,40.596164999944264],[-74.8193700002378,40.5958859996667],[-74.8172300003303,40.59602699990116],[-74.81681699987843,40.596061000126056],[-74.81643399956378,40.596122000084975],[-74.81539800039437,40.59629100015006],[-74.81473600042048,40.59637099985431],[-74.81408500031722,40.59641099967056],[-74.81336999974157,40.59645300006573],[-74.81326400033467,40.59645300006573],[-74.8129350004467,40.59647299995229],[-74.81200099958791,40.59684900025327],[-74.80998899972694,40.59795400013141],[-74.80870199958908,40.59840799973647],[-74.80738600003717,40.598978000340814],[-74.80507000040258,40.59973500021872],[-74.80358499989798,40.60092699979236],[-74.80283099986258,40.60153200011736],[-74.8027909996796,40.60155199984859],[-74.80168900038795,40.60213099980654],[-74.8012709999132,40.60237100017406],[-74.8002130001042,40.603296000051664],[-74.80004300022489,40.603592000337194],[-74.79985900010185,40.60375699984665],[-74.79939399977144,40.60417300004675],[-74.79902300005068,40.60442800024852],[-74.7987369998204,40.60478400001564],[-74.79759000032293,40.605588000214105],[-74.79691499993025,40.60685100026208],[-74.79696599998385,40.60797400012592],[-74.79675900029463,40.609731999919596],[-74.7965940004382,40.61113599981246],[-74.80037200011284,40.617283999692994],[-74.80083900009308,40.61804399980552],[-74.80133899968527,40.61836800017495],[-74.80132699998971,40.61842599997419],[-74.80048699974057,40.62255200016799],[-74.79971000013894,40.626369999917216],[-74.79982899996463,40.627307999933294],[-74.79985699955371,40.62753100027383],[-74.79993500026984,40.6281390002383],[-74.80046400017434,40.63231699974968],[-74.80133799986035,40.63920700026984],[-74.79927699959559,40.64156200026415],[-74.79921200019658,40.64163599982734],[-74.79910900026441,40.64175399979011],[-74.79890599987483,40.641985999928956],[-74.79863499971316,40.64234699974899],[-74.798531999781,40.642484000294964],[-74.7983059998252,40.642760999708955],[-74.7980880002653,40.64300299989257],[-74.79783399982207,40.643310000155736],[-74.79767599963834,40.643483999857786],[-74.79757600007922,40.643584999676534],[-74.79744300000984,40.64370099973202],[-74.79723899979534,40.64387399984563],[-74.79712099979456,40.64398700028843],[-74.79699899959581,40.644116000083535],[-74.79681299982299,40.644313999997316],[-74.7964689998664,40.644701000146675],[-74.7962219999942,40.64497600007079],[-74.79595000000762,40.64527799988165],[-74.79575599983887,40.64549200033326],[-74.795538000279,40.64573400015734],[-74.79522600010945,40.646096999952206],[-74.79481799968045,40.64652499968818],[-74.79444500030986,40.64689900007358],[-74.79437800036271,40.64697600019342],[-74.79434499985243,40.64701300005125],[-74.79409399978226,40.647297000284794],[-74.79347799983911,40.64798099996649],[-74.79303799962305,40.6484789999042],[-74.79289799988098,40.64864299979015],[-74.79275899996381,40.64880000026337],[-74.79212899977696,40.649495999757995],[-74.79131000034252,40.650402999675535],[-74.79096399983781,40.65078599996033],[-74.79064400017066,40.651139999763465],[-74.7897949997007,40.65208400027997],[-74.78962700036952,40.65223700024454],[-74.78955100020154,40.65231800024415],[-74.78948199970625,40.65239900014538],[-74.7894139999342,40.65247500024939],[-74.78934500033722,40.652561000334394],[-74.78913899957459,40.652804000221245],[-74.78906999997761,40.65287999986395],[-74.78900100038065,40.65295200023472],[-74.78888300037985,40.653083999804],[-74.78881100040984,40.65315900001603],[-74.78872799967085,40.65325300028086],[-74.78863499978442,40.65335699968007],[-74.78859499960146,40.65339499987878],[-74.78855899961644,40.65342900021765],[-74.78849000001946,40.65350499982993],[-74.7884070001788,40.65358199982417],[-74.78832199978997,40.65366700005977],[-74.78823899994931,40.653752000187076],[-74.7881119997277,40.65388500000062],[-74.78807800029081,40.65391900008974],[-74.78800200012284,40.65400399989606],[-74.78791799955894,40.654084999795074],[-74.78783399989335,40.654161999801445],[-74.78775799972537,40.654241999731646],[-74.78768599975534,40.65431199976228],[-74.7953290000416,40.6571190002359],[-74.79738500028353,40.65787299979881],[-74.79857500033701,40.65830999982023],[-74.79968000000171,40.65871599984331],[-74.80217399991155,40.65963100011596],[-74.80587600031653,40.66099000010893],[-74.81831599972841,40.665554999898156],[-74.82057700000973,40.66638399983714],[-74.82129800043319,40.66664899966365],[-74.82103899996709,40.66835900010599],[-74.82134000026598,40.668351999740494],[-74.82191299965311,40.66834000018295],[-74.82275200007733,40.66832199982055],[-74.82386400031304,40.66829800001118],[-74.82638599981195,40.6682429999896],[-74.82645199993418,40.66824199974099],[-74.82646899965262,40.66836099991825],[-74.82647799987345,40.668412000221224],[-74.82649200011714,40.668504999871665],[-74.82655300021652,40.6688020003267],[-74.82656900011006,40.66892799981037],[-74.82659099985135,40.669076999719984],[-74.82659199967627,40.66918999972668],[-74.82660699974488,40.66932900013555],[-74.82671399987501,40.669812000200736],[-74.82675200040816,40.66987000028224],[-74.82681299960919,40.669968999917124],[-74.82685100014236,40.67001900013109],[-74.82688899977718,40.67007299982952],[-74.82694300020384,40.67013600010374],[-74.82699599990731,40.670217000174176],[-74.8270650004026,40.670298999682636],[-74.82712599960365,40.67039300032452],[-74.82718699970302,40.67049199986429],[-74.82724000030478,40.67060500019856],[-74.82726200004608,40.67066399980259],[-74.82728600033553,40.67072199982439],[-74.82731599957445,40.6708349997689],[-74.82733900003899,40.670951999672454],[-74.82737000000112,40.671073999720164],[-74.82743100010049,40.67133499986003],[-74.82746899973533,40.67147500008585],[-74.82751499976608,40.671615000017674],[-74.82755300029923,40.67175899975767],[-74.82760600000267,40.671906999961294],[-74.82766700010202,40.67205600002782],[-74.8277280002014,40.67220899983653],[-74.82779599997347,40.672345000204466],[-74.82787299996636,40.67251599994781],[-74.82794900013435,40.67267800034006],[-74.82803299979994,40.67284000033871],[-74.82810999979283,40.673007000148225],[-74.82819400035673,40.67317400022074],[-74.82827800002231,40.67335000006071],[-74.82844600025182,40.67369700023853],[-74.8285369995901,40.673877000035624],[-74.82861299975806,40.674053000063864],[-74.82869700032198,40.674229000308785],[-74.82878099998756,40.67439600004579],[-74.82887300004909,40.67456199989206],[-74.82896400028567,40.67472000015804],[-74.82906300001987,40.67488199996439],[-74.82916299957898,40.675036000248035],[-74.8292620002115,40.67519400007201],[-74.8293679996184,40.67535100006089],[-74.82946800007582,40.67550499994252],[-74.82956699981003,40.67566699988527],[-74.82968099961283,40.67582900011574],[-74.82978799974296,40.67598700010428],[-74.82990300026901,40.676149000238425],[-74.8300089996759,40.676315999935234],[-74.83011599980603,40.6764790000763],[-74.83020799986753,40.676645000186504],[-74.83029200043143,40.67682099972058],[-74.8303679997011,40.677005999844745],[-74.83044399986909,40.67718600024621],[-74.83051300036438,40.67736700027335],[-74.83058199996135,40.67753800008086],[-74.8306430000607,40.677717999727186],[-74.83070400016008,40.67788899999693],[-74.83075699986354,40.678060999929386],[-74.83080299989429,40.67822299979261],[-74.83084100042744,40.67837599975616],[-74.83088699955988,40.67851600018551],[-74.83097699997157,40.67868699977081],[-74.83102399982721,40.678759000217966],[-74.83111599988872,40.67887200016687],[-74.83122300001884,40.67897599981791],[-74.83134500021758,40.67906600014485],[-74.83148900015763,40.67915200001065],[-74.83164999981611,40.67922399995558],[-74.8318170002207,40.67928699975841],[-74.83200100034371,40.67934599985504],[-74.83217600024588,40.679404999899404],[-74.83235199997299,40.679468000212445],[-74.83251199980656,40.67954099989514],[-74.83284800026554,40.67971200025745],[-74.83302300016773,40.679811999660515],[-74.83319100039722,40.67990200022122],[-74.83406799955794,40.68037600007916],[-74.83422800028984,40.68047499978353],[-74.8343809995524,40.680583999976115],[-74.83451899964467,40.680697000237544],[-74.8346480004144,40.68081800010621],[-74.83489199991357,40.6810530001525],[-74.83499200037099,40.68117500011071],[-74.8350910001052,40.68130500026721],[-74.83517499977079,40.68143600022082],[-74.83520900010598,40.68150799974246],[-74.83524300044117,40.68157599967341],[-74.83531200003814,40.68171999969895],[-74.83537300013751,40.68186900031566],[-74.83549500033624,40.68217500018577],[-74.83561699963666,40.68247299973312],[-74.83567799973602,40.68261699986446],[-74.83572399976677,40.68276099968469],[-74.83576999979753,40.68290099976041],[-74.83581599982828,40.68304999978078],[-74.83585400036144,40.68318499980879],[-74.83589199999626,40.68330699995208],[-74.83594499969972,40.68341500026111],[-74.83596700033934,40.6834450002024],[-74.83597900003491,40.683464999928624],[-74.83604500015714,40.683556999682075],[-74.83615999978485,40.68369100002878],[-74.83630600027305,40.683654000076885],[-74.83642500009874,40.683623000211895],[-74.83660099982583,40.683567999888446],[-74.83685699991888,40.68346900000941],[-74.83690600032268,40.683451999664456],[-74.83705100008764,40.683397999902375],[-74.8371959998526,40.683353000294346],[-74.83734900001348,40.683318000199705],[-74.83749399977843,40.6833039998842],[-74.83765399961199,40.68329999979356],[-74.83780699977287,40.68330899999724],[-74.83796999997949,40.683358999744286],[-74.83808100030757,40.683409000134986],[-74.83831800013404,40.683557999700945],[-74.83844799983036,40.683630000336485],[-74.8385619996332,40.68368399991059],[-74.83865600024284,40.683715999763706],[-74.83872999986266,40.683764999870895],[-74.83880600003066,40.68381499995708],[-74.83895900019152,40.683923000124175],[-74.83909599956057,40.684058999757696],[-74.83914900016234,40.68414900003373],[-74.8391950001931,40.68423900018828],[-74.83927200018599,40.68440100002395],[-74.8392939999273,40.68449999988102],[-74.83931700039183,40.68455000009702],[-74.8393859999888,40.684842999927525],[-74.83941600012604,40.68504600020787],[-74.83943899969226,40.6853479998298],[-74.83945499958577,40.685437999727625],[-74.83947700022539,40.6855190002811],[-74.83950099961652,40.68560000005492],[-74.83954599982238,40.68568099973023],[-74.83959199985313,40.68576699991696],[-74.83972200044778,40.68594699982183],[-74.83977500015122,40.68603299966531],[-74.83982799985466,40.68610900027421],[-74.83991999991618,40.68625400002141],[-74.83995799955102,40.68632599978801],[-74.83998900041146,40.686398000158036],[-74.84001899965038,40.686479000225916],[-74.84004999961252,40.686556000300044],[-74.84006499968113,40.68671799995325],[-74.84004200011492,40.68678999989977],[-74.8400270000463,40.686875000048715],[-74.84000399958175,40.68696100005706],[-74.83997299961963,40.687050999820165],[-74.83995799955102,40.68714100014292],[-74.83993499998479,40.687230999662994],[-74.83991999991618,40.68732099974267],[-74.83989700034996,40.68741099970079],[-74.83988200028135,40.687506000016725],[-74.83987399988543,40.68777999996133],[-74.83987399988543,40.68804200004304],[-74.83988200028135,40.688136000190426],[-74.83988200028135,40.68830299982821],[-74.83989700034996,40.68838900003722],[-74.83990499984756,40.68847400019017],[-74.83991999991618,40.68855499977829],[-74.83994300038071,40.68864500011339],[-74.84010300021428,40.6888840002467],[-74.84014099984913,40.68895200014513],[-74.84019500027578,40.68901999997416],[-74.84025600037516,40.68908699979791],[-74.84031699957622,40.68915899990958],[-74.84037000017798,40.68923199987718],[-74.84043100027736,40.68930800024368],[-74.84054599990507,40.68946199989599],[-74.84060700000445,40.68953800000016],[-74.84064499963928,40.68962399997764],[-74.84069099967003,40.68971799993698],[-74.8407440002718,40.689808999988706],[-74.84098799977095,40.690195999823544],[-74.84104899987031,40.690286999903606],[-74.8411180003656,40.69038100028994],[-74.8413009997654,40.69063800011871],[-74.84143800003275,40.69079200010303],[-74.84149900013212,40.690868000052575],[-74.84156799972908,40.690944999823444],[-74.84163700022438,40.691031000028495],[-74.84197199996012,40.6914270000473],[-74.84200999959496,40.69149099979502],[-74.84207200041757,40.69156700030958],[-74.84217100015175,40.69172499977549],[-74.84222399985521,40.691796999761316],[-74.8423159999167,40.691949999898654],[-74.84242200022193,40.69209499987816],[-74.8424840001462,40.69216700014531],[-74.84253699984966,40.69223400021052],[-74.84260600034493,40.69230200009596],[-74.842674000117,40.692374000139424],[-74.84275000028498,40.69244199988204],[-74.8428270002779,40.692513999774235],[-74.84291799961616,40.69258600026975],[-74.84307400015008,40.69270200026115],[-74.85102000038506,40.690696999703604],[-74.8602600004306,40.68836400001169],[-74.860309999761,40.688351000021925],[-74.86273599989877,40.687784999738525],[-74.8628299996101,40.68776300003482],[-74.86351599987344,40.687603000113484],[-74.86460800001764,40.68734800008344],[-74.86651100009868,40.68690399982634],[-74.86720300020983,40.68674199994407],[-74.87053399999573,40.685964000211584],[-74.87142000027562,40.68571799991926],[-74.87332599983138,40.68519000022988],[-74.87409699958523,40.684975999734775],[-74.87523999978306,40.68465999975895],[-74.87529400020973,40.68464499972285],[-74.87756700018663,40.68402099999823],[-74.87763800033174,40.68399899973317],[-74.87782800030253,40.683939999667764],[-74.87799399998389,40.683888000328906],[-74.8796209998804,40.683383000263476],[-74.87995800016428,40.68327799997174],[-74.88279299965764,40.68260900028162],[-74.88498000031913,40.68209300029603],[-74.88513900032778,40.68205600013828],[-74.88694600014935,40.68162900018263],[-74.89070799993047,40.68074200027627],[-74.88991500043534,40.68036600009401],[-74.88664300020065,40.678818000100655],[-74.88648199964385,40.67874200003427],[-74.88370300022697,40.67742700013622],[-74.88327399988158,40.67722399981461],[-74.88302500035954,40.67710599990068],[-74.88250399995265,40.67686000029762],[-74.88234300029416,40.67678400004291],[-74.8821919997831,40.67671200018777],[-74.87948500033629,40.67543099978717],[-74.87733200000999,40.670922000240886],[-74.87676700012045,40.66974000031135],[-74.87671600006684,40.66963400010556],[-74.87665900016543,40.66951299969687],[-74.87645599977584,40.66908899982628],[-74.87606099976564,40.66826000012499],[-74.8741729997532,40.66433399984985],[-74.87370900014604,40.66336800000279],[-74.87736499962195,40.66198999970761],[-74.88135300025719,40.660486999726075],[-74.88365200017337,40.65962000004871],[-74.88828799964051,40.65787200007622],[-74.89006000020026,40.65720400005428],[-74.89137599975216,40.65670799997123],[-74.89247600029229,40.656293000233894],[-74.89302699993812,40.65608500020392],[-74.89383299985207,40.65578399998545],[-74.89388200025587,40.65576600032332],[-74.89678600024452,40.65633600021487],[-74.90222400032597,40.6574040001217],[-74.90228399970209,40.65741600028385],[-74.90336599980057,40.65824400012684],[-74.90363799978714,40.658452000240224],[-74.90401199988094,40.6587389999838],[-74.9046210001514,40.65920599972924],[-74.90468300007569,40.659253000047876],[-74.90634900033025,40.660527999682486],[-74.91023800033298,40.6635050003232],[-74.91107400038416,40.66674699972105],[-74.91149399961041,40.66837199990673],[-74.91193499965138,40.67008499975653],[-74.91492300020393,40.669145000066564],[-74.91520000021336,40.66905800000157],[-74.91578299964624,40.66887500010523],[-74.91666999975104,40.67001900013109],[-74.91701000040797,40.67045699983045],[-74.91735500018947,40.670902999685445],[-74.91748099968785,40.670846000030636],[-74.9178280000175,40.67030500030744],[-74.9186309995584,40.66942100032037],[-74.91945999993688,40.668978999679766],[-74.91966900017424,40.66877000012788],[-74.92136800004077,40.66898900001028],[-74.9225589999192,40.66782599996054],[-74.92295099955636,40.6670630001212]],[[-74.84774700032547,40.6484010002908],[-74.84854200036877,40.64954399994912],[-74.84774399995241,40.6495380001827],[-74.84678800025065,40.64952900019127],[-74.8418070001037,40.649521000046434],[-74.84173900033163,40.649520000198635],[-74.83992699958887,40.64951500027795],[-74.83625400039452,40.64950399990584],[-74.83567799973602,40.64950200020977],[-74.83377100035534,40.64919600033714],[-74.83340399993422,40.64984200016423],[-74.83295299984752,40.64975000023526],[-74.83288699972528,40.64973599968673],[-74.83292400043352,40.64967299990825],[-74.8329930000305,40.6495380001827],[-74.83306900019848,40.64940700026362],[-74.83313799979545,40.64927199999995],[-74.83322400000917,40.64910800029664],[-74.83319800006991,40.64910400019913],[-74.831542999686,40.648854000102],[-74.83094699983432,40.64876399989231],[-74.82980199998667,40.64816599967236],[-74.82797500007362,40.64721100023123],[-74.82766700010202,40.64704999988854],[-74.82714700041836,40.64677799999782],[-74.82414100032246,40.645207999916295],[-74.82280599960569,40.644509000236816],[-74.82278700023743,40.644499000325766],[-74.82245499997642,40.64432499986168],[-74.82127699961848,40.64370999982778],[-74.82135000031171,40.64355199971209],[-74.8214259995814,40.643362999725205],[-74.82146400011455,40.64327700005533],[-74.82149500007667,40.6431959999875],[-74.82152500021391,40.64312399999615],[-74.82155600017605,40.643057000332035],[-74.8216089998795,40.64295299987586],[-74.82170000011608,40.642818000188925],[-74.82208300043072,40.6401230001785],[-74.82218499963967,40.64009599979991],[-74.8223689997627,40.64004600033224],[-74.82276600032102,40.639938999982256],[-74.82279800010808,40.639930000059685],[-74.82292299978154,40.639897000333164],[-74.82308599998817,40.6398529999908],[-74.82337200021843,40.6397749998393],[-74.82544199980573,40.639216000289935],[-74.82550100025529,40.639201000255795],[-74.8258050000289,40.63911800000615],[-74.82612800006909,40.63903100031537],[-74.82642799964475,40.63894999986671],[-74.8277559997905,40.638590000091796],[-74.83355799992003,40.63701800025476],[-74.83357200016373,40.63688999973106],[-74.83357999966132,40.63676399972148],[-74.83359499972994,40.636642000318766],[-74.83360499977567,40.63657000007494],[-74.83360999979855,40.63652500022396],[-74.83362599969207,40.63641300014504],[-74.83364400013375,40.63626000003183],[-74.83364900015661,40.636192000247654],[-74.83366400022523,40.63608399980653],[-74.83367900029384,40.63585399971142],[-74.8336979996621,40.63570499989967],[-74.83371000025598,40.63561100014021],[-74.83372500032459,40.635475999920494],[-74.83377100035534,40.635188000266425],[-74.83379200027174,40.6349940001306],[-74.83380099959427,40.63491300023738],[-74.83380999981509,40.63486000009416],[-74.83384699962502,40.63465200006445],[-74.83389500020391,40.634519000095835],[-74.83671700017679,40.635080000246326],[-74.84002399967326,40.637417000109956],[-74.84088599966371,40.63802700008314],[-74.84090900012824,40.63805099987649],[-74.84098000027335,40.63812699996043],[-74.84102200010614,40.63817000005935],[-74.84120299985611,40.63836099978331],[-74.84178500036238,40.63848700018715],[-74.84229099980236,40.63859700017221],[-74.84299999963193,40.63874999970123],[-74.84299399978414,40.63877199989872],[-74.84266900009412,40.63990300028465],[-74.84283099957753,40.64007300004939],[-74.84548000019636,40.642858000149864],[-74.84566299959614,40.64305000003774],[-74.84570100012931,40.64309099980371],[-74.84571000035014,40.64309900003779],[-74.84584000004648,40.6432359997219],[-74.84585299956693,40.64330199994701],[-74.84593999960559,40.64352400010124],[-74.84609199994156,40.64485799966958],[-74.84610000033747,40.644952000040746],[-74.84611500040609,40.64504700019435],[-74.8461229999037,40.64510499999924],[-74.84614600036822,40.64530400029806],[-74.84616100043684,40.645370999751385],[-74.84619900007168,40.64571800032002],[-74.84621400014028,40.64582600017012],[-74.84622199963789,40.645916000252456],[-74.84624500010243,40.64603300024626],[-74.84632100027041,40.646224999861545],[-74.84636899995098,40.646347000153675],[-74.84651200006611,40.64670900013239],[-74.84661199962524,40.64696300031222],[-74.84663099989181,40.64701100028049],[-74.84663500008978,40.64702199970041],[-74.84668600014338,40.647153000211816],[-74.84673499964889,40.6472760000521],[-74.84688899963467,40.64768300030133],[-74.84719099975847,40.64848300003923],[-74.84774700032547,40.6484010002908]]]}},{"type":"Feature","properties":{"geoid":"3403915640","townId":"cranford-township","name":"Cranford township","county":"Union","status":""},"geometry":{"type":"Polygon","coordinates":[[[-74.327434,40.662533],[-74.32614,40.66781],[-74.324239,40.669779],[-74.323177,40.672185],[-74.323612,40.675016],[-74.322478,40.676849],[-74.310403,40.678476],[-74.312405,40.676134],[-74.311791,40.674215],[-74.314035,40.673877],[-74.313076,40.673561],[-74.309207,40.674257],[-74.307778,40.674398],[-74.306683,40.672057],[-74.302611,40.672365],[-74.294353,40.672989],[-74.290953,40.673242],[-74.29195,40.671667],[-74.291585,40.671312],[-74.290614,40.670367],[-74.288605,40.670853],[-74.28853,40.670433],[-74.286282,40.668654],[-74.285358,40.665265],[-74.283862,40.65893],[-74.283423,40.6582],[-74.283162,40.657434],[-74.283247,40.656408],[-74.285216,40.655023],[-74.282763,40.654279],[-74.281641,40.65019],[-74.280964,40.645197],[-74.282284,40.644424],[-74.281285,40.643624],[-74.281687,40.643381],[-74.287743,40.639719],[-74.289552,40.639968],[-74.290119,40.639915],[-74.290426,40.639863],[-74.293126,40.639024],[-74.295419,40.638695],[-74.301751,40.634841],[-74.303462,40.634277],[-74.304867,40.63349],[-74.311322,40.637378],[-74.312849,40.638307],[-74.317316,40.640928],[-74.319721,40.642334],[-74.316616,40.645262],[-74.320651,40.647387],[-74.31868,40.648904],[-74.316933,40.650131],[-74.316374,40.650265],[-74.312482,40.654144],[-74.313678,40.654827],[-74.31375,40.654868],[-74.316897,40.656674],[-74.319434,40.65814],[-74.321638,40.657836],[-74.323595,40.65655],[-74.32571,40.656227],[-74.32628,40.657464],[-74.327434,40.662533]]]}},{"type":"Feature","properties":{"geoid":"3402318490","townId":"dunellen-borough","name":"Dunellen borough","county":"Middlesex","status":""},"geometry":{"type":"Polygon","coordinates":[[[-74.477892,40.593213],[-74.476505,40.595138],[-74.47485,40.595667],[-74.474748,40.596126],[-74.470081,40.598343],[-74.467201,40.598633],[-74.466143,40.597791],[-74.466266,40.599077],[-74.463291,40.599187],[-74.458466,40.594805],[-74.456904,40.5958],[-74.455132,40.595954],[-74.457771,40.594232],[-74.452353,40.589268],[-74.455269,40.586725],[-74.456978,40.585246],[-74.456805,40.584962],[-74.460222,40.584414],[-74.459736,40.581553],[-74.468907,40.580722],[-74.46967,40.585567],[-74.471317,40.585546],[-74.473211,40.585906],[-74.47485,40.58705],[-74.477138,40.589091],[-74.47564,40.589315],[-74.478462,40.592845],[-74.477892,40.593213]]]}},{"type":"Feature","properties":{"geoid":"3402719210","townId":"east-hanover-township","name":"East Hanover township","county":"Morris","status":""},"geometry":{"type":"Polygon","coordinates":[[[-74.409039,40.794502],[-74.403553,40.800871],[-74.40353,40.802076],[-74.40209,40.804146],[-74.400068,40.804749],[-74.394863,40.808929],[-74.394595,40.810603],[-74.394596,40.810653],[-74.394344,40.812165],[-74.393318,40.812766],[-74.387307,40.820545],[-74.383882,40.824974],[-74.370628,40.835999],[-74.367403,40.836055],[-74.364576,40.837722],[-74.361698,40.8405],[-74.357062,40.841449],[-74.354664,40.841463],[-74.353363,40.843532],[-74.348958,40.844741],[-74.342916,40.8464],[-74.340786,40.845891],[-74.337772,40.843852],[-74.336095,40.844883],[-74.33566,40.847863],[-74.334429,40.846568],[-74.331247,40.846734],[-74.331999,40.849346],[-74.329854,40.849301],[-74.330284,40.848888],[-74.328978,40.845734],[-74.328449,40.844266],[-74.325511,40.843661],[-74.327417,40.841356],[-74.329277,40.841748],[-74.329035,40.838525],[-74.329874,40.835593],[-74.32985,40.834158],[-74.328798,40.831917],[-74.329901,40.830224],[-74.332899,40.829456],[-74.334904,40.82781],[-74.334145,40.824774],[-74.3322,40.821702],[-74.33429,40.818414],[-74.334369,40.818169],[-74.334987,40.817052],[-74.33744,40.815114],[-74.33842,40.813025],[-74.340584,40.812491],[-74.343712,40.813646],[-74.347253,40.812504],[-74.348532,40.812841],[-74.349795,40.811606],[-74.350864,40.809056],[-74.350722,40.807425],[-74.352483,40.805763],[-74.354026,40.805278],[-74.356452,40.803484],[-74.358967,40.800654],[-74.359852,40.799846],[-74.361583,40.800096],[-74.364004,40.799279],[-74.365444,40.795512],[-74.391928,40.798031],[-74.389855,40.795702],[-74.389224,40.794036],[-74.393659,40.79375],[-74.410837,40.792645],[-74.409039,40.794502]]]}},{"type":"Feature","properties":{"geoid":"3401719360","townId":"east-newark-borough","name":"East Newark borough","county":"Hudson","status":""},"geometry":{"type":"Polygon","coordinates":[[[-74.16608700027285,40.74740200007546],[-74.16607899987692,40.74723500026599],[-74.16587200018769,40.74723800017663],[-74.1652250002824,40.74725199998459],[-74.164619000385,40.74726599978959],[-74.16452599960027,40.74726799995593],[-74.16452999979823,40.74736500012535],[-74.16454599969175,40.747771000070586],[-74.16454499986683,40.74781200009487],[-74.16454499986683,40.747832999964764],[-74.16454099966887,40.74794599979879],[-74.16451599955451,40.748578999757314],[-74.16298400009258,40.74826599991916],[-74.16286199989385,40.748240999912035],[-74.1628319997566,40.74849600022424],[-74.1627820004262,40.74891999976095],[-74.16274200024324,40.749106000139484],[-74.16265199983155,40.74949299974273],[-74.16259800030319,40.74977199975297],[-74.16172299989395,40.749604999770426],[-74.16166500016764,40.74959299987369],[-74.16080499982701,40.74942800022352],[-74.15994799985944,40.74926500027019],[-74.15946599981059,40.74917599990576],[-74.15907499999835,40.749158000284],[-74.15890699976886,40.74914999984562],[-74.15860399982016,40.74913700015202],[-74.15809900020508,40.74911500029826],[-74.15795799973978,40.74978799979855],[-74.15794299967115,40.74986000029631],[-74.15780799995196,40.75052999998035],[-74.15779899973111,40.75057299973156],[-74.15760399973745,40.7515210001914],[-74.15753099994252,40.75187600027492],[-74.15754600001112,40.75200900028397],[-74.15753299959235,40.75216699992848],[-74.15882099955515,40.75250599989726],[-74.15972799975141,40.75272999982154],[-74.16051699994692,40.75292500007386],[-74.16135600037114,40.753131999695],[-74.16208000026933,40.75334699996701],[-74.16259699957997,40.75353999979314],[-74.16289799987884,40.75367499984976],[-74.16310000044352,40.75376499996204],[-74.16353899993635,40.75398299983492],[-74.16403699987873,40.75427300015617],[-74.16461799966177,40.754599999920835],[-74.16466700006556,40.7546319997261],[-74.16479900031005,40.754718000019544],[-74.16484000031794,40.75450599968082],[-74.16493300020436,40.75356699982637],[-74.1654649995836,40.750995999948444],[-74.16565999957727,40.75010099995859],[-74.1657380002934,40.74960400006263],[-74.16597599994475,40.74809099967193],[-74.16598000014272,40.748067999741345],[-74.16598500016559,40.7480360001797],[-74.16599500021134,40.747968999771636],[-74.16606899983118,40.747494999730534],[-74.16607899987692,40.74744400006752],[-74.16608700027285,40.74740200007546]]]}},{"type":"Feature","properties":{"geoid":"3401319390","townId":"east-orange-city","name":"East Orange city","county":"Essex","status":""},"geometry":{"type":"Polygon","coordinates":[[[-74.23815200023677,40.752242999925244],[-74.23825599999383,40.752140000007245],[-74.23499299997998,40.75069800005326],[-74.23467099976472,40.75055600018145],[-74.23344499972619,40.751351999794345],[-74.23337299975617,40.75139699973671],[-74.23317000026489,40.75152799998517],[-74.23262999959141,40.75149699972631],[-74.23212499997634,40.75146800017353],[-74.23124600026746,40.75141700015495],[-74.23025799988032,40.75135999996779],[-74.22925399959968,40.75130499977673],[-74.2283060002938,40.75124800017409],[-74.22734499967083,40.751192999890335],[-74.22718200036255,40.75118300032881],[-74.2264750001828,40.75115899974171],[-74.22637399990046,40.75116200015582],[-74.22639300016704,40.75113099972632],[-74.2264190001063,40.751086000284516],[-74.22729000031758,40.74939699966609],[-74.22753100034201,40.748929999662785],[-74.22892200023696,40.74644999971982],[-74.2286999995808,40.746443000072084],[-74.22840699967783,40.7464299998493],[-74.2281580001558,40.746409000216936],[-74.22799499994919,40.7463959999875],[-74.22778400006199,40.74637000020159],[-74.22756700032703,40.74634800011305],[-74.22718900003524,40.74628999990654],[-74.22701499995797,40.746263000321214],[-74.22690299980498,40.74624100019723],[-74.22662499997064,40.74618800005437],[-74.2263200003721,40.74612000006594],[-74.22610199991391,40.746061999660625],[-74.22588099998096,40.746009000055636],[-74.22523400007569,40.74581699991314],[-74.22518999969475,40.7458029998031],[-74.22515299988481,40.74579300011157],[-74.2250809999148,40.74577099983211],[-74.22451799967509,40.74560400001037],[-74.22430900033605,40.7455470002849],[-74.22421700027452,40.7455219999362],[-74.22382599956397,40.745415999823315],[-74.22342399988105,40.74532899997685],[-74.22321399981877,40.74528300023888],[-74.22281799998365,40.745212000003846],[-74.22231800039147,40.74514899993316],[-74.22171599979369,40.74508299979507],[-74.22169900007526,40.745212999777664],[-74.2209550000856,40.74692599989975],[-74.22092300029854,40.7469829998044],[-74.22089800018418,40.74705700010921],[-74.22063299987032,40.74767500023018],[-74.22032099970077,40.74840099979522],[-74.22014400014878,40.748797000300506],[-74.2198150002608,40.748814000300364],[-74.21877300034531,40.748853000243535],[-74.21870499967491,40.748858000199654],[-74.21772499968371,40.74889799983539],[-74.21680300031711,40.74893699972931],[-74.21668699996616,40.74894199967916],[-74.21659999992754,40.74894500019331],[-74.21576399987634,40.74897799971525],[-74.21562300030936,40.74898499977672],[-74.21555999966185,40.74898900000598],[-74.21455499955627,40.74901899967592],[-74.21445800037021,40.749022000186635],[-74.21435299988991,40.74902500001662],[-74.2134940002725,40.749056000066915],[-74.21277700004704,40.7490820001638],[-74.21261200019059,40.749089000214326],[-74.21242499969452,40.74909600026411],[-74.2073049996304,40.749284000256054],[-74.20726600017066,40.7492859996812],[-74.20680199966516,40.74930199984371],[-74.20677200042624,40.74936000014543],[-74.20666199992307,40.74958399977961],[-74.2062279995548,40.749461000186265],[-74.20623500012582,40.7494470001628],[-74.20534299999814,40.74918099983759],[-74.20446099991622,40.74891999976095],[-74.20394799990522,40.74880799994062],[-74.20217399969563,40.75065300031837],[-74.20206599974058,40.75075700018877],[-74.20205099967197,40.750786999741614],[-74.2019390004173,40.7510139997532],[-74.20150900024699,40.750889999714026],[-74.20105800016029,40.750761000311385],[-74.20028599968319,40.752351999724226],[-74.20022100028419,40.75243200021213],[-74.200150999964,40.75250700024189],[-74.19932599978347,40.754175999856294],[-74.19891800025279,40.75406000011862],[-74.19849800012823,40.75394000024749],[-74.19832400005095,40.7542880001618],[-74.19811599963847,40.754710000250135],[-74.19801500025446,40.75491299988514],[-74.19758000006127,40.75580200001949],[-74.19736099977816,40.756171999962085],[-74.19705799982945,40.75666399970853],[-74.19673499978926,40.757184999690246],[-74.19629000044866,40.757054999976546],[-74.19525699985567,40.75904199988664],[-74.1950970000221,40.75936199968048],[-74.19466299965381,40.75923099989795],[-74.19364800040083,40.761177999697004],[-74.19337300004122,40.76171100011552],[-74.19248900030946,40.76340199989797],[-74.19153699990733,40.76522299984505],[-74.19044899996108,40.76731200010149],[-74.19010900020245,40.76796599968962],[-74.1897590003981,40.76863399971296],[-74.19006700036965,40.7689759996822],[-74.19074600006199,40.76973999985205],[-74.19104599963765,40.77008000009169],[-74.19137700007377,40.770449000081925],[-74.19165999993098,40.7707649997833],[-74.19197799994829,40.77111999982976],[-74.19210500016992,40.771259999872825],[-74.19276100029603,40.77199500019139],[-74.1934140000491,40.77272499966106],[-74.1938280003259,40.77318899976779],[-74.19394700015157,40.773321999994074],[-74.19414600034321,40.77354599984494],[-74.19420499989444,40.77361200030078],[-74.19503599992274,40.774536999811744],[-74.19558699956856,40.77515300026506],[-74.1963630002436,40.77611199973767],[-74.19673800016233,40.77644700010225],[-74.19682299965281,40.776540999925416],[-74.19702199984444,40.77676299984818],[-74.19716199958651,40.7769189998833],[-74.19731100044775,40.77708599995528],[-74.19743500029631,40.77722499969914],[-74.19749999969532,40.77729699973105],[-74.20011199960592,40.780217000116615],[-74.2003550001785,40.78049100012118],[-74.20100200008378,40.78121699977749],[-74.20118899968153,40.78142500030786],[-74.20144599959949,40.78171200021879],[-74.20151599991968,40.78179000025283],[-74.20156299977535,40.781807999881416],[-74.20162200022489,40.781829999798695],[-74.20180100032502,40.78189799999174],[-74.20194100006712,40.78195100023397],[-74.20251000015459,40.78216599979457],[-74.20370400040606,40.78261600010237],[-74.20473899975056,40.78300700005581],[-74.20580999997838,40.78341200010319],[-74.20658199955713,40.783704000326644],[-74.20738699964618,40.78400799975431],[-74.20829200019263,40.78434900030251],[-74.20925999958996,40.78471399982295],[-74.21057299966711,40.78520999990117],[-74.21145999977193,40.785544999954894],[-74.2118530001323,40.78569400017489],[-74.21257200000763,40.78596499982762],[-74.21486400025107,40.78683199988937],[-74.21533500042928,40.78700799999385],[-74.21568600005854,40.78713900011281],[-74.21642599985026,40.78741799990461],[-74.21682599988334,40.78757000013408],[-74.21723400031235,40.78772500013958],[-74.21739599979573,40.7877859996827],[-74.21826799983192,40.788115000132684],[-74.21839900025148,40.78816400026285],[-74.21852800012292,40.78821299967672],[-74.21855400006218,40.78813799980962],[-74.21859699971989,40.78801900006438],[-74.21872200029166,40.787664999675755],[-74.21881699982791,40.78735700002341],[-74.2188729999044,40.78717800001521],[-74.21888999962285,40.78712000006486],[-74.21890399986655,40.787077999975324],[-74.21890899988942,40.787062999888356],[-74.21891200026248,40.787050999952385],[-74.21896199959286,40.7869010002294],[-74.21900299960075,40.78677800031256],[-74.21904299978371,40.78666199966246],[-74.21907700011892,40.78655900002943],[-74.21908600033974,40.78653300030812],[-74.21932300016621,40.785818999745494],[-74.21939099993828,40.785614000271764],[-74.21969200023716,40.78467700023499],[-74.2200689998057,40.78358400024112],[-74.2201950002024,40.783245000290506],[-74.22048899993027,40.78234299991663],[-74.22052499991528,40.78226399995505],[-74.22099699991838,40.78104600022712],[-74.22113300036082,40.780669999786916],[-74.2211450000564,40.78063699967199],[-74.22134699972275,40.78008200022999],[-74.22194500012255,40.778468000320636],[-74.22224700024634,40.777672000251336],[-74.22253500012643,40.77688699992337],[-74.22314000019894,40.77525599989946],[-74.2231879998795,40.77511000008642],[-74.2235119997446,40.774250000193476],[-74.22347400010977,40.77420600009261],[-74.22320200012321,40.7738850003149],[-74.22293900035748,40.77357399994324],[-74.22141600021803,40.77177400003779],[-74.22130700043809,40.77164400028433],[-74.22118699988918,40.771503000311334],[-74.220611000129,40.77081900013307],[-74.21999699983569,40.77009000021245],[-74.22007999967636,40.76976600002384],[-74.22010899998867,40.76963400025],[-74.22025600030176,40.76903800021227],[-74.2205199998924,40.76796400014595],[-74.22062600019763,40.76787199998053],[-74.22165399986942,40.76695399973986],[-74.22190800031264,40.766726999725854],[-74.22227800020849,40.76639499974465],[-74.22240899972974,40.76627999969434],[-74.22262600036304,40.766087000115185],[-74.22269300031019,40.76602799997685],[-74.22309499999308,40.76566900003578],[-74.22407199961125,40.764799000177426],[-74.22537299999284,40.76364099978752],[-74.22613700007399,40.76295799983737],[-74.22647799965753,40.76265299982419],[-74.22854099957213,40.76081700033555],[-74.22931600042226,40.7601230001362],[-74.23078900033298,40.758810000178585],[-74.2315020003605,40.758174999795976],[-74.23305399991393,40.756789999746665],[-74.23313400027988,40.75671799994851],[-74.23421700020327,40.755752000218735],[-74.23485400006281,40.75518399989665],[-74.23508400021659,40.75497899979384],[-74.23565699960372,40.75446999991568],[-74.23612299975905,40.75405499987316],[-74.23815200023677,40.752242999925244]]]}},{"type":"Feature","properties":{"geoid":"3402320230","townId":"edison-township","name":"Edison township","county":"Middlesex","status":""},"geometry":{"type":"Polygon","coordinates":[[[-74.43953099990924,40.51601900002788],[-74.44014400037766,40.51511200015116],[-74.43768599955455,40.51354599991831],[-74.43294499960709,40.510515999681225],[-74.43251199996205,40.51023899994368],[-74.43226300044003,40.510079999954705],[-74.43211899960166,40.509988000214136],[-74.43183599974445,40.50980700002209],[-74.43151899955204,40.509607000026655],[-74.4300010003338,40.50863600001295],[-74.42852699969984,40.507693000118685],[-74.42771300028829,40.507175000249916],[-74.42757699984585,40.50708800027115],[-74.42751699957141,40.50705000019794],[-74.42746300004303,40.50701499989572],[-74.42734400021735,40.506937999713045],[-74.4270089995833,40.506714000231234],[-74.42645100026478,40.50630700004789],[-74.42581799970486,40.5058860001779],[-74.42556599980978,40.50572400026365],[-74.42551899995412,40.50569299975481],[-74.42547799994622,40.505659000061605],[-74.42544199996124,40.50562199981332],[-74.42541900039501,40.5055759999747],[-74.42538699970964,40.5054759998899],[-74.42536199959528,40.505372999790175],[-74.42527399973174,40.5053749997008],[-74.42521199980744,40.5053749997008],[-74.42515400008114,40.50537900020483],[-74.42508899978381,40.50538899975637],[-74.42502699985953,40.50540399976388],[-74.42498699967655,40.50542099967727],[-74.42490800003385,40.50545800003643],[-74.42489600033828,40.50546299980649],[-74.42483000021603,40.505488000017266],[-74.42477599978936,40.505503000002626],[-74.424722000261,40.50551100031222],[-74.42469600032175,40.50551400017192],[-74.4246720000323,40.50551100031222],[-74.42464899956776,40.50550599986269],[-74.42463199984932,40.50549800023554],[-74.42460599991004,40.50548400020271],[-74.42457599977283,40.50547000016696],[-74.42455400003152,40.5054690002131],[-74.42453099956698,40.5054710001208],[-74.42451300002362,40.505483000249065],[-74.42449299993214,40.505503000002626],[-74.42447799986353,40.50551400017192],[-74.42445699994713,40.50551899993781],[-74.42441799958908,40.50552500033941],[-74.42434300014432,40.50552099984407],[-74.42429299991561,40.50551600007833],[-74.42425699993059,40.50551600007833],[-74.4242150000978,40.50552500033941],[-74.42419199963325,40.505532999963336],[-74.42415999984622,40.50555299970198],[-74.42413200025712,40.505576999926966],[-74.42408200002842,40.50562700025421],[-74.42392499966958,40.50576199972212],[-74.42386899959307,40.50580199973999],[-74.42382699976028,40.50582699982439],[-74.42380900021693,40.50583500009534],[-74.42378300027767,40.50583999983725],[-74.42375099959231,40.505847000158425],[-74.42370700010969,40.50585299984764],[-74.42367799979736,40.50586399995953],[-74.4236450001854,40.50588400028252],[-74.42361800042123,40.50590499986394],[-74.4235749998652,40.505937000221685],[-74.42351299994093,40.5059729996668],[-74.4234619998873,40.50600899977559],[-74.42343199975008,40.506037000302186],[-74.42340400016099,40.50605799983565],[-74.4233780002217,40.50608299982464],[-74.42335300010735,40.50610200013791],[-74.42333600038891,40.50611400015322],[-74.42331600029745,40.50611899987438],[-74.42329200000798,40.50611999981861],[-74.42325900039603,40.50611899987438],[-74.42320699961918,40.50611300020896],[-74.42315999976351,40.506112000264686],[-74.42310500041026,40.50611500009751],[-74.42307500027302,40.50610999969301],[-74.42303799956477,40.506106999859966],[-74.42299300025725,40.506106999859966],[-74.42295300007429,40.50611400015322],[-74.42289100015,40.5061309998867],[-74.42284599994416,40.50614800029886],[-74.42280999995914,40.5061549999048],[-74.42276700030143,40.50616000030594],[-74.422602000445,40.506179999857636],[-74.42244900028412,40.506199000143425],[-74.42240599972811,40.50619499968828],[-74.42237599959087,40.50619499968828],[-74.42233200010826,40.506199000143425],[-74.42228299970445,40.50621399996977],[-74.42223099982591,40.506226999907675],[-74.42215300000811,40.506237000015815],[-74.42210500032753,40.50624299967014],[-74.4220750001903,40.50625099989146],[-74.42205000007594,40.50626000005391],[-74.42201300026603,40.50626599970619],[-74.42197899993083,40.50626700033119],[-74.42193200007519,40.50626000005391],[-74.42188799969425,40.50625900011184],[-74.42186099993006,40.50625900011184],[-74.42183199961774,40.50626199993808],[-74.42181300024947,40.50626800027321],[-74.42179700035597,40.50628200014239],[-74.42178700031022,40.506300999716245],[-74.42178700031022,40.50633499976705],[-74.42179200033308,40.506377999947226],[-74.421793000158,40.506432000118615],[-74.42178999978495,40.50644699989286],[-74.42178300011226,40.50646400022492],[-74.42176999969347,40.5064750002366],[-74.42173299988353,40.50649000000128],[-74.42168600002789,40.50649800019309],[-74.42162699957834,40.50650599970096],[-74.42157200022507,40.5065249998944],[-74.42152899966905,40.50653899970994],[-74.42148799966117,40.506547999833785],[-74.42145099985125,40.50655699995639],[-74.4214349999577,40.50655899983164],[-74.42140900001844,40.5065599997693],[-74.42137999970613,40.5065620003275],[-74.42134899974398,40.50655899983164],[-74.42132299980472,40.50654699989594],[-74.42128500016989,40.50653699983408],[-74.42125800040571,40.506534000020075],[-74.42121999987256,40.50653799977201],[-74.42118999973532,40.50654999970932],[-74.4211460002527,40.50656999982775],[-74.42112000031345,40.506578999947436],[-74.42109100000113,40.506581999759376],[-74.42104999999324,40.506578999947436],[-74.42096700015257,40.506554000143325],[-74.42091400044912,40.50654100026881],[-74.42086699969514,40.5065430001446],[-74.42078100037973,40.5065599997693],[-74.42060899995228,40.50659199981453],[-74.42036100025516,40.506644999877246],[-74.42028699973702,40.50666499996735],[-74.42024900010217,40.50667899975366],[-74.4201529998427,40.50669200028445],[-74.42009299956824,40.50669600002692],[-74.4200399998648,40.506703000258746],[-74.41998600033644,40.50671799997238],[-74.41991900038929,40.5067440003333],[-74.41984400004621,40.50677600029075],[-74.41978399977175,40.50679700027585],[-74.41974100011404,40.50681000010074],[-74.41968599986247,40.50681299990235],[-74.41963399998393,40.50681299990235],[-74.41957899973234,40.506802999880136],[-74.4195479997702,40.50680000007809],[-74.41950599993741,40.50679900014401],[-74.41946800030259,40.50680399981411],[-74.41941200022609,40.506818000254434],[-74.41935500032467,40.506821999989384],[-74.41930599992087,40.50682000012196],[-74.41922800010306,40.50681199996851],[-74.41919499959279,40.50680700029901],[-74.41914699991221,40.50680000007809],[-74.41906900009441,40.5067890001197],[-74.41898700007864,40.50677800015952],[-74.41887699957547,40.50676900006659],[-74.41878200003923,40.50675399968129],[-74.41874299968116,40.506738000040706],[-74.41871400026716,40.50672300033155],[-74.4186880003279,40.50671099974217],[-74.41864399994697,40.50669899983367],[-74.41858899969539,40.50669699996253],[-74.41854900041072,40.506702000323216],[-74.41850099983183,40.506703000258746],[-74.4184499997782,40.5067009997047],[-74.41839000040207,40.50669099966579],[-74.41832900030269,40.50667899975366],[-74.41826200035554,40.50666499996735],[-74.41817600014183,40.50664799968623],[-74.41814699982952,40.50664200006813],[-74.41805200029327,40.5066270003375],[-74.41799299984372,40.506617000287505],[-74.41793500011741,40.50660399974222],[-74.41789599975934,40.50658999994026],[-74.4178649997972,40.50657199970267],[-74.41784100040607,40.50655200026787],[-74.41781999959136,40.506526999770664],[-74.41781000044392,40.506501999947176],[-74.41779399965209,40.506467000042],[-74.41778100013161,40.50643599987659],[-74.41776100004014,40.506417000340974],[-74.41774299959847,40.50640499969684],[-74.41771599983429,40.506397000176925],[-74.41765399991002,40.50638300033174],[-74.41750900014506,40.5063420000365],[-74.41741200006066,40.50632900012094],[-74.41732900022,40.506311999754665],[-74.41723299996052,40.50628999967603],[-74.41714799957171,40.506275999808516],[-74.41709499986827,40.50627000015714],[-74.41702200007333,40.506271000099055],[-74.4168720002855,40.506286999851035],[-74.41678799972159,40.50631299969596],[-74.41674199969084,40.50633100000306],[-74.41670599970583,40.50634499985909],[-74.41667700029183,40.50635599989029],[-74.41665300000238,40.506360000335825],[-74.41663000043617,40.506360000335825],[-74.41659899957571,40.50635100018678],[-74.41657000016171,40.50633599970799],[-74.416519999933,40.506281000200595],[-74.4164780001002,40.50623999984305],[-74.41643700009233,40.50621499991257],[-74.41637299961991,40.50618299968742],[-74.41633400016016,40.50616400008013],[-74.41630099964988,40.506158999679336],[-74.41624499957338,40.5061549999048],[-74.41617000012863,40.506165000023685],[-74.41612800029584,40.506184000313716],[-74.41610599965621,40.506192999802124],[-74.41608499973981,40.506200000086395],[-74.4160549996026,40.506200000086395],[-74.4160260001886,40.506196000314354],[-74.41600799974692,40.506196000314354],[-74.41598199980764,40.506200000086395],[-74.41595500004347,40.506200000086395],[-74.41593300030216,40.506193999745186],[-74.4159140000356,40.50617799997102],[-74.41589800014206,40.506165000023685],[-74.41588499972327,40.50616000030594],[-74.41586399980689,40.50616000030594],[-74.41583100019491,40.50616599996716],[-74.41578900036212,40.50618299968742],[-74.4157319995624,40.50620900025574],[-74.41567200018625,40.506226999907675],[-74.41562000030773,40.506229999735346],[-74.41533200042763,40.506245000237854],[-74.41528600039688,40.50626099999598],[-74.41520100000807,40.50632900012094],[-74.41515599980221,40.5063589997122],[-74.41510300009877,40.50639299973359],[-74.415057000068,40.5064090001395],[-74.41497099985429,40.50642799967733],[-74.41485200002862,40.506438999694915],[-74.41474099970053,40.50644100025678],[-74.41465899968476,40.50643000023952],[-74.41454700043008,40.50642799967733],[-74.41441900038356,40.50643000023952],[-74.41439099989616,40.50643300005812],[-74.414323999949,40.506438999694915],[-74.41418699968166,40.50646500016399],[-74.41402500019827,40.506500000070154],[-74.41390600037258,40.50652599983257],[-74.41371300002872,40.50655500008101],[-74.41357900013443,40.506547999833785],[-74.41335300017862,40.50651299995262],[-74.41322799960683,40.50653200014408],[-74.41316700040578,40.50655899983164],[-74.41303799963605,40.5065620003275],[-74.4128870000233,40.50655699995639],[-74.41277900006827,40.506564000202665],[-74.41272100034195,40.506564000202665],[-74.41261800040978,40.50655899983164],[-74.41254700026468,40.50654999970932],[-74.41242800043898,40.50652599983257],[-74.41236099959352,40.506523999956265],[-74.41227199990507,40.50652200007991],[-74.41219300026233,40.50653499995811],[-74.41212899978993,40.50653499995811],[-74.4120490003223,40.50651699970576],[-74.41200400011647,40.50651399989092],[-74.4119020000092,40.50649700025456],[-74.41186400037436,40.50635200012751],[-74.41162300034995,40.505448999766365],[-74.41161599977893,40.50541799981341],[-74.41151399967168,40.50503499969782],[-74.41145199974741,40.50477200004617],[-74.41137999977738,40.50446799997155],[-74.41134999964017,40.50434700022133],[-74.41130699998246,40.504098000246145],[-74.411246999708,40.503752000040784],[-74.41119499982946,40.50343800028366],[-74.41116499969223,40.503180999762755],[-74.41113299990518,40.502959000011174],[-74.41110500031608,40.50276300006284],[-74.41100999988153,40.502060999758854],[-74.41095899982793,40.50167600026268],[-74.41090199992651,40.50114000004342],[-74.4108950002538,40.501102000015656],[-74.41160999993116,40.50114900020864],[-74.41252299997522,40.50120699987813],[-74.41344100004217,40.501265000180545],[-74.41344900043809,40.50120699987813],[-74.41362199979213,40.500769999720504],[-74.41368799991437,40.50062200011288],[-74.41382799965646,40.50023999996728],[-74.41393700033471,40.49994200006362],[-74.41438500004838,40.49886500015951],[-74.41388100025823,40.49879699998168],[-74.41492999984641,40.49532400009601],[-74.41494699956486,40.4952680003342],[-74.41503199995365,40.49498800014082],[-74.41507299996155,40.49485200005468],[-74.41517800044184,40.494502000192945],[-74.41521799972651,40.494370000282366],[-74.41525100023678,40.494260000044655],[-74.4153159996358,40.494045999773476],[-74.41533200042763,40.49399199987812],[-74.41570999982109,40.492742000072944],[-74.41568300005692,40.49274800025117],[-74.41565600029274,40.49274099992936],[-74.4156260001555,40.492735999894236],[-74.41557299955373,40.492742000072944],[-74.41555699966021,40.49276399981287],[-74.41553200044417,40.492782999799786],[-74.41550999980454,40.49279100026008],[-74.4154920002612,40.49280199978133],[-74.41545600027618,40.49283999972826],[-74.41537699973516,40.492892000268],[-74.41537300043552,40.492901000173404],[-74.41537699973516,40.49292000012153],[-74.4153800001082,40.49293299990318],[-74.41535099979589,40.492944000084265],[-74.41532599968153,40.49297699993369],[-74.41530099956718,40.49300499975175],[-74.41528300002385,40.493008000170725],[-74.41523600016816,40.49300499975175],[-74.41522100009955,40.49299300012389],[-74.41521500025178,40.492984999687685],[-74.41520799968076,40.4929719999161],[-74.41517900026676,40.49297699993369],[-74.4151680003961,40.492984999687685],[-74.41514999995444,40.49300200001575],[-74.41512499984007,40.49301800020005],[-74.41508100035747,40.49304700014005],[-74.41506000044107,40.493056000024666],[-74.41504500037246,40.493077999661644],[-74.41503799980144,40.49308899981896],[-74.4150200002581,40.493102999706075],[-74.41500900038744,40.49310799971384],[-74.41497900025023,40.49311399985934],[-74.4149280001966,40.493127999741255],[-74.41485799987639,40.49312700028653],[-74.41484700000574,40.4931439998955],[-74.41484000033304,40.49315700031688],[-74.41476800036301,40.49317100018982],[-74.41474300024866,40.493173999918206],[-74.41463100009567,40.493203999927545],[-74.41459900030863,40.49319799979015],[-74.41455999995055,40.49320100020049],[-74.41454900007989,40.49319500006278],[-74.41451599956963,40.49320100020049],[-74.41445899966821,40.49321700033729],[-74.4143800000255,40.4932310001977],[-74.41436199958385,40.49322500006272],[-74.41431899992614,40.49323899992148],[-74.41425399962881,40.49323600019599],[-74.41418199965878,40.49323000006141],[-74.41413900000109,40.49323000006141],[-74.41412399993247,40.49323799978529],[-74.41409899981811,40.493243999919116],[-74.4140560001604,40.49324600019134],[-74.4140340004191,40.49325700032111],[-74.41401699980234,40.49325700032111],[-74.41398400019038,40.493253999913264],[-74.41394099963436,40.49326200031746],[-74.41391899989306,40.493272999761444],[-74.4139010003497,40.493276000168485],[-74.41385799979369,40.49327000003748],[-74.4138300002046,40.49326799976596],[-74.41380799956497,40.49326799976596],[-74.413774999953,40.493283999886835],[-74.41374999983866,40.493292999739666],[-74.41313100042076,40.49342499971953],[-74.41306000027565,40.49344199993613],[-74.41302000009267,40.49345000031786],[-74.412929999681,40.49346900011052],[-74.41281300040345,40.493495000141706],[-74.41272100034195,40.49351500005376],[-74.41266000024258,40.493529999983856],[-74.41263799960295,40.49353399982803],[-74.41255599958718,40.49354999988548],[-74.41248000031753,40.4935670000704],[-74.41242599989084,40.493569000333004],[-74.41238300023315,40.493569000333004],[-74.41235800011879,40.49357800014755],[-74.41234300005017,40.493596999904035],[-74.41233600037746,40.49361900004674],[-74.4123039996921,40.493642999759466],[-74.41226799970711,40.49365999992084],[-74.4122600002095,40.49368200004288],[-74.41224900033885,40.49369499967692],[-74.41222099985143,40.49370099976992],[-74.41215999975206,40.49371400008338],[-74.41214600040668,40.49371900004562],[-74.41209399962983,40.49371699978749],[-74.41205900036805,40.49371099969597],[-74.41201900018507,40.49370300002847],[-74.41198300020007,40.49370000032373],[-74.41195499971265,40.49370300002847],[-74.41195800008569,40.49371699978749],[-74.4119360003444,40.49373000009789],[-74.4119220001007,40.4937269997112],[-74.41191100023005,40.49371400008338],[-74.4119010001843,40.493707999991535],[-74.411879000443,40.49369499967692],[-74.41185000013067,40.49370300002847],[-74.41182199964327,40.493707999991535],[-74.41181400014565,40.49369699993569],[-74.41179999990196,40.49369699993569],[-74.41176399991694,40.493707999991535],[-74.41173200012989,40.49370000032373],[-74.41169600014489,40.49369400023063],[-74.41167400040358,40.493707999991535],[-74.41163500004551,40.49371900004562],[-74.41158399999189,40.493731999672484],[-74.4115560004028,40.49374200027707],[-74.41154100033417,40.49374000001962],[-74.41154100033417,40.49372899996898],[-74.41155200020484,40.49371799991658],[-74.41153399976317,40.49371799991658],[-74.41151600021983,40.493705000287015],[-74.41149399958022,40.49368499974848],[-74.41141499993748,40.49366100005078],[-74.41135399983811,40.4936450000198],[-74.4112750001954,40.49362400001606],[-74.41122099976873,40.49361900004674],[-74.4111499996236,40.49360799997626],[-74.41106699978295,40.49360199987499],[-74.4110490002396,40.49360199987499],[-74.41101499990441,40.49358800009198],[-74.41098099956922,40.49357700001642],[-74.41094799995726,40.49357700001642],[-74.4109239996678,40.493569000333004],[-74.4109089995992,40.49356300022819],[-74.41083400015444,40.49355499985994],[-74.41081999991074,40.49355499985994],[-74.41077899990285,40.49355499985994],[-74.41075399978848,40.49355499985994],[-74.41072200000146,40.49355700012289],[-74.4106969998871,40.49357400030604],[-74.41066799957477,40.49358199998887],[-74.41062599974198,40.49358699996095],[-74.4105849997341,40.49358199998887],[-74.41056700019074,40.49359300006361],[-74.41054600027434,40.49359300006361],[-74.4105279998327,40.493609000106986],[-74.41051000028935,40.49361699978564],[-74.41048599999989,40.49361900004674],[-74.41047400030433,40.493609000106986],[-74.41045599986266,40.493598000034865],[-74.41040599963395,40.493591999932654],[-74.4103549995803,40.493579000278714],[-74.41034100023494,40.49356200009684],[-74.41031600012059,40.49355899970263],[-74.41025800039426,40.49355899970263],[-74.41019300009694,40.4935559999914],[-74.41015700011192,40.49354600004225],[-74.41012500032487,40.493529999983856],[-74.41009099998968,40.493520000030834],[-74.4100709998982,40.49351799976677],[-74.41000999979883,40.493527999720094],[-74.41000999979883,40.493517000317915],[-74.41001399999679,40.49350600023071],[-74.40999899992816,40.493484000050955],[-74.40999200025547,40.49347299995834],[-74.40995999957012,40.49347299995834],[-74.4099239995851,40.49346199986393],[-74.4098809999274,40.49344800005171],[-74.40984099974442,40.49342900025309],[-74.40982099965295,40.493419000285016],[-74.409755000429,40.49340700004808],[-74.40968299956069,40.493398999661224],[-74.40962900003231,40.49339300022438],[-74.40960100044323,40.49338999982262],[-74.4095910003975,40.49339599994285],[-74.40957299995583,40.49339399967514],[-74.40954299981858,40.49338700010389],[-74.4095289995749,40.49339300022438],[-74.40945999997791,40.49338999982262],[-74.40938800000788,40.49339300022438],[-74.4093600004188,40.49339800021055],[-74.40932299971057,40.49338999982262],[-74.40928400025082,40.49338899968868],[-74.40924499989276,40.49338700010389],[-74.4092049997098,40.4933809999828],[-74.40916899972478,40.49337800026367],[-74.40914399961044,40.49337800026367],[-74.40914000031079,40.4934080001818],[-74.40912600006708,40.49342200000232],[-74.40909699975477,40.49341400030041],[-74.40906800034075,40.49341400030041],[-74.40903300018066,40.493415999884405],[-74.40901100043935,40.49339999979502],[-74.40898999962464,40.49338899968868],[-74.40895399963962,40.4933809999828],[-74.40892799970037,40.49337499986123],[-74.4088599999283,40.49337800026367],[-74.40883099961597,40.493367000153675],[-74.40877399971457,40.49334700019756],[-74.4087269998589,40.49333600008249],[-74.4086909998739,40.493332999678174],[-74.40868000000324,40.493327999687175],[-74.40865900008684,40.49331100012481],[-74.40861200023117,40.49330899985457],[-74.4085789997209,40.493287000293336],[-74.40853699988811,40.49326399990598],[-74.4084940002304,40.493252999777305],[-74.40848099981162,40.49324000005765],[-74.40847199959077,40.4932310001977],[-74.4084580002454,40.49322799978871],[-74.4084170002375,40.493223999926336],[-74.40828599981795,40.49319000006149],[-74.40818899973357,40.49315799977115],[-74.4081629997943,40.49314799976264],[-74.4080659997099,40.493107000258874],[-74.40799799993785,40.49307700020617],[-74.40793000016578,40.493040999988615],[-74.40775400043869,40.49297400019643],[-74.4076899999663,40.492946999822856],[-74.40763200023996,40.492939000064275],[-74.40756699994262,40.49293299990318],[-74.40751000004121,40.492926999741506],[-74.40745599961454,40.492916000240754],[-74.40739299986537,40.49289299972622],[-74.40734099998681,40.49286899974525],[-74.40729699960589,40.49284400029674],[-74.40726200034412,40.492825000327095],[-74.40724100042772,40.49281900015576],[-74.40722299998605,40.49281900015576],[-74.4072050004427,40.49281400012646],[-74.40715100001603,40.49279699975075],[-74.40709699958936,40.492788999974294],[-74.40696400041827,40.49277200027542],[-74.40692199968717,40.49277399987856],[-74.40689699957281,40.49277500002166],[-74.40684899989223,40.492782999799786],[-74.40680600023452,40.49279900003631],[-74.40677000024951,40.49281900015576],[-74.40673699973925,40.4927960002911],[-74.40669800027948,40.49278000005392],[-74.40663700018013,40.49275200014197],[-74.40664399985282,40.49274399967697],[-74.40666599959414,40.49272499967901],[-74.40668800023374,40.492744999820566],[-74.40669999992932,40.4927530002854],[-74.40671599982285,40.492754999889094],[-74.4067409999372,40.49274399967697],[-74.40676299967849,40.49274399967697],[-74.40678100012018,40.49273300014622],[-74.4067839995949,40.49272300007442],[-74.4067839995949,40.492711999857114],[-74.40677899957204,40.49270299992635],[-74.40674900033312,40.49269799988841],[-74.40678100012018,40.49269799988841],[-74.40680600023452,40.49267600012685],[-74.40679500036387,40.492658999716184],[-74.40677699992222,40.49265399967496],[-74.40675099998293,40.49265399967496],[-74.40673400026449,40.492655999964775],[-74.4067269996935,40.49264499973642],[-74.40673400026449,40.492636999941844],[-74.40674500013516,40.49262900014636],[-74.40674500013516,40.49261500016034],[-74.40672400021876,40.49261799991358],[-74.4066990001044,40.49261799991358],[-74.40668099966275,40.49261000011584],[-74.40668099966275,40.49259600012585],[-74.4066770003631,40.49258200013295],[-74.40666599959414,40.49257700008598],[-74.4066699997921,40.492565999844686],[-74.4066770003631,40.49255800004074],[-74.40667200034022,40.492549000089326],[-74.4066489998757,40.49252200022786],[-74.40663700018013,40.49250999983051],[-74.40661299989068,40.49249699996695],[-74.40658399957836,40.49249099976629],[-74.4065729997077,40.4924750001395],[-74.40656600003501,40.49246100012135],[-74.4065519997913,40.49244999986104],[-74.40652199965407,40.4924440003394],[-74.40651199960834,40.49243400022448],[-74.40648499984417,40.49241399999027],[-74.40646099955471,40.49241399999027],[-74.40643600033867,40.49240700031678],[-74.40641500042227,40.49239799966195],[-74.40638399956183,40.49237000027377],[-74.40635199977477,40.49233599997627],[-74.4062830001778,40.492306999728925],[-74.40625399986547,40.492306999728925],[-74.40622899975112,40.49228200007106],[-74.40619699996407,40.492268000012636],[-74.40613699968962,40.49223999988704],[-74.40608499981109,40.492219000126774],[-74.40605700022199,40.49219099998073],[-74.40602399971172,40.492169000053],[-74.40598100005401,40.49214399966053],[-74.40595599993965,40.49213300003143],[-74.40593300037342,40.492125000175854],[-74.40591900012973,40.49212000009484],[-74.40590599971094,40.49211100008469],[-74.40586999972592,40.492091999907494],[-74.40584799998463,40.492089000130676],[-74.40583000044126,40.49207799980943],[-74.40575199972514,40.492053000066235],[-74.40568300012816,40.49202800031373],[-74.4056220000288,40.49201199989337],[-74.40556099992943,40.49199200021656],[-74.40549999983007,40.49198399966095],[-74.40546100037032,40.49198099987937],[-74.40541699998938,40.49199200021656],[-74.4054029997457,40.49198399966095],[-74.40539600007298,40.491970000223546],[-74.4053819998293,40.491970000223546],[-74.40531599970706,40.491988000280465],[-74.4052410002623,40.49200299986873],[-74.40516900029228,40.49200799995852],[-74.40509700032226,40.49200799995852],[-74.40501100010854,40.49200500017795],[-74.40492099969684,40.49199600015237],[-74.40482399961247,40.491984999815884],[-74.40471999985539,40.4919709996955],[-74.40466299995397,40.491962999820565],[-74.404594000357,40.491945999912446],[-74.40450499977024,40.491922000275885],[-74.40445399971661,40.4919049996742],[-74.40440699986094,40.4918849999655],[-74.40435699963223,40.49186599972426],[-74.40429999973082,40.49185500004965],[-74.40428200018748,40.49185500004965],[-74.40426399974581,40.491847000160874],[-74.4042420000045,40.49184099990214],[-74.40422799976079,40.491847000160874],[-74.40419199977579,40.491847000160874],[-74.40414499992012,40.49184099990214],[-74.40412599965354,40.491836999957044],[-74.40410200026243,40.49183300001171],[-74.40408399982076,40.491830000223366],[-74.40405500040674,40.49183500032599],[-74.4040300002924,40.49181899985962],[-74.40401199985074,40.49180800017723],[-74.40397300039098,40.491804999704605],[-74.40392999983497,40.49179900012523],[-74.40391399994144,40.49180199991501],[-74.40389700022301,40.491804999704605],[-74.40386899973561,40.491804999704605],[-74.40385399966698,40.491804999704605],[-74.40381100000927,40.49180999980909],[-74.40376400015361,40.49180700001972],[-74.4037209995976,40.49179900012523],[-74.40368499961258,40.49179000007207],[-74.40363500028218,40.49177800022695],[-74.40360599996986,40.49176800001283],[-74.40359400027431,40.49175500000548],[-74.40353399999985,40.49173800004467],[-74.40348799996909,40.491726999665886],[-74.40345500035713,40.491721000079544],[-74.40343000024276,40.491726999665886],[-74.40338000001407,40.49174899973851],[-74.40336300029561,40.49175799979722],[-74.40331499971673,40.491770000329055],[-74.40330100037134,40.49177300012008],[-74.40327500043207,40.49178700028177],[-74.40325000031771,40.49179000007207],[-74.40321099995964,40.49179199970447],[-74.40317099977668,40.49178700028177],[-74.40314800021046,40.49178600012394],[-74.40312399992102,40.49178600012394],[-74.403087999936,40.49177800022695],[-74.40304500027831,40.491758999955465],[-74.40301299959295,40.49174800026325],[-74.40297800033117,40.49174499978794],[-74.4029380001482,40.49174199999566],[-74.40291200020891,40.49173400009343],[-74.40288899974439,40.49172799982458],[-74.4028410000638,40.49172799982458],[-74.4028259999952,40.49171999992068],[-74.40280500007879,40.49172500003155],[-74.40278699963714,40.49172500003155],[-74.40276900009378,40.491722999713986],[-74.40273300010877,40.49170900022212],[-74.40269299992579,40.491705999745015],[-74.40264699989504,40.49168899977179],[-74.40261099991002,40.491685999977],[-74.40255700038168,40.49167800006809],[-74.4025099996277,40.49166399988366],[-74.40248500041166,40.49165300017588],[-74.40247000034304,40.49165300017588],[-74.40240199967266,40.49163100007176],[-74.40235900001497,40.491628000274396],[-74.40230200011355,40.491616999877536],[-74.40225100005992,40.491606000162044],[-74.40221199970188,40.49159499976157],[-74.40216900004417,40.49157799976022],[-74.4021360004322,40.49156199991574],[-74.40209000040144,40.49153999978179],[-74.40207199995977,40.491531999855475],[-74.40202900030208,40.4915260002517],[-74.40201400023346,40.49151999996426],[-74.4019609996317,40.491496000175346],[-74.40192100034704,40.49148700008155],[-74.40190299990537,40.49148499975689],[-74.40189100020982,40.49148300011535],[-74.40186400044564,40.491471000215384],[-74.40180199962305,40.491459999792774],[-74.40172999965301,40.49145699998776],[-74.40167699994957,40.49145699998776],[-74.40164099996456,40.491459000313206],[-74.4016300000939,40.49146700024823],[-74.4016300000939,40.491480999790575],[-74.40161500002529,40.49148899972297],[-74.40158700043621,40.49149200020973],[-74.40155800012388,40.491485999919206],[-74.40153300000952,40.49148899972297],[-74.40151200009312,40.491471000215384],[-74.40150399969721,40.491459000313206],[-74.40149299982654,40.491453000019774],[-74.40145000016885,40.4914509996941],[-74.40140300031318,40.491447999888685],[-74.40137499982579,40.4914389997884],[-74.40133499964281,40.491420000104114],[-74.4012989996578,40.491405999865854],[-74.40126000019805,40.49139799992357],[-74.40124199975638,40.49139500011579],[-74.40119499990071,40.49138099987231],[-74.40116200028876,40.49137299992704],[-74.40111999955765,40.49137000011814],[-74.40105099996067,40.49136200017155],[-74.40100499992992,40.49135899967897],[-74.40097399996779,40.49135700003368],[-74.4009399996326,40.491345000111174],[-74.40090600019572,40.491342000301024],[-74.40087199986053,40.49134799992119],[-74.40085000011922,40.49135700003368],[-74.40085000011922,40.491388000335995],[-74.40085000011922,40.491404999702304],[-74.40084300044653,40.49141899994076],[-74.40082800037791,40.49142699988056],[-74.40081800033217,40.49143499981935],[-74.4007990000656,40.49144299975722],[-74.40079599969255,40.49145199985692],[-74.40076700027855,40.491459999792774],[-74.40074499963893,40.49146499992297],[-74.40072700009557,40.49146300028083],[-74.40069500030853,40.491449000051546],[-74.40067400039213,40.49143200001321],[-74.40064099988184,40.49141799977746],[-74.40061999996544,40.49141799977746],[-74.40059099965313,40.49142699988056],[-74.40055899986608,40.491437000145496],[-74.40054399979748,40.49144299975722],[-74.40050799981246,40.49143200001321],[-74.40048000022337,40.49143200001321],[-74.4004469997131,40.491434000339396],[-74.40038599961373,40.491447999888685],[-74.40032500041268,40.49146200011818],[-74.40027799965868,40.49147199969472],[-74.40023500000099,40.49147000005279],[-74.40019499981801,40.49146700024823],[-74.400158999833,40.49147199969472],[-74.40012700004594,40.49148300011535],[-74.40009100006094,40.491488000243834],[-74.40004800040323,40.491485999919206],[-74.40000099964925,40.49147500018224],[-74.39996200018952,40.49146600008558],[-74.39992200000654,40.49145499966221],[-74.39990399956488,40.49145199985692],[-74.3998910000444,40.491459999792774],[-74.39987199977783,40.49146099995546],[-74.39981400005152,40.49144699972575],[-74.3997639998228,40.49143599998239],[-74.39974999957909,40.49142699988056],[-74.39973899970843,40.49141600013393],[-74.39968500018007,40.49140800019283],[-74.39965300039302,40.491413000326894],[-74.39961999988276,40.49141100000008],[-74.3995949997684,40.491413000326894],[-74.399573999852,40.49140800019283],[-74.399545000438,40.49137999970838],[-74.39951600012567,40.49135000024994],[-74.399497999684,40.49131700028363],[-74.39949100001132,40.49126499988968],[-74.39949199983623,40.49122600025097],[-74.39949500020928,40.49118000010494],[-74.39948500016354,40.49116299999845],[-74.39947400029288,40.49117700028741],[-74.39946699972187,40.49118800007322],[-74.3994409997826,40.49119300022369],[-74.3994199998662,40.491204000006874],[-74.39941300019352,40.491221000102975],[-74.39942700043721,40.49122600025097],[-74.39942700043721,40.49124799980473],[-74.39940899999557,40.49126499988968],[-74.39939399992694,40.491284000301036],[-74.39937600038358,40.49129799988162],[-74.39936499961463,40.49131700028363],[-74.39937999968323,40.491338999807496],[-74.3993980001249,40.491361000007394],[-74.39936200013989,40.49138200003617],[-74.39933299982758,40.491401999894826],[-74.39935399974397,40.491421000267394],[-74.39936100031497,40.491437000145496],[-74.39936100031497,40.49146499992297],[-74.39935000044433,40.491489999885225],[-74.39934000039858,40.491509000232874],[-74.39932500032997,40.49151999996426],[-74.39927500010124,40.49153099969386],[-74.39922599969746,40.49153999978179],[-74.3991930000855,40.4915479997071],[-74.39916499959809,40.49155900011529],[-74.39914899970455,40.49157399979944],[-74.3991310001612,40.49157399979944],[-74.39910699987176,40.491564999716054],[-74.39909500017619,40.491560000276486],[-74.39908000010759,40.49156899967737],[-74.399060999841,40.49157300032162],[-74.39904400012257,40.491565999877224],[-74.39902999987886,40.49155500015338],[-74.39899800009181,40.491546000067444],[-74.39898600039625,40.49154300026628],[-74.39896600030477,40.49153300001709],[-74.39889400033474,40.49153000021534],[-74.39885300032687,40.49153099969386],[-74.3987999997251,40.49153000021534],[-74.39878200018174,40.491531999855475],[-74.3987789998087,40.49154499990603],[-74.39878300000666,40.491581000243],[-74.39879100040258,40.49161100028136],[-74.39877799998378,40.491628000274396],[-74.39875600024249,40.491645000263084],[-74.39873799980082,40.49166399988366],[-74.39872799975507,40.49167999970382],[-74.39872799975507,40.491689999931054],[-74.39873500032608,40.491701999791914],[-74.39872699993018,40.49171899976186],[-74.39871699988441,40.491726999665886],[-74.39871299968647,40.49173800004467],[-74.39870600001377,40.49174899973851],[-74.39869099994516,40.49175399984718],[-74.39867000002876,40.49175399984718],[-74.39864099971645,40.4917510000553],[-74.39863499986865,40.49176000011374],[-74.3986370004168,40.49177099980394],[-74.39862999984578,40.49178200017556],[-74.39861899997513,40.49179000007207],[-74.39859399986076,40.49179799996759],[-74.39856200007371,40.491820000017],[-74.39853899960919,40.491846000003946],[-74.3985250002638,40.49187300013736],[-74.39851799969279,40.49188600012185],[-74.39847500003509,40.49188300033588],[-74.39848199970777,40.491849999948506],[-74.3984969997764,40.49181700022803],[-74.39851600004296,40.49179400001992],[-74.39854799983003,40.491770000329055],[-74.39857700014234,40.49176299990521],[-74.39859800005873,40.4917510000553],[-74.39861599960209,40.49171800028615],[-74.39862300017309,40.49167199979424],[-74.3986380002417,40.4916329997089],[-74.39864900011237,40.49160299968037],[-74.39866300035607,40.49157899992115],[-74.39868099989943,40.491564999716054],[-74.39867099985366,40.4915479997071],[-74.39868500009739,40.491523999928255],[-74.39868900029535,40.4915099997117],[-74.39863499986865,40.491458000150494],[-74.39863499986865,40.491443999920165],[-74.39864200043966,40.49141399980714],[-74.39863499986865,40.49139500011579],[-74.39862800019597,40.49137000011814],[-74.39861099957922,40.49133099985726],[-74.3985889998379,40.49128499978321],[-74.39859600040892,40.49126499988968],[-74.39858499963994,40.491241000009616],[-74.39857799996726,40.49122200026927],[-74.39856399972355,40.49121099980585],[-74.39855700005086,40.49120000002381],[-74.39857100029455,40.49118599973965],[-74.39856100024882,40.49117799977118],[-74.39854299980715,40.49118000010494],[-74.39851799969279,40.491172000135755],[-74.39849599995149,40.49114700005503],[-74.39848199970777,40.49113299975982],[-74.39846400016444,40.49112499978503],[-74.39843900005008,40.49111100016836],[-74.3984209996084,40.491083999728346],[-74.39840600043813,40.49108700023322],[-74.39838799999646,40.491091999708026],[-74.39837799995071,40.49109800003378],[-74.39836000040737,40.491116999809236],[-74.39835200001144,40.49112999994019],[-74.39834100014079,40.49113900008186],[-74.39832400042235,40.491121999964996],[-74.39830900035373,40.49111100016836],[-74.39828800043733,40.49110300019096],[-74.39825900012502,40.49108899988656],[-74.39823400001067,40.49107199975697],[-74.39821899994206,40.49106200012083],[-74.3981939998277,40.49105299996878],[-74.39817499956112,40.49105000014557],[-74.39815100016999,40.49103699999912],[-74.39810099994128,40.49101999985641],[-74.39807199962895,40.4910119998681],[-74.39803499981903,40.49099499971906],[-74.39799399981115,40.49097300008236],[-74.39798499959032,40.4909650000885],[-74.39797200006983,40.49093999993065],[-74.39795799982615,40.490934999761336],[-74.39793600008484,40.490918000275926],[-74.39793299971178,40.49090200027408],[-74.39790699977252,40.49090200027408],[-74.39790699977252,40.49087999992376],[-74.39788599985611,40.490869000087464],[-74.39787900018342,40.49083800022858],[-74.39786499993971,40.49081599985727],[-74.39783900000045,40.490810999678715],[-74.39780700021339,40.490794000161884],[-74.39776000035775,40.49076700027747],[-74.39772099999968,40.490747000229604],[-74.39768500001466,40.490727999666156],[-74.39765999990031,40.49072300016423],[-74.39761300004464,40.490700000264354],[-74.3975820000825,40.49068400021054],[-74.39755199994529,40.4906680001529],[-74.39750199971655,40.490642999884415],[-74.39749500004388,40.49065099991671],[-74.3974769996022,40.49065600010719],[-74.39746300025682,40.49064800007549],[-74.3974409996172,40.49060399988422],[-74.3974270002718,40.49058499996353],[-74.39738700008883,40.49056499986137],[-74.39734799973078,40.49054599992962],[-74.39732599998946,40.49053799988481],[-74.39730099987511,40.49051899994542],[-74.39727999995871,40.49050500020238],[-74.39727300028603,40.49049700015268],[-74.39725999986723,40.49047299999795],[-74.39699000042881,40.490298000147185],[-74.39696100011648,40.49028700021549],[-74.39691799956046,40.49027100006321],[-74.39689599981915,40.49026800020504],[-74.39687800027582,40.490264999663545],[-74.39686700040515,40.49027100006321],[-74.3968420002908,40.49024600033001],[-74.39680999960542,40.4902349997066],[-74.39677399962041,40.49022399976462],[-74.3967379996354,40.49019300029097],[-74.39670599984835,40.490159999755654],[-74.3966740000613,40.49013600016358],[-74.39665200032,40.4901109996969],[-74.3966239998326,40.49009200031977],[-74.39660600028925,40.490080999671164],[-74.39659799989332,40.49006999970389],[-74.39657000030424,40.4900420000275],[-74.39654099999193,40.49001199997091],[-74.39650900020487,40.48999000001201],[-74.39648699956524,40.489973000287215],[-74.39645899997615,40.48994899994503],[-74.39639100020409,40.48991300009893],[-74.39634400034842,40.48988199979841],[-74.39631900023406,40.489866000232766],[-74.3963009997924,40.48984700010307],[-74.39628300024906,40.48981599977212],[-74.39624700026404,40.48980199988242],[-74.39623300002033,40.4897890001774],[-74.39620799990598,40.48977199971849],[-74.39618299979162,40.4897420002244],[-74.39615799967727,40.48972000017693],[-74.39614000013393,40.4896899999764],[-74.39614299960866,40.48967000029071],[-74.39611800039262,40.48963199991505],[-74.39609499992808,40.48960100016793],[-74.3960749998366,40.48958799974078],[-74.39604999972224,40.489561000054344],[-74.39603200017889,40.48954400022086],[-74.39601799993518,40.48951399994165],[-74.39601100026249,40.48949700009633],[-74.39598199995017,40.48948300014003],[-74.39597399955426,40.48943400027017],[-74.39596799970649,40.48941799991451],[-74.39594699979007,40.48940100004481],[-74.39592500004878,40.489374000283135],[-74.3959069996071,40.489338000128534],[-74.39589999993441,40.489321000238625],[-74.39589999993441,40.489304999856024],[-74.39591800037608,40.48929699966326],[-74.39591699965285,40.48928200015331],[-74.39589999993441,40.48927200025043],[-74.39589300026171,40.489264000053744],[-74.39589200043682,40.489227000327375],[-74.39588200039107,40.48918599979429],[-74.39587900001801,40.48917299996995],[-74.395843000033,40.489147999827715],[-74.39583200016234,40.4891439997221],[-74.3958000003753,40.489136999707526],[-74.39577799973567,40.48913499999602],[-74.39576400039029,40.48912600026873],[-74.39575400034455,40.489104000019324],[-74.39572500003221,40.489053999674155],[-74.39565600043525,40.48895000012128],[-74.39564700021442,40.48893700025122],[-74.39554299955904,40.48881899973902],[-74.39553199968837,40.488807000045874],[-74.39549599970337,40.4887659999394],[-74.39548200035797,40.488748999904544],[-74.39547099958901,40.48873000014182],[-74.39547099958901,40.48871600002556],[-74.39543899980197,40.4886889999883],[-74.3954200004337,40.4886690000043],[-74.3954000003422,40.488637000290794],[-74.39539600014425,40.488614999881094],[-74.39538500027362,40.488597999807986],[-74.3953779997026,40.48858199993622],[-74.39537600005278,40.48853600002743],[-74.39533199967185,40.48847100025101],[-74.39529599968684,40.48844199969987],[-74.39525700022709,40.48842200032542],[-74.39523499958746,40.48841699996849],[-74.39522100024207,40.48843299987965],[-74.3952029998004,40.48844100017535],[-74.39519500030279,40.48845800028823],[-74.39509599967027,40.4884600000199],[-74.39508399997473,40.4884600000199],[-74.39506300005833,40.48845499966582],[-74.39504799998971,40.48844899978695],[-74.39504100031702,40.488438000235384],[-74.39503299992109,40.48842400005817],[-74.39502299987535,40.488415999760434],[-74.39501600020266,40.48840800014492],[-74.395005000332,40.48839999984528],[-74.39499799976099,40.48838900028569],[-74.39499399956303,40.48837200015534],[-74.39499500028626,40.488360999907954],[-74.39498699989034,40.48834699971473],[-74.39498000021766,40.488334999937194],[-74.3949769998446,40.488323000157465],[-74.39497299964664,40.48831400032129],[-74.39497299964664,40.488297999698595],[-74.3949700001719,40.48828199975531],[-74.39495500010328,40.488275999860974],[-74.39494500005755,40.48828400017544],[-74.39493699966164,40.488291000279],[-74.39491599974522,40.48829499975224],[-74.39490099967662,40.488297999698595],[-74.39489099963087,40.48828700012229],[-74.39489099963087,40.488275999860974],[-74.39488700033124,40.48826500028107],[-74.39487999976022,40.48824900032991],[-74.39486999971449,40.48823999980059],[-74.39485899984382,40.48823200016409],[-74.3948439997752,40.48823200016409],[-74.39483000042982,40.48822900021479],[-74.39480500031547,40.48823200016409],[-74.39477199980519,40.48823500011331],[-74.39475799956148,40.48823699985164],[-74.39473300034544,40.4882429997494],[-74.39471099970582,40.48824500017071],[-74.39469300016246,40.48823999980059],[-74.39467899991877,40.48823999980059],[-74.39465700017747,40.48824200022198],[-74.39464299993375,40.48824500017071],[-74.3946389997358,40.48823099995328],[-74.3946389997358,40.48822099989375],[-74.39464299993375,40.4882120000439],[-74.39464999960646,40.488203999720895],[-74.39466100037544,40.488193000129186],[-74.39467200024606,40.48818499980386],[-74.39467899991877,40.48817700016087],[-74.39468300011673,40.48816800030505],[-74.39468599959147,40.48815700002427],[-74.39468300011673,40.48814599974166],[-74.39467200024606,40.48814100004732],[-74.39466499967507,40.48813299971586],[-74.39466100037544,40.4881239998542],[-74.39466100037544,40.48811300024938],[-74.39466100037544,40.48810199995953],[-74.39466499967507,40.488088999925225],[-74.39467200024606,40.488081000270725],[-74.39467899991877,40.48806999997564],[-74.39468999978943,40.48806100010554],[-74.39469700036042,40.48805299976453],[-74.39469399998738,40.48804200014807],[-74.39469700036042,40.48803099984659],[-74.39470099966006,40.48801700026774],[-74.39470499985804,40.48800100025741],[-74.39471200042904,40.487984000028824],[-74.39471400007886,40.487959999658536],[-74.39471200042904,40.48794900002684],[-74.39470499985804,40.48793499974767],[-74.39470499985804,40.48792100014874],[-74.39471200042904,40.48790500011557],[-74.39471200042904,40.48789399979164],[-74.39470499985804,40.487886000113946],[-74.39468700031468,40.487880000184205],[-74.39467300007098,40.487865999890644],[-74.39466300002525,40.48785400002706],[-74.39465899982729,40.48784200016137],[-74.39465499962931,40.4878330002607],[-74.39466200020033,40.48778999980756],[-74.39468399994165,40.487758999892804],[-74.39468800013961,40.48774299982101],[-74.3946749997208,40.487717000294005],[-74.39464899978154,40.48770199974774],[-74.39461600016958,40.48768500012659],[-74.39460500029891,40.487676999740714],[-74.39457699981153,40.48765199972442],[-74.39453599980364,40.48766600006263],[-74.39451599971216,40.48766300008802],[-74.3945049998415,40.48765199972442],[-74.39453400015381,40.48762699969882],[-74.39454099982652,40.48761100027873],[-74.39454099982652,40.48759500017166],[-74.39454099982652,40.487586000237854],[-74.39453800035176,40.48757000012482],[-74.39452999995585,40.48755599976659],[-74.39451999991012,40.4875420000886],[-74.39450900003946,40.48753399968573],[-74.39447999972714,40.48752000000316],[-74.3944699996814,40.48750999983774],[-74.39444399974212,40.48748400022047],[-74.39439100003868,40.487435000257484],[-74.3943509998557,40.487395999759386],[-74.39431900006866,40.48735999991019],[-74.39429399995431,40.48733599999998],[-74.39428300008365,40.48732299981728],[-74.39426499964198,40.487313999847004],[-74.39425299994642,40.48730199988472],[-74.39423299985494,40.4872889996955],[-74.39419699986992,40.48727300019483],[-74.39416799955762,40.487246000260264],[-74.39415099983917,40.48723900004772],[-74.3941249998999,40.48723100029191],[-74.39407899986915,40.48719499967097],[-74.3940400004094,40.4871619997111],[-74.39400699989912,40.48713700018614],[-74.39399600002848,40.48712899973499],[-74.39383899966963,40.487041000174884],[-74.39382600014916,40.487029999709335],[-74.39378099994332,40.48699099965912],[-74.39376300039997,40.48697500008746],[-74.39369499972959,40.4869340002282],[-74.3936250003077,40.486881999854084],[-74.39358799959948,40.486872999824676],[-74.39357699972881,40.48686500002523],[-74.39355199961446,40.48684299971793],[-74.39350899995675,40.48681000026815],[-74.39344100018468,40.48676600029339],[-74.39341600007033,40.48674599973633],[-74.39339799962868,40.48673000010627],[-74.39336900021466,40.486713000238915],[-74.39335800034402,40.48670799975466],[-74.39326000043471,40.48667099998554],[-74.39322199990156,40.48664999984898],[-74.39318199971859,40.48662800015437],[-74.39315400012951,40.48660800023941],[-74.3931039999008,40.48657300020307],[-74.39308200015948,40.48656700015596],[-74.39304299980144,40.486539999937364],[-74.39303199993077,40.48653099986209],[-74.39299900031882,40.48651500018073],[-74.3929850000751,40.486504000312195],[-74.39296699963346,40.48649299975869],[-74.3929420004174,40.48649299975869],[-74.39292399997574,40.486489999731596],[-74.39288100031804,40.4864819998865],[-74.39286299987637,40.4864759998313],[-74.39284500033303,40.48647700006827],[-74.39282799971627,40.48646000013682],[-74.392801999777,40.48644000017181],[-74.39276999998995,40.48642099975545],[-74.3927170002865,40.48640200001689],[-74.39269399982197,40.48640099977875],[-74.39266200003492,40.48641499969474],[-74.39266200003492,40.48644800002191],[-74.39267299990557,40.48646699974744],[-74.39265199998918,40.48646699974744],[-74.39262199985194,40.48646499995638],[-74.3925900000649,40.48645599987105],[-74.39255800027784,40.48644199996362],[-74.39254700040719,40.4864370001424],[-74.39254300020923,40.48641499969474],[-74.39253599963823,40.48638999989154],[-74.39251499972183,40.48636500007908],[-74.39248999960746,40.48634600032467],[-74.39246500039143,40.48633499974521],[-74.39243199988115,40.48632899967682],[-74.39238500002547,40.48632899967682],[-74.39228100026841,40.486306999876994],[-74.39242400038354,40.48552399975904],[-74.39247500043717,40.48525800005818],[-74.39243100005623,40.48528000020185],[-74.39207600022901,40.48543799996594],[-74.39172100040177,40.485599000108294],[-74.3914429996691,40.48572600031735],[-74.39116400000984,40.485852000039785],[-74.39105199985686,40.48590300028312],[-74.38924800040834,40.48672400007319],[-74.38874100024513,40.48694099978933],[-74.3878590001632,40.48731900028612],[-74.38507800019819,40.48721200009942],[-74.38399100007685,40.48610599994335],[-74.38390099966517,40.485750000120035],[-74.3836560003411,40.484820000293205],[-74.3834939999594,40.48420499984242],[-74.3834939999594,40.48180499974255],[-74.38219400030104,40.47980499970626],[-74.37969399964511,40.47830499969537],[-74.37680800009812,40.4777999997514],[-74.37669599994513,40.47789300026862],[-74.37559299993028,40.47880500023412],[-74.37429300027192,40.47980499970626],[-74.3715819997288,40.481348000190835],[-74.3710689997178,40.48138700010357],[-74.36949799989779,40.48149999982785],[-74.36903400029061,40.481341999676644],[-74.36726199973084,40.4807400002508],[-74.3662750000669,40.47941600027696],[-74.36640999978613,40.477945999771045],[-74.36784900026,40.47448700009031],[-74.36786900035146,40.47397199999684],[-74.36782499997052,40.472582999678025],[-74.36736600038621,40.4720230001758],[-74.36691500029951,40.471566000323456],[-74.3665689997948,40.47117700031062],[-74.36649799964968,40.47115999992136],[-74.36506499992193,40.470795999759744],[-74.3633230003977,40.47114000018148],[-74.36216799960599,40.47136800000649],[-74.36150599963207,40.47149900027807],[-74.35881300042894,40.47272499970766],[-74.3575010001767,40.47382499979355],[-74.35599300010587,40.475804999911],[-74.35639300013895,40.479504999925446],[-74.35609299966498,40.48100499977225],[-74.35554899969185,40.48154799971369],[-74.35546699967608,40.48162999983774],[-74.35489799958862,40.48220099973272],[-74.35479300000662,40.48230500017786],[-74.35379299992393,40.48280500030521],[-74.35159299974197,40.483005000269884],[-74.35144799997701,40.483005000269884],[-74.3509120003998,40.48300599987536],[-74.35037500009938,40.48300599987536],[-74.35009600044012,40.48300599987536],[-74.34955099974376,40.482965999930684],[-74.34886700002855,40.482858000029324],[-74.34818300031334,40.4827760000388],[-74.34759199958624,40.48270499975775],[-74.34494000039099,40.48257900027708],[-74.34444200044861,40.48254699970974],[-74.34400999973016,40.48253399996601],[-74.3436609997507,40.482518000015126],[-74.3416670003314,40.48242299984403],[-74.34129200041266,40.48240499995467],[-74.33889200021417,40.48250500026578],[-74.33795499988067,40.48288000027641],[-74.33784299972766,40.48292400006562],[-74.3377320002979,40.48296900011524],[-74.33752999973322,40.4830500002652],[-74.33389199980066,40.48450499979971],[-74.32924100026489,40.48726400021785],[-74.32819099995348,40.4878870003299],[-74.32836300038092,40.48925499966055],[-74.32837199970345,40.489332000328616],[-74.32840600003863,40.48959999997747],[-74.32885100027755,40.49319799979015],[-74.32893999996602,40.493919000279426],[-74.32932300028065,40.497032000095174],[-74.32941500034217,40.4977590001027],[-74.32954000001564,40.49877300006317],[-74.32956500012999,40.498991999855],[-74.32958799969622,40.499157999826025],[-74.33002700008736,40.50272000029731],[-74.33016900037757,40.50386399969851],[-74.3302970004241,40.50488899986272],[-74.33043600034128,40.506045999810325],[-74.33050199956519,40.50654599995815],[-74.3307839995975,40.50882300005707],[-74.33101700012432,40.51000999976271],[-74.3312559996006,40.51122800032716],[-74.33137199995157,40.511836999826],[-74.33137899962423,40.511871999660556],[-74.3312559996006,40.51223400001922],[-74.33100299988062,40.51296400007346],[-74.33052099983176,40.513652999769555],[-74.33029999989883,40.514217000229074],[-74.33001500039178,40.51513099995513],[-74.32988999982,40.51552600015999],[-74.32891999987451,40.51669799983327],[-74.32851999984145,40.51707599999789],[-74.32835300033518,40.517299999696846],[-74.32770999972954,40.518161999702784],[-74.32709899980925,40.518980999968534],[-74.32675300020284,40.51943299989454],[-74.32664600007273,40.51954400025332],[-74.32644799970602,40.52069500030052],[-74.32626399958299,40.52436500021437],[-74.32592999967214,40.524355000078316],[-74.3255179999435,40.52434400026831],[-74.32514300002478,40.524332000101076],[-74.32480999993884,40.524332000101076],[-74.32449000027171,40.524336999829586],[-74.32409400043659,40.52435199969576],[-74.32374899975677,40.52436500021437],[-74.32341800021898,40.52438000007433],[-74.32311000024741,40.52440100000911],[-74.32290500020798,40.52442500031677],[-74.3227029996433,40.5244449998837],[-74.32248799955815,40.52448800005915],[-74.32230000013551,40.5245399999645],[-74.32201499973013,40.52457200030638],[-74.3217439995685,40.52458700011997],[-74.32142399990136,40.52459700022146],[-74.3211739996561,40.52461299969786],[-74.32094500022555,40.52464999971009],[-74.32076399957728,40.52468600003459],[-74.32045099958283,40.524765000337474],[-74.32013099991568,40.524859999964725],[-74.3198780001957,40.524945999755516],[-74.31975900037003,40.52499500031745],[-74.31955199978245,40.52509499997347],[-74.31938600010112,40.52520900017783],[-74.31909800022103,40.52540999972434],[-74.31906800008379,40.52543100001929],[-74.31892599979358,40.525528000060554],[-74.31889700037958,40.525547999981264],[-74.31871800027942,40.5256700000509],[-74.31867600044663,40.52570700016248],[-74.31852999995844,40.525838999858834],[-74.31836199972896,40.526034999963045],[-74.31827200021559,40.52618900008175],[-74.31822500035992,40.526262000067604],[-74.31820100007047,40.52630200014771],[-74.31813099975028,40.526399000294134],[-74.3180820002448,40.52649400033659],[-74.31806499962804,40.526517000254756],[-74.3180479999096,40.526544000089245],[-74.31792300023614,40.526744999729075],[-74.3177940003647,40.526944000181686],[-74.31774800033394,40.527015000080034],[-74.31745500043098,40.52736999980924],[-74.31732300018652,40.52755500024996],[-74.31709899988053,40.52784600028997],[-74.31707100029143,40.52788299988303],[-74.31703699995624,40.527925999901186],[-74.31672300013689,40.528276000150136],[-74.31607200003363,40.52898499978738],[-74.31665700001464,40.52980499987107],[-74.31740100000432,40.53084600024089],[-74.31802199997034,40.53171700031993],[-74.31825100029918,40.53203899998889],[-74.31889900002939,40.532948000019616],[-74.31903700012165,40.533136000071906],[-74.31961999955452,40.533955999884526],[-74.3200909997327,40.534614999669536],[-74.32162800011585,40.53676700032583],[-74.3218699999652,40.53710800002353],[-74.32197700009532,40.53725699982707],[-74.32208699970016,40.5373969999041],[-74.3221879999825,40.53754999969757],[-74.32234000031848,40.53776600005611],[-74.32637300026126,40.543413999984665],[-74.32640300039849,40.543459999803126],[-74.32778599989751,40.54539299987238],[-74.3284389996506,40.54631399994569],[-74.32853999993293,40.54645200015751],[-74.32892099969943,40.54697799976226],[-74.32906999966235,40.548409999788745],[-74.32915800042421,40.54926499978517],[-74.32923399969388,40.550010000214904],[-74.32931900008269,40.55083200022924],[-74.32939900044863,40.55160999995451],[-74.32947899991628,40.552401000053536],[-74.32950499985554,40.55262399983403],[-74.3299240001552,40.556723000010585],[-74.33048099964878,40.56213999990718],[-74.33074000011489,40.564683000084536],[-74.3307839995975,40.565086000318075],[-74.33080100021425,40.56524899981814],[-74.33085499974261,40.5657760002706],[-74.3309440003294,40.565812000334006],[-74.33117399958483,40.56591000033259],[-74.33176399958873,40.56614399992989],[-74.33208599980398,40.56628000007812],[-74.33241399986704,40.566418000086614],[-74.33242899993567,40.566425000222836],[-74.3324740001415,40.56644399980906],[-74.33269400024955,40.56653500012307],[-74.33274500030315,40.56655500008549],[-74.33306699962013,40.566676999863375],[-74.33322700035201,40.566752000215],[-74.33325199956806,40.56676400029071],[-74.33339300003335,40.566841999707044],[-74.33351299968396,40.56692600007916],[-74.33366400019501,40.5670370002386],[-74.33383099970128,40.56718600033526],[-74.33413600019811,40.56746399984865],[-74.33440300016181,40.567731999768945],[-74.33466099990467,40.568020999890926],[-74.33472700002692,40.568094000014746],[-74.33485199970039,40.568231999694774],[-74.33490500030216,40.568301000110424],[-74.33496800005135,40.56838200024059],[-74.33505000006711,40.56851300009199],[-74.3351200003873,40.56862799980746],[-74.3351909996341,40.56875899985967],[-74.33524199968771,40.5689080002168],[-74.33531299983282,40.569190999876405],[-74.33541599976499,40.569688999780894],[-74.33543599985649,40.569787999920464],[-74.33547600003946,40.569979999670345],[-74.33549299975788,40.570058000115054],[-74.3355849998194,40.57051400010819],[-74.33573100030758,40.57120400005245],[-74.33585000013326,40.571746999832904],[-74.33609700000548,40.5728750000139],[-74.33610700005121,40.572991000050315],[-74.33611000042426,40.57303300014331],[-74.33616399995263,40.57368200000022],[-74.33618900006698,40.573977000087325],[-74.33626400041005,40.57479899991715],[-74.33626600005987,40.574810999914625],[-74.33626900043292,40.57483899967279],[-74.33630200004488,40.57515499983564],[-74.3363520002736,40.57563400000482],[-74.33637900003777,40.57584599995355],[-74.33640199960399,40.57610599966878],[-74.33643199974122,40.5764960000763],[-74.33646100005355,40.57699999966042],[-74.33647500029724,40.57723200023978],[-74.33650399971125,40.5776020001578],[-74.3366560000472,40.57957600032616],[-74.33671399977354,40.58027299966182],[-74.3367690000251,40.580932000123774],[-74.3367899999415,40.58118000032351],[-74.33682699975144,40.581622999930026],[-74.33688700002588,40.582331999781964],[-74.33691799998802,40.58270700029478],[-74.3369439999273,40.58302599993669],[-74.33700099982872,40.58370699979824],[-74.33704699985947,40.58425499979152],[-74.33705799973012,40.58438999983018],[-74.33706500030112,40.58447199972562],[-74.33711600035475,40.58508499991107],[-74.33717499990598,40.58577599979439],[-74.33723600000535,40.586518000161306],[-74.33725500027192,40.58675099990028],[-74.33734999980815,40.5878880003203],[-74.33735599965595,40.58795500007434],[-74.33741099990753,40.58860900018599],[-74.33741799958023,40.58868499990723],[-74.33742000012836,40.58871400007434],[-74.33743199982393,40.588847999906775],[-74.33750600034209,40.58963699983384],[-74.33757999996195,40.59046199976448],[-74.33759599985545,40.59063600004767],[-74.33760099987833,40.59068699971554],[-74.337611999749,40.590798000021906],[-74.33762299961964,40.590914999721335],[-74.33765299975687,40.591442999981375],[-74.33765399958178,40.59153599978912],[-74.33765600012993,40.591648000082756],[-74.33768999956679,40.59216599976797],[-74.33769899978762,40.592300000186846],[-74.33773499977264,40.59305399992958],[-74.33780400026792,40.59427899971139],[-74.33783699987988,40.59483100032855],[-74.33787700006286,40.59551100006328],[-74.33793300013936,40.59647699979248],[-74.33795599970557,40.596855999934085],[-74.33800799958412,40.597783000296666],[-74.3380150001551,40.5979070003042],[-74.33806600020874,40.598768999819605],[-74.33811100041459,40.5995490000916],[-74.33815599972212,40.60030900003231],[-74.33820000010304,40.60107400033774],[-74.33824500030889,40.601844000153875],[-74.33829100033964,40.60261499983484],[-74.33833499982225,40.60336800002055],[-74.33838699970079,40.604260000136684],[-74.3384439996022,40.60522300012923],[-74.33847200008961,40.60573500005711],[-74.33854499988453,40.6057289997636],[-74.33880400035062,40.605708000096236],[-74.34419700022623,40.605262000276404],[-74.34476999961336,40.60521400030188],[-74.34570299974891,40.60513699975925],[-74.34695100042704,40.60503599975449],[-74.35296299972053,40.60454300028865],[-74.35620900001594,40.6042770002037],[-74.3574459999251,40.604168999985],[-74.35828199997628,40.60409800004295],[-74.35829399967186,40.60409700019692],[-74.35871700016945,40.604061000273816],[-74.35968999958968,40.60397700015042],[-74.3696309999672,40.603121999977134],[-74.37277299960722,40.602862000244684],[-74.37784900018873,40.60242799966584],[-74.38104699990522,40.60215600009817],[-74.3819809998657,40.602074000061485],[-74.38323799986637,40.60196900000908],[-74.38451999998138,40.601863999791775],[-74.38603600044812,40.60173299977002],[-74.38749400029022,40.60161099980525],[-74.3898939995904,40.60140100012703],[-74.39195800022821,40.601225000115925],[-74.39211200021403,40.60121200019364],[-74.39467300007098,40.60099300023034],[-74.39471999992665,40.60098899997827],[-74.39464999960646,40.600820000194325],[-74.3946320000631,40.600769999966495],[-74.39461500034467,40.600644999915254],[-74.39457000013881,40.600476999843885],[-74.3945120004125,40.60014799981668],[-74.3943640002745,40.59922599978529],[-74.3943159996956,40.5989340003213],[-74.39422100015936,40.598324999944374],[-74.39421899961123,40.59831100020758],[-74.39421399958836,40.598277999695846],[-74.3941800001515,40.59801900015732],[-74.39410800018146,40.59746699994165],[-74.39410499980842,40.59744299988818],[-74.39409800013571,40.59738800013107],[-74.39396000004346,40.5964850001542],[-74.39390499979187,40.59622299991692],[-74.39389700029427,40.59617500027243],[-74.39348899986527,40.59341900029639],[-74.39348800004036,40.59340800023223],[-74.39347499962157,40.59332199966818],[-74.39346899977377,40.59328000003466],[-74.39342199991812,40.593061000007715],[-74.39340100000172,40.59289900005883],[-74.39337300041264,40.59276600017379],[-74.39332900003168,40.592614999706605],[-74.39330999976511,40.59257300031114],[-74.3931390000609,40.5921929997416],[-74.39290600043239,40.591660999818416],[-74.39282500024154,40.59147599977393],[-74.39237599980466,40.590452999996245],[-74.39220199972738,40.59013100014007],[-74.3920269998252,40.58982000007175],[-74.39193999978654,40.58966600027024],[-74.3917310004475,40.58930199994969],[-74.39158800033236,40.58900799997611],[-74.39144100001927,40.58868700006031],[-74.3913580001786,40.58848999970393],[-74.39120800039078,40.58813399980077],[-74.3908650002591,40.5872869997083],[-74.39065000017393,40.58675300011119],[-74.39031399971496,40.58597899997905],[-74.39005299959905,40.58527800023662],[-74.38996499973551,40.585067000290614],[-74.38967600003052,40.584369999740545],[-74.38937999975451,40.58367300011386],[-74.38916300001952,40.58319699998881],[-74.38889799970565,40.58261300032185],[-74.3887880001008,40.58239299998492],[-74.38847099990839,40.58174500020891],[-74.3884650000606,40.581731999910154],[-74.388261999671,40.581310999680994],[-74.38815500043921,40.581093000217834],[-74.38798800003462,40.58075499993339],[-74.38783200039903,40.58040700003209],[-74.38741200027445,40.57953000007538],[-74.38717000042512,40.57905500002657],[-74.38705700044721,40.578832000279505],[-74.38672699983601,40.578181000103356],[-74.38628199959709,40.57722300005585],[-74.38762499981146,40.57522599980938],[-74.3886900001915,40.573631999949086],[-74.3901120000486,40.57150399976711],[-74.3902669998593,40.57127900010722],[-74.39097599968888,40.57021400004939],[-74.39116499983476,40.56993200029632],[-74.39119099977403,40.56989300001187],[-74.39166299977713,40.56918800013707],[-74.39197499994667,40.56871899988133],[-74.39215499987172,40.568452000198306],[-74.39262100002705,40.56775600024924],[-74.39312800019025,40.56699999975098],[-74.39348600039054,40.56646399979873],[-74.39427800006077,40.56528099982409],[-74.39537500022786,40.563642000059865],[-74.39551300032012,40.56343600033935],[-74.39653500014413,40.5619090000262],[-74.39657199995406,40.561853999709534],[-74.3971100000794,40.56090900023898],[-74.39715000026236,40.56084900004969],[-74.40325799981532,40.551765999885326],[-74.40380900035946,40.55094600033133],[-74.40458500013618,40.54979099982172],[-74.40492499989482,40.54928400014648],[-74.40510099962191,40.5490269999397],[-74.4071209998788,40.54602400027552],[-74.40742600037564,40.545574000231504],[-74.40800799998358,40.544702000026184],[-74.40825200038107,40.54433700007914],[-74.4085999996373,40.543823999686325],[-74.40892400040072,40.542971000012024],[-74.40905699957179,40.542621000062134],[-74.40936799991641,40.54181499976446],[-74.40975700007884,40.5407879999999],[-74.41017800002832,40.539692999840064],[-74.41099599963783,40.53755800027957],[-74.41179900007704,40.535488999797934],[-74.41335400000354,40.53139700028643],[-74.41355499984498,40.53086799977316],[-74.41371600040178,40.53046700030574],[-74.41386799983943,40.530050000264076],[-74.41459400028575,40.52978499985517],[-74.41523299979511,40.52954800003175],[-74.41621500033446,40.52920200004638],[-74.4163450000308,40.529429999945414],[-74.41653199962856,40.52936799966634],[-74.4173230003722,40.529080000260976],[-74.42035100020942,40.52800299988061],[-74.42160700038517,40.527484999866424],[-74.4221739999245,40.52726199968862],[-74.42324199977928,40.526772000154516],[-74.42404900041646,40.52639600000309],[-74.42484699993447,40.52603200033853],[-74.42571599959761,40.52539900008747],[-74.42680699991692,40.524618000088296],[-74.42698799966689,40.52450699993732],[-74.42713099978202,40.52442699965914],[-74.42725899982854,40.524365999886506],[-74.42727999974494,40.52435399972321],[-74.42808300018415,40.523870999902165],[-74.42864499970062,40.52350999991905],[-74.4290809997187,40.52309100022646],[-74.42913000012253,40.52295400006678],[-74.4303689996815,40.52206900014904],[-74.43351200004476,40.51981799989069],[-74.43369199996981,40.51954900033896],[-74.43409200000289,40.51911200018518],[-74.43428600017165,40.51892500015233],[-74.43471499961873,40.51852400024777],[-74.43543400039235,40.51785099979583],[-74.43630999972821,40.51743900003612],[-74.43829999984786,40.515554999931176],[-74.43953099990924,40.51601900002788]],[[-74.38258400028838,40.55220300006674],[-74.3822699995707,40.55222999978918],[-74.38031899980909,40.55239900018071],[-74.37118699971859,40.55318999983252],[-74.3685680001353,40.55341700008315],[-74.36715100030106,40.55353999983731],[-74.36628900031062,40.553613999974544],[-74.36535100015219,40.55375900025537],[-74.36447300026823,40.55377099993035],[-74.361289999722,40.5540479999632],[-74.36044799982304,40.5541179998961],[-74.35962099999271,40.55419200007707],[-74.35873899991077,40.55426600017627],[-74.35789600018691,40.55434100010111],[-74.35682699960891,40.554431999806106],[-74.35593700002937,40.55450900003742],[-74.35539100040644,40.55456299965932],[-74.35181299985,40.55486699985245],[-74.35139299972543,40.55490300032276],[-74.35009899991485,40.555013999944684],[-74.34600900007067,40.55536700032924],[-74.34483099971273,40.55326500028006],[-74.34460800012997,40.55287700017025],[-74.34459399988627,40.55285299981519],[-74.34485500000217,40.552300000257546],[-74.34520499980654,40.55156099974375],[-74.34528400034756,40.55139299991892],[-74.34545099985382,40.551039999742606],[-74.34540700037121,40.55084399974619],[-74.34527799960148,40.55026100025226],[-74.34552299982386,40.549535000174664],[-74.34571500034278,40.54916000009813],[-74.34594799997129,40.54870699999016],[-74.34603099981197,40.548588000205484],[-74.3463839999894,40.548083000298156],[-74.34680999996175,40.54758400004602],[-74.34778800030313,40.54679899982448],[-74.34729000036077,40.54551499999095],[-74.34714100039784,40.54512900011967],[-74.34701099980319,40.545026000184784],[-74.34695399990179,40.54490599995483],[-74.34690299984815,40.54451999998702],[-74.34689399962731,40.54444900020522],[-74.34687600008397,40.54431500019083],[-74.34654899984584,40.54360099995512],[-74.34585900028283,40.54182800030865],[-74.34573100023633,40.541490999774695],[-74.34567199978676,40.5413380001071],[-74.34564199964954,40.54126099974956],[-74.3453150003097,40.54041699987827],[-74.34518100041541,40.54007200015712],[-74.34637399994364,40.538672999936644],[-74.34686799968806,40.53809400022975],[-74.34701099980319,40.537926000075025],[-74.34806699996238,40.536685000003516],[-74.34815700037407,40.53657999971074],[-74.34941799967437,40.535103000183014],[-74.34963399958446,40.53485200000607],[-74.35001199987622,40.534407999873764],[-74.35028899988565,40.53408000008839],[-74.3509540002326,40.5333009999664],[-74.35153500001566,40.532619999914786],[-74.35155900030509,40.5325920002478],[-74.3518970004139,40.53219599999791],[-74.35306800020084,40.53082099992567],[-74.35410300044364,40.529618000308815],[-74.35419799997987,40.529504000093276],[-74.35429699971408,40.529377999737235],[-74.35502099961226,40.528529999892434],[-74.35510500017617,40.52843100019338],[-74.35520700028341,40.528311000279345],[-74.35544300028496,40.528034000317355],[-74.35575499955618,40.527668999684074],[-74.35660499985106,40.52771500007169],[-74.35719200038021,40.527747000263304],[-74.35852700019866,40.52781999991776],[-74.361401999875,40.52818499972865],[-74.36212599977318,40.528276000150136],[-74.36491699978392,40.528631000027815],[-74.3666399999399,40.528851999853984],[-74.36792999955252,40.52901300027873],[-74.36894100040419,40.52914299972459],[-74.36993599956571,40.529270000121414],[-74.37007100018324,40.52934600032439],[-74.37127999960501,40.53003200017926],[-74.37150899993387,40.530162999965135],[-74.37557799986166,40.53246900025518],[-74.3760089998569,40.53271500001458],[-74.37717299997112,40.53337499993611],[-74.37719899991038,40.53338900029022],[-74.37728799959885,40.53368900015308],[-74.3773839998583,40.534026999864174],[-74.37742099966825,40.53415200014551],[-74.37794000042531,40.53598699985748],[-74.37799800015163,40.536179000290154],[-74.3781360002439,40.536658000158546],[-74.37824699967366,40.53705299981531],[-74.37838800013898,40.537550999855746],[-74.37854200012475,40.53808000017605],[-74.37856899988893,40.53817399989527],[-74.37861699956953,40.5383399998181],[-74.37867299964601,40.53854500015046],[-74.3789890000135,40.53964200021374],[-74.37927900044173,40.54064499984675],[-74.37939400006947,40.5410430002077],[-74.3796069996065,40.5418009998057],[-74.37980199960015,40.54248200006423],[-74.37999699959383,40.54316000000272],[-74.38017800024211,40.543796999988],[-74.38027899962611,40.54414499981736],[-74.38037300023578,40.54447200010432],[-74.38185899966696,40.54967599982402],[-74.38258400028838,40.55220300006674]]]}},{"type":"Feature","properties":{"geoid":"3403921000","townId":"elizabeth-city","name":"Elizabeth city","county":"Union","status":""},"geometry":{"type":"Polygon","coordinates":[[[-74.25406800009783,40.67025100011552],[-74.25422299990854,40.67016499966921],[-74.25398500025715,40.67003500027342],[-74.2529740003038,40.669518000162974],[-74.25292800027304,40.66949500033246],[-74.25214300027548,40.66910399995608],[-74.25134999988202,40.66870800016745],[-74.25114099964465,40.66860299992714],[-74.25104000026063,40.6685530000142],[-74.2508489995666,40.668456999694634],[-74.25034399995154,40.66820899970577],[-74.24942800043272,40.66774499971134],[-74.24913899982941,40.66757899992776],[-74.24909299979866,40.66754800008249],[-74.24870299981133,40.66728400000293],[-74.2485470001757,40.667158999721984],[-74.24829799975538,40.66695199977175],[-74.24814999961735,40.666794000177276],[-74.24808500021835,40.66668699978648],[-74.24785300041476,40.66631600008217],[-74.24746300042742,40.66568699974311],[-74.2472020003115,40.66526699988714],[-74.24714799988483,40.66514599973151],[-74.24713399964114,40.66511300020848],[-74.24712199994556,40.66506099981193],[-74.24710799970187,40.66499699989715],[-74.24691699990616,40.6641399999339],[-74.24689900036282,40.664060999918874],[-74.24688199974607,40.66398700000969],[-74.24687699972318,40.6639059998676],[-74.24672199991248,40.66316400016312],[-74.24532000014688,40.66336400007876],[-74.2448489999687,40.6634309997971],[-74.24468999996,40.66345399967477],[-74.24460399974629,40.66339600014586],[-74.24383200016754,40.66287899967305],[-74.24369300025037,40.662785999672806],[-74.24341700006583,40.66260100029793],[-74.24325899988209,40.66249500032916],[-74.24208600044534,40.66170800001109],[-74.24049100033588,40.66063800013915],[-74.23925899955127,40.659814999857176],[-74.23924000018302,40.65980300012656],[-74.23863599993544,40.65939699990455],[-74.23662700044751,40.65805200033773],[-74.23633600019436,40.65785700014602],[-74.23624999998064,40.657798999839244],[-74.23596799994834,40.657470999693324],[-74.23541899995233,40.656830000179724],[-74.23446700044853,40.65571900027393],[-74.23337199993126,40.65443599981147],[-74.23332500007558,40.6544640002963],[-74.23299000033984,40.65466299994746],[-74.23269300023894,40.6548390002539],[-74.23251300031386,40.654927000233045],[-74.23240700000865,40.65485199996383],[-74.23179600008837,40.65442800025494],[-74.2310720001902,40.65392500014378],[-74.23040299964528,40.65346100028018],[-74.23034200044422,40.653417999809236],[-74.22967299989932,40.6529539998274],[-74.2287990002133,40.6523470000602],[-74.22820599983639,40.65191699987364],[-74.2269470001859,40.65111400025767],[-74.22600099963155,40.650465000294254],[-74.2249489996703,40.64974899970932],[-74.22378799992913,40.64895699968565],[-74.22361100037712,40.64883500007542],[-74.2235600003235,40.64880000026337],[-74.22344099959949,40.64871999994249],[-74.223356000109,40.64866000015009],[-74.22159699996801,40.64744199992597],[-74.22114199968334,40.64712599995053],[-74.22013699957778,40.646426999911306],[-74.21941299967959,40.64593000023925],[-74.21930899992252,40.645840000175745],[-74.21925000037129,40.64579100014314],[-74.21842900038871,40.645221000139344],[-74.21811200019631,40.6450000000922],[-74.21763199979729,40.644676000097384],[-74.2169299996404,40.644202999963056],[-74.21655499972168,40.64395000011625],[-74.2162810000853,40.64376399969525],[-74.21619900006954,40.643708999892915],[-74.21613999962,40.643668999760344],[-74.21608899956635,40.64371099976258],[-74.21601900014448,40.643769000046866],[-74.21591700003722,40.64385399983176],[-74.21579900003647,40.64377299978253],[-74.21569899957902,40.64370500015338],[-74.21564500005067,40.64366799982487],[-74.21511899962088,40.643309000214884],[-74.21465400018879,40.642990999864665],[-74.2136199997709,40.6422829998553],[-74.21284099962112,40.64175199986182],[-74.2115789995976,40.64088899998288],[-74.21073699969865,40.64031399976793],[-74.21043499957486,40.64011200030326],[-74.21016000011356,40.63991400019433],[-74.20972800029342,40.63962399992491],[-74.20852700036927,40.63880200015636],[-74.20848499963817,40.63877299990754],[-74.20832800017763,40.63866800026455],[-74.2080939998259,40.63850699976417],[-74.20798500004597,40.6384320001267],[-74.20785100015166,40.638340000147316],[-74.20770300001365,40.638238999890596],[-74.20765799980782,40.63820900006165],[-74.2074800004309,40.63808699989115],[-74.20716900008627,40.63787500028268],[-74.20709799994117,40.637824999833185],[-74.20624500017155,40.637243000271546],[-74.20587699992554,40.636990999983645],[-74.2051370001338,40.63648499987648],[-74.20383599975223,40.63559599997777],[-74.20378200022387,40.63555899992632],[-74.20363099971281,40.63545500005872],[-74.2028209996009,40.634902000185384],[-74.20255000033757,40.63471400031804],[-74.20206200044093,40.63437799994741],[-74.20182999973905,40.63421800008554],[-74.20144999979745,40.63396399980708],[-74.20066800017293,40.632900000082664],[-74.20017600007836,40.6332700000939],[-74.19816400021737,40.634786999905145],[-74.1974469999919,40.635874000077166],[-74.19741500020484,40.635920999788326],[-74.19739299956521,40.635956000218926],[-74.19624699989265,40.63768899997528],[-74.19620300041002,40.63773399972335],[-74.19524199978706,40.63859500014928],[-74.1914299997772,40.642024999746795],[-74.18921600024989,40.64356099982795],[-74.18775599985963,40.64457499988475],[-74.18698500010578,40.645110000250334],[-74.18568899974707,40.64600999981511],[-74.1856410000665,40.64604200002757],[-74.1816499999565,40.64652800004766],[-74.17759600009731,40.646050999807656],[-74.17737299961624,40.64602499968232],[-74.17062300018088,40.645230000030146],[-74.16212499957686,40.64423099997069],[-74.16153600029621,40.644156999876344],[-74.16142800034117,40.644147999840854],[-74.16138999980802,40.644304999983],[-74.16138899998312,40.644383000293985],[-74.16141999994525,40.64448300019237],[-74.16143500001387,40.644582000019106],[-74.16142499996813,40.64470699966635],[-74.16142499996813,40.64476599968573],[-74.16140300022681,40.64482299981663],[-74.16138499978516,40.64485000032801],[-74.16131700001309,40.644889999752806],[-74.16126400030963,40.64492299973735],[-74.16123599982224,40.644955999705566],[-74.16122999997447,40.64500299983867],[-74.16122900014955,40.64505500019393],[-74.1612409998451,40.64509999974771],[-74.16129100007382,40.64515200002741],[-74.16132799988374,40.64517400015977],[-74.16136800006672,40.645197000197406],[-74.16138399996024,40.64521900031494],[-74.16138300013534,40.64525000031331],[-74.16136800006672,40.645313000177666],[-74.16136999971654,40.645382000123156],[-74.16136999971654,40.64540300027023],[-74.16135499964793,40.645420000092294],[-74.16130199994447,40.64544300004516],[-74.16125799956355,40.64544300004516],[-74.16119900001232,40.64543099977443],[-74.161141000286,40.645399999860125],[-74.16108799968423,40.645347999773655],[-74.16097700025448,40.64527699997034],[-74.1609300003988,40.64525499987193],[-74.16088699984277,40.64525300004854],[-74.16085000003287,40.64525300004854],[-74.16081499987274,40.64526000011179],[-74.16076999966691,40.64526299984657],[-74.16075299994849,40.64526399975815],[-74.1607189996133,40.64526000011179],[-74.16068400035151,40.645313000177666],[-74.16028799961806,40.64590300016478],[-74.15991199987442,40.64636500031194],[-74.15304100006524,40.65479999974588],[-74.15238699958894,40.65560299998139],[-74.1523489999541,40.655648999675016],[-74.14983900015076,40.65867799994931],[-74.14908599994025,40.65958600013904],[-74.14778100025903,40.66116099966781],[-74.14550800028215,40.66390399992174],[-74.14461399960634,40.664982999822435],[-74.14251600042995,40.667514999703855],[-74.14010799983554,40.67042100024371],[-74.13821999982312,40.67269900007188],[-74.13788699973718,40.67310199987357],[-74.13700300000545,40.674104000101316],[-74.13670300042978,40.6744440000356],[-74.1357750003171,40.67555899996719],[-74.13584800011203,40.67559299990979],[-74.13721800009058,40.67622800024099],[-74.1391470001109,40.67712199970494],[-74.14138400010276,40.67828499976231],[-74.14312099960412,40.679188000333475],[-74.14336099980363,40.679311999782655],[-74.14375300033912,40.67951599995683],[-74.14397799957169,40.67963200021829],[-74.14437799960479,40.67983099972086],[-74.14500899961654,40.68016900028413],[-74.14544600035788,40.68039600004506],[-74.14615400036251,40.68076500031466],[-74.148983999833,40.68223599984721],[-74.1504330003526,40.68314700023221],[-74.15077099956308,40.683451999664456],[-74.15111000039512,40.683757999760495],[-74.15190999956297,40.68459700026584],[-74.15265500027586,40.68522400002883],[-74.1538610002229,40.685917000325574],[-74.15456000000673,40.68606799969654],[-74.15532200043803,40.686116000137744],[-74.15596400032047,40.686111000235286],[-74.15686700031878,40.686055999921486],[-74.15786099965538,40.685951999736595],[-74.1583410000544,40.68602299984761],[-74.15870699975231,40.68620199976314],[-74.15906499995259,40.68642300023996],[-74.15937799994705,40.68667399983412],[-74.1596690002002,40.6869719997016],[-74.16007900027901,40.687519000171264],[-74.1601210001118,40.68758800005858],[-74.16021599964805,40.68775499970727],[-74.16037200018197,40.68802800003869],[-74.1606490001914,40.688500000119156],[-74.1606769997805,40.68852899987076],[-74.16075499959831,40.68861900024098],[-74.16102400011013,40.68891099995427],[-74.16169600012977,40.68933900018904],[-74.16175700022914,40.689379000185106],[-74.16178599964313,40.68939700031173],[-74.16226199984422,40.68956500012386],[-74.16231200007292,40.68958599998543],[-74.16238900006583,40.68961300008967],[-74.16251799993725,40.689636999719056],[-74.16258400005948,40.68965299992127],[-74.16267299974795,40.68967199990101],[-74.16271799995378,40.68968099992536],[-74.16297700041987,40.68973400011975],[-74.16386799982432,40.68991799990199],[-74.1644439995845,40.69003999998095],[-74.1645349998211,40.69005600008639],[-74.16496099979345,40.690142000076555],[-74.16505000038023,40.69016099991682],[-74.16560699987382,40.690154999716874],[-74.16625600032725,40.6901500001175],[-74.16645399979566,40.690148000277624],[-74.16763299997851,40.689962999845456],[-74.16773699973558,40.68989899999246],[-74.1681889996472,40.689612000161716],[-74.16852900030413,40.68939700031173],[-74.16863800008409,40.68925700025825],[-74.16898899971336,40.68880199975609],[-74.16927199957057,40.688616999674004],[-74.16940999966285,40.688602999790504],[-74.16992699987178,40.68854900011491],[-74.17112600014612,40.68847799997032],[-74.17918399963577,40.68800099997342],[-74.18158300000935,40.687856999894635],[-74.18228400034131,40.68781499975627],[-74.18391399971256,40.687715000098756],[-74.18693499987707,40.6875390000374],[-74.18744100021536,40.68750899989541],[-74.18749100044407,40.687506000016725],[-74.18762399961514,40.68749900029918],[-74.18832300029727,40.68745699993519],[-74.18847300008512,40.68744800029167],[-74.18865499965999,40.68743600008389],[-74.18908300018047,40.687409999739785],[-74.18940299984763,40.687393999680154],[-74.18997299976002,40.6873600003071],[-74.19008599973792,40.687351999931174],[-74.19018700002026,40.68734800008344],[-74.19175799984026,40.6872510002967],[-74.1918580002977,40.68724899968864],[-74.1925000001801,40.68720899977641],[-74.19266500003656,40.68719900013517],[-74.19278100038753,40.68719400031401],[-74.1928509998094,40.68718799984691],[-74.19294100022108,40.68718300002493],[-74.19307400029047,40.68717500030894],[-74.19308699981096,40.68717500030894],[-74.19364099982982,40.68714100014292],[-74.19377399989921,40.687132999740754],[-74.19606199994472,40.68699700024934],[-74.19721699983812,40.68692399987698],[-74.1980689997828,40.68687799995586],[-74.19855699967944,40.68684900016693],[-74.19964399980077,40.68678400007748],[-74.19997799971163,40.68676499995556],[-74.20057500028652,40.68673000029031],[-74.20077699995286,40.686718999924636],[-74.20092400026596,40.68670900020992],[-74.20145399999541,40.68667799972231],[-74.20154699988181,40.686671999889946],[-74.20180399979976,40.68680999998463],[-74.2035949997278,40.687742000279904],[-74.20401499985238,40.68795999987863],[-74.20440900003766,40.688167999949506],[-74.20457399989412,40.68825400033274],[-74.20511100019455,40.68853400027299],[-74.20537200031045,40.68867000003351],[-74.20625699986712,40.689135000108045],[-74.2063890001116,40.68920399968443],[-74.20719900022351,40.68963100015309],[-74.20747299985989,40.68977499980424],[-74.20756300027158,40.689821999693976],[-74.20823500029122,40.69017600007371],[-74.20876300037082,40.690454000281164],[-74.2092479998944,40.6907090000053],[-74.20959299967589,40.690703999766335],[-74.21234699987671,40.690664999796695],[-74.21488199979443,40.68889600019378],[-74.2148729995736,40.68883599975578],[-74.21485099983228,40.688607000244076],[-74.21480099960357,40.68810700026779],[-74.21479499975578,40.687822000121756],[-74.21479200028107,40.68775499970727],[-74.21477700021245,40.68738999983499],[-74.21470299969428,40.68661100020125],[-74.214752999923,40.686538000087225],[-74.215161000352,40.68593400004178],[-74.2158929997478,40.68483499993065],[-74.21604199971071,40.68461600032468],[-74.2166119996231,40.68375899977628],[-74.21720800037308,40.68287499969075],[-74.21759599981227,40.68229400002076],[-74.21773100042981,40.682094999696375],[-74.2181880003643,40.68141100031197],[-74.21821400030356,40.68137199967242],[-74.21822599999913,40.68135500015505],[-74.21854700038949,40.68087500009209],[-74.21886200003377,40.68040499995965],[-74.21888700014813,40.68036800022737],[-74.21932300016621,40.6797210002644],[-74.21989100042877,40.678873000255976],[-74.22055099985455,40.67789299973106],[-74.22095900028356,40.67728100014856],[-74.22157400040179,40.67636999998432],[-74.22208599968954,40.67559699978167],[-74.22230400014776,40.67526799980906],[-74.22231900021636,40.675244999917986],[-74.2224000004072,40.675125000298415],[-74.2223500001785,40.67510100021229],[-74.22232400023924,40.675087000214866],[-74.22225399991905,40.6750479999632],[-74.22217199990327,40.67499400020594],[-74.22223399982754,40.67499800011375],[-74.22229400010201,40.67500200002133],[-74.22235600002628,40.67500599992866],[-74.22244999973762,40.67501300027693],[-74.22254099997421,40.675019999943096],[-74.22299399971074,40.67505400016062],[-74.2239200001736,40.675129999662374],[-74.22416799987073,40.67516100007072],[-74.2244549999259,40.67519500021629],[-74.22467400020902,40.67521900026858],[-74.22481200030128,40.675233999700716],[-74.22492500027919,40.67524300031217],[-74.22505599980043,40.67524899981074],[-74.22518499967187,40.675244999917986],[-74.22519800009067,40.67525899988223],[-74.22571899959924,40.6758419998228],[-74.22585099984374,40.67576099977256],[-74.22597999971515,40.67567300002699],[-74.2260879996702,40.675746999913734],[-74.22643900019779,40.675522999728486],[-74.22595899979876,40.675162999678996],[-74.22569199983506,40.67496299971993],[-74.22555100026808,40.674858999940156],[-74.22688400043671,40.674074000043944],[-74.22810399972914,40.67436200017403],[-74.22856599968648,40.67380499976633],[-74.2286300001589,40.67372799995054],[-74.22867799983949,40.67366900033239],[-74.22887200000825,40.67343400014571],[-74.2289740001155,40.673471000319935],[-74.22990100040326,40.673775999739945],[-74.22993599966506,40.67374100006726],[-74.23020199980384,40.67346899997959],[-74.2303890002999,40.67326899970816],[-74.23048200018631,40.67316399983652],[-74.23054900013346,40.673076000069756],[-74.23081500027226,40.67270199993572],[-74.2308400003866,40.67263399980985],[-74.23094400014368,40.6723469998972],[-74.23097400028091,40.67209600017645],[-74.23100400041814,40.67183400009527],[-74.23102000031166,40.67169900024447],[-74.23102299978638,40.67167400009066],[-74.23106899981715,40.67171200007545],[-74.23196500014276,40.67241400012979],[-74.232909000149,40.6731820002545],[-74.23308300022627,40.673296000290804],[-74.23350699965047,40.67363299975447],[-74.23413299963936,40.67412200026557],[-74.23418700006603,40.67416500033539],[-74.2339739996307,40.67438999978915],[-74.23393699982078,40.67442800026997],[-74.23436899964092,40.67467799991688],[-74.23572899957372,40.67546400033613],[-74.23482300010068,40.67663599976427],[-74.2350850000415,40.67677500032073],[-74.23524499987505,40.67686000029762],[-74.2355710002883,40.67703399971201],[-74.23656100032527,40.67595999993009],[-74.23668599999873,40.676023000092435],[-74.237373000087,40.6747880002004],[-74.23795100039531,40.673783000217355],[-74.23818499984873,40.673376999929225],[-74.23837499981953,40.67304699972634],[-74.23886000024142,40.6732069998429],[-74.23888600018068,40.673216000046665],[-74.2389780002422,40.67324599980882],[-74.23903299959547,40.673150000113644],[-74.23906100008286,40.6731009996979],[-74.23932300002369,40.67263399980985],[-74.23956700042116,40.67275300032529],[-74.24034999987057,40.67313500021266],[-74.24054499986424,40.67322900026321],[-74.24059599991789,40.673175999888606],[-74.24086700007953,40.67286900009088],[-74.24090399988944,40.67283500012176],[-74.24131599961811,40.67237899974211],[-74.24137500006763,40.672396999690726],[-74.24171999984914,40.67250300027359],[-74.24249700034909,40.67274199969681],[-74.2429989995911,40.67289700033293],[-74.24337299968491,40.67296200033863],[-74.24346399992152,40.672977999774744],[-74.2438299996194,40.67304100002963],[-74.2444070001028,40.673089000313595],[-74.24447900007281,40.67309500000599],[-74.24552900038425,40.67318299974768],[-74.2455839997375,40.67318799993853],[-74.24606900015941,40.673228000089445],[-74.24618600033527,40.673232000103205],[-74.24622700034315,40.67323399976933],[-74.24632699990227,40.6732149998727],[-74.24815399981532,40.67261199987449],[-74.24826500014342,40.67256900016572],[-74.24867699987205,40.67240400031287],[-74.24909299979866,40.67225299996587],[-74.24947299974026,40.67210700023017],[-74.24966299971105,40.67203399990176],[-74.24988100016925,40.671951000289965],[-74.2500460000257,40.67188700017393],[-74.25019599981353,40.671824999704896],[-74.25051999967863,40.671692000229605],[-74.25097900016125,40.671503000232],[-74.25099400022988,40.67149699971501],[-74.25137499999637,40.6713430001145],[-74.2520450003662,40.67106499990856],[-74.25315000003089,40.67061700002989],[-74.25406800009783,40.67025100011552]]]}},{"type":"Feature","properties":{"geoid":"3403922860","townId":"fanwood-borough","name":"Fanwood borough","county":"Union","status":""},"geometry":{"type":"Polygon","coordinates":[[[-74.401782,40.640412],[-74.3993,40.642284],[-74.397491,40.643786],[-74.393629,40.646953],[-74.386745,40.653316],[-74.381569,40.650305],[-74.375764,40.647141],[-74.374682,40.646553],[-74.372634,40.6468],[-74.372446,40.646056],[-74.372264,40.645294],[-74.371863,40.644899],[-74.373998,40.642277],[-74.375818,40.636318],[-74.375777,40.636295],[-74.378274,40.634067],[-74.382692,40.632171],[-74.384457,40.630453],[-74.387589,40.632238],[-74.391135,40.634259],[-74.394189,40.636],[-74.396503,40.63734],[-74.401304,40.640135],[-74.401782,40.640412]]]}},{"type":"Feature","properties":{"geoid":"3403522890","townId":"far-hills-borough","name":"Far Hills borough","county":"Somerset","status":""},"geometry":{"type":"Polygon","coordinates":[[[-74.651159,40.697892],[-74.650428,40.699583],[-74.647846,40.699952],[-74.647072,40.700719],[-74.642896,40.697577],[-74.640533,40.698714],[-74.638284,40.698875],[-74.635991,40.700226],[-74.636188,40.70225],[-74.635244,40.703403],[-74.63612,40.705226],[-74.636643,40.709038],[-74.635672,40.710694],[-74.633323,40.712872],[-74.632718,40.715415],[-74.634024,40.716246],[-74.637991,40.717723],[-74.638281,40.719933],[-74.640104,40.724258],[-74.641506,40.725327],[-74.643582,40.725714],[-74.642609,40.727598],[-74.640071,40.728233],[-74.620825,40.711024],[-74.620528,40.710515],[-74.61975,40.708541],[-74.618794,40.707308],[-74.618326,40.704607],[-74.61845,40.695209],[-74.61055,40.692809],[-74.608639,40.692229],[-74.609466,40.691381],[-74.610094,40.688161],[-74.609078,40.685253],[-74.605625,40.681858],[-74.601373,40.677184],[-74.595264,40.674456],[-74.594199,40.67377],[-74.597868,40.670986],[-74.60044,40.670783],[-74.604814,40.67148],[-74.613583,40.670537],[-74.621471,40.668625],[-74.623784,40.66723],[-74.630426,40.667619],[-74.63131,40.66794],[-74.631927,40.669588],[-74.636427,40.681652],[-74.636713,40.682247],[-74.639014,40.683364],[-74.644286,40.684533],[-74.647479,40.689713],[-74.646975,40.691533],[-74.648157,40.6943],[-74.650598,40.696442],[-74.651159,40.697892]]]}},{"type":"Feature","properties":{"geoid":"3402723910","townId":"florham-park-borough","name":"Florham Park borough","county":"Morris","status":""},"geometry":{"type":"Polygon","coordinates":[[[-74.434244,40.791137],[-74.426703,40.791618],[-74.410837,40.792645],[-74.393659,40.79375],[-74.389224,40.794036],[-74.389855,40.795702],[-74.391928,40.798031],[-74.365444,40.795512],[-74.367062,40.793286],[-74.366154,40.790616],[-74.366957,40.789283],[-74.366477,40.782676],[-74.366811,40.78049],[-74.368926,40.779166],[-74.369246,40.778221],[-74.371776,40.77684],[-74.372971,40.775334],[-74.370889,40.7749],[-74.369549,40.771392],[-74.370094,40.769805],[-74.371939,40.767501],[-74.370011,40.766561],[-74.371136,40.764036],[-74.372408,40.764134],[-74.373511,40.763052],[-74.375763,40.762993],[-74.37727,40.76118],[-74.37583,40.760835],[-74.374934,40.759396],[-74.375587,40.758444],[-74.374032,40.757974],[-74.372397,40.759451],[-74.370326,40.75946],[-74.367542,40.761011],[-74.367863,40.758122],[-74.365709,40.75822],[-74.361741,40.755915],[-74.358155,40.756102],[-74.357696,40.755002],[-74.359474,40.751215],[-74.365149,40.749765],[-74.370996,40.751769],[-74.380613,40.755063],[-74.390267,40.751315],[-74.391497,40.752134],[-74.392063,40.751379],[-74.397099,40.75467],[-74.394565,40.756988],[-74.394615,40.758994],[-74.399888,40.762391],[-74.401349,40.765608],[-74.40027,40.766041],[-74.398533,40.769101],[-74.396207,40.769058],[-74.397941,40.771937],[-74.400313,40.771365],[-74.400264,40.769996],[-74.4054,40.770685],[-74.404824,40.771136],[-74.405328,40.772832],[-74.4107,40.777013],[-74.410302,40.77646],[-74.410135,40.775971],[-74.410132,40.77531],[-74.410266,40.774509],[-74.410051,40.774076],[-74.410113,40.774026],[-74.410569,40.774346],[-74.412664,40.773868],[-74.411926,40.773527],[-74.412431,40.771618],[-74.419422,40.772551],[-74.424815,40.77207],[-74.426139,40.773449],[-74.429497,40.771357],[-74.440731,40.777433],[-74.434244,40.791137]]]}},{"type":"Feature","properties":{"geoid":"3403524900","townId":"franklin-township","name":"Franklin township","county":"Somerset","status":""},"geometry":{"type":"Polygon","coordinates":[[[-74.637178,40.410259],[-74.634319,40.414611],[-74.632876,40.415256],[-74.632099,40.41756],[-74.632026,40.418192],[-74.632085,40.418448],[-74.632394,40.419102],[-74.632565,40.419394],[-74.632776,40.419677],[-74.632671,40.420384],[-74.63169,40.421055],[-74.629825,40.420401],[-74.628447,40.419557],[-74.628308,40.419508],[-74.627718,40.419579],[-74.62602,40.422691],[-74.624449,40.423967],[-74.623143,40.428396],[-74.620217,40.430916],[-74.617528,40.431312],[-74.617068,40.431626],[-74.615332,40.435265],[-74.615417,40.437001],[-74.61581,40.437217],[-74.617158,40.437112],[-74.61791,40.436767],[-74.618244,40.43648],[-74.618857,40.436319],[-74.619157,40.436659],[-74.618947,40.437472],[-74.618593,40.438329],[-74.618077,40.438994],[-74.617945,40.439121],[-74.613869,40.444036],[-74.610712,40.445966],[-74.607856,40.447199],[-74.601721,40.448895],[-74.598903,40.451427],[-74.596065,40.453427],[-74.594968,40.454965],[-74.593584,40.456731],[-74.591703,40.457941],[-74.587758,40.461296],[-74.583243,40.463428],[-74.580011,40.465961],[-74.576812,40.467219],[-74.572644,40.470975],[-74.572177,40.471742],[-74.572264,40.472897],[-74.575997,40.474818],[-74.576238,40.476296],[-74.575562,40.478731],[-74.576418,40.480099],[-74.577002,40.483207],[-74.579339,40.487367],[-74.580241,40.489856],[-74.583144,40.494716],[-74.583536,40.49516],[-74.584226,40.497554],[-74.587106,40.502324],[-74.587153,40.502846],[-74.586814,40.504195],[-74.581411,40.506151],[-74.578836,40.507311],[-74.578242,40.507821],[-74.57715,40.50937],[-74.57629,40.512524],[-74.57677,40.514822],[-74.578203,40.516447],[-74.580006,40.517438],[-74.586412,40.519025],[-74.588011,40.52004],[-74.589359,40.522413],[-74.589981,40.525834],[-74.589299,40.527984],[-74.587904,40.530275],[-74.58718,40.530799],[-74.586809,40.531197],[-74.582221,40.535036],[-74.580467,40.536761],[-74.578585,40.540781],[-74.578048,40.54112],[-74.576127,40.54169],[-74.571352,40.541618],[-74.566482,40.542805],[-74.561236,40.544773],[-74.55494,40.549418],[-74.547433,40.551774],[-74.543444,40.554779],[-74.542398,40.554404],[-74.51957,40.5463],[-74.515872,40.544984],[-74.514122,40.542031],[-74.511748,40.539814],[-74.507061,40.536871],[-74.500011,40.532596],[-74.499135,40.532096],[-74.497762,40.531132],[-74.495188,40.529065],[-74.490466,40.523092],[-74.489237,40.521393],[-74.485547,40.51591],[-74.481679,40.511856],[-74.477835,40.510689],[-74.474487,40.510608],[-74.466947,40.508898],[-74.467397,40.507951],[-74.467312,40.505018],[-74.466995,40.502929],[-74.465035,40.501258],[-74.462433,40.500216],[-74.460791,40.498628],[-74.459179,40.496619],[-74.459043,40.496066],[-74.46014,40.491575],[-74.459863,40.491046],[-74.46394,40.488878],[-74.468209,40.486845],[-74.47245,40.485612],[-74.475889,40.484648],[-74.478499,40.483918],[-74.479472,40.48337],[-74.482344,40.481751],[-74.484313,40.480174],[-74.484937,40.479591],[-74.489491,40.474452],[-74.493579,40.470494],[-74.495317,40.468941],[-74.502473,40.464313],[-74.504482,40.463063],[-74.507073,40.461487],[-74.507814,40.460985],[-74.512,40.45697],[-74.512389,40.456621],[-74.514384,40.455287],[-74.520338,40.451278],[-74.520644,40.451002],[-74.526567,40.444851],[-74.53152,40.441355],[-74.535058,40.4391],[-74.53619,40.438326],[-74.539735,40.436713],[-74.546766,40.433515],[-74.547315,40.433275],[-74.554115,40.430344],[-74.555686,40.429739],[-74.560467,40.42797],[-74.569873,40.424531],[-74.571633,40.423908],[-74.576164,40.422304],[-74.584173,40.41869],[-74.585616,40.417485],[-74.585979,40.415611],[-74.585286,40.410127],[-74.586016,40.407259],[-74.586237,40.406492],[-74.585884,40.404078],[-74.585792,40.4034],[-74.587669,40.398178],[-74.587865,40.394136],[-74.588761,40.39314],[-74.591843,40.392027],[-74.595262,40.386468],[-74.595838,40.385733],[-74.602567,40.38072],[-74.612978,40.37576],[-74.619671,40.373775],[-74.62024,40.373749],[-74.619913,40.374289],[-74.617484,40.377599],[-74.617494,40.377884],[-74.618369,40.380222],[-74.622682,40.384336],[-74.62311,40.384941],[-74.624122,40.386649],[-74.624272,40.388711],[-74.625746,40.389288],[-74.626351,40.393923],[-74.626807,40.394776],[-74.627915,40.398377],[-74.629139,40.399209],[-74.629154,40.399472],[-74.630042,40.400673],[-74.631233,40.400259],[-74.633831,40.401725],[-74.636324,40.406273],[-74.637178,40.410259]]]}},{"type":"Feature","properties":{"geoid":"3403925800","townId":"garwood-borough","name":"Garwood borough","county":"Union","status":""},"geometry":{"type":"Polygon","coordinates":[[[-74.332433,40.650817],[-74.331923,40.652342],[-74.331283,40.65335],[-74.329727,40.655795],[-74.328846,40.657148],[-74.32628,40.657464],[-74.32571,40.656227],[-74.323595,40.65655],[-74.321638,40.657836],[-74.319434,40.65814],[-74.316897,40.656674],[-74.31375,40.654868],[-74.313678,40.654827],[-74.312482,40.654144],[-74.316374,40.650265],[-74.316933,40.650131],[-74.31868,40.648904],[-74.320651,40.647387],[-74.316616,40.645262],[-74.319721,40.642334],[-74.32554,40.645805],[-74.326552,40.646412],[-74.327962,40.647259],[-74.331211,40.648282],[-74.333611,40.649514],[-74.332433,40.650817]]]}},{"type":"Feature","properties":{"geoid":"3401926550","townId":"glen-gardner-borough","name":"Glen Gardner borough","county":"Hunterdon","status":""},"geometry":{"type":"Polygon","coordinates":[[[-74.9527699995926,40.70328299979333],[-74.95269599997275,40.70314699989545],[-74.95012500007005,40.698374999867774],[-74.95009400010791,40.6983279998816],[-74.94786399978872,40.694939000310775],[-74.94507899962576,40.69070999991684],[-74.94424099992476,40.68943299986923],[-74.93872599985042,40.688299000037546],[-74.93681500027179,40.687905999681995],[-74.93445899955591,40.687421999952235],[-74.93425100004177,40.687379000259384],[-74.93399099975078,40.68732600023547],[-74.93302400017835,40.6878159997112],[-74.93293299994174,40.68786199966605],[-74.932598000206,40.688031999845606],[-74.93268699989444,40.6929659998176],[-74.9326910000924,40.69321699996864],[-74.9336059997863,40.69413999977884],[-74.93161700038985,40.69503300026427],[-74.93138399986303,40.69474600007033],[-74.930438000207,40.694973999751035],[-74.9283679997214,40.69547300012351],[-74.92701799983432,40.69641599993623],[-74.92599000016251,40.69699500013167],[-74.92637000010413,40.69735100016619],[-74.92561000022093,40.69779299999144],[-74.92627399984465,40.69931500011927],[-74.92622500033916,40.69935800028228],[-74.92607100035339,40.69951599966088],[-74.92596500004817,40.699584000286755],[-74.92623200001186,40.69981099998045],[-74.92880200008968,40.70200499990181],[-74.92884999977024,40.702046000207666],[-74.93057899977401,40.70493500015389],[-74.93315899989754,40.71200399974473],[-74.93331200005842,40.71242500024184],[-74.93333299997481,40.712481999747105],[-74.93479300036508,40.71154299970695],[-74.93485799976409,40.71149999992032],[-74.93518199962918,40.71129199983184],[-74.93541799963074,40.71128400028687],[-74.94259700030982,40.71104199997874],[-74.94762100011447,40.71087300024086],[-74.94885499965059,40.710831000312005],[-74.94883600028233,40.71079399976907],[-74.94864200011358,40.71040900033458],[-74.94845899981547,40.710047000181774],[-74.94824700010336,40.709626000310955],[-74.94821899961596,40.709570999660556],[-74.94856400029576,40.70909299987033],[-74.94950400010401,40.70779499987859],[-74.95043899988939,40.706504000228506],[-74.95112699980255,40.705552999981045],[-74.9527699995926,40.70328299979333]]]}},{"type":"Feature","properties":{"geoid":"3401326610","townId":"glen-ridge-borough","name":"Glen Ridge borough","county":"Essex","status":""},"geometry":{"type":"Polygon","coordinates":[[[-74.21852800012292,40.78821299967672],[-74.21839900025148,40.78816400026285],[-74.21826799983192,40.788115000132684],[-74.21739599979573,40.7877859996827],[-74.21723400031235,40.78772500013958],[-74.21682599988334,40.78757000013408],[-74.21642599985026,40.78741799990461],[-74.21568600005854,40.78713900011281],[-74.21533500042928,40.78700799999385],[-74.21486400025107,40.78683199988937],[-74.21257200000763,40.78596499982762],[-74.2118530001323,40.78569400017489],[-74.21145700029717,40.785965999668676],[-74.2104930001995,40.78662899980401],[-74.21040600016084,40.786688999843605],[-74.21004100028787,40.78698999973407],[-74.20983000040069,40.78725300028638],[-74.20980699993615,40.78728199986974],[-74.20930099959786,40.787911999888436],[-74.20904500040314,40.78823100028515],[-74.20857300040004,40.788818999793804],[-74.20846999956954,40.788948000148565],[-74.20761000012725,40.79002000014035],[-74.20751300004287,40.79014199971506],[-74.20664699985446,40.79123299971077],[-74.20522300034753,40.79302599991667],[-74.205348000021,40.79308700003087],[-74.2040590002333,40.79436299975135],[-74.20398600043836,40.794416999960816],[-74.20321599961112,40.794828999785445],[-74.2030659998233,40.79490900014828],[-74.2019689996562,40.79549500029155],[-74.20190099988415,40.79553199997265],[-74.20172599998196,40.795621000150355],[-74.20156399960024,40.79570300030784],[-74.20145900001826,40.79576400000268],[-74.20132900032192,40.79582399994885],[-74.20123600043551,40.7958659999469],[-74.20119799990236,40.795883999840754],[-74.20089999997653,40.79602100030883],[-74.20049099972262,40.7962160000308],[-74.19991800033549,40.796489999994044],[-74.20011800035203,40.796737999700504],[-74.20082499963347,40.797734000158194],[-74.20123499971227,40.79833300012105],[-74.201320999926,40.79844399979757],[-74.200884000083,40.799064999802],[-74.20082600035668,40.79905699993088],[-74.1997359998623,40.80095700004941],[-74.19957799967855,40.80089500007002],[-74.19760799965036,40.803693000280305],[-74.19700099992805,40.804549000115784],[-74.19685299979004,40.80534799967204],[-74.19659599987209,40.8067300000735],[-74.19644799973409,40.80753199979836],[-74.19631100036504,40.808301000063885],[-74.19614399996048,40.80916800014624],[-74.19601099989107,40.80986099984637],[-74.19585199988244,40.81068800012785],[-74.19574700030044,40.81123000030422],[-74.19547899961353,40.81262299986517],[-74.19616200040214,40.81262500010417],[-74.19674700038314,40.81259800027231],[-74.19750300006838,40.8125899999927],[-74.19735599975527,40.81323799980112],[-74.19727899976239,40.81357899980064],[-74.19698800040756,40.814094999671354],[-74.19585799973021,40.81723499977296],[-74.19501800037939,40.81953700010211],[-74.19500199958755,40.81957499999195],[-74.1938850002273,40.82229699979838],[-74.19379900001356,40.82250800002436],[-74.19366599994419,40.82283299983243],[-74.19351199995837,40.82334399999143],[-74.19316200015403,40.82451600009247],[-74.19270199984648,40.825688999797734],[-74.19268400030313,40.8257280001635],[-74.19254399966273,40.82607799978746],[-74.19227500004922,40.82675299991493],[-74.19169199971803,40.82821300024774],[-74.19141200023385,40.82891299996625],[-74.19319800013903,40.82872100010692],[-74.19352100017922,40.828688000085776],[-74.19424000005452,40.82885300002744],[-74.19442800037551,40.82889600006838],[-74.19479200042358,40.82827800018321],[-74.19504400031865,40.827853999968596],[-74.1952450001601,40.82750899967727],[-74.19572899985877,40.82669800027744],[-74.19622599997625,40.82585099996413],[-74.19649200011501,40.82540500012041],[-74.19662199981136,40.82518600015389],[-74.19677099977427,40.82493400029389],[-74.19711399990595,40.824352000178536],[-74.19769899988695,40.82336599974098],[-74.1982789998451,40.82238100025227],[-74.19886600037424,40.82139499974387],[-74.19945999967776,40.820383000152965],[-74.20004499965877,40.81939599983778],[-74.2011290003054,40.817561999674176],[-74.2016790001263,40.81663100014747],[-74.2022359996199,40.815688000273575],[-74.2027999996845,40.814734999716784],[-74.20325999999206,40.81395600027633],[-74.20371299972857,40.81318999993161],[-74.20422699956448,40.81231699998532],[-74.20452700003845,40.811814000238044],[-74.20459099961256,40.81170899992461],[-74.20479599965196,40.81137000010947],[-74.2048269996141,40.81131799969176],[-74.20488400041383,40.81122500028139],[-74.20553299996894,40.810151999864516],[-74.20567400043424,40.80991999980834],[-74.20599599975121,40.80938900030186],[-74.20613499966838,40.809157999789484],[-74.20608600016288,40.808525999752675],[-74.20652399983081,40.80850900006874],[-74.20658099973221,40.80840999970317],[-74.20662299956501,40.80833699990219],[-74.2066999995579,40.80820099988179],[-74.20677800027401,40.808065000262616],[-74.20703099999402,40.807621999720475],[-74.20719699967535,40.80733199968554],[-74.20723900040649,40.807257999858166],[-74.20755200040092,40.80674799974123],[-74.20785199997657,40.80625200008373],[-74.2081149997423,40.80581199966447],[-74.20765500033308,40.80609200008335],[-74.20764000026446,40.80608000018678],[-74.20758800038594,40.805903000100166],[-74.20784899960353,40.80584800017306],[-74.20782699986222,40.80582600005346],[-74.20821900039769,40.80559000028973],[-74.2082419999639,40.805611999807596],[-74.20830999973597,40.80549600010404],[-74.20858799957031,40.80501900029977],[-74.20866100026358,40.80489299992018],[-74.20873499988342,40.804765999743374],[-74.2088310001429,40.8046019999587],[-74.20887899982347,40.80451800011106],[-74.20893499989995,40.80442199996068],[-74.20949899996457,40.80345300006059],[-74.20990099964749,40.80276399979272],[-74.2099940004322,40.80260699967456],[-74.21099699998965,40.80092399981533],[-74.21131199963392,40.800394000031275],[-74.2116699998342,40.799795000305664],[-74.21342700032535,40.79677200033393],[-74.21360700025042,40.79647400031021],[-74.21373100009897,40.796270000093166],[-74.21457899984571,40.79487200011998],[-74.21478700025818,40.79452699967228],[-74.21514600028338,40.79393500013949],[-74.21605799960422,40.792430000266855],[-74.21644400029192,40.79179200019934],[-74.21661800036918,40.791500999930015],[-74.21752899986512,40.78998099986665],[-74.21799099982249,40.789203999841554],[-74.2183299997562,40.78857399983777],[-74.21852800012292,40.78821299967672]]]}},{"type":"Feature","properties":{"geoid":"3403527510","townId":"green-brook-township","name":"Green Brook township","county":"Somerset","status":""},"geometry":{"type":"Polygon","coordinates":[[[-74.517724,40.587252],[-74.492003,40.611901],[-74.48232,40.621179],[-74.479475,40.61748],[-74.468641,40.618379],[-74.459038,40.619882],[-74.45053,40.627999],[-74.451613,40.628749],[-74.446547,40.633824],[-74.443401,40.631446],[-74.443172,40.631037],[-74.441682,40.629378],[-74.445625,40.625659],[-74.45487,40.618777],[-74.464951,40.611271],[-74.463936,40.610077],[-74.463906,40.610095],[-74.462777,40.608731],[-74.457376,40.602302],[-74.459878,40.600033],[-74.463291,40.599187],[-74.466266,40.599077],[-74.466143,40.597791],[-74.467201,40.598633],[-74.470081,40.598343],[-74.474748,40.596126],[-74.47485,40.595667],[-74.476505,40.595138],[-74.477892,40.593213],[-74.478462,40.592845],[-74.483218,40.589433],[-74.48884,40.588003],[-74.490669,40.586514],[-74.491247,40.587557],[-74.492832,40.58749],[-74.494381,40.586521],[-74.499053,40.586088],[-74.501977,40.585309],[-74.502437,40.584006],[-74.503305,40.585012],[-74.503896,40.585085],[-74.505117,40.586283],[-74.509721,40.584218],[-74.512154,40.582075],[-74.513621,40.583754],[-74.515689,40.58612],[-74.517724,40.587252]]]}},{"type":"Feature","properties":{"geoid":"3401929460","townId":"hampton-borough","name":"Hampton borough","county":"Hunterdon","status":""},"geometry":{"type":"Polygon","coordinates":[[[-74.98131499990976,40.70599699990696],[-74.98127700027493,40.70582299983777],[-74.98105899981671,40.704824000212156],[-74.98079000020321,40.7035849998455],[-74.98010200029003,40.700422999722804],[-74.98000699985546,40.69998700031763],[-74.9797549999604,40.69882700033145],[-74.97160399968601,40.69833300022948],[-74.9643999997909,40.699440999821526],[-74.96300399987305,40.699655999952356],[-74.96228599982268,40.69976599987761],[-74.96195199991183,40.69981799976671],[-74.96067399999478,40.69896600024019],[-74.96043399979526,40.69880599997706],[-74.96035199977949,40.69878600008741],[-74.95897799960298,40.6984279999573],[-74.95885600030257,40.69839599967702],[-74.95865600028601,40.698344000040045],[-74.95823199996349,40.69823399980975],[-74.95821100004709,40.698253999865116],[-74.9527699995926,40.70328299979333],[-74.95112699980255,40.705552999981045],[-74.95043899988939,40.706504000228506],[-74.94950400010401,40.70779499987859],[-74.94856400029576,40.70909299987033],[-74.94821899961596,40.709570999660556],[-74.94824700010336,40.709626000310955],[-74.94845899981547,40.710047000181774],[-74.94864200011358,40.71040900033458],[-74.94883600028233,40.71079399976907],[-74.94885499965059,40.710831000312005],[-74.94996299968832,40.71302599972585],[-74.95118399970397,40.71544300007946],[-74.95123200028286,40.715530999738064],[-74.9513059999027,40.715664999784025],[-74.95133100001706,40.715714999762575],[-74.9506430001039,40.71698400031879],[-74.94990699961184,40.71833999968681],[-74.94919600013245,40.719650999745696],[-74.94903999959853,40.71994200013505],[-74.95016299970487,40.71956800020163],[-74.95358100042773,40.71842700010573],[-74.95360999984175,40.71841699970336],[-74.95366900029128,40.718400000105284],[-74.95477300013107,40.71806700033404],[-74.95647899967028,40.71755200006568],[-74.95916099990109,40.71558399979356],[-74.96260700021304,40.71305599995335],[-74.96471100013552,40.71151199987941],[-74.96601300034202,40.71171499993775],[-74.96761500012417,40.71196499998772],[-74.96778800037653,40.711991999874314],[-74.96795300023297,40.71157999983372],[-74.96798199964698,40.71147799987619],[-74.9680469999443,40.711324000044854],[-74.96815400007442,40.71114899998989],[-74.96845000035044,40.71075300008201],[-74.9689270003764,40.71039200005353],[-74.96964100022885,40.710045999879554],[-74.97011200040706,40.709861999849814],[-74.97063200009072,40.709770999950706],[-74.97153599991395,40.70980900000602],[-74.97247900009525,40.70993599990811],[-74.9734259995762,40.71007099994055],[-74.97425499995468,40.710251999857284],[-74.97520200033395,40.71065699993536],[-74.97591199998843,40.710702000170265],[-74.97642099980146,40.71071999998334],[-74.97672299992524,40.710758000178025],[-74.97727100009631,40.7108199998399],[-74.97769399969563,40.710864999964656],[-74.9781859997902,40.7109159997515],[-74.97843400038565,40.71094600024875],[-74.97859000002126,40.71096000020382],[-74.97869999962612,40.71095700001914],[-74.97883699989346,40.71095199993801],[-74.9790079995977,40.71093799998132],[-74.97915499991078,40.71091700004065],[-74.97929899985083,40.71088799981997],[-74.97944600016392,40.71084500029124],[-74.97957000001247,40.71079800025204],[-74.97969600040918,40.710739000083414],[-74.9798250002806,40.71067000033924],[-74.97992499983971,40.710612999963764],[-74.9800150002514,40.7105470002923],[-74.98009800009208,40.710461999700826],[-74.98017699973478,40.71035699986181],[-74.9802339996362,40.71025300015641],[-74.98028600041305,40.71007800001046],[-74.98024899970481,40.7097810002899],[-74.98026100029868,40.7091890002289],[-74.98035199963698,40.70849600023687],[-74.98045399974423,40.707782999930565],[-74.98058900036176,40.70709999966815],[-74.9808189996172,40.7066389997279],[-74.98108700030414,40.706211999986785],[-74.98122799987111,40.706084000111524],[-74.98131499990976,40.70599699990696]]]}},{"type":"Feature","properties":{"geoid":"3402729550","townId":"hanover-township","name":"Hanover township","county":"Morris","status":""},"geometry":{"type":"Polygon","coordinates":[[[-74.474467,40.81991],[-74.470134,40.824719],[-74.465873,40.829611],[-74.464238,40.835809],[-74.456271,40.837459],[-74.455791,40.838127],[-74.454876,40.837746],[-74.454001,40.837382],[-74.453534,40.837248],[-74.453449,40.837184],[-74.452837,40.838092],[-74.452803,40.838172],[-74.451379,40.838465],[-74.436696,40.841478],[-74.431513,40.842542],[-74.431153,40.842615],[-74.422907,40.844307],[-74.405638,40.838928],[-74.391693,40.829137],[-74.388727,40.825989],[-74.383882,40.824974],[-74.387307,40.820545],[-74.393318,40.812766],[-74.394344,40.812165],[-74.394596,40.810653],[-74.394595,40.810603],[-74.394863,40.808929],[-74.400068,40.804749],[-74.40209,40.804146],[-74.40353,40.802076],[-74.403553,40.800871],[-74.409039,40.794502],[-74.410837,40.792645],[-74.426703,40.791618],[-74.434244,40.791137],[-74.434653,40.793081],[-74.434595,40.797144],[-74.432848,40.800004],[-74.432724,40.801775],[-74.43342,40.803344],[-74.435394,40.805095],[-74.439279,40.806848],[-74.441023,40.808292],[-74.442393,40.808212],[-74.444795,40.806751],[-74.446593,40.805853],[-74.451777,40.805595],[-74.455516,40.805692],[-74.460216,40.806334],[-74.46816,40.810704],[-74.472113,40.814468],[-74.473611,40.816692],[-74.474467,40.81991]]]}},{"type":"Feature","properties":{"geoid":"3402729700","townId":"harding-township","name":"Harding township","county":"Morris","status":""},"geometry":{"type":"Polygon","coordinates":[[[-74.550095,40.747327],[-74.546755,40.765184],[-74.542232,40.789355],[-74.542214,40.78945],[-74.542121,40.789375],[-74.523958,40.774788],[-74.5139,40.770841],[-74.510747,40.770346],[-74.509311,40.76904],[-74.49586,40.766231],[-74.495558,40.765679],[-74.485778,40.764191],[-74.458868,40.766086],[-74.457905,40.766861],[-74.454676,40.767733],[-74.453844,40.767554],[-74.450734,40.769849],[-74.449878,40.770215],[-74.44772,40.769587],[-74.44613,40.770572],[-74.442017,40.774702],[-74.4435,40.771631],[-74.452454,40.753094],[-74.45518,40.744987],[-74.45406,40.739391],[-74.451695,40.72867],[-74.449736,40.718831],[-74.449449,40.717392],[-74.47739,40.70835],[-74.479871,40.70755],[-74.513717,40.69775],[-74.513866,40.701064],[-74.517642,40.704802],[-74.518706,40.706299],[-74.521499,40.707918],[-74.522025,40.708684],[-74.523627,40.708426],[-74.525979,40.709327],[-74.526809,40.710933],[-74.524187,40.713374],[-74.524118,40.715643],[-74.526072,40.715791],[-74.528763,40.717642],[-74.528807,40.719123],[-74.531228,40.719683],[-74.531505,40.721267],[-74.529766,40.726505],[-74.530761,40.727725],[-74.530893,40.729854],[-74.534466,40.730315],[-74.537984,40.732118],[-74.53996,40.733793],[-74.543396,40.734483],[-74.548837,40.733717],[-74.547676,40.736987],[-74.549005,40.740935],[-74.549109,40.747045],[-74.550095,40.747327]]]}},{"type":"Feature","properties":{"geoid":"3401730210","townId":"harrison-town","name":"Harrison town","county":"Hudson","status":""},"geometry":{"type":"Polygon","coordinates":[[[-74.16607899987692,40.74723500026599],[-74.16598699981542,40.745199000221014],[-74.16595400020347,40.74510699985286],[-74.16592300024132,40.745023000293244],[-74.16570200030839,40.74442100000459],[-74.1655569996451,40.744024999984255],[-74.16510100043385,40.74278300012542],[-74.16378800035669,40.7392009998955],[-74.1620929997898,40.73610900029364],[-74.16195800007061,40.736006999802825],[-74.16166900036559,40.7357810002137],[-74.16164500007615,40.73576400028581],[-74.1599799996465,40.7344849997023],[-74.15944099969624,40.73436100015573],[-74.15820399978708,40.73407799971566],[-74.15740399972091,40.73389400008024],[-74.15661799989846,40.733713999722546],[-74.15633099984326,40.73364799980972],[-74.15568700031102,40.73350099986136],[-74.15527899988203,40.73353800003642],[-74.15476000002326,40.73358399972856],[-74.1542419999894,40.73363000006967],[-74.15399699976702,40.733652000280685],[-74.15396900017792,40.733654000175775],[-74.15369600036644,40.73367900022043],[-74.15330100035624,40.73371299977589],[-74.15227399961103,40.73380400030263],[-74.15216400000618,40.733813999754474],[-74.15169100017816,40.73385600015871],[-74.15118800021293,40.73390099968726],[-74.15083800040856,40.73394399997972],[-74.14818399976686,40.73427699995833],[-74.14806599976606,40.734291999709626],[-74.14725300017943,40.73439300017063],[-74.14718799988209,40.73440099966142],[-74.1471119997141,40.73445299973166],[-74.14534199970248,40.73566399978142],[-74.14528800017412,40.73570100011486],[-74.14526399988466,40.73573499999846],[-74.14491699955505,40.736213999674526],[-74.14268799995908,40.73930099984769],[-74.14235800024619,40.7394339998234],[-74.14156400002781,40.73975499991809],[-74.13992500043575,40.7404160000217],[-74.13830799968667,40.74106799979715],[-74.13770299961416,40.74131300002335],[-74.13749199972698,40.741398000016],[-74.13721800009058,40.74141400003449],[-74.13695000030198,40.74142699987656],[-74.136802000164,40.74146200006689],[-74.1375989998571,40.742106999694464],[-74.13774299979714,40.742222999866094],[-74.13802599965436,40.74245200015665],[-74.13826099983099,40.74265099985212],[-74.13846699969532,40.74281399968242],[-74.13853700001553,40.74287099970834],[-74.13887199975127,40.743144000086616],[-74.13967199981745,40.74379300027942],[-74.14094800008466,40.742890999968566],[-74.14165500026441,40.74360900029015],[-74.14176099967132,40.74372100001876],[-74.14200800044182,40.743969999851636],[-74.14305299983207,40.74503200032407],[-74.14318000005369,40.74516199972577],[-74.14349499969794,40.74548200031152],[-74.14447899988711,40.74648299979931],[-74.14471700043681,40.74672499988192],[-74.14497199980661,40.74702200014088],[-74.1450189996623,40.747076000045425],[-74.14505800002034,40.747121999904316],[-74.14552099980261,40.7476609998307],[-74.14585999973633,40.74803100016173],[-74.14497600000459,40.7481609998261],[-74.14498199985236,40.748185999863296],[-74.14502299986025,40.748449000229535],[-74.14511499992174,40.74904400007111],[-74.14517099999826,40.74939899976833],[-74.14518799971668,40.749508999855486],[-74.14520399961022,40.7496119997659],[-74.14528300015125,40.750116999925005],[-74.14541000037286,40.750976000084044],[-74.14554900029002,40.75188500005878],[-74.14588900004864,40.75198400032306],[-74.14662999966527,40.752199999893],[-74.14687300023782,40.752265999772824],[-74.1474559996707,40.75244099992073],[-74.14812900041358,40.75262800032025],[-74.15054899980524,40.753325000145175],[-74.15179099973727,40.753643999911404],[-74.15331700024977,40.75399900022821],[-74.15417400021734,40.754249000003945],[-74.15434800029462,40.75396999972518],[-74.15461000023542,40.75354700005486],[-74.15479600000828,40.753243999717704],[-74.1551859999956,40.752586999862835],[-74.15533900015647,40.752336000295564],[-74.1554189996241,40.752195999856916],[-74.1556570001738,40.75176899972662],[-74.15570999987725,40.75167500024763],[-74.15575900028105,40.751585000028314],[-74.15641500040716,40.75187299989303],[-74.15747599969093,40.75233800030945],[-74.15752799956947,40.75223099982411],[-74.15753299959235,40.75216699992848],[-74.15754600001112,40.75200900028397],[-74.15753099994252,40.75187600027492],[-74.15760399973745,40.7515210001914],[-74.15779899973111,40.75057299973156],[-74.15780799995196,40.75052999998035],[-74.15794299967115,40.74986000029631],[-74.15795799973978,40.74978799979855],[-74.15809900020508,40.74911500029826],[-74.15860399982016,40.74913700015202],[-74.15890699976886,40.74914999984562],[-74.15907499999835,40.749158000284],[-74.15946599981059,40.74917599990576],[-74.15994799985944,40.74926500027019],[-74.16080499982701,40.74942800022352],[-74.16166500016764,40.74959299987369],[-74.16172299989395,40.749604999770426],[-74.16259800030319,40.74977199975297],[-74.16265199983155,40.74949299974273],[-74.16274200024324,40.749106000139484],[-74.1627820004262,40.74891999976095],[-74.1628319997566,40.74849600022424],[-74.16286199989385,40.748240999912035],[-74.16298400009258,40.74826599991916],[-74.16451599955451,40.748578999757314],[-74.16454099966887,40.74794599979879],[-74.16454499986683,40.747832999964764],[-74.16454499986683,40.74781200009487],[-74.16454599969175,40.747771000070586],[-74.16452999979823,40.74736500012535],[-74.16452599960027,40.74726799995593],[-74.164619000385,40.74726599978959],[-74.1652250002824,40.74725199998459],[-74.16587200018769,40.74723800017663],[-74.16607899987692,40.74723500026599]]]}},{"type":"Feature","properties":{"geoid":"3401931320","townId":"high-bridge-borough","name":"High Bridge borough","county":"Hunterdon","status":""},"geometry":{"type":"Polygon","coordinates":[[[-74.91169100015222,40.67181599999472],[-74.91193499965138,40.67008499975653],[-74.91149399961041,40.66837199990673],[-74.91107400038416,40.66674699972105],[-74.91023800033298,40.6635050003232],[-74.90634900033025,40.660527999682486],[-74.90468300007569,40.659253000047876],[-74.9046210001514,40.65920599972924],[-74.90401199988094,40.6587389999838],[-74.90363799978714,40.658452000240224],[-74.90336599980057,40.65824400012684],[-74.90228399970209,40.65741600028385],[-74.90222400032597,40.6574040001217],[-74.89678600024452,40.65633600021487],[-74.89388200025587,40.65576600032332],[-74.89383299985207,40.65578399998545],[-74.89302699993812,40.65608500020392],[-74.89247600029229,40.656293000233894],[-74.89137599975216,40.65670799997123],[-74.89006000020026,40.65720400005428],[-74.88828799964051,40.65787200007622],[-74.88365200017337,40.65962000004871],[-74.88135300025719,40.660486999726075],[-74.87736499962195,40.66198999970761],[-74.87370900014604,40.66336800000279],[-74.8741729997532,40.66433399984985],[-74.87606099976564,40.66826000012499],[-74.87645599977584,40.66908899982628],[-74.87665900016543,40.66951299969687],[-74.87671600006684,40.66963400010556],[-74.87676700012045,40.66974000031135],[-74.87733200000999,40.670922000240886],[-74.87948500033629,40.67543099978717],[-74.8821919997831,40.67671200018777],[-74.88234300029416,40.67678400004291],[-74.88250399995265,40.67686000029762],[-74.88302500035954,40.67710599990068],[-74.88327399988158,40.67722399981461],[-74.88370300022697,40.67742700013622],[-74.88648199964385,40.67874200003427],[-74.88664300020065,40.678818000100655],[-74.88991500043534,40.68036600009401],[-74.89070799993047,40.68074200027627],[-74.89099499998567,40.68067400017575],[-74.89142299960784,40.68057299995849],[-74.89213599963536,40.68040499995965],[-74.89346600032927,40.68009100025388],[-74.89952100017875,40.67890799995962],[-74.9021210003938,40.67839899992963],[-74.90286899968311,40.67825300002687],[-74.90396300037547,40.67803899974097],[-74.90538299968442,40.67776200030862],[-74.90798000042471,40.677254999930575],[-74.90851199980396,40.67715000020476],[-74.90883200036942,40.67708799986081],[-74.909028000188,40.677049000098386],[-74.90913399959489,40.67702799969278],[-74.90941499980228,40.67697300005907],[-74.90946699968082,40.676963000244676],[-74.90951899955937,40.676952999747485],[-74.90958100038195,40.676940999693905],[-74.90973100016978,40.676911000231804],[-74.91033799989209,40.67679299976382],[-74.91100700043701,40.67666200022368],[-74.9113170000584,40.674462000108065],[-74.91147900044012,40.67331600033687],[-74.91149699998346,40.6731900002873],[-74.91152899977051,40.67296200033863],[-74.91162099983202,40.672310999968154],[-74.91169100015222,40.67181599999472]]]}},{"type":"Feature","properties":{"geoid":"3402331470","townId":"highland-park-borough","name":"Highland Park borough","county":"Middlesex","status":""},"geometry":{"type":"Polygon","coordinates":[[[-74.443105,40.510561],[-74.440144,40.515112],[-74.431519,40.509607],[-74.430001,40.508636],[-74.427344,40.506938],[-74.425362,40.505373],[-74.419686,40.506813],[-74.414741,40.506441],[-74.413713,40.506555],[-74.411902,40.506497],[-74.41138,40.504468],[-74.410895,40.501102],[-74.413441,40.501265],[-74.41571,40.492742],[-74.415759,40.492685],[-74.418066,40.491378],[-74.418966,40.490592],[-74.419185,40.490757],[-74.420928,40.48891],[-74.423876,40.488151],[-74.428383,40.488047],[-74.432057,40.489166],[-74.434372,40.490788],[-74.435552,40.493388],[-74.436168,40.496432],[-74.436859,40.497619],[-74.437077,40.497798],[-74.440181,40.501592],[-74.441386,40.502715],[-74.446272,40.50568],[-74.443105,40.510561]]]}},{"type":"Feature","properties":{"geoid":"3403531890","townId":"hillsborough-township","name":"Hillsborough township","county":"Somerset","status":""},"geometry":{"type":"Polygon","coordinates":[[[-74.795822,40.515273],[-74.793998,40.514606],[-74.78572,40.510857],[-74.78454,40.507868],[-74.781393,40.505001],[-74.7766,40.503284],[-74.775338,40.504551],[-74.77326,40.5039],[-74.767632,40.503415],[-74.765727,40.504587],[-74.761879,40.505106],[-74.757744,40.506177],[-74.755966,40.507048],[-74.7541,40.507021],[-74.751643,40.505584],[-74.747923,40.504909],[-74.746811,40.502811],[-74.741882,40.501925],[-74.736941,40.50201],[-74.728986,40.503556],[-74.725487,40.506473],[-74.725848,40.507916],[-74.726578,40.50892],[-74.729069,40.513833],[-74.729328,40.516989],[-74.728121,40.519464],[-74.726862,40.520661],[-74.72444,40.520038],[-74.72126,40.518002],[-74.715727,40.517342],[-74.712497,40.517426],[-74.709018,40.519006],[-74.705388,40.520024],[-74.704206,40.52099],[-74.703566,40.524745],[-74.7056,40.526106],[-74.706982,40.527125],[-74.707684,40.53063],[-74.705326,40.531616],[-74.705318,40.532572],[-74.706045,40.533859],[-74.709579,40.535838],[-74.709316,40.537403],[-74.702749,40.539735],[-74.698273,40.542309],[-74.69834,40.54337],[-74.69617,40.546714],[-74.695387,40.547184],[-74.694015,40.548797],[-74.692129,40.551154],[-74.688552,40.553851],[-74.687409,40.555354],[-74.686393,40.555192],[-74.680332,40.54947],[-74.677311,40.547713],[-74.674074,40.547868],[-74.668151,40.549649],[-74.661934,40.550523],[-74.65392,40.552088],[-74.652448,40.552856],[-74.650924,40.554628],[-74.648725,40.556202],[-74.647957,40.557086],[-74.647734,40.557241],[-74.645836,40.560376],[-74.6371229795327,40.564762216255],[-74.635726,40.56463],[-74.630213,40.564541],[-74.626119,40.563143],[-74.623849,40.562398],[-74.621069,40.560003],[-74.620334,40.557388],[-74.615796,40.556103],[-74.612582,40.557898],[-74.608096,40.558356],[-74.603531,40.558914],[-74.598625,40.557665],[-74.601026,40.554834],[-74.602485,40.554585],[-74.602584,40.552207],[-74.600618,40.551943],[-74.60091,40.547432],[-74.600635,40.543024],[-74.605181,40.54217],[-74.604718,40.53938],[-74.604286,40.536768],[-74.602462,40.537223],[-74.600483,40.532447],[-74.607601,40.530263],[-74.608636,40.527843],[-74.609202,40.527599],[-74.598428,40.526915],[-74.597617,40.527441],[-74.589299,40.527984],[-74.589981,40.525834],[-74.589359,40.522413],[-74.588011,40.52004],[-74.586412,40.519025],[-74.580006,40.517438],[-74.578203,40.516447],[-74.57677,40.514822],[-74.57629,40.512524],[-74.57715,40.50937],[-74.57998,40.506841],[-74.581405,40.50791],[-74.588029,40.507574],[-74.588082,40.506908],[-74.596821,40.506027],[-74.596538,40.503318],[-74.601509,40.502975],[-74.600662,40.498059],[-74.599656,40.492989],[-74.583536,40.49516],[-74.583144,40.494716],[-74.580241,40.489856],[-74.579339,40.487367],[-74.577002,40.483207],[-74.576418,40.480099],[-74.575562,40.478731],[-74.576238,40.476296],[-74.575997,40.474818],[-74.572264,40.472897],[-74.572177,40.471742],[-74.572644,40.470975],[-74.576812,40.467219],[-74.580011,40.465961],[-74.583243,40.463428],[-74.587758,40.461296],[-74.591703,40.457941],[-74.593584,40.456731],[-74.594968,40.454965],[-74.600389,40.456066],[-74.610577,40.458182],[-74.615735,40.459267],[-74.618957,40.460226],[-74.631545,40.462829],[-74.636737,40.464174],[-74.636053,40.465564],[-74.648598,40.468083],[-74.659153,40.470351],[-74.665152,40.471629],[-74.676198,40.470609],[-74.701823,40.468242],[-74.715334,40.442061],[-74.718845,40.441615],[-74.737448,40.439723],[-74.739288,40.439864],[-74.740213,40.439446],[-74.752013,40.431361],[-74.772339,40.468985],[-74.78249,40.48779],[-74.797881,40.51567],[-74.795822,40.515273]]]}},{"type":"Feature","properties":{"geoid":"3403931980","townId":"hillside-township","name":"Hillside township","county":"Union","status":""},"geometry":{"type":"Polygon","coordinates":[[[-74.249006,40.701119],[-74.247012,40.704231],[-74.247035,40.707249],[-74.245937,40.709798],[-74.244394,40.711294],[-74.243818,40.711192],[-74.232616,40.709218],[-74.228551,40.708506],[-74.226067,40.708068],[-74.225888,40.708037],[-74.221949,40.707341],[-74.221671,40.707145],[-74.218468,40.704846],[-74.212972,40.70081],[-74.212402,40.699264],[-74.209248,40.690709],[-74.212347,40.690665],[-74.214882,40.688896],[-74.214777,40.68739],[-74.214703,40.686611],[-74.217731,40.682095],[-74.218862,40.680405],[-74.2224,40.675125],[-74.224511,40.675501],[-74.226248,40.677002],[-74.225624,40.679532],[-74.227037,40.680936],[-74.229401,40.683454],[-74.229195,40.683865],[-74.229289,40.684685],[-74.232365,40.686023],[-74.231847,40.686583],[-74.234405,40.686183],[-74.236997,40.686298],[-74.237664,40.6898],[-74.237908,40.690827],[-74.238584,40.691751],[-74.239897,40.695717],[-74.242879,40.695893],[-74.245924,40.696905],[-74.246474,40.697823],[-74.247842,40.698395],[-74.249006,40.701119]]]}},{"type":"Feature","properties":{"geoid":"3401334450","townId":"irvington-township","name":"Irvington township","county":"Essex","status":""},"geometry":{"type":"Polygon","coordinates":[[[-74.255668,40.713462],[-74.252815,40.715259],[-74.252148,40.716378],[-74.250213,40.722287],[-74.24962,40.723492],[-74.247809,40.726193],[-74.247223,40.727326],[-74.245847,40.728313],[-74.245536,40.728696],[-74.244082,40.730648],[-74.243659,40.730339],[-74.243448,40.730748],[-74.242776,40.730586],[-74.239765,40.731856],[-74.23807,40.733651],[-74.236825,40.733856],[-74.236214,40.734278],[-74.235773,40.735113],[-74.23341,40.735383],[-74.23171,40.734904],[-74.228515,40.73653],[-74.22662,40.737951],[-74.22537,40.737491],[-74.221826,40.738741],[-74.221612,40.739266],[-74.221186,40.739166],[-74.220647,40.739317],[-74.220079,40.739546],[-74.2172,40.741188],[-74.215367,40.74159],[-74.215318,40.741566],[-74.214405,40.741138],[-74.211267,40.742655],[-74.209579,40.742992],[-74.211461,40.737643],[-74.213387,40.733887],[-74.214002,40.732274],[-74.214918,40.729926],[-74.215053,40.729486],[-74.215382,40.728721],[-74.215497,40.72773],[-74.216745,40.725146],[-74.217339,40.723655],[-74.218849,40.720259],[-74.223468,40.71535],[-74.224189,40.715245],[-74.226796,40.712338],[-74.22685,40.712257],[-74.226709,40.710621],[-74.228551,40.708506],[-74.232616,40.709218],[-74.243818,40.711192],[-74.244394,40.711294],[-74.245491,40.711488],[-74.248389,40.712004],[-74.251799,40.712621],[-74.255413,40.713281],[-74.256022,40.713418],[-74.255668,40.713462]]]}},{"type":"Feature","properties":{"geoid":"3401736510","townId":"kearny-town","name":"Kearny town","county":"Hudson","status":""},"geometry":{"type":"Polygon","coordinates":[[[-74.16479900031005,40.754718000019544],[-74.16466700006556,40.7546319997261],[-74.16461799966177,40.754599999920835],[-74.16403699987873,40.75427300015617],[-74.16353899993635,40.75398299983492],[-74.16310000044352,40.75376499996204],[-74.16289799987884,40.75367499984976],[-74.16259699957997,40.75353999979314],[-74.16208000026933,40.75334699996701],[-74.16135600037114,40.753131999695],[-74.16051699994692,40.75292500007386],[-74.15972799975141,40.75272999982154],[-74.15882099955515,40.75250599989726],[-74.15753299959235,40.75216699992848],[-74.15752799956947,40.75223099982411],[-74.15747599969093,40.75233800030945],[-74.15641500040716,40.75187299989303],[-74.15575900028105,40.751585000028314],[-74.15570999987725,40.75167500024763],[-74.1556570001738,40.75176899972662],[-74.1554189996241,40.752195999856916],[-74.15533900015647,40.752336000295564],[-74.1551859999956,40.752586999862835],[-74.15479600000828,40.753243999717704],[-74.15461000023542,40.75354700005486],[-74.15434800029462,40.75396999972518],[-74.15417400021734,40.754249000003945],[-74.15331700024977,40.75399900022821],[-74.15179099973727,40.753643999911404],[-74.15054899980524,40.753325000145175],[-74.14812900041358,40.75262800032025],[-74.1474559996707,40.75244099992073],[-74.14687300023782,40.752265999772824],[-74.14662999966527,40.752199999893],[-74.14588900004864,40.75198400032306],[-74.14554900029002,40.75188500005878],[-74.14541000037286,40.750976000084044],[-74.14528300015125,40.750116999925005],[-74.14520399961022,40.7496119997659],[-74.14518799971668,40.749508999855486],[-74.14517099999826,40.74939899976833],[-74.14511499992174,40.74904400007111],[-74.14502299986025,40.748449000229535],[-74.14498199985236,40.748185999863296],[-74.14497600000459,40.7481609998261],[-74.14585999973633,40.74803100016173],[-74.14552099980261,40.7476609998307],[-74.14505800002034,40.747121999904316],[-74.1450189996623,40.747076000045425],[-74.14497199980661,40.74702200014088],[-74.14471700043681,40.74672499988192],[-74.14447899988711,40.74648299979931],[-74.14349499969794,40.74548200031152],[-74.14318000005369,40.74516199972577],[-74.14305299983207,40.74503200032407],[-74.14200800044182,40.743969999851636],[-74.14176099967132,40.74372100001876],[-74.14165500026441,40.74360900029015],[-74.14094800008466,40.742890999968566],[-74.13967199981745,40.74379300027942],[-74.13887199975127,40.743144000086616],[-74.13853700001553,40.74287099970834],[-74.13846699969532,40.74281399968242],[-74.13826099983099,40.74265099985212],[-74.13802599965436,40.74245200015665],[-74.13774299979714,40.742222999866094],[-74.1375989998571,40.742106999694464],[-74.136802000164,40.74146200006689],[-74.12458500033485,40.74201499981347],[-74.1238630000865,40.74204999969439],[-74.12345399983258,40.74206899969986],[-74.12327300008262,40.74207800013038],[-74.12314099983814,40.74208399973611],[-74.12300199992096,40.74209099984267],[-74.1229130002325,40.74209499980594],[-74.1228560003311,40.74209799994844],[-74.12278600001089,40.742101000090756],[-74.122709000018,40.74208100027365],[-74.1226029997128,40.74205500016204],[-74.12254400016157,40.742040000119204],[-74.122448999727,40.742017000137736],[-74.12237400028225,40.741998000117405],[-74.12231800020575,40.74198399988407],[-74.12192599967028,40.74188600020989],[-74.12152300016245,40.74178500023485],[-74.12118699970348,40.74170099988273],[-74.12111300008362,40.74165799983968],[-74.12108700014437,40.74164299970732],[-74.12104399958835,40.741617999932934],[-74.12092399993774,40.741546999869115],[-74.12082500020355,40.741489000240044],[-74.12053599960024,40.741320000211054],[-74.11995999984006,40.740983000063444],[-74.11946600009564,40.74069199979227],[-74.118970999628,40.74040100028989],[-74.11862900021956,40.740201000139365],[-74.1182869999128,40.74000100006809],[-74.11817999978267,40.73994400030522],[-74.11798499978899,40.739839999859726],[-74.1176049998474,40.73963799966858],[-74.11750899958793,40.7392430003021],[-74.11743900016604,40.738956000057954],[-74.11721800023312,40.73805099985031],[-74.11718100042319,40.737899000002244],[-74.1170700000951,40.737442999735485],[-74.11699300010221,40.73712499974152],[-74.11709299966132,40.73671599976625],[-74.11719899996655,40.73628300016933],[-74.11749000021966,40.73509099977186],[-74.11750000026542,40.73504599968684],[-74.11750699993812,40.735017999694215],[-74.1175200003569,40.73496099974575],[-74.11808699989626,40.73250100032672],[-74.1181050003379,40.73244200033258],[-74.11811100018569,40.73242099968745],[-74.11896800015327,40.72958600015075],[-74.12036900009397,40.724948999974],[-74.12098699968693,40.72290100001678],[-74.12138699972003,40.72100099979038],[-74.1209699999685,40.71887300031909],[-74.12028700007819,40.71590099970707],[-74.12019099981873,40.71573699976846],[-74.11966500028726,40.71483799970345],[-74.11913899985748,40.713938000192414],[-74.11879800027396,40.713356000122985],[-74.1184569997921,40.71277300015215],[-74.11718700027097,40.71060200013654],[-74.11705699967631,40.71038100018985],[-74.11690400041374,40.71047700005341],[-74.10815399991466,40.715963000027045],[-74.10563200041575,40.71754399991112],[-74.10384399996244,40.71866500011514],[-74.10377399964223,40.718693999671935],[-74.10377199999242,40.718721999725034],[-74.10004399964816,40.72459299972774],[-74.09908600029657,40.72610099991253],[-74.09857099973743,40.72721199988991],[-74.0985389999504,40.727282000233075],[-74.09851999968382,40.72731699969626],[-74.0984970001176,40.72736100020123],[-74.09818199957502,40.72794999992044],[-74.09470000017636,40.73446999999453],[-74.09401800011096,40.735137999676944],[-74.0939560001867,40.735198999851754],[-74.09202100031861,40.73657900018756],[-74.08928600038438,40.73840100031141],[-74.08306099975724,40.740148999797526],[-74.08197000033624,40.74052599999354],[-74.08176199992378,40.74062000025845],[-74.08173900035757,40.74063000004712],[-74.0815860001967,40.74070099972853],[-74.08079899965101,40.74112099993647],[-74.08026200024888,40.74140699985673],[-74.07704699991561,40.743248000130414],[-74.07520199956092,40.74739499984735],[-74.07868600040601,40.75060099998193],[-74.0872259999445,40.749315999897696],[-74.09064399976904,40.74880200026089],[-74.09259899972861,40.750404000327656],[-74.0927820000267,40.750507000212814],[-74.09288800033193,40.75059200002428],[-74.0936189999028,40.75090600017112],[-74.09493500035299,40.75267700008684],[-74.09545000001383,40.75337099976433],[-74.09526599989081,40.75406299972138],[-74.09440600044849,40.75699900013669],[-74.09438999965666,40.7570530001046],[-74.0943579998696,40.7571670001952],[-74.09435299984673,40.75718299982221],[-74.0934850000085,40.75831499989262],[-74.0932249997175,40.758588000151526],[-74.09145800007893,40.76104800030738],[-74.09108999983289,40.76156000011685],[-74.0907950002801,40.76197299985359],[-74.09078699988417,40.761984000035504],[-74.09089099964126,40.76206200009832],[-74.09167300016406,40.76265699991154],[-74.0916820003849,40.762663999893626],[-74.09181999957885,40.76280100017272],[-74.09217299975627,40.76313699979569],[-74.09219500039588,40.763195999778965],[-74.09222100033516,40.76322500033967],[-74.09224999974916,40.763261000126576],[-74.09230599982564,40.763306999674725],[-74.09241600032883,40.7633759999578],[-74.09245800016161,40.76339200013153],[-74.09262999969074,40.76339600017435],[-74.09283499973016,40.76339600017435],[-74.0933159999541,40.76334800032489],[-74.09341999971117,40.7633119999047],[-74.09347699961258,40.76329500020982],[-74.09350599992489,40.76326599967961],[-74.09352000016861,40.76325199984146],[-74.09354799975769,40.76321799973626],[-74.09357700007001,40.76318199992607],[-74.09359499961336,40.76304899981565],[-74.09362800012364,40.762865000037465],[-74.09367900017726,40.76258499966393],[-74.09368500002503,40.7625490001913],[-74.093717999637,40.76250899992278],[-74.09377799991147,40.7624720002143],[-74.09383499981287,40.76244599991033],[-74.09388300039176,40.76244100029555],[-74.09395799983652,40.76242600008827],[-74.09407400018748,40.7623899998491],[-74.09413799976157,40.76237000001018],[-74.09450900038065,40.76225400028164],[-74.09456299990902,40.76224000023033],[-74.09460599956672,40.76222200006278],[-74.09464400009988,40.762224999977626],[-74.09474100018424,40.76226199982365],[-74.09491000023864,40.762341999953485],[-74.09493399962979,40.76235400027084],[-74.09533299983796,40.762613999810824],[-74.09536100032535,40.762630999679935],[-74.09559099958082,40.76275800016522],[-74.0956180002433,40.762773000297585],[-74.09576399983318,40.76283199992356],[-74.0958359998032,40.76285999977385],[-74.09593600026062,40.76294299974676],[-74.09599099961389,40.76307499988375],[-74.09604300039074,40.76327200009538],[-74.09611000033789,40.7634950003073],[-74.09621699956969,40.76381800027913],[-74.09626500014858,40.7640009999689],[-74.0962939995626,40.764163999855725],[-74.09640499989068,40.76440500005787],[-74.0964280003552,40.76459700027666],[-74.0964199999593,40.764847999818336],[-74.09648600008153,40.76501900023994],[-74.0965539998536,40.7651670000825],[-74.09669100012094,40.76530600026891],[-74.0967659995657,40.76537499983743],[-74.09681999999238,40.76545999969052],[-74.09696399993241,40.76568699995012],[-74.09699499989455,40.76576199999437],[-74.09702300038197,40.765828000017706],[-74.0970269996816,40.76591500025762],[-74.09702800040483,40.765939999742386],[-74.09700699959014,40.76602099966869],[-74.09698999987168,40.76608899971534],[-74.09700300029048,40.76613200028922],[-74.09704500012329,40.76617500015495],[-74.09713700018479,40.76622300000384],[-74.09725000016269,40.76630400026555],[-74.09739099972968,40.76642699999541],[-74.09755499976121,40.76655100031124],[-74.09762099988345,40.766643000264416],[-74.097680000333,40.76670400011873],[-74.097744999732,40.76679300015157],[-74.09780900020444,40.76685499999692],[-74.09790299991576,40.76694700020961],[-74.09793300005298,40.766994000054645],[-74.09804299965784,40.767083999824344],[-74.0981809997501,40.767192999782864],[-74.0983139998195,40.7672840000857],[-74.09837599974377,40.76732099983675],[-74.09847299982815,40.76737500026391],[-74.09849799994251,40.76738600023217],[-74.09859300037706,40.76743000008691],[-74.09867600021774,40.767470000115175],[-74.09870899982971,40.76749499969535],[-74.0987439999898,40.767538000039906],[-74.09876900010416,40.76757099985817],[-74.09876800027924,40.76763600000908],[-74.09869700013414,40.767740999961504],[-74.09855599966882,40.76789999974852],[-74.09839300036053,40.76808499998469],[-74.0982369998266,40.76825000027567],[-74.09812600039682,40.768371000274],[-74.09805299970358,40.7684509998539],[-74.0979919996042,40.76851800003182],[-74.09795599961919,40.76857399969202],[-74.09793899990078,40.768622999951276],[-74.09794499974856,40.76870099970631],[-74.09795300014447,40.76879300008468],[-74.09797999990865,40.76898200026273],[-74.0980040001981,40.76913299972715],[-74.0980180004418,40.769291000173524],[-74.09802099991653,40.76937200009739],[-74.09803599998514,40.769432000078126],[-74.09805600007662,40.76947499984958],[-74.09806299974932,40.769529999975475],[-74.09802900031247,40.76960100009546],[-74.09798599975643,40.76963400025],[-74.09790100026594,40.76970400017303],[-74.09777800024229,40.76982899990079],[-74.0977289998385,40.76985899969157],[-74.09765799969337,40.769923000243246],[-74.09762300043158,40.769981000243426],[-74.0975959997691,40.770026999902626],[-74.09759199957114,40.77008100017187],[-74.09760099979196,40.77026300022679],[-74.0976109998377,40.7704210000273],[-74.09762199970837,40.770581999670014],[-74.09764099997494,40.77073599979153],[-74.09766500026439,40.77078800002584],[-74.09768700000569,40.77085100029443],[-74.09772499964053,40.770905999961734],[-74.09778300026517,40.77096299971733],[-74.09785400041027,40.77102399968811],[-74.09790299991576,40.771062000143445],[-74.09799699962709,40.77113700024436],[-74.09807399961997,40.77121900002195],[-74.09814399994018,40.77127300000275],[-74.09817900010027,40.77131000025401],[-74.09822599995594,40.77135100004874],[-74.09827399963653,40.77139499999935],[-74.09826699996381,40.77144400021936],[-74.09826899961365,40.771531999968346],[-74.09830700014679,40.77164499966065],[-74.09832200021542,40.77178600001264],[-74.09830600032188,40.77189699984766],[-74.09832499969015,40.77204900022184],[-74.09836499987311,40.772188999668074],[-74.09835999985025,40.772231999696295],[-74.09836800024617,40.77232499999444],[-74.09836700042126,40.77240300016604],[-74.09840900025405,40.77246200008676],[-74.09843600001824,40.77252400008537],[-74.09854899999614,40.77258499998364],[-74.09867799986756,40.77264699986746],[-74.09883000020353,40.77270999973405],[-74.09900900030368,40.77277400026079],[-74.09914499984781,40.77282800033846],[-74.09930700022952,40.772909000032435],[-74.09933999984148,40.77292399991457],[-74.09973599967658,40.773072999874834],[-74.10044700005429,40.77333899984521],[-74.10046499959765,40.773341999938545],[-74.10063899967493,40.773426999805615],[-74.10072400006372,40.77347599988762],[-74.10076900026958,40.773531000103226],[-74.10080899955423,40.773591999757286],[-74.10083000036894,40.77363500023811],[-74.1008699996536,40.773654000061974],[-74.10094300034685,40.77369699982238],[-74.1009750001339,40.773733000059195],[-74.10100799974586,40.773776999793014],[-74.10102799983734,40.773822000201854],[-74.10102100016465,40.773899999976635],[-74.10101600014178,40.77405299987067],[-74.10102399963938,40.77419399987451],[-74.10100899957077,40.77432200004831],[-74.10098500017963,40.77455500004519],[-74.10096300043833,40.774709999812394],[-74.10096699973796,40.774871999955046],[-74.10095900024037,40.774990000121036],[-74.10092999992806,40.775160000291486],[-74.10091999988231,40.775290999970004],[-74.10091700040758,40.775432000067546],[-74.10092499990517,40.77554999991918],[-74.10089399994304,40.77569500013011],[-74.10087899987441,40.775807000231254],[-74.10087800004952,40.77582600011426],[-74.1008760003997,40.77586399986401],[-74.1008760003997,40.77588999968024],[-74.10088399989729,40.775945999930165],[-74.10091300020962,40.77598800025668],[-74.10093699960075,40.77601699999696],[-74.10100299972298,40.77603899979145],[-74.10126300001399,40.77606800018975],[-74.10129899999899,40.77607200014985],[-74.10142600022061,40.77609899987427],[-74.10149099961961,40.77611099974827],[-74.10158900042721,40.776130000224605],[-74.10182999955333,40.77613800013711],[-74.10185899986564,40.776141000104055],[-74.1019609999729,40.77614500005981],[-74.10202500044531,40.77614800002644],[-74.10217699988297,40.776179999662006],[-74.1022499996779,40.77620300007083],[-74.10229200040901,40.77620899999871],[-74.10236400037904,40.776217999889504],[-74.10246599958796,40.77624000029776],[-74.10253099988529,40.776247000209665],[-74.10257400044131,40.776244000247516],[-74.10262499959663,40.77622499980377],[-74.10267300017551,40.77620500004685],[-74.10272099985609,40.776179999662006],[-74.10282299996335,40.77607800008957],[-74.10289300028354,40.77601899997858],[-74.10295000018495,40.775981000317486],[-74.10301600030719,40.77594499993827],[-74.10312799956186,40.77586899982946],[-74.10318299981346,40.77582000015179],[-74.10326800020228,40.77575599983809],[-74.10331000003507,40.7757379999301],[-74.10335100004293,40.775742999905034],[-74.10339899972352,40.775768999768665],[-74.10343700025666,40.77580300025519],[-74.10347999991438,40.77584599998527],[-74.10352799959495,40.775904000257334],[-74.10355299970931,40.775935000018436],[-74.10367300025823,40.77606500021946],[-74.1037569999238,40.77616799980048],[-74.10383700028974,40.77622899975443],[-74.1039100000847,40.77629200030599],[-74.10398600025266,40.77638399969763],[-74.10408599981179,40.776493000046784],[-74.10411000010122,40.77652100026366],[-74.10413500021558,40.776546999822756],[-74.1042699999348,40.77663600027735],[-74.104368999669,40.77667700018674],[-74.10448699966977,40.7767400003135],[-74.10460600039379,40.776787000034396],[-74.10469400025733,40.77681500012736],[-74.10478100029596,40.776866999685524],[-74.10484999989295,40.77692099983776],[-74.10495299982509,40.776985999685586],[-74.10503099964289,40.77702700005925],[-74.10513100010033,40.777081000081424],[-74.1052280001847,40.7771260002931],[-74.10533699996463,40.777159000111496],[-74.10544800029274,40.77718000023475],[-74.10556999959314,40.77719599980597],[-74.10573500034792,40.77720700018917],[-74.10583699955684,40.77723999996733],[-74.10597100034946,40.77727900024059],[-74.10603900012153,40.77729899967414],[-74.10611199991645,40.777306000154724],[-74.10617399984075,40.77731199998298],[-74.10623300029027,40.777318999781976],[-74.10631000028319,40.77733599997091],[-74.10651299977445,40.7773679997145],[-74.10667599998106,40.77737500018781],[-74.10683599981463,40.77737300024702],[-74.10698300012773,40.77736099992072],[-74.10714700015927,40.77733300005793],[-74.10730500034302,40.77729699973105],[-74.10744000006223,40.777308000097534],[-74.10749899961345,40.777308000097534],[-74.1075789999794,40.77730100029743],[-74.1076640003682,40.777312999954304],[-74.10776899995018,40.777310000040295],[-74.10781099978298,40.777310000040295],[-74.10785900036187,40.77733400002894],[-74.10790299984448,40.77735700003822],[-74.10793499963154,40.777356000067556],[-74.10840199961179,40.77746300024427],[-74.10896900004943,40.777627999695845],[-74.10915599964719,40.77770399983313],[-74.10923000016535,40.77782500030183],[-74.10943199983173,40.777818999839646],[-74.10955900005331,40.77778499970466],[-74.10969999962032,40.77778900024164],[-74.10983400041293,40.77774800033828],[-74.10986700002489,40.77771200023635],[-74.10989200013924,40.777400000122945],[-74.10990499965972,40.77727600032504],[-74.11048299996806,40.777144999798864],[-74.11050200023462,40.77714099990336],[-74.11055699958789,40.777128000241326],[-74.11056699963363,40.777041999691924],[-74.11068200015967,40.776909000110024],[-74.11072200034265,40.77689699969991],[-74.11086600028268,40.776845000165224],[-74.11091800016122,40.77682699987203],[-74.11108999969036,40.776764999807334],[-74.11113300024637,40.776752000071724],[-74.11117599990408,40.77672199999186],[-74.11122699995771,40.776692999879096],[-74.11135599982914,40.77662399981791],[-74.11137099989776,40.77661599996393],[-74.1115009995941,40.7765519997368],[-74.11166700017375,40.776462999849954],[-74.11168800009015,40.776450000055235],[-74.11175000001444,40.776381999727],[-74.11175699968715,40.77636499997421],[-74.11178599999946,40.776314999995826],[-74.11180000024315,40.776271999889026],[-74.11184700009882,40.776187000260514],[-74.11186800001522,40.7761619998689],[-74.11193300031255,40.776106999790514],[-74.11195500005385,40.77610299983251],[-74.11198400036616,40.77609399992613],[-74.11200500028255,40.776089999967354],[-74.11203399969656,40.776081000059214],[-74.11206700020685,40.776077000099654],[-74.11208800012325,40.77607300013985],[-74.1121140000625,40.77607300013985],[-74.11215000004752,40.7760690001798],[-74.11218600003254,40.776064000229354],[-74.11221799981959,40.776060000268764],[-74.11225100032986,40.776060000268764],[-74.11227200024626,40.776064000229354],[-74.11233400017053,40.776081000059214],[-74.11247499973753,40.77610999975885],[-74.1125149999205,40.776105999801025],[-74.11258699989054,40.77610299983251],[-74.11298000025091,40.77607000016984],[-74.11325100041257,40.77607500011978],[-74.11342799996457,40.77611199973767],[-74.11364899989752,40.776179999662006],[-74.11374199978393,40.77620800001076],[-74.11395900041722,40.77630800009103],[-74.11403100038726,40.7762460002223],[-74.11415000021293,40.776142000093],[-74.11441999965135,40.775807000231254],[-74.11479100027043,40.775430000068255],[-74.11480899981379,40.77540500007205],[-74.11484800017185,40.77535000004724],[-74.11513299967888,40.77495199987136],[-74.11539899981767,40.77442100023149],[-74.11541700025933,40.774413000112226],[-74.11546900013786,40.77438000029033],[-74.1155910003366,40.77433900032388],[-74.11566599978136,40.77432600011353],[-74.11583999985862,40.77430099970184],[-74.11619499968586,40.77422399973542],[-74.11650199983252,40.77415699986868],[-74.1165760003507,40.774150999755484],[-74.11663300025211,40.77411999984224],[-74.11669799965112,40.77406900019493],[-74.11674100020714,40.77388999974899],[-74.1167520000778,40.7738200001541],[-74.11671699991767,40.77376300012826],[-74.11669500017638,40.77371400025792],[-74.1165489996882,40.77364199974418],[-74.11649900035779,40.773615999728456],[-74.11633100012831,40.77352099982004],[-74.11625400013541,40.77349799984325],[-74.11620800010466,40.773460000100805],[-74.11618299999031,40.77341500012707],[-74.1162049997316,40.77337500027601],[-74.11628000007468,40.773318999899836],[-74.1163510002198,40.77328700024678],[-74.11640499974816,40.77327299979848],[-74.11643900008335,40.77327899999097],[-74.11647800044139,40.773276999926864],[-74.11655899973394,40.77327899999097],[-74.11670799969686,40.7733080002334],[-74.11683999994135,40.7733260001195],[-74.11690900043662,40.77333300033845],[-74.11697899985852,40.77332700015083],[-74.1170270004374,40.773296999884884],[-74.11704599980565,40.77324899970336],[-74.1170340001101,40.77313399994937],[-74.11692199995711,40.77290299980653],[-74.11688500014718,40.772840000122955],[-74.1168859999721,40.772790000212815],[-74.11688000012431,40.772746999865404],[-74.1169019998656,40.77270500021112],[-74.11707900031594,40.77255400002003],[-74.11712899964634,40.7725489998051],[-74.11715700013374,40.772540000097585],[-74.11719800014161,40.77253800001118],[-74.11722099970784,40.772543000227],[-74.11725500004303,40.77255700014881],[-74.11732100016529,40.77257899972848],[-74.117583999931,40.77268299999291],[-74.11765500007611,40.77272799978212],[-74.11769500025908,40.77274799990544],[-74.11774499958948,40.77275899966454],[-74.11777300007688,40.772751000025465],[-74.11781699955951,40.772737000144474],[-74.11784800041995,40.77270300012973],[-74.11785900029062,40.77261900005876],[-74.11786299959026,40.772406000301636],[-74.11779099962024,40.77208600004098],[-74.11777100042707,40.77202699978638],[-74.1178090000619,40.77197499984143],[-74.1178790003821,40.771918000273665],[-74.11816399988915,40.771826000140074],[-74.11821499994277,40.77181899976231],[-74.11825799960047,40.77181600028052],[-74.11831700005001,40.771827000193966],[-74.11836700027872,40.771857999816454],[-74.11840499991357,40.77187800020162],[-74.11868000027317,40.77204700012072],[-74.11891999957436,40.772232999744084],[-74.11905000016904,40.772331000272544],[-74.11909200000184,40.772348999743016],[-74.11914999972814,40.77236199965988],[-74.11920699962955,40.77237000002611],[-74.11938800027784,40.77235800015672],[-74.11948799983696,40.77234100005453],[-74.11988299984715,40.77229099976886],[-74.12032399988813,40.77226900009384],[-74.12046100015547,40.77227000014107],[-74.12052599955449,40.77226499990477],[-74.12058500000404,40.77225800025362],[-74.1208360000742,40.77220699985729],[-74.12114800024374,40.77213599980064],[-74.1213080000773,40.77210300020842],[-74.12152200033754,40.772039999766285],[-74.12166000042981,40.77200500002399],[-74.12171200030835,40.771985999728514],[-74.12174300027048,40.771963999952504],[-74.12177800043058,40.77192299985576],[-74.12179799962375,40.77189300031652],[-74.12210300012059,40.771494999840705],[-74.12212200038717,40.77148800010845],[-74.12218400031145,40.77147800019803],[-74.12268599955345,40.771436999801395],[-74.1227569996986,40.77144400021936],[-74.12282399964575,40.77146800028616],[-74.12285799998092,40.77149399978181],[-74.12312599976953,40.77173800010014],[-74.12317599999824,40.77177099987365],[-74.12324600031845,40.771779999685336],[-74.12386599956122,40.77170400025447],[-74.12461899977173,40.77162199971482],[-74.12495900042866,40.77157699985682],[-74.12677000044819,40.771386000135536],[-74.12700700027465,40.771360999978214],[-74.12718999967446,40.771342000178905],[-74.12730600002541,40.77180400031108],[-74.12734899968311,40.77194599969746],[-74.12739200023913,40.772046000070134],[-74.12744400011766,40.772133999702135],[-74.12747900027776,40.772188999668074],[-74.12755000042286,40.772279999932294],[-74.12762200039289,40.77235900020261],[-74.12769699983765,40.772427999931296],[-74.12803400012156,40.77265999972602],[-74.1287920003549,40.77310100017252],[-74.12887900039355,40.77315199988258],[-74.12892799989903,40.773180000146965],[-74.12936399991713,40.77342799983541],[-74.12944299955984,40.77347299980035],[-74.12954499966709,40.7735540000686],[-74.12962699968286,40.77364699987686],[-74.12968100010954,40.77374000023524],[-74.12971600026964,40.773836999877865],[-74.12973100033825,40.7739370001256],[-74.12972600031537,40.77402700001577],[-74.12970500039899,40.77411499974516],[-74.1294679996742,40.77474500017058],[-74.12943400023732,40.774900000174796],[-74.1294250000165,40.77503399970267],[-74.12943000003936,40.77512500015188],[-74.12959599972072,40.776043999743735],[-74.12962500003304,40.77620300007083],[-74.12968399958427,40.77653000011219],[-74.12973299998808,40.77670299968483],[-74.12980199958506,40.776871000277794],[-74.12989000034692,40.77703499986379],[-74.12999599975379,40.77719199991354],[-74.13011999960236,40.77734099982557],[-74.13029000037999,40.77750600026043],[-74.13030700009841,40.77752199975308],[-74.13035899997696,40.777563999763466],[-74.13045000021356,40.77763700007467],[-74.13058800030582,40.7777320002198],[-74.1307709997056,40.77783999975427],[-74.13129499958725,40.77810099988851],[-74.1314179996109,40.77816200010824],[-74.13144899957304,40.778177000164845],[-74.13219400028593,40.77854899994089],[-74.13224600016447,40.77857500006677],[-74.13299699982683,40.778948000281616],[-74.13303299981185,40.7789660000001],[-74.13378600002234,40.77934000000096],[-74.13381600015957,40.77935499979156],[-74.13454900027858,40.779720000227776],[-74.13461000037795,40.77975000031421],[-74.13535000016967,40.78011900033707],[-74.13539600020042,40.78014200006228],[-74.1356060002627,40.78024600005143],[-74.13617100015222,40.7805420002803],[-74.13619100024371,40.78055300010942],[-74.13625099961985,40.78058399974173],[-74.13631699974209,40.78061899972607],[-74.13697799989109,40.780965000250646],[-74.137014999701,40.780984999934915],[-74.1377329997514,40.781360999952426],[-74.13775299984289,40.78137200032614],[-74.13786099979792,40.78142800003604],[-74.13844800032706,40.781735999977414],[-74.13850699987829,40.781766999737776],[-74.13854500041145,40.781787999764745],[-74.13871399956753,40.78187899980476],[-74.13926599993657,40.78217500023874],[-74.13933399970864,40.78221099996259],[-74.13934600030252,40.782217999925464],[-74.14040599976137,40.78278800026107],[-74.14120800037567,40.783218999952],[-74.14127199994977,40.78325399990826],[-74.14131299995763,40.78327600002679],[-74.14167799983063,40.78347200032846],[-74.14204100005378,40.783667000176024],[-74.14238800038343,40.78385299991569],[-74.14276199957894,40.78405499977434],[-74.14278400021855,40.78406700025167],[-74.14312999982496,40.78425300023151],[-74.14349899989591,40.784451000098386],[-74.14352200036045,40.78446299982402],[-74.14386200011906,40.784645999792254],[-74.14389200025629,40.784660999745014],[-74.14425299993131,40.784843999847865],[-74.14426999964975,40.78485299992913],[-74.14457299959845,40.78502399988087],[-74.1445969998879,40.78503799989319],[-74.14462700002514,40.78505400029234],[-74.14495699973801,40.785228999815445],[-74.14499699992099,40.78525000010811],[-74.1453090000905,40.785414999941786],[-74.14534300042571,40.78543299994834],[-74.1454139996725,40.785469999795296],[-74.14599000033098,40.78577599966947],[-74.14650400016689,40.78605799994548],[-74.14676899958245,40.78617100009631],[-74.14694400038294,40.78624699998125],[-74.14712199975986,40.78632900015336],[-74.1472439999586,40.78637599989114],[-74.14733299964705,40.78641100022422],[-74.14746400006663,40.786465000099454],[-74.14752900036395,40.78649099984739],[-74.14758600026536,40.786399000170384],[-74.147589999565,40.786350999933454],[-74.1479050001076,40.785782999936785],[-74.14797999955235,40.7856469999544],[-74.14824800023926,40.785163000018365],[-74.14838999963116,40.78479199973241],[-74.14846199960118,40.784537999760495],[-74.14851600002787,40.78416399977958],[-74.14853799976918,40.783294999814146],[-74.14853799976918,40.782844000137544],[-74.14853899959408,40.78242799983067],[-74.1484699999971,40.78140799980499],[-74.14834199995059,40.77988500019534],[-74.14832600005707,40.77970200003335],[-74.14832600005707,40.779606000047885],[-74.14837100026291,40.77949600010648],[-74.14840800007283,40.77940600014266],[-74.14843800021006,40.77917599998339],[-74.14898700020606,40.77800099978626],[-74.14928799960661,40.77769999997129],[-74.14948500014842,40.77761000029507],[-74.14967699976906,40.77752299972125],[-74.14979399994492,40.777469000058346],[-74.15037200025324,40.776892999789474],[-74.15063199964592,40.776658999848024],[-74.15224199982397,40.77521199978456],[-74.15265600010078,40.77479699998847],[-74.15326600019613,40.77418899978301],[-74.15329999963302,40.77412599995824],[-74.15340199974025,40.77394600032417],[-74.1535049996724,40.77376600020245],[-74.15379699975047,40.77338900002256],[-74.15403699995,40.77308000012042],[-74.15411399994288,40.7729809999799],[-74.15415099975282,40.77293400028762],[-74.15427499960136,40.77277500030042],[-74.15466399976378,40.772274000329844],[-74.15515900023142,40.77173199976844],[-74.15527899988203,40.77153999975423],[-74.1557979997408,40.770814999856704],[-74.15636900037642,40.76889600005398],[-74.15663999963975,40.76798599988561],[-74.15707499983293,40.76720300033815],[-74.15738700000247,40.76664200013249],[-74.1574809997138,40.76647199993921],[-74.15768800030135,40.76609999989647],[-74.15774699985259,40.76603000025916],[-74.15782999969325,40.765931999962724],[-74.15840200015379,40.76526000006319],[-74.15867300031543,40.76494199972254],[-74.15913299972466,40.76448199983659],[-74.15959300003222,40.764023000340096],[-74.1599589997301,40.763658000074294],[-74.16032500032631,40.76329299984521],[-74.16061700040436,40.76300199990225],[-74.16207400042155,40.761479000196985],[-74.16214899986629,40.76137299966552],[-74.16252799998298,40.76083399998378],[-74.1629449997345,40.760076000195085],[-74.16306000026054,40.75986699995305],[-74.16312399983465,40.75975099993882],[-74.16318800030706,40.75963499972216],[-74.16338800032362,40.75940100024108],[-74.16358599979203,40.758651999990214],[-74.16396800028176,40.7577180001455],[-74.16434999987317,40.756784999706525],[-74.1645130000798,40.756388000216155],[-74.16452899997331,40.75629800025229],[-74.1645850000498,40.755972000285595],[-74.16479900031005,40.754718000019544]]]}},{"type":"Feature","properties":{"geoid":"3403936690","townId":"kenilworth-borough","name":"Kenilworth borough","county":"Union","status":""},"geometry":{"type":"Polygon","coordinates":[[[-74.314035,40.673877],[-74.311791,40.674215],[-74.312405,40.676134],[-74.310403,40.678476],[-74.310194,40.679742],[-74.307624,40.680049],[-74.306798,40.680606],[-74.305241,40.681393],[-74.305164,40.684388],[-74.300546,40.685157],[-74.29839,40.684744],[-74.298733,40.687503],[-74.294741,40.687972],[-74.294495,40.690049],[-74.292684,40.690228],[-74.291755,40.685791],[-74.289636,40.686081],[-74.288609,40.686367],[-74.285351,40.688034],[-74.284462,40.68596],[-74.279753,40.686591],[-74.277943,40.688414],[-74.279236,40.689182],[-74.278188,40.690395],[-74.273603,40.69061],[-74.273778,40.689795],[-74.276202,40.688976],[-74.276304,40.687871],[-74.27444,40.686628],[-74.277229,40.685976],[-74.275674,40.684093],[-74.271208,40.680275],[-74.270923,40.678832],[-74.269192,40.678122],[-74.271246,40.676674],[-74.274172,40.673319],[-74.271311,40.670876],[-74.276118,40.670214],[-74.27531,40.667749],[-74.280133,40.666355],[-74.28359,40.665318],[-74.28459,40.666044],[-74.285358,40.665265],[-74.286282,40.668654],[-74.28853,40.670433],[-74.288605,40.670853],[-74.290614,40.670367],[-74.291585,40.671312],[-74.29195,40.671667],[-74.290953,40.673242],[-74.294353,40.672989],[-74.302611,40.672365],[-74.306683,40.672057],[-74.307778,40.674398],[-74.309207,40.674257],[-74.313076,40.673561],[-74.314035,40.673877]]]}},{"type":"Feature","properties":{"geoid":"3401939630","townId":"lebanon-borough","name":"Lebanon borough","county":"Hunterdon","status":""},"geometry":{"type":"Polygon","coordinates":[[[-74.84854200036877,40.64954399994912],[-74.84774700032547,40.6484010002908],[-74.84719099975847,40.64848300003923],[-74.84688899963467,40.64768300030133],[-74.84673499964889,40.6472760000521],[-74.84668600014338,40.647153000211816],[-74.84663500008978,40.64702199970041],[-74.84663099989181,40.64701100028049],[-74.84661199962524,40.64696300031222],[-74.84651200006611,40.64670900013239],[-74.84636899995098,40.646347000153675],[-74.84632100027041,40.646224999861545],[-74.84624500010243,40.64603300024626],[-74.84622199963789,40.645916000252456],[-74.84621400014028,40.64582600017012],[-74.84619900007168,40.64571800032002],[-74.84616100043684,40.645370999751385],[-74.84614600036822,40.64530400029806],[-74.8461229999037,40.64510499999924],[-74.84611500040609,40.64504700019435],[-74.84610000033747,40.644952000040746],[-74.84609199994156,40.64485799966958],[-74.84593999960559,40.64352400010124],[-74.84585299956693,40.64330199994701],[-74.84584000004648,40.6432359997219],[-74.84571000035014,40.64309900003779],[-74.84570100012931,40.64309099980371],[-74.84566299959614,40.64305000003774],[-74.84548000019636,40.642858000149864],[-74.84283099957753,40.64007300004939],[-74.84266900009412,40.63990300028465],[-74.84299399978414,40.63877199989872],[-74.84299999963193,40.63874999970123],[-74.84229099980236,40.63859700017221],[-74.84178500036238,40.63848700018715],[-74.84120299985611,40.63836099978331],[-74.84102200010614,40.63817000005935],[-74.84098000027335,40.63812699996043],[-74.84090900012824,40.63805099987649],[-74.84088599966371,40.63802700008314],[-74.84002399967326,40.637417000109956],[-74.83671700017679,40.635080000246326],[-74.83389500020391,40.634519000095835],[-74.83384699962502,40.63465200006445],[-74.83380999981509,40.63486000009416],[-74.83380099959427,40.63491300023738],[-74.83379200027174,40.6349940001306],[-74.83377100035534,40.635188000266425],[-74.83372500032459,40.635475999920494],[-74.83371000025598,40.63561100014021],[-74.8336979996621,40.63570499989967],[-74.83367900029384,40.63585399971142],[-74.83366400022523,40.63608399980653],[-74.83364900015661,40.636192000247654],[-74.83364400013375,40.63626000003183],[-74.83362599969207,40.63641300014504],[-74.83360999979855,40.63652500022396],[-74.83360499977567,40.63657000007494],[-74.83359499972994,40.636642000318766],[-74.83357999966132,40.63676399972148],[-74.83357200016373,40.63688999973106],[-74.83355799992003,40.63701800025476],[-74.8277559997905,40.638590000091796],[-74.82642799964475,40.63894999986671],[-74.82612800006909,40.63903100031537],[-74.8258050000289,40.63911800000615],[-74.82550100025529,40.639201000255795],[-74.82544199980573,40.639216000289935],[-74.82337200021843,40.6397749998393],[-74.82308599998817,40.6398529999908],[-74.82292299978154,40.639897000333164],[-74.82279800010808,40.639930000059685],[-74.82276600032102,40.639938999982256],[-74.8223689997627,40.64004600033224],[-74.82218499963967,40.64009599979991],[-74.82208300043072,40.6401230001785],[-74.82170000011608,40.642818000188925],[-74.8216089998795,40.64295299987586],[-74.82155600017605,40.643057000332035],[-74.82152500021391,40.64312399999615],[-74.82149500007667,40.6431959999875],[-74.82146400011455,40.64327700005533],[-74.8214259995814,40.643362999725205],[-74.82135000031171,40.64355199971209],[-74.82127699961848,40.64370999982778],[-74.82245499997642,40.64432499986168],[-74.82278700023743,40.644499000325766],[-74.82280599960569,40.644509000236816],[-74.82414100032246,40.645207999916295],[-74.82714700041836,40.64677799999782],[-74.82766700010202,40.64704999988854],[-74.82797500007362,40.64721100023123],[-74.82980199998667,40.64816599967236],[-74.83094699983432,40.64876399989231],[-74.831542999686,40.648854000102],[-74.83319800006991,40.64910400019913],[-74.83322400000917,40.64910800029664],[-74.83313799979545,40.64927199999995],[-74.83306900019848,40.64940700026362],[-74.8329930000305,40.6495380001827],[-74.83292400043352,40.64967299990825],[-74.83288699972528,40.64973599968673],[-74.83295299984752,40.64975000023526],[-74.83340399993422,40.64984200016423],[-74.83377100035534,40.64919600033714],[-74.83567799973602,40.64950200020977],[-74.83625400039452,40.64950399990584],[-74.83992699958887,40.64951500027795],[-74.84173900033163,40.649520000198635],[-74.8418070001037,40.649521000046434],[-74.84678800025065,40.64952900019127],[-74.84774399995241,40.6495380001827],[-74.84854200036877,40.64954399994912]]]}},{"type":"Feature","properties":{"geoid":"3403940350","townId":"linden-city","name":"Linden city","county":"Union","status":""},"geometry":{"type":"Polygon","coordinates":[[[-74.28774299962654,40.639719000163666],[-74.28767099965653,40.639613999963665],[-74.28766099961078,40.63959900001901],[-74.2875150000209,40.63943899971779],[-74.2873669998829,40.6393159997495],[-74.28716600004145,40.63918800022352],[-74.28697699989557,40.63908699988648],[-74.28577799962123,40.63843700019602],[-74.28557900032793,40.63831199971353],[-74.28547100037288,40.638242999957676],[-74.28532300023488,40.63809900011899],[-74.28449999970418,40.63691900011622],[-74.28402699987615,40.63623899973495],[-74.28399000006624,40.636187000010196],[-74.28395400008122,40.63613500024495],[-74.2839089998754,40.63607099984897],[-74.28383100005759,40.6359499999127],[-74.28376099973738,40.635851000235505],[-74.2837969997224,40.63582200006813],[-74.2844090003659,40.63538199983861],[-74.28516500005114,40.63484200024174],[-74.285346999626,40.63471000003957],[-74.28502299976091,40.63443500008677],[-74.28455300030595,40.63403299989511],[-74.28293599955686,40.632661999806196],[-74.28239900015473,40.63220299989647],[-74.28129399959174,40.63126400033928],[-74.28072899970222,40.630784999843364],[-74.28065400025746,40.630720000325425],[-74.28002200042079,40.63018499984427],[-74.27900600044457,40.62931299975194],[-74.27728599976331,40.62776300007015],[-74.2770599998075,40.627550000228645],[-74.27683700022473,40.6273529998602],[-74.27648700042036,40.627029000118846],[-74.27481299976989,40.6254789999244],[-74.2726539995958,40.62348800014803],[-74.27178400010777,40.62268399985818],[-74.27169299987118,40.62259999996157],[-74.27116599961647,40.62211300002953],[-74.27095999975215,40.62192200019154],[-74.27076399993358,40.62174099971965],[-74.26892000030209,40.620037999758054],[-74.26864800031552,40.619787000289854],[-74.26843400005528,40.6195880002966],[-74.26799200018941,40.61917899998082],[-74.26711799960509,40.618372999701116],[-74.26667300026448,40.61796200017],[-74.26623899989622,40.61756100001217],[-74.26612799956813,40.617457999717494],[-74.26528099964628,40.616673999790144],[-74.26426300002022,40.61573399974479],[-74.26344899971036,40.61498200014199],[-74.26270399989579,40.61429399976531],[-74.26212200028783,40.61375899999658],[-74.2612050000458,40.612916999866044],[-74.25913600028342,40.61099599982021],[-74.25843800032452,40.61034900009404],[-74.25828900036159,40.6102119997626],[-74.25568400012368,40.60780399979846],[-74.25552799958976,40.60765899999987],[-74.25640999967167,40.60546300030671],[-74.25647499996902,40.60530099971879],[-74.25650500010624,40.605226000298714],[-74.25714600016376,40.603631000072],[-74.25738700018819,40.60302999977823],[-74.25755200004461,40.602620999725865],[-74.25767400024336,40.60231399995166],[-74.25768900031197,40.602276000003705],[-74.25760499974807,40.602271999828474],[-74.25755700006748,40.60224599970652],[-74.25740700027966,40.60217700019948],[-74.25730900037037,40.60214099992427],[-74.25721899995868,40.602111000248534],[-74.25703300018584,40.602064999810125],[-74.25688400022293,40.60204000016651],[-74.25675600017641,40.602030000033615],[-74.25655500033496,40.60202699972067],[-74.25641200021983,40.602032999664424],[-74.25598100022461,40.602074999937784],[-74.25566900005506,40.60210500031174],[-74.25550699967336,40.60211200012427],[-74.25537199995414,40.60211200012427],[-74.25516199989187,40.602091000002495],[-74.25506499980747,40.60206800012141],[-74.25498500033986,40.60204100004331],[-74.25488700043057,40.60199500023878],[-74.25457500026103,40.60181600010514],[-74.25430400009938,40.60163800005699],[-74.25408800018931,40.60146899986773],[-74.25394300042436,40.60132900008547],[-74.25380000030923,40.601190999789104],[-74.25357699982816,40.60100199994398],[-74.25346899987312,40.600938999876846],[-74.25329200032112,40.600843999717505],[-74.25313499996227,40.60079699987592],[-74.2529679995577,40.60076800017485],[-74.25270999981484,40.600744999838504],[-74.2525590002021,40.600732999719234],[-74.25227100032201,40.60074100025371],[-74.25214300027548,40.60074399994237],[-74.25081400030483,40.60071400032167],[-74.24999999999494,40.60065399967575],[-74.24849299974903,40.60044299981862],[-74.24692600012699,40.60002800018328],[-74.24653100011678,40.59991900001123],[-74.24607900020514,40.599803000290024],[-74.2459839997706,40.59977899971103],[-74.24549699969889,40.59967599997041],[-74.24521300001675,40.59964200021982],[-74.24415799968246,40.59951600019105],[-74.24409300028346,40.59951000002132],[-74.2435059997543,40.59946900009778],[-74.2430270000785,40.599459000262335],[-74.24286800006985,40.599455999834],[-74.24255800044845,40.59946399983923],[-74.24239299969368,40.59947399967392],[-74.2422100002939,40.599486000019255],[-74.24198599998792,40.599504999765834],[-74.24166600032078,40.59955600017175],[-74.24144899968748,40.59961800026515],[-74.24111499977663,40.59973700004126],[-74.2403230001064,40.600096999862416],[-74.23952100039041,40.600495000090966],[-74.23906199990778,40.60075899974763],[-74.23890500044728,40.60087200017335],[-74.23883299957892,40.60093500030362],[-74.23863799958525,40.60113100025345],[-74.23823400025253,40.60162299976691],[-74.23813799999306,40.60174000030353],[-74.237958000068,40.601957999987576],[-74.23770899964765,40.602206999845656],[-74.23762099978411,40.60228100005197],[-74.23752700007279,40.602352999750146],[-74.23737200026208,40.6024419999045],[-74.23722900014695,40.60249499985585],[-74.23705300041985,40.6025319998098],[-74.23682099971795,40.60255899968957],[-74.23668099997587,40.602567999874424],[-74.23631100008001,40.602577000058055],[-74.23621499982055,40.602571000163145],[-74.23599999973537,40.60255899968957],[-74.23596200010054,40.60255600008237],[-74.23589900035135,40.60255199992389],[-74.23563900006036,40.60252199975056],[-74.23550000014319,40.602490999693664],[-74.23537799994446,40.602467000079805],[-74.23522300013377,40.60239999986174],[-74.23503399998786,40.60231200020621],[-74.2349159999871,40.60224499983278],[-74.23481600042798,40.60217499976788],[-74.23471400032072,40.60207300018518],[-74.23461100038857,40.601952999915156],[-74.2345929999469,40.601924999912086],[-74.23453299967244,40.60183200023185],[-74.23435899959516,40.60143899989034],[-74.23410500005029,40.600670000080655],[-74.23399500044542,40.60033999973701],[-74.23395699991227,40.600262999717955],[-74.2338819995692,40.600085000308844],[-74.2338179999951,40.59997600022974],[-74.23379299988073,40.599934999909976],[-74.23372099991072,40.59984200018933],[-74.23360600028299,40.59973299971404],[-74.23352699974195,40.59966999981509],[-74.23342200015998,40.59958700022563],[-74.23321700012056,40.59947099992828],[-74.23296299967735,40.599348000010515],[-74.23273000004885,40.59926699985787],[-74.23263299996445,40.599232999899314],[-74.23254500010091,40.59920300028261],[-74.2320799997705,40.599110000225686],[-74.23199899957964,40.59909300020864],[-74.23153400014756,40.59900099992096],[-74.23121100010736,40.598930999869346],[-74.2307270004087,40.59884299973944],[-74.23017199966661,40.598787999769975],[-74.22974499986935,40.598826000336594],[-74.22816300017868,40.599558999913576],[-74.22792899982694,40.599634000235895],[-74.22766699988613,40.59969800008066],[-74.22755999975601,40.59972399982955],[-74.22722300037043,40.59979700014606],[-74.2265539998255,40.59987599983818],[-74.22579099956927,40.5999160002856],[-74.22530900041873,40.59991900001123],[-74.22520499976335,40.59991900001123],[-74.22494399964745,40.59992099982827],[-74.2247350003084,40.599921999736765],[-74.2242859998715,40.59993300009336],[-74.22310099984087,40.59996000034085],[-74.22297299979435,40.59996399997242],[-74.22175599997666,40.60000600018163],[-74.22168200035684,40.60001200030678],[-74.22130400006505,40.60004100033582],[-74.22066899985532,40.600136000272265],[-74.22048700028044,40.60017499997734],[-74.22021199992083,40.60023499968905],[-74.21971200032864,40.60038199970998],[-74.2196529998791,40.60039999998264],[-74.21955599979472,40.60042899984335],[-74.21871100042104,40.60072700034081],[-74.21835200039583,40.60088500016181],[-74.21817599977042,40.60096700029295],[-74.21796300023338,40.60107700001144],[-74.21782500014115,40.601169000170216],[-74.21767299980516,40.6012899996896],[-74.2175489999566,40.60142799978158],[-74.2173790000773,40.60163399984358],[-74.21727699997005,40.60180500005842],[-74.2171189997863,40.602188000184995],[-74.21696399997559,40.60276200007828],[-74.21687799976188,40.602993999962436],[-74.21678700042361,40.60315400028354],[-74.21674200021775,40.603225999723385],[-74.21668500031633,40.60330400027939],[-74.21656399994252,40.60344400001727],[-74.21642400020043,40.60357299970614],[-74.21629799980374,40.603663999987226],[-74.21598999983217,40.60384200009636],[-74.21585099991499,40.6039069998533],[-74.21582800034876,40.60391699970538],[-74.21573299991421,40.60395599993259],[-74.215590999624,40.60401499981337],[-74.21541800026993,40.604063999813484],[-74.21514799993321,40.604114000305444],[-74.21495100028972,40.60413399994618],[-74.21463999994509,40.60414899967276],[-74.21445699964698,40.60414100022822],[-74.21424300028505,40.604106000174674],[-74.2140490001163,40.604058000051985],[-74.21375600021334,40.603946999934635],[-74.21335600018027,40.60373799994459],[-74.21304499983563,40.60353399993749],[-74.21287800032937,40.603405000173346],[-74.2127610001535,40.60329900030769],[-74.21265599967322,40.603171999809746],[-74.21256000031205,40.60300300008871],[-74.21247099972528,40.60282100033097],[-74.21243599956517,40.60270500018932],[-74.21233799965589,40.60233300025856],[-74.2122959998231,40.602058999869236],[-74.21223399989883,40.60164499991844],[-74.21213000014174,40.60048100012654],[-74.21206099964644,40.59961599975696],[-74.21192699975215,40.599214999994494],[-74.21183800006371,40.59895400014775],[-74.21170099979635,40.5986689996687],[-74.21150400015286,40.59832100021475],[-74.21117500026489,40.597916999689694],[-74.21084499965369,40.597563000069265],[-74.21037000017583,40.59714000000698],[-74.20962700001108,40.596589999953316],[-74.20878599993704,40.596032999701336],[-74.20764500028733,40.59533500023354],[-74.20713300010127,40.59503600027462],[-74.20495499966063,40.59376200002492],[-74.20329099995419,40.593041999793996],[-74.2024609997508,40.594117999980384],[-74.20030300029994,40.596918999756554],[-74.19958900044752,40.59784599992768],[-74.19958900044752,40.60038199970998],[-74.20236600021455,40.60338899974113],[-74.20368299959135,40.60481600020836],[-74.2048330003602,40.606062000232335],[-74.20388900035398,40.614275999824876],[-74.20257100025397,40.61652100013695],[-74.20242499976578,40.616770000289485],[-74.2025450003147,40.61737999999765],[-74.203925000339,40.624370000136466],[-74.20361700036743,40.62519800022659],[-74.20345800035878,40.62562399991502],[-74.202707999623,40.62763500021166],[-74.20228099982575,40.62878100006379],[-74.2023279996814,40.62990699991915],[-74.20239999965143,40.63159199976999],[-74.20066800017293,40.632900000082664],[-74.20144999979745,40.63396399980708],[-74.20182999973905,40.63421800008554],[-74.20206200044093,40.63437799994741],[-74.20255000033757,40.63471400031804],[-74.2028209996009,40.634902000185384],[-74.20363099971281,40.63545500005872],[-74.20378200022387,40.63555899992632],[-74.20383599975223,40.63559599997777],[-74.2051370001338,40.63648499987648],[-74.20587699992554,40.636990999983645],[-74.20624500017155,40.637243000271546],[-74.20709799994117,40.637824999833185],[-74.20716900008627,40.63787500028268],[-74.2074800004309,40.63808699989115],[-74.20765799980782,40.63820900006165],[-74.20770300001365,40.638238999890596],[-74.20785100015166,40.638340000147316],[-74.20798500004597,40.6384320001267],[-74.2080939998259,40.63850699976417],[-74.20832800017763,40.63866800026455],[-74.20848499963817,40.63877299990754],[-74.20852700036927,40.63880200015636],[-74.20972800029342,40.63962399992491],[-74.21016000011356,40.63991400019433],[-74.21043499957486,40.64011200030326],[-74.21073699969865,40.64031399976793],[-74.2115789995976,40.64088899998288],[-74.21284099962112,40.64175199986182],[-74.2136199997709,40.6422829998553],[-74.21465400018879,40.642990999864665],[-74.21511899962088,40.643309000214884],[-74.21564500005067,40.64366799982487],[-74.21569899957902,40.64370500015338],[-74.21579900003647,40.64377299978253],[-74.21591700003722,40.64385399983176],[-74.21601900014448,40.643769000046866],[-74.21608899956635,40.64371099976258],[-74.21613999962,40.643668999760344],[-74.21619900006954,40.643708999892915],[-74.2162810000853,40.64376399969525],[-74.21655499972168,40.64395000011625],[-74.2169299996404,40.644202999963056],[-74.21763199979729,40.644676000097384],[-74.21811200019631,40.6450000000922],[-74.21842900038871,40.645221000139344],[-74.21925000037129,40.64579100014314],[-74.21930899992252,40.645840000175745],[-74.21941299967959,40.64593000023925],[-74.22013699957778,40.646426999911306],[-74.22114199968334,40.64712599995053],[-74.22159699996801,40.64744199992597],[-74.223356000109,40.64866000015009],[-74.22344099959949,40.64871999994249],[-74.2235600003235,40.64880000026337],[-74.22361100037712,40.64883500007542],[-74.22378799992913,40.64895699968565],[-74.2249489996703,40.64974899970932],[-74.22600099963155,40.650465000294254],[-74.2269470001859,40.65111400025767],[-74.22820599983639,40.65191699987364],[-74.2287990002133,40.6523470000602],[-74.22967299989932,40.6529539998274],[-74.23034200044422,40.653417999809236],[-74.23040299964528,40.65346100028018],[-74.2310720001902,40.65392500014378],[-74.23179600008837,40.65442800025494],[-74.23240700000865,40.65485199996383],[-74.23251300031386,40.654927000233045],[-74.23269300023894,40.6548390002539],[-74.23299000033984,40.65466299994746],[-74.23332500007558,40.6544640002963],[-74.23337199993126,40.65443599981147],[-74.23400499959284,40.654061000314826],[-74.23535200000518,40.65326300024323],[-74.23608099992624,40.652811000174],[-74.23685099985519,40.65233099976373],[-74.23733600027708,40.65200500029902],[-74.23806600002304,40.65151400018365],[-74.23822800040473,40.65142400015381],[-74.23927600016802,40.650837000070865],[-74.23965299973658,40.650625999895176],[-74.24000799956382,40.650428000305666],[-74.24015599970181,40.65035699977282],[-74.24039900027438,40.65024099969957],[-74.24134099973246,40.649790999974776],[-74.24155099979474,40.64972000012724],[-74.24253099978594,40.64938799971293],[-74.24264399976386,40.6493499999584],[-74.24314400025436,40.649180999819556],[-74.2434980002567,40.649063000037465],[-74.24495400044898,40.648585000333696],[-74.24593899956476,40.64826100002202],[-74.24715700010567,40.647856000317006],[-74.24865599995566,40.64733399996462],[-74.2487720003066,40.64729300007868],[-74.24931100025685,40.64677700010892],[-74.24949399965666,40.64660200023953],[-74.24963199974891,40.646473999690095],[-74.2496800003278,40.646423000334636],[-74.24983599996342,40.646265999722004],[-74.24984600000916,40.6462560000742],[-74.24994499974336,40.64615700000418],[-74.24997200040585,40.64613000002155],[-74.25015499980566,40.64597100028093],[-74.25027299980641,40.64587999968882],[-74.2503359995556,40.64582999978251],[-74.25044299968573,40.64575799990618],[-74.25065699994597,40.64562399966448],[-74.2506860002583,40.64560699989437],[-74.2507430001597,40.645572999659485],[-74.25098199963598,40.64545399972351],[-74.25132999979054,40.645278999793014],[-74.25145600018723,40.645223999875874],[-74.25156800034021,40.64517400015977],[-74.251650000356,40.645144000039465],[-74.25170100040961,40.64511700032863],[-74.25219000013116,40.64502699985041],[-74.2523340000712,40.64500100000772],[-74.25344700013181,40.64479799981303],[-74.2534670002233,40.64479500005735],[-74.25422399973344,40.6446570002445],[-74.2543259998407,40.644637999704635],[-74.25512000005907,40.64446199975584],[-74.25553299961263,40.6443699999077],[-74.2560230000574,40.64426199974635],[-74.25666800031286,40.64411899986973],[-74.25695100017009,40.644036000282235],[-74.25758100035692,40.64385199996639],[-74.25781999983322,40.64378199986857],[-74.25788000010768,40.64376399969525],[-74.2586850001967,40.643355000204416],[-74.25895600035837,40.64321700014074],[-74.2592130002763,40.64300499978338],[-74.25932399970607,40.642913999918584],[-74.2596009997155,40.64260599992756],[-74.25981699962557,40.64236600025945],[-74.26009700000806,40.642054999905746],[-74.26051700013264,40.64158800008319],[-74.2610300001436,40.64101599968028],[-74.26194599966243,40.63999400016449],[-74.2626059999865,40.63923700033199],[-74.26313700043914,40.63862799983775],[-74.2633449999533,40.6383890001966],[-74.26434199966296,40.63724400030327],[-74.26439000024185,40.63727299985296],[-74.26520500037664,40.637886999866886],[-74.26569599974799,40.638258000207074],[-74.26573400028113,40.63828499996576],[-74.26576600006818,40.6383109996978],[-74.26638100018643,40.63877299990754],[-74.26704399998525,40.639272999707124],[-74.26710300043479,40.63931799975078],[-74.26766900014923,40.639745000018934],[-74.26774899961684,40.63980600032115],[-74.26838700019962,40.64028700014821],[-74.26874200002686,40.640556999943826],[-74.26917800004495,40.64088800000576],[-74.2697939999881,40.641356999894434],[-74.26994299995101,40.64146999982696],[-74.27047600005348,40.64187500011299],[-74.27097599964569,40.64225599966875],[-74.27104099994301,40.642305000251696],[-74.2711029998673,40.642352000206714],[-74.27158099971817,40.64271599994141],[-74.27170700011487,40.6428109998695],[-74.27173899990193,40.64283499998778],[-74.27236599971572,40.643308000274025],[-74.27250100033326,40.643410000298495],[-74.27301699981898,40.643800000037054],[-74.27352800018015,40.644185999831],[-74.27394599975656,40.64450200009474],[-74.27474099979986,40.64510200025736],[-74.27619699999215,40.64620100028065],[-74.27740200011426,40.64711100033079],[-74.27788900018598,40.64748400028028],[-74.27814299973087,40.647678000243],[-74.27871900038937,40.648115000246726],[-74.27905499995003,40.64836799998128],[-74.27983300027489,40.648953000260676],[-74.28033899971487,40.64933699985808],[-74.28040900003508,40.64939000009399],[-74.28093100026689,40.64979800024367],[-74.28104400024479,40.6498810001625],[-74.28136999975972,40.65010300024289],[-74.28164099992138,40.650189999815126],[-74.28139200039934,40.64923199979363],[-74.2811839999869,40.64842399989791],[-74.28140300027,40.647374999825374],[-74.28118200033705,40.647265999874094],[-74.28101199955942,40.64716400028987],[-74.28090799980237,40.64710200001209],[-74.28094200013754,40.64696300031222],[-74.2810369996738,40.64654500026483],[-74.28084199968012,40.646089999976695],[-74.28073600027322,40.64580500015616],[-74.28126199980468,40.64548999983536],[-74.28096399987885,40.645197000197406],[-74.282128999818,40.64451800022363],[-74.2822839996287,40.64442399992283],[-74.28192700015163,40.644136999947314],[-74.28178599968633,40.64402099996801],[-74.28128500026922,40.64362399992338],[-74.28154800003496,40.64346499966558],[-74.28168699995213,40.64338100000667],[-74.28265600007269,40.642795999961606],[-74.28313999977136,40.64250400003771],[-74.28407399973183,40.64194100032057],[-74.28452399999364,40.64166900005747],[-74.28481000022389,40.6414970003315],[-74.28559000019858,40.64102600011316],[-74.28636299960225,40.64055999988997],[-74.28700100018501,40.64017500024577],[-74.28713500007932,40.64010199973351],[-74.28774299962654,40.639719000163666]]]}},{"type":"Feature","properties":{"geoid":"3401340890","townId":"livingston-township","name":"Livingston township","county":"Essex","status":""},"geometry":{"type":"Polygon","coordinates":[[[-74.37727,40.76118],[-74.375763,40.762993],[-74.373511,40.763052],[-74.372408,40.764134],[-74.371136,40.764036],[-74.370011,40.766561],[-74.371939,40.767501],[-74.370094,40.769805],[-74.369549,40.771392],[-74.370889,40.7749],[-74.372971,40.775334],[-74.371776,40.77684],[-74.369246,40.778221],[-74.368926,40.779166],[-74.366811,40.78049],[-74.366477,40.782676],[-74.366957,40.789283],[-74.366154,40.790616],[-74.367062,40.793286],[-74.365444,40.795512],[-74.364004,40.799279],[-74.361583,40.800096],[-74.359852,40.799846],[-74.358967,40.800654],[-74.356452,40.803484],[-74.354026,40.805278],[-74.352483,40.805763],[-74.350722,40.807425],[-74.350864,40.809056],[-74.349795,40.811606],[-74.348532,40.812841],[-74.347253,40.812504],[-74.343712,40.813646],[-74.340584,40.812491],[-74.33842,40.813025],[-74.33744,40.815114],[-74.334987,40.817052],[-74.334369,40.818169],[-74.332135,40.816742],[-74.327109,40.815502],[-74.32597,40.812314],[-74.324717,40.812345],[-74.322232,40.812405],[-74.32208,40.810827],[-74.317291,40.809923],[-74.316826,40.811535],[-74.313751,40.811037],[-74.313308,40.813153],[-74.310387,40.81225],[-74.310672,40.811942],[-74.309154,40.811237],[-74.304017,40.810364],[-74.30118,40.809038],[-74.299284,40.808123],[-74.296782,40.810496],[-74.292288,40.809972],[-74.286912,40.80694],[-74.283791,40.808083],[-74.280584,40.806738],[-74.282267,40.803509],[-74.284636,40.798852],[-74.287095,40.794304],[-74.292367,40.783724],[-74.294388,40.77964],[-74.299142,40.770039],[-74.304721,40.757876],[-74.312406,40.757924],[-74.315239,40.757187],[-74.319237,40.758683],[-74.319733,40.757947],[-74.322753,40.759168],[-74.323597,40.758236],[-74.328208,40.758373],[-74.349414,40.7591],[-74.367542,40.761011],[-74.370326,40.75946],[-74.372397,40.759451],[-74.374032,40.757974],[-74.375587,40.758444],[-74.374934,40.759396],[-74.37583,40.760835],[-74.37727,40.76118]]]}},{"type":"Feature","properties":{"geoid":"3402741362","townId":"long-hill-township","name":"Long Hill township","county":"Morris","status":""},"geometry":{"type":"Polygon","coordinates":[[[-74.534359,40.667308],[-74.534169,40.667688],[-74.534006,40.667805],[-74.533672,40.667905],[-74.533281,40.667916],[-74.532508,40.667669],[-74.531957,40.667002],[-74.529854,40.667567],[-74.529595,40.668027],[-74.529403,40.668464],[-74.529339,40.668749],[-74.529187,40.669022],[-74.528902,40.669359],[-74.528487,40.669596],[-74.528332,40.669633],[-74.52598,40.670209],[-74.525865,40.673321],[-74.527266,40.675517],[-74.527715,40.677441],[-74.528743,40.680083],[-74.528493,40.681245],[-74.527879,40.684344],[-74.526339,40.685079],[-74.525769,40.687015],[-74.524658,40.687732],[-74.524477,40.689142],[-74.522945,40.689458],[-74.521256,40.688256],[-74.517297,40.688734],[-74.516902,40.690853],[-74.518882,40.691607],[-74.518783,40.693763],[-74.516626,40.693011],[-74.514248,40.694522],[-74.51487,40.694839],[-74.513717,40.69775],[-74.479871,40.70755],[-74.47739,40.70835],[-74.449449,40.717392],[-74.445765,40.698881],[-74.443762,40.688038],[-74.445278,40.68804],[-74.447812,40.685605],[-74.450328,40.686041],[-74.451903,40.685397],[-74.452997,40.682885],[-74.451639,40.679893],[-74.451564,40.679675],[-74.453404,40.67709],[-74.452584,40.676236],[-74.454183,40.674088],[-74.459756,40.674264],[-74.461035,40.673504],[-74.462135,40.671628],[-74.469656,40.667927],[-74.473768,40.669308],[-74.476412,40.666471],[-74.480425,40.666216],[-74.482307,40.666048],[-74.484808,40.665451],[-74.48413,40.663331],[-74.48538,40.662437],[-74.489077,40.663647],[-74.490718,40.663413],[-74.49193,40.661431],[-74.494022,40.661042],[-74.495439,40.662013],[-74.49737,40.66119],[-74.498933,40.661382],[-74.498683,40.659549],[-74.501072,40.658816],[-74.5037,40.65963],[-74.506004,40.65851],[-74.504945,40.656878],[-74.506445,40.655284],[-74.507701,40.652583],[-74.509929,40.651811],[-74.51035,40.650458],[-74.513088,40.649563],[-74.515256,40.651091],[-74.516217,40.650105],[-74.517875,40.650178],[-74.518065,40.648594],[-74.519427,40.64961],[-74.523229,40.649157],[-74.523931,40.649845],[-74.522835,40.651834],[-74.524791,40.651178],[-74.526077,40.652255],[-74.524376,40.652939],[-74.524118,40.654454],[-74.525978,40.65389],[-74.525822,40.655827],[-74.527257,40.659091],[-74.526929,40.659512],[-74.525585,40.660606],[-74.528548,40.662477],[-74.528846,40.662814],[-74.529,40.663632],[-74.529567,40.664673],[-74.532032,40.665782],[-74.533884,40.665405],[-74.534313,40.666988],[-74.534359,40.667308]]]}},{"type":"Feature","properties":{"geoid":"3402742510","townId":"madison-borough","name":"Madison borough","county":"Morris","status":""},"geometry":{"type":"Polygon","coordinates":[[[-74.442017,40.774702],[-74.441924,40.774896],[-74.440731,40.777433],[-74.429497,40.771357],[-74.426139,40.773449],[-74.424815,40.77207],[-74.419422,40.772551],[-74.412431,40.771618],[-74.411926,40.773527],[-74.412664,40.773868],[-74.410569,40.774346],[-74.410113,40.774026],[-74.410051,40.774076],[-74.410266,40.774509],[-74.410132,40.77531],[-74.410135,40.775971],[-74.410302,40.77646],[-74.4107,40.777013],[-74.405328,40.772832],[-74.404824,40.771136],[-74.4054,40.770685],[-74.400264,40.769996],[-74.400313,40.771365],[-74.397941,40.771937],[-74.396207,40.769058],[-74.398533,40.769101],[-74.40027,40.766041],[-74.401349,40.765608],[-74.399888,40.762391],[-74.394615,40.758994],[-74.394565,40.756988],[-74.397099,40.75467],[-74.392063,40.751379],[-74.3927,40.750578],[-74.398905,40.744582],[-74.398975,40.744512],[-74.402214,40.741282],[-74.402517,40.74198],[-74.405471,40.73989],[-74.408829,40.741316],[-74.409916,40.740501],[-74.414386,40.742501],[-74.430019,40.746001],[-74.429499,40.747357],[-74.429006,40.748519],[-74.428818,40.749575],[-74.432258,40.751099],[-74.433267,40.750069],[-74.438198,40.752308],[-74.438268,40.753552],[-74.439967,40.754653],[-74.436383,40.76605],[-74.4435,40.771631],[-74.442017,40.774702]]]}},{"type":"Feature","properties":{"geoid":"3403543620","townId":"manville-borough","name":"Manville borough","county":"Somerset","status":""},"geometry":{"type":"Polygon","coordinates":[[[-74.608636,40.527843],[-74.607601,40.530263],[-74.600483,40.532447],[-74.602462,40.537223],[-74.604286,40.536768],[-74.604718,40.53938],[-74.605181,40.54217],[-74.600635,40.543024],[-74.60091,40.547432],[-74.600618,40.551943],[-74.602584,40.552207],[-74.602485,40.554585],[-74.601026,40.554834],[-74.598625,40.557665],[-74.596799,40.556683],[-74.594636,40.553694],[-74.593578,40.551122],[-74.586422,40.550689],[-74.584797,40.555552],[-74.583183,40.555222],[-74.577689,40.553123],[-74.572447,40.551948],[-74.570657,40.551122],[-74.568896,40.549726],[-74.567834,40.547449],[-74.568383,40.544868],[-74.567805,40.543243],[-74.566482,40.542805],[-74.571352,40.541618],[-74.576127,40.54169],[-74.578048,40.54112],[-74.578585,40.540781],[-74.580467,40.536761],[-74.582221,40.535036],[-74.586809,40.531197],[-74.58718,40.530799],[-74.587904,40.530275],[-74.589299,40.527984],[-74.597617,40.527441],[-74.598428,40.526915],[-74.609202,40.527599],[-74.608636,40.527843]]]}},{"type":"Feature","properties":{"geoid":"3401343800","townId":"maplewood-township","name":"Maplewood township","county":"Essex","status":""},"geometry":{"type":"Polygon","coordinates":[[[-74.292207,40.756194],[-74.290214,40.757477],[-74.276819,40.76041],[-74.279884,40.755089],[-74.281892,40.75052],[-74.281826,40.749309],[-74.283114,40.747873],[-74.282225,40.746834],[-74.281339,40.746043],[-74.278617,40.746334],[-74.273085,40.742202],[-74.269931,40.740494],[-74.269492,40.740375],[-74.267003,40.73862],[-74.262116,40.735716],[-74.257053,40.736807],[-74.251989,40.738434],[-74.251361,40.737534],[-74.251008,40.736219],[-74.249645,40.734804],[-74.24865,40.734403],[-74.248151,40.734286],[-74.246282,40.733811],[-74.244369,40.733307],[-74.243699,40.732798],[-74.243448,40.730748],[-74.243659,40.730339],[-74.244082,40.730648],[-74.245536,40.728696],[-74.245847,40.728313],[-74.247223,40.727326],[-74.247809,40.726193],[-74.24962,40.723492],[-74.250213,40.722287],[-74.252148,40.716378],[-74.252815,40.715259],[-74.255668,40.713462],[-74.256022,40.713418],[-74.259903,40.714576],[-74.266895,40.716653],[-74.271842,40.718071],[-74.271914,40.718093],[-74.273961,40.718672],[-74.275788,40.719201],[-74.277133,40.719582],[-74.285187,40.722152],[-74.285334,40.722715],[-74.286514,40.727216],[-74.288059,40.733113],[-74.288906,40.736351],[-74.293063,40.752211],[-74.292207,40.756194]]]}},{"type":"Feature","properties":{"geoid":"3402745330","townId":"mendham-borough","name":"Mendham borough","county":"Morris","status":""},"geometry":{"type":"Polygon","coordinates":[[[-74.624527,40.784593],[-74.621941,40.785952],[-74.619378,40.78667],[-74.618454,40.787429],[-74.609961,40.789044],[-74.605844,40.790081],[-74.602968,40.789946],[-74.592678,40.792047],[-74.588944,40.793683],[-74.586709,40.794041],[-74.586635,40.792411],[-74.58509,40.783674],[-74.585081,40.783235],[-74.585045,40.780118],[-74.577466,40.7636],[-74.573344,40.757466],[-74.570819,40.754917],[-74.590077,40.750532],[-74.618518,40.744049],[-74.618451,40.761877],[-74.618436,40.772835],[-74.619402,40.775267],[-74.62168,40.776158],[-74.621698,40.777646],[-74.624361,40.77951],[-74.624951,40.780712],[-74.624527,40.784593]]]}},{"type":"Feature","properties":{"geoid":"3402345690","townId":"metuchen-borough","name":"Metuchen borough","county":"Middlesex","status":""},"geometry":{"type":"Polygon","coordinates":[[[-74.382584,40.552203],[-74.380319,40.552399],[-74.371187,40.55319],[-74.367151,40.55354],[-74.356827,40.554432],[-74.346009,40.555367],[-74.344831,40.553265],[-74.344608,40.552877],[-74.345451,40.55104],[-74.345948,40.548707],[-74.347788,40.546799],[-74.345181,40.540072],[-74.350012,40.534408],[-74.355443,40.528034],[-74.358527,40.52782],[-74.370071,40.529346],[-74.377173,40.533375],[-74.377998,40.536179],[-74.380373,40.544472],[-74.381859,40.549676],[-74.382584,40.552203]]]}},{"type":"Feature","properties":{"geoid":"3402345900","townId":"middlesex-borough","name":"Middlesex borough","county":"Middlesex","status":""},"geometry":{"type":"Polygon","coordinates":[[[-74.526669,40.560727],[-74.524503,40.561952],[-74.524784,40.564832],[-74.525532,40.566537],[-74.525893,40.568226],[-74.523641,40.568734],[-74.523917,40.56967],[-74.521927,40.572549],[-74.522698,40.573384],[-74.520713,40.574246],[-74.515443,40.579382],[-74.516348,40.580745],[-74.512154,40.582075],[-74.509721,40.584218],[-74.505117,40.586283],[-74.503896,40.585085],[-74.503305,40.585012],[-74.502437,40.584006],[-74.501977,40.585309],[-74.499053,40.586088],[-74.494381,40.586521],[-74.492832,40.58749],[-74.491247,40.587557],[-74.490669,40.586514],[-74.48884,40.588003],[-74.483218,40.589433],[-74.478462,40.592845],[-74.47564,40.589315],[-74.477138,40.589091],[-74.47485,40.58705],[-74.473211,40.585906],[-74.471317,40.585546],[-74.46967,40.585567],[-74.478388,40.579941],[-74.481292,40.578084],[-74.479491,40.57382],[-74.481531,40.572642],[-74.486337,40.57144],[-74.489345,40.569567],[-74.49729,40.564764],[-74.498269,40.563325],[-74.500287,40.564067],[-74.507207,40.560177],[-74.509166,40.559594],[-74.511249,40.560241],[-74.518633,40.556237],[-74.519843,40.555584],[-74.523498,40.558557],[-74.526685,40.559474],[-74.526669,40.560727]]]}},{"type":"Feature","properties":{"geoid":"3401346380","townId":"millburn-township","name":"Millburn township","county":"Essex","status":""},"geometry":{"type":"Polygon","coordinates":[[[-74.3722,40.743403],[-74.370555,40.744074],[-74.368718,40.742792],[-74.366272,40.743893],[-74.364802,40.746125],[-74.367781,40.748396],[-74.365149,40.749765],[-74.359474,40.751215],[-74.357696,40.755002],[-74.358155,40.756102],[-74.361741,40.755915],[-74.365709,40.75822],[-74.367863,40.758122],[-74.367542,40.761011],[-74.349414,40.7591],[-74.328208,40.758373],[-74.323597,40.758236],[-74.322753,40.759168],[-74.319733,40.757947],[-74.319237,40.758683],[-74.315239,40.757187],[-74.312406,40.757924],[-74.304721,40.757876],[-74.298149,40.757778],[-74.295619,40.757631],[-74.291734,40.75752],[-74.290214,40.757477],[-74.292207,40.756194],[-74.293063,40.752211],[-74.288906,40.736351],[-74.288059,40.733113],[-74.286514,40.727216],[-74.285334,40.722715],[-74.285187,40.722152],[-74.287503,40.722176],[-74.290351,40.721198],[-74.293732,40.719961],[-74.294617,40.71752],[-74.296707,40.716443],[-74.297245,40.715532],[-74.297212,40.715189],[-74.29988,40.714061],[-74.301695,40.713643],[-74.30403,40.713283],[-74.309457,40.714822],[-74.315251,40.718648],[-74.316567,40.719269],[-74.321408,40.719072],[-74.322519,40.718542],[-74.325596,40.717075],[-74.33236,40.72032],[-74.338681,40.723404],[-74.341443,40.724437],[-74.348663,40.730221],[-74.350371,40.731157],[-74.354748,40.733463],[-74.35634,40.73501],[-74.35646,40.734769],[-74.358939,40.735975],[-74.364204,40.737412],[-74.36524,40.737653],[-74.366471,40.737977],[-74.369273,40.739394],[-74.371738,40.73964],[-74.3722,40.743403]]]}},{"type":"Feature","properties":{"geoid":"3403546590","townId":"millstone-borough","name":"Millstone borough","county":"Somerset","status":""},"geometry":{"type":"Polygon","coordinates":[[[-74.601509,40.502975],[-74.596538,40.503318],[-74.596821,40.506027],[-74.588082,40.506908],[-74.588029,40.507574],[-74.581405,40.50791],[-74.57998,40.506841],[-74.57715,40.50937],[-74.578242,40.507821],[-74.578836,40.507311],[-74.581411,40.506151],[-74.586814,40.504195],[-74.587153,40.502846],[-74.587106,40.502324],[-74.584226,40.497554],[-74.583536,40.49516],[-74.599656,40.492989],[-74.600662,40.498059],[-74.601509,40.502975]]]}},{"type":"Feature","properties":{"geoid":"3402346620","townId":"milltown-borough","name":"Milltown borough","county":"Middlesex","status":""},"geometry":{"type":"Polygon","coordinates":[[[-74.4497300000296,40.45886199968386],[-74.44966899993024,40.45882400032333],[-74.44961399967868,40.45879599991743],[-74.44959000028753,40.45877499994704],[-74.44957799969366,40.458726000218526],[-74.4495590003254,40.45867299990004],[-74.44945999969288,40.45850199973508],[-74.4494470001724,40.45847599981975],[-74.44941500038536,40.45842100004461],[-74.44927300009512,40.45818300026259],[-74.44916199976704,40.45805999980644],[-74.44912599978203,40.45801300019501],[-74.44908599959906,40.45776699980203],[-74.44907800010145,40.457714000094],[-74.44902899969765,40.457654999763726],[-74.44888499975761,40.457481999770906],[-74.44881299978758,40.45736400001808],[-74.44879600006915,40.45725100000256],[-74.44883000040433,40.45708000031938],[-74.4488630000163,40.45702400009274],[-74.44893099978836,40.45695399991458],[-74.44897199979624,40.45686099978973],[-74.44898500021502,40.45673700033437],[-74.44898900041301,40.45667099984741],[-74.44898500021502,40.45664999989634],[-74.4489679995983,40.45660799997457],[-74.44893599981124,40.45656400002832],[-74.44883100022925,40.456461000041536],[-74.4487860000234,40.45631999980353],[-74.44879199987118,40.456199000046965],[-74.44885700016852,40.4560680000083],[-74.44887700026,40.4559950001786],[-74.44888499975761,40.45596499994464],[-74.44888099955965,40.455930999663366],[-74.44885600034361,40.45588799996645],[-74.44878199982544,40.45572300030199],[-74.44873800034283,40.455625999788126],[-74.4487080002056,40.455516000311384],[-74.4487009996346,40.45549099993916],[-74.44866800002265,40.45535299976766],[-74.44865899980181,40.45532700000082],[-74.44862600018983,40.45511400003344],[-74.44861100012123,40.45496700024947],[-74.44858299963383,40.45477699973596],[-74.4484269999982,40.45441300033123],[-74.4484119999296,40.454340000070495],[-74.44843399967091,40.45428400029426],[-74.448468999831,40.45425099987942],[-74.44854900019693,40.45417399998768],[-74.44864000043354,40.45410300022235],[-74.4487080002056,40.454047000248586],[-74.44875400023636,40.45399899984333],[-74.44877699980259,40.453960999783035],[-74.4487929996961,40.453926999854765],[-74.44879799971898,40.453916000115534],[-74.4488069999398,40.45382600000656],[-74.44879699989406,40.45361700023792],[-74.44878900039646,40.453466999777575],[-74.44879400041934,40.453443000055636],[-74.4488139996125,40.45339900008742],[-74.44883600025211,40.45335400004355],[-74.44884999959751,40.45329900017687],[-74.44884999959751,40.45328999974695],[-74.44882700003129,40.45325999967242],[-74.44872900012199,40.453191999772784],[-74.44868300009124,40.453148000323836],[-74.44866100034993,40.453105000213064],[-74.44865700015198,40.45305599976718],[-74.44866499964958,40.45301000012517],[-74.44868499974106,40.45294300002557],[-74.44868899993904,40.45289700030621],[-74.44867399987042,40.452860999731165],[-74.44862000034205,40.45278300024188],[-74.44858600000687,40.45273999989753],[-74.44857099993825,40.45270700009156],[-74.44857299958807,40.45264099974736],[-74.44856900028843,40.452518000082506],[-74.44855599986964,40.452474000192225],[-74.44853999997612,40.45240600018077],[-74.44852099970954,40.452345999912524],[-74.44848600044774,40.45227500026636],[-74.44845799996035,40.45222000020011],[-74.44842899964802,40.452168000282455],[-74.44839299966303,40.45211899983684],[-74.44831099964726,40.45202000013889],[-74.44801199989651,40.45171200006986],[-74.44776000000144,40.451408000259775],[-74.44760099999277,40.451269999905655],[-74.44742100006772,40.45106600011134],[-74.44738900028067,40.45100000020612],[-74.44735999996836,40.45092899982144],[-74.44736400016632,40.45085100014038],[-74.44737599986186,40.45077700002623],[-74.44745500040291,40.45059199972615],[-74.44753499987056,40.450437000265026],[-74.44755400013712,40.45040199983007],[-74.44757599987842,40.45020600020188],[-74.44760699984056,40.44991799993431],[-74.44767200013787,40.44977000030413],[-74.4476860003816,40.449688000239405],[-74.44767799998567,40.4496439998633],[-74.44767299996279,40.44954700014421],[-74.44770800012289,40.449403000119844],[-74.44771899999355,40.44933200009873],[-74.44771499979561,40.449266999965445],[-74.44770200027511,40.44920099966064],[-74.44767799998567,40.449062000132436],[-74.44766299991706,40.44896099980803],[-74.44753300022072,40.44895700004252],[-74.44734999992261,40.44895200016432],[-74.44609899976973,40.44873100025594],[-74.44603400037073,40.44871999966615],[-74.44481400017999,40.44841599999338],[-74.44417200029757,40.44812899969926],[-74.44407799968793,40.447980000104145],[-74.44384199968638,40.44801200005422],[-74.44362900014936,40.44802800002353],[-74.44336200018567,40.44801099992782],[-74.4431389997046,40.44776300025436],[-74.44300399998538,40.44754099972083],[-74.44265300035609,40.447412000164036],[-74.44249799964707,40.447209999873074],[-74.44236299992788,40.447075000206574],[-74.44222599966054,40.447089000118744],[-74.44190599999338,40.44716899965872],[-74.44189400029781,40.44718099995745],[-74.44182099960457,40.44726299966298],[-74.44176200005334,40.44734600008837],[-74.44172000022054,40.44737800034033],[-74.44169099990823,40.447391000053756],[-74.44166599979387,40.44739499991252],[-74.4416390000297,40.4473970001836],[-74.44158999962589,40.44739800031914],[-74.44155600018901,40.4473860000591],[-74.44152100002891,40.447362999668655],[-74.44148699969372,40.447319999957905],[-74.44145300025684,40.44726899980425],[-74.44143300016536,40.447218999750056],[-74.44141800009675,40.44703799978981],[-74.44140800005101,40.44699499987113],[-74.44138899978444,40.446954999667696],[-74.44134899960147,40.44691600026676],[-74.44129400024819,40.446892000256106],[-74.4412380001717,40.446879999905725],[-74.44117899972215,40.44687499987305],[-74.44100800001792,40.44688100004891],[-74.44035600008976,40.44703200031156],[-74.43934000011355,40.4472760000823],[-74.43936699987773,40.44717899967995],[-74.4393729997255,40.44716099991407],[-74.43939399964191,40.44709099971535],[-74.4395419997799,40.44658699968708],[-74.43955400037379,40.44652699969241],[-74.43952699971128,40.44639400032219],[-74.43952400023656,40.44635300029364],[-74.43951699966554,40.44631500001146],[-74.43954599997787,40.44618499999886],[-74.4395839996127,40.445812999951464],[-74.43959100018371,40.44576599997724],[-74.43961399974994,40.44572900020716],[-74.4397459999944,40.44561400012651],[-74.4397810001545,40.44557899991429],[-74.43985499977434,40.44547899998884],[-74.43986300017026,40.44544700020005],[-74.43985599959926,40.44541499971237],[-74.43981899978932,40.445352000224545],[-74.4397459999944,40.445291000327785],[-74.43965599958273,40.44525499978002],[-74.43953299955906,40.44522400005242],[-74.43948900007645,40.44520900026732],[-74.43937600009855,40.44514499973376],[-74.43932000002205,40.445092000324614],[-74.43912199965533,40.44478200028649],[-74.43900799985252,40.44462200021459],[-74.43877100002605,40.44437499983869],[-74.43836000012233,40.444084000008175],[-74.43828300012942,40.444027999889215],[-74.43816199975561,40.44393400014618],[-74.43800199992202,40.44382999975363],[-74.43786899985264,40.44369200024655],[-74.43779299968466,40.443578000291375],[-74.43758199979746,40.44317900029312],[-74.43756500007903,40.44305699991854],[-74.43755000001042,40.44292999968005],[-74.43755199966024,40.44287699989175],[-74.43754499998754,40.44285500021244],[-74.43751999987319,40.4428359997689],[-74.43748300006327,40.44281299987242],[-74.43747100036768,40.44280599981319],[-74.43739299965158,40.442757000061896],[-74.43737099991027,40.44274400013587],[-74.43734199959795,40.442720000002765],[-74.43729200026755,40.44265599983397],[-74.43720000020603,40.44248600013654],[-74.43717400026678,40.44246499985453],[-74.43712599968788,40.442437999677644],[-74.43695400015875,40.442333000178024],[-74.43688300001364,40.44229199972333],[-74.43685500042454,40.44226200020855],[-74.43682799976206,40.44220899989358],[-74.43681400041665,40.44216500009052],[-74.43656900019428,40.441358999659194],[-74.4363249997968,40.44065500002436],[-74.4362460001541,40.440535000330094],[-74.43532300006427,40.43946300025754],[-74.43492600040423,40.439002000053975],[-74.43494800014555,40.438997000118995],[-74.43542199979848,40.438859000262056],[-74.43540500008005,40.43883599968859],[-74.43383099988698,40.436727999721384],[-74.43379499990196,40.43674400032555],[-74.43355399987755,40.43685199985983],[-74.43326699982238,40.43463399975542],[-74.43325199975376,40.434524999750124],[-74.43324500008107,40.43447499978899],[-74.43302499997303,40.434531999987875],[-74.4327260002223,40.43461400008135],[-74.43240700038007,40.43469600007483],[-74.43187199972947,40.434838000193835],[-74.4316149998115,40.434904999881034],[-74.43059899983528,40.43517400033084],[-74.43058399976667,40.43517800023282],[-74.43050400029904,40.435308999968],[-74.43008499999938,40.4359910003276],[-74.42945499981253,40.436863999949296],[-74.42893699977867,40.437575999829846],[-74.42881499957993,40.437731000234294],[-74.42880200005945,40.4377269998005],[-74.42820200000982,40.437548999740486],[-74.42813400023778,40.43753800005548],[-74.42807499978824,40.43752799996735],[-74.42757699984585,40.438097999881954],[-74.4276589998616,40.43814200029575],[-74.42774800044839,40.438189000131054],[-74.42778600008322,40.438222000228535],[-74.42805100039709,40.438450000335145],[-74.4281290002149,40.43851699984166],[-74.42743399973071,40.43874400005093],[-74.42517699964736,40.43948599993278],[-74.42331700012234,40.44087599982378],[-74.42316700033452,40.440716000026136],[-74.42321900021305,40.44117800032701],[-74.42346799973508,40.44324199976666],[-74.42355800014677,40.44402399983008],[-74.42363799961439,40.444833999766345],[-74.42373899989674,40.44566500016873],[-74.42384000017907,40.4462610000052],[-74.42388000036205,40.446479000068265],[-74.423912999974,40.44666699982452],[-74.42394200028633,40.44681299984704],[-74.42398099974606,40.447004999918285],[-74.42405000024137,40.44745099996074],[-74.42409999957177,40.447800000272],[-74.42413899992982,40.44812499988417],[-74.4241720004401,40.44842099991141],[-74.42421000007492,40.448832999672945],[-74.42421900029576,40.44901400026792],[-74.4242219997705,40.44921399970508],[-74.42419099980836,40.44954800024775],[-74.4241720004401,40.44972599998171],[-74.4241720004401,40.44987900020196],[-74.4241720004401,40.450027000275654],[-74.4241930003565,40.45020799970569],[-74.42423299964115,40.450600999833796],[-74.42427700002207,40.45102300003547],[-74.42438099977915,40.45204000010346],[-74.42445799977205,40.452835999738184],[-74.42450399980281,40.45337999989028],[-74.42451700022161,40.453539000259035],[-74.42471399986509,40.455234999693374],[-74.42476499991871,40.45563199986622],[-74.42481000012455,40.45603599979309],[-74.42487799989661,40.45663499992729],[-74.4249619995622,40.45715900027908],[-74.4250029995701,40.45749200030811],[-74.42511200024835,40.45838900026657],[-74.42512700031696,40.45851300009053],[-74.42530399986896,40.4585449998095],[-74.4254250002428,40.45854199990061],[-74.42554700044154,40.458548999687885],[-74.42558300042653,40.45855600015795],[-74.4256799996126,40.458574000289225],[-74.42580000016152,40.4586040000417],[-74.42640500023403,40.45876800018331],[-74.42650200031838,40.458787000223836],[-74.42663799986252,40.45880700022473],[-74.42675599986329,40.45882199970886],[-74.42688100043509,40.45883999976892],[-74.42693300031361,40.45884600024352],[-74.42695800042797,40.458852999999166],[-74.42704600029151,40.45888500023971],[-74.42717699981277,40.45892600014113],[-74.4272770002702,40.458952999845835],[-74.42746499969284,40.45900000016665],[-74.4275519997315,40.45901900014156],[-74.42759000026464,40.45902599987919],[-74.42765399983874,40.459026999841605],[-74.42772099978589,40.459026999841605],[-74.42781899969519,40.459027999804064],[-74.42785200020546,40.459029999728884],[-74.42791800032771,40.45903900007339],[-74.42796299963523,40.459052000265125],[-74.42800600019126,40.459058000037274],[-74.4280659995674,40.45906199988512],[-74.42808200035923,40.45906099992317],[-74.42810499992545,40.45905999996125],[-74.42814599993334,40.45905999996125],[-74.42818299974326,40.459055000151295],[-74.42825899991124,40.45904699977106],[-74.42833599990412,40.45904399988454],[-74.42882100032602,40.45903099969131],[-74.42894000015171,40.45903200033717],[-74.42897299976369,40.45903300029955],[-74.42900100025108,40.45903700014883],[-74.42901700014463,40.45904000003567],[-74.42904899993165,40.45905000034096],[-74.42907499987092,40.45905999996125],[-74.42910400018324,40.45906699969456],[-74.42911900025186,40.45906800033988],[-74.42913699979519,40.45906699969456],[-74.42916100008466,40.45906499977084],[-74.42918100017614,40.459062999847056],[-74.42921899981097,40.45906199988512],[-74.4292559996209,40.45906599973268],[-74.42931000004758,40.45907300014888],[-74.42933500016191,40.45907400011065],[-74.42935100005546,40.459063999808926],[-74.42936000027628,40.45904699977106],[-74.42937600016981,40.45903400026187],[-74.42939600026129,40.459027999804064],[-74.42941800000261,40.459027999804064],[-74.42945099961457,40.45903200033717],[-74.42972400032436,40.45911499989673],[-74.42978500042373,40.45913099995653],[-74.42984899999783,40.459142000208985],[-74.42990300042449,40.45914500009113],[-74.42994199988425,40.45914500009113],[-74.4300089998314,40.45914300016973],[-74.43004200034167,40.45914300016973],[-74.43011199976355,40.4591489999338],[-74.4302559997036,40.45917500027214],[-74.43064599969094,40.459262000174434],[-74.43077499956237,40.45929200030319],[-74.43084599970747,40.45931400007012],[-74.43100999973902,40.459325000292665],[-74.43110299962542,40.45933499987202],[-74.43114899965617,40.45933999966115],[-74.43118700018933,40.45933499987202],[-74.43119899988491,40.45933499987202],[-74.43120599955758,40.459327000208646],[-74.43120200025794,40.45931200015376],[-74.43119899988491,40.45929999997074],[-74.43119899988491,40.4592810000753],[-74.43120800010573,40.45927399968078],[-74.43123900006788,40.45927399968078],[-74.4312549999614,40.45927099980439],[-74.43127699970269,40.45926899988674],[-74.43128900029659,40.45927399968078],[-74.43130099999215,40.45927800019923],[-74.43130699983993,40.45929999997074],[-74.43133000030446,40.459325000292665],[-74.43135100022086,40.45934200026019],[-74.43137600033522,40.45937300031049],[-74.43139999972635,40.45940399966304],[-74.43140700029737,40.459427999989785],[-74.43140700029737,40.45944899975599],[-74.4314099997721,40.45946099991239],[-74.43142200036597,40.45947999975697],[-74.43144400010728,40.45948700013004],[-74.43146800039673,40.45949900027965],[-74.43148400029025,40.45951300033756],[-74.43149099996296,40.45953999980636],[-74.43148500011516,40.45956100022107],[-74.43146300037387,40.459594000078404],[-74.43145800035099,40.459610999977855],[-74.4314600000008,40.45962599996599],[-74.43147199969638,40.45965000021342],[-74.43149299961277,40.45967099991029],[-74.4315019998336,40.459685999884975],[-74.43149699981073,40.459716999776596],[-74.43149699981073,40.4597279999331],[-74.43159300007021,40.45976800005218],[-74.43163300025317,40.4597800001516],[-74.43168299958356,40.459772999809076],[-74.43173199998738,40.459772999809076],[-74.43176799997238,40.45979500010199],[-74.43180300013248,40.459829999745395],[-74.4318530003612,40.4598750002365],[-74.43191199991243,40.45992000001396],[-74.43196499961589,40.459944000156405],[-74.43202599971524,40.459967000341756],[-74.43213799986823,40.459984000146825],[-74.4321710003785,40.45998600004319],[-74.43258399993208,40.460007000318534],[-74.4326349999857,40.459799999856884],[-74.43324000005819,40.45940399966304],[-74.43349199995328,40.45927700024049],[-74.43382500003919,40.459147000012464],[-74.43405199981991,40.459094000026106],[-74.43426500025525,40.459044999846746],[-74.4347470003041,40.458982000149454],[-74.43487899965027,40.45895099991872],[-74.43535499985133,40.45883599990791],[-74.4356770000666,40.45877999977784],[-74.43606200003109,40.45871199999661],[-74.43658099988984,40.45897199983404],[-74.43818799969488,40.459775999663044],[-74.43874799956153,40.46005599979623],[-74.43890699957018,40.460136000303436],[-74.43913900027208,40.46025100013938],[-74.44127900017958,40.46131500003662],[-74.44203800023787,40.461692000004284],[-74.44311100011551,40.462240999791895],[-74.4438369996635,40.462603999936164],[-74.44508399961842,40.4632279998418],[-74.4453640000009,40.462957999667466],[-74.44592399986755,40.462419999987716],[-74.44631200020507,40.4620539997805],[-74.4474050001742,40.4610300000201],[-74.44746100025068,40.46097800008568],[-74.44774900013078,40.460706999815514],[-74.44821399956288,40.46027099970445],[-74.4486510003042,40.46038599999284],[-74.44920199995,40.45936300005328],[-74.44921199999575,40.459343000217906],[-74.4497300000296,40.45886199968386]]]}},{"type":"Feature","properties":{"geoid":"3402748210","townId":"morris-plains-borough","name":"Morris Plains borough","county":"Morris","status":""},"geometry":{"type":"Polygon","coordinates":[[[-74.495845,40.826861],[-74.494273,40.82929],[-74.495265,40.829929],[-74.492738,40.833433],[-74.492211,40.841973],[-74.481255,40.849536],[-74.479586,40.850688],[-74.478521,40.850331],[-74.476971,40.851704],[-74.476072,40.852963],[-74.471051,40.84911],[-74.463857,40.843766],[-74.460203,40.842021],[-74.464238,40.835809],[-74.465873,40.829611],[-74.470134,40.824719],[-74.474467,40.81991],[-74.475093,40.820591],[-74.477363,40.821194],[-74.478067,40.821261],[-74.481702,40.822022],[-74.487431,40.823255],[-74.492853,40.824413],[-74.493932,40.82473],[-74.495476,40.825246],[-74.495845,40.826861]]]}},{"type":"Feature","properties":{"geoid":"3402748090","townId":"morris-township","name":"Morris township","county":"Morris","status":""},"geometry":{"type":"Polygon","coordinates":[[[-74.542214,40.78945],[-74.541991,40.79065],[-74.539932,40.801695],[-74.538175,40.81111],[-74.536129,40.822196],[-74.535819,40.823767],[-74.534027,40.833119],[-74.530203,40.831768],[-74.527175,40.833258],[-74.524096,40.832542],[-74.515949,40.832936],[-74.511531,40.832308],[-74.508433,40.831766],[-74.502151,40.829258],[-74.497766,40.825564],[-74.495476,40.825246],[-74.493932,40.82473],[-74.492853,40.824413],[-74.487431,40.823255],[-74.481702,40.822022],[-74.478067,40.821261],[-74.477363,40.821194],[-74.475093,40.820591],[-74.474467,40.81991],[-74.473611,40.816692],[-74.472113,40.814468],[-74.46816,40.810704],[-74.460216,40.806334],[-74.455516,40.805692],[-74.451777,40.805595],[-74.446593,40.805853],[-74.444795,40.806751],[-74.442393,40.808212],[-74.441023,40.808292],[-74.439279,40.806848],[-74.435394,40.805095],[-74.43342,40.803344],[-74.432724,40.801775],[-74.432848,40.800004],[-74.434595,40.797144],[-74.434653,40.793081],[-74.434244,40.791137],[-74.440731,40.777433],[-74.441924,40.774896],[-74.442017,40.774702],[-74.44613,40.770572],[-74.44772,40.769587],[-74.449878,40.770215],[-74.450734,40.769849],[-74.453844,40.767554],[-74.454676,40.767733],[-74.457905,40.766861],[-74.458868,40.766086],[-74.485778,40.764191],[-74.495558,40.765679],[-74.49586,40.766231],[-74.509311,40.76904],[-74.510747,40.770346],[-74.5139,40.770841],[-74.523958,40.774788],[-74.542121,40.789375],[-74.542214,40.78945]],[[-74.498721,40.797405],[-74.498553,40.796392],[-74.497183,40.79674],[-74.496505,40.79706],[-74.493363,40.799557],[-74.491507,40.794798],[-74.490925,40.793301],[-74.489563,40.789807],[-74.488994,40.789173],[-74.484957,40.784672],[-74.482481,40.781908],[-74.479552,40.780563],[-74.478942,40.780282],[-74.468854,40.782095],[-74.467261,40.782894],[-74.456417,40.788302],[-74.456689,40.789363],[-74.456757,40.789636],[-74.458468,40.796301],[-74.458654,40.797023],[-74.464607,40.800857],[-74.465983,40.801743],[-74.472967,40.806239],[-74.477285,40.813084],[-74.47772,40.813501],[-74.482344,40.817893],[-74.485605,40.814174],[-74.486644,40.815406],[-74.490192,40.813941],[-74.493596,40.814035],[-74.492648,40.812415],[-74.491466,40.812435],[-74.488624,40.814087],[-74.486261,40.813316],[-74.489612,40.808472],[-74.493989,40.801028],[-74.497395,40.798983],[-74.501397,40.799422],[-74.498721,40.797405]]]}},{"type":"Feature","properties":{"geoid":"3402748300","townId":"morristown-town","name":"Morristown town","county":"Morris","status":""},"geometry":{"type":"Polygon","coordinates":[[[-74.501397,40.799422],[-74.497395,40.798983],[-74.493989,40.801028],[-74.489612,40.808472],[-74.486261,40.813316],[-74.488624,40.814087],[-74.491466,40.812435],[-74.492648,40.812415],[-74.493596,40.814035],[-74.490192,40.813941],[-74.486644,40.815406],[-74.485605,40.814174],[-74.482344,40.817893],[-74.47772,40.813501],[-74.477285,40.813084],[-74.472967,40.806239],[-74.465983,40.801743],[-74.464607,40.800857],[-74.458654,40.797023],[-74.458468,40.796301],[-74.456757,40.789636],[-74.456689,40.789363],[-74.456417,40.788302],[-74.467261,40.782894],[-74.468854,40.782095],[-74.478942,40.780282],[-74.479552,40.780563],[-74.482481,40.781908],[-74.484957,40.784672],[-74.488994,40.789173],[-74.489563,40.789807],[-74.490925,40.793301],[-74.491507,40.794798],[-74.493363,40.799557],[-74.496505,40.79706],[-74.497183,40.79674],[-74.498553,40.796392],[-74.498721,40.797405],[-74.501397,40.799422]]]}},{"type":"Feature","properties":{"geoid":"3403948510","townId":"mountainside-borough","name":"Mountainside borough","county":"Union","status":""},"geometry":{"type":"Polygon","coordinates":[[[-74.38557,40.679623],[-74.379459,40.68534],[-74.373192,40.691785],[-74.364737,40.697329],[-74.362061,40.698587],[-74.36163,40.699172],[-74.359552,40.69949],[-74.353085,40.695563],[-74.341456,40.688498],[-74.336513,40.685499],[-74.331311,40.682337],[-74.331603,40.679534],[-74.331293,40.678409],[-74.334461,40.677805],[-74.336848,40.676607],[-74.348274,40.672495],[-74.345915,40.671276],[-74.345868,40.668474],[-74.349697,40.665778],[-74.350928,40.666419],[-74.353229,40.667614],[-74.356868,40.664826],[-74.359625,40.66622],[-74.35747,40.668121],[-74.360213,40.669685],[-74.368324,40.668506],[-74.371425,40.665777],[-74.375128,40.668625],[-74.378911,40.667699],[-74.382769,40.672897],[-74.387102,40.678685],[-74.38557,40.679623]]]}},{"type":"Feature","properties":{"geoid":"3402351210","townId":"new-brunswick-city","name":"New Brunswick city","county":"Middlesex","status":""},"geometry":{"type":"Polygon","coordinates":[[[-74.484937,40.479591],[-74.484313,40.480174],[-74.482344,40.481751],[-74.479472,40.48337],[-74.478499,40.483918],[-74.475889,40.484648],[-74.47245,40.485612],[-74.468209,40.486845],[-74.46394,40.488878],[-74.459863,40.491046],[-74.46014,40.491575],[-74.459043,40.496066],[-74.459179,40.496619],[-74.460791,40.498628],[-74.462433,40.500216],[-74.465035,40.501258],[-74.466995,40.502929],[-74.467312,40.505018],[-74.467397,40.507951],[-74.466947,40.508898],[-74.466635,40.509278],[-74.46362,40.509111],[-74.454257,40.508542],[-74.448837,40.507118],[-74.448682,40.507101],[-74.446272,40.50568],[-74.441386,40.502715],[-74.440181,40.501592],[-74.437077,40.497798],[-74.436859,40.497619],[-74.436168,40.496432],[-74.435552,40.493388],[-74.434372,40.490788],[-74.432057,40.489166],[-74.428383,40.488047],[-74.423876,40.488151],[-74.420928,40.48891],[-74.419185,40.490757],[-74.418966,40.490592],[-74.418066,40.491378],[-74.415759,40.492685],[-74.41571,40.492742],[-74.41484,40.493157],[-74.41306,40.493442],[-74.41216,40.493714],[-74.408612,40.493309],[-74.40587,40.492092],[-74.40173,40.491457],[-74.398518,40.491886],[-74.395543,40.488819],[-74.394688,40.487743],[-74.392281,40.486307],[-74.392475,40.485258],[-74.394123,40.483536],[-74.394759,40.483554],[-74.397885,40.481162],[-74.4017,40.47977],[-74.403452,40.480158],[-74.405551,40.480606],[-74.407395,40.480495],[-74.411432,40.484001],[-74.413733,40.481387],[-74.414825,40.478623],[-74.423766,40.477944],[-74.436892,40.476963],[-74.441466,40.47662],[-74.447856,40.476145],[-74.448845,40.477211],[-74.450163,40.477714],[-74.450787,40.477905],[-74.455929,40.476828],[-74.458159,40.477175],[-74.460379,40.477626],[-74.46521,40.473291],[-74.467811,40.471181],[-74.471212,40.47324],[-74.477344,40.467244],[-74.478959,40.468205],[-74.489491,40.474452],[-74.484937,40.479591]]]}},{"type":"Feature","properties":{"geoid":"3403951810","townId":"new-providence-borough","name":"New Providence borough","county":"Union","status":""},"geometry":{"type":"Polygon","coordinates":[[[-74.427087,40.700602],[-74.426814,40.701845],[-74.425015,40.701799],[-74.423511,40.703049],[-74.421508,40.703193],[-74.418477,40.705137],[-74.41575,40.705566],[-74.413848,40.707271],[-74.413201,40.70981],[-74.411855,40.71036],[-74.409937,40.70953],[-74.408413,40.710209],[-74.407335,40.713424],[-74.40376,40.715989],[-74.402323,40.717984],[-74.401757,40.718143],[-74.39597,40.717223],[-74.391408,40.71811],[-74.391378,40.716187],[-74.386963,40.712719],[-74.386404,40.712302],[-74.386187,40.712132],[-74.384761,40.710985],[-74.383777,40.704513],[-74.381374,40.699783],[-74.383628,40.697827],[-74.383364,40.696214],[-74.38624,40.695067],[-74.389231,40.692696],[-74.395985,40.689814],[-74.395434,40.689024],[-74.396075,40.686193],[-74.400691,40.685193],[-74.405465,40.682723],[-74.41059,40.679151],[-74.412931,40.679469],[-74.415687,40.684748],[-74.418203,40.687047],[-74.42086,40.689214],[-74.420464,40.693129],[-74.4248,40.694841],[-74.428573,40.699115],[-74.427087,40.700602]]]}},{"type":"Feature","properties":{"geoid":"3401351000","townId":"newark-city","name":"Newark city","county":"Essex","status":""},"geometry":{"type":"Polygon","coordinates":[[[-74.251361,40.737534],[-74.249752,40.738672],[-74.248368,40.739651],[-74.244869,40.740681],[-74.243914,40.741738],[-74.240426,40.740845],[-74.238456,40.744722],[-74.2379,40.744988],[-74.236861,40.745547],[-74.235741,40.748866],[-74.235287,40.750144],[-74.234671,40.750556],[-74.23317,40.751528],[-74.231246,40.751417],[-74.230258,40.75136],[-74.228306,40.751248],[-74.226374,40.751162],[-74.226393,40.751131],[-74.228922,40.74645],[-74.227784,40.74637],[-74.22632,40.74612],[-74.225081,40.745771],[-74.224309,40.745547],[-74.222318,40.745149],[-74.221716,40.745083],[-74.220923,40.746983],[-74.220144,40.748797],[-74.218705,40.748858],[-74.216687,40.748942],[-74.214458,40.749022],[-74.212612,40.749089],[-74.206802,40.749302],[-74.206235,40.749447],[-74.203948,40.748808],[-74.202174,40.750653],[-74.201058,40.750761],[-74.199326,40.754176],[-74.198324,40.754288],[-74.198015,40.754913],[-74.197058,40.756664],[-74.195257,40.759042],[-74.194663,40.759231],[-74.193648,40.761178],[-74.191537,40.765223],[-74.190449,40.767312],[-74.190109,40.767966],[-74.189759,40.768634],[-74.18671,40.774485],[-74.186256,40.774665],[-74.186172,40.774544],[-74.184527,40.774803],[-74.180611,40.777877],[-74.179715,40.777192],[-74.178979,40.777395],[-74.177754,40.777434],[-74.176992,40.778905],[-74.177391,40.779995],[-74.176877,40.780973],[-74.177733,40.781466],[-74.176954,40.783441],[-74.17476,40.785607],[-74.171549,40.788249],[-74.16983,40.787009],[-74.165906,40.78668],[-74.161281,40.784179],[-74.159163,40.783109],[-74.15714,40.782376],[-74.154515,40.781286],[-74.153358,40.780815],[-74.152793,40.780612],[-74.148342,40.779885],[-74.148326,40.779702],[-74.148987,40.778001],[-74.150372,40.776893],[-74.152242,40.775212],[-74.155798,40.770815],[-74.156369,40.768896],[-74.15664,40.767986],[-74.157688,40.7661],[-74.162149,40.761373],[-74.163188,40.759635],[-74.164529,40.756298],[-74.164799,40.754718],[-74.165465,40.750996],[-74.166079,40.747235],[-74.165954,40.745107],[-74.163788,40.739201],[-74.161958,40.736007],[-74.15998,40.734485],[-74.155279,40.733538],[-74.147188,40.734401],[-74.145288,40.735701],[-74.142688,40.739301],[-74.136802,40.741462],[-74.122786,40.742101],[-74.121187,40.741701],[-74.117605,40.739638],[-74.116993,40.737125],[-74.118111,40.732421],[-74.120987,40.722901],[-74.121387,40.721001],[-74.12057,40.717133],[-74.123188,40.712222],[-74.1212806290874,40.7063744917884],[-74.120663,40.704481],[-74.130324,40.690203],[-74.136107,40.689014],[-74.144208,40.680053],[-74.143723916511,40.6795008647149],[-74.150433,40.683147],[-74.153861,40.685917],[-74.157861,40.685952],[-74.159669,40.686972],[-74.161024,40.688911],[-74.16505,40.690161],[-74.167633,40.689963],[-74.169272,40.688617],[-74.193074,40.687175],[-74.198069,40.686878],[-74.201804,40.68681],[-74.207473,40.689775],[-74.208235,40.690176],[-74.209248,40.690709],[-74.212402,40.699264],[-74.212972,40.70081],[-74.218468,40.704846],[-74.221671,40.707145],[-74.221949,40.707341],[-74.225888,40.708037],[-74.226067,40.708068],[-74.228551,40.708506],[-74.226709,40.710621],[-74.22685,40.712257],[-74.226796,40.712338],[-74.224189,40.715245],[-74.223468,40.71535],[-74.218849,40.720259],[-74.217339,40.723655],[-74.216745,40.725146],[-74.215497,40.72773],[-74.215382,40.728721],[-74.215053,40.729486],[-74.214918,40.729926],[-74.214002,40.732274],[-74.213387,40.733887],[-74.211461,40.737643],[-74.209579,40.742992],[-74.211267,40.742655],[-74.214405,40.741138],[-74.215318,40.741566],[-74.215367,40.74159],[-74.2172,40.741188],[-74.220079,40.739546],[-74.220647,40.739317],[-74.221186,40.739166],[-74.221612,40.739266],[-74.221826,40.738741],[-74.22537,40.737491],[-74.22662,40.737951],[-74.228515,40.73653],[-74.23171,40.734904],[-74.23341,40.735383],[-74.235773,40.735113],[-74.236214,40.734278],[-74.236825,40.733856],[-74.23807,40.733651],[-74.239765,40.731856],[-74.242776,40.730586],[-74.243448,40.730748],[-74.243699,40.732798],[-74.244369,40.733307],[-74.246282,40.733811],[-74.248151,40.734286],[-74.24865,40.734403],[-74.249645,40.734804],[-74.251008,40.736219],[-74.251361,40.737534]]]}},{"type":"Feature","properties":{"geoid":"3402352560","townId":"north-brunswick-township","name":"North Brunswick township","county":"Middlesex","status":""},"geometry":{"type":"Polygon","coordinates":[[[-74.53151999956265,40.44135500012492],[-74.53150799986709,40.4413439996953],[-74.53141499998067,40.44130899999439],[-74.531360999554,40.44129400001928],[-74.53127299969044,40.44125300029827],[-74.5310300000162,40.441099000038875],[-74.52940300011969,40.4400899997647],[-74.5284320003493,40.439487000186034],[-74.52757600020665,40.43894899990363],[-74.52695400041573,40.43855499974636],[-74.5258129998677,40.43785400029655],[-74.5251159997337,40.43739199971511],[-74.5244820002472,40.436987999836965],[-74.52415699965887,40.436783000158364],[-74.52356900020314,40.43641100004263],[-74.52307000043585,40.43609600016048],[-74.52265000031127,40.43583000021983],[-74.52238099979944,40.43565999967063],[-74.52196300022301,40.43539600000081],[-74.52145799970964,40.43507799987696],[-74.52101599984377,40.43479899991654],[-74.52085400036037,40.43469699971554],[-74.52021499995267,40.43429300005391],[-74.51993899976816,40.43411800010711],[-74.51962800032184,40.43392200017294],[-74.51865099980536,40.433302000261385],[-74.51847400025335,40.43318900012813],[-74.51823400005385,40.43303899988778],[-74.5179050001659,40.4328319997725],[-74.51782099960197,40.43278399994212],[-74.51699299994672,40.43225099979384],[-74.5164980003774,40.43193800029975],[-74.51610500001699,40.43168600002197],[-74.5160549997883,40.43165399982145],[-74.51800800009804,40.43008199985646],[-74.51841099960585,40.42975499973971],[-74.51881900003487,40.429423000121275],[-74.51892500034006,40.42932500022128],[-74.51886599989051,40.429284999760576],[-74.51883999995127,40.429266999989935],[-74.51871000025491,40.429180000232954],[-74.5186819997675,40.429153000191164],[-74.51862700041423,40.429106000193855],[-74.51856799996469,40.429077999714266],[-74.51852899960663,40.429069000143755],[-74.51848400029911,40.429067999735565],[-74.51843300024548,40.429067999735565],[-74.51837200014612,40.42906999986816],[-74.51832199991739,40.429069000143755],[-74.51824900012247,40.429052999764686],[-74.51819999971866,40.42904299978221],[-74.51815700006095,40.42903999992396],[-74.51811000020528,40.42904299978221],[-74.51806599982436,40.4290540001731],[-74.51801200029601,40.42906400015394],[-74.51798700018163,40.42906600028666],[-74.51795299984646,40.429069000143755],[-74.51784700043956,40.429076999989974],[-74.51778600034018,40.429077999714266],[-74.51774699998212,40.429077999714266],[-74.51769000008072,40.42906400015394],[-74.51764300022505,40.42904400019083],[-74.51760100039225,40.42901099969162],[-74.51757000043011,40.428980999721105],[-74.51753100007207,40.428957000145324],[-74.51748500004132,40.42894099973956],[-74.51745099970613,40.42893599974023],[-74.51740300002555,40.42893700015039],[-74.51736500039071,40.42893900028694],[-74.51731900035996,40.42895500000936],[-74.51728900022273,40.428972000137605],[-74.51726199956023,40.42899499998252],[-74.51722999977318,40.42901799981962],[-74.51721899990252,40.42902499994684],[-74.51719999963595,40.429029000214605],[-74.51716500037416,40.42902999993955],[-74.51713600006185,40.42902999993955],[-74.51708599983314,40.429012999825964],[-74.51704599965016,40.428987999852176],[-74.51700600036551,40.428957000145324],[-74.51696199998459,40.42893500001383],[-74.51690900028113,40.428920999739915],[-74.51685800022751,40.428912999875145],[-74.51680299997592,40.428894000277914],[-74.51676299979295,40.428872999853155],[-74.51672900035608,40.42884900023884],[-74.51669199964785,40.42881400018761],[-74.51667400010449,40.428799000160076],[-74.51661899985291,40.42874199988815],[-74.5165900004389,40.42870800019485],[-74.51655100008084,40.42867599994486],[-74.51652599996649,40.42866399976177],[-74.51649599982926,40.428662000300854],[-74.5164640000422,40.4286670003206],[-74.51645200034665,40.42868099996357],[-74.51644800014869,40.42869099999987],[-74.51644899997359,40.42872699984457],[-74.51646200039238,40.42877100023649],[-74.51646099966916,40.42878799972748],[-74.51645499982138,40.42880200002907],[-74.51644399995072,40.42881499991581],[-74.51643100043025,40.42882299979224],[-74.5164139998135,40.42882799979997],[-74.51638899969913,40.42882700007202],[-74.5163719999807,40.42882299979224],[-74.51634299966838,40.4288060003101],[-74.51632799959977,40.42879100028079],[-74.51629800036085,40.42875300032833],[-74.51627800026937,40.42870100003462],[-74.51626999987346,40.42865700028074],[-74.51626200037585,40.42862500000648],[-74.51624999978195,40.42859900015711],[-74.51623600043658,40.428579000055706],[-74.51621399979695,40.42855300018856],[-74.51617100013925,40.42853500022199],[-74.51598399964318,40.42848200002666],[-74.51581499958878,40.428446999784434],[-74.51573500012115,40.42844199974832],[-74.515668000174,40.42844199974832],[-74.51562100031833,40.428453000237525],[-74.5155350001046,40.428464000041146],[-74.51548200040116,40.42846600019171],[-74.51541399973078,40.4284590000063],[-74.5153640004004,40.42843800012948],[-74.51532099984438,40.42841299994199],[-74.51529400008019,40.42837900008232],[-74.51525800009517,40.428337000272215],[-74.51522799995794,40.4283129997828],[-74.51519199997294,40.42828000029255],[-74.51514799959202,40.428257999939596],[-74.51508099964484,40.428237999736794],[-74.51503200013937,40.42822999979078],[-74.51501899972058,40.42822999979078],[-74.51497500023797,40.42824599968186],[-74.51490300026794,40.428278999872624],[-74.51486499973478,40.42832799991872],[-74.51483899979553,40.42838700001062],[-74.51481899970403,40.428422000284066],[-74.51477600004634,40.42846199989047],[-74.51474900028217,40.4284849999098],[-74.51470699955105,40.42850099974022],[-74.51466300006842,40.428507000188496],[-74.51461799986258,40.428507000188496],[-74.51456900035711,40.42849599970813],[-74.51453800039495,40.42847499984292],[-74.51452300032634,40.42843800012948],[-74.5145209997782,40.42840700016911],[-74.51452300032634,40.42837999981699],[-74.51452300032634,40.42832500002858],[-74.51450800025773,40.42829900006318],[-74.51447899994541,40.42826700030246],[-74.51444499961023,40.42824100031464],[-74.5143790003863,40.42820500020975],[-74.51429900002036,40.42817600030122],[-74.51420600013395,40.42814699969631],[-74.51412999996596,40.42811799976278],[-74.51409599963077,40.428099999679795],[-74.51406499966863,40.42807200014902],[-74.51402399966074,40.42801200004066],[-74.51401199996518,40.42796700009526],[-74.51401799981296,40.42792500002781],[-74.51401799981296,40.427888000011855],[-74.51401199996518,40.427869000125064],[-74.51397400033034,40.42782999990882],[-74.51388899994153,40.42779500001113],[-74.51380299972782,40.42776899984088],[-74.51369499977277,40.42775599975197],[-74.51351700039586,40.427741000172304],[-74.513428999634,40.427741000172304],[-74.51334999999128,40.42774499983261],[-74.5133170003793,40.4277509996645],[-74.51326999962534,40.427758999667496],[-74.51323899966319,40.42776899984088],[-74.51318599995975,40.427790999669966],[-74.51309300007333,40.42783400024766],[-74.51303199997396,40.42784200024078],[-74.51300400038487,40.42784200024078],[-74.5129640002019,40.427837000159705],[-74.51291800017113,40.427814999661834],[-74.51287499961514,40.42777499967063],[-74.51283500033047,40.42772099981576],[-74.51278000007888,40.42762000024936],[-74.5127530003147,40.427575999788246],[-74.5127180001546,40.427537000085934],[-74.5126849996443,40.42751500017372],[-74.51264899965932,40.42751000006833],[-74.51258799955995,40.42751299999487],[-74.5125349998565,40.427523000204786],[-74.51248299997796,40.427523000204786],[-74.51243199992433,40.42752100002619],[-74.51237000000006,40.427504999962615],[-74.51227999958836,40.42745200032321],[-74.51214900006711,40.42736699976921],[-74.51205799983052,40.427278000103804],[-74.5119709997919,40.427143999824565],[-74.51189700017204,40.42703299979418],[-74.51183600007268,40.42695999988383],[-74.51177900017126,40.42692500021722],[-74.5117259995695,40.42690099990777],[-74.51165899962234,40.42689799995398],[-74.51162099998753,40.42689799995398],[-74.51160199972094,40.42689799995398],[-74.51155099966732,40.42688600013742],[-74.511528999926,40.42686499976945],[-74.5114939997659,40.42682100018209],[-74.51142099997097,40.4267769998821],[-74.51137999996308,40.42676599980257],[-74.51132700025966,40.42676400028528],[-74.51130799999308,40.42676100032533],[-74.51125699993945,40.42676100032533],[-74.51117800029672,40.42677099996327],[-74.51112800006803,40.42678400024257],[-74.51039900014696,40.42702000024684],[-74.51037200038279,40.42704300007552],[-74.51035300011621,40.42706599989628],[-74.51034999974316,40.42708799995537],[-74.51033800004758,40.42710700006273],[-74.5103160003063,40.42712300022099],[-74.51029100019194,40.42712399997433],[-74.51027799977314,40.42718400019104],[-74.51027799977314,40.42722999972826],[-74.510282999796,40.4272890000996],[-74.51027199992537,40.427333999814856],[-74.51024000013831,40.42736200033666],[-74.51020300032837,40.427377999750455],[-74.51004099994667,40.42737999993332],[-74.50998300022036,40.42736000015325],[-74.50994899988518,40.427333999814856],[-74.50992200012098,40.42729200003595],[-74.50991700009813,40.4272700000436],[-74.50991700009813,40.42723199991558],[-74.50992600031896,40.42719000007298],[-74.50993100034181,40.42717300017812],[-74.50993999966434,40.42713499999525],[-74.5099370001896,40.427087000201496],[-74.50992399977079,40.42701800005327],[-74.50989100015885,40.42697900002741],[-74.5098469997779,40.426945999882626],[-74.50976300011233,40.4269439996868],[-74.50973700017308,40.42695000027403],[-74.50965299960916,40.426987000122224],[-74.50955999972274,40.427032000039546],[-74.509549999677,40.427026000143464],[-74.50949100012576,40.42707399998076],[-74.50944900029297,40.42709500028347],[-74.50940499991205,40.42710499987175],[-74.5093749997748,40.42710900025366],[-74.50932700009425,40.427104000118135],[-74.50928600008635,40.42708899970923],[-74.50924400025356,40.427062000195605],[-74.50923500003273,40.42704399983005],[-74.5092330003829,40.4270139996659],[-74.5092330003829,40.42697900002741],[-74.50922300033717,40.4269220002645],[-74.50921099974327,40.42687599983274],[-74.50918700035216,40.42683200025257],[-74.509148999819,40.42680199999386],[-74.50913200010056,40.42679300011885],[-74.50908900044286,40.42678400024257],[-74.50902099977247,40.426782000041925],[-74.50897499974174,40.426785999759254],[-74.50893000043419,40.42679500031911],[-74.50887099998465,40.42681000010975],[-74.50879499981669,40.4268350002093],[-74.50876600040266,40.42685399970436],[-74.50874200011322,40.42687500007572],[-74.5087260002197,40.42688800033491],[-74.50871799982377,40.426903000104815],[-74.508711999976,40.4269360002707],[-74.50870799977804,40.426965999785786],[-74.50870100010533,40.42698299973301],[-74.5086840003869,40.42699800016556],[-74.50867299961794,40.427004999819204],[-74.50865099987662,40.42700999996214],[-74.50861599971653,40.427012999910936],[-74.50858099955641,40.42701200015595],[-74.50854600029464,40.42700600025814],[-74.50844199963926,40.426989000316716],[-74.50839200030887,40.426970999931626],[-74.50836999966924,40.42695699993266],[-74.50835100030098,40.42693499983078],[-74.5083329998593,40.426911000208676],[-74.50832600018661,40.42688999984856],[-74.50832000033884,40.42686300025506],[-74.50832299981356,40.426833000010234],[-74.50833000038457,40.42681200030955],[-74.50834200008015,40.42679399987704],[-74.5083599996235,40.4267769998821],[-74.50838200026311,40.426756000163934],[-74.50839999980646,40.42674400032204],[-74.50839700033173,40.42672700031441],[-74.50839700033173,40.42670599989679],[-74.50839300013376,40.42669000032319],[-74.50838300008803,40.42667400006193],[-74.50834999957776,40.4266409997675],[-74.5083189996156,40.42661700004055],[-74.5082900002016,40.4265749998139],[-74.50826599991217,40.426508999795594],[-74.5081770002237,40.426310000270355],[-74.50811899959908,40.426232000058725],[-74.50805599984989,40.42615200022115],[-74.50803400010857,40.42608700024032],[-74.50800700034439,40.425981000052595],[-74.50799099955255,40.4259450001057],[-74.5079599995904,40.4258979999181],[-74.50793600019928,40.42585399969809],[-74.50792100013066,40.42580400012812],[-74.50791799975762,40.42575999984667],[-74.50794899971976,40.425713999987885],[-74.50796499961328,40.42569899995282],[-74.50801300019216,40.42568999993015],[-74.5081210001472,40.425653000052314],[-74.5081760003988,40.42562399972723],[-74.50822800027733,40.4255860000369],[-74.50827199975996,40.425531000015184],[-74.5082969998743,40.42548499999978],[-74.508311000118,40.42545000024944],[-74.50831299976782,40.42542200029931],[-74.50829799969921,40.42538800029533],[-74.50827199975996,40.42536100009893],[-74.50824499999577,40.42534299996194],[-74.50822800027733,40.425327000064115],[-74.50821700040667,40.42531599974749],[-74.50820099961484,40.425286999960946],[-74.50817100037592,40.42523699996948],[-74.5081429998885,40.425157000316126],[-74.50810500025368,40.42508399973732],[-74.50805599984989,40.42502500016717],[-74.50795399974263,40.424895000015965],[-74.5079239996054,40.424834000021505],[-74.50791199990982,40.4248059998149],[-74.50790699988697,40.42477900006874],[-74.50790400041222,40.4247219998091],[-74.50791600010781,40.42461000009407],[-74.50793500037436,40.42457899973704],[-74.5080089999942,40.424515000079744],[-74.50813399966769,40.424471000322754],[-74.5082759999579,40.42439699988949],[-74.5083179997907,40.42436300005125],[-74.5083520001259,40.42431399985185],[-74.50838200026311,40.42425500029015],[-74.50841700042321,40.42420900008598],[-74.50845099986009,40.42418399969423],[-74.50847699979934,40.42417599994982],[-74.50850699993659,40.42417299987449],[-74.50852000035538,40.42417299987449],[-74.50857600043187,40.42419500019598],[-74.50863199961006,40.4242150002333],[-74.5086769998159,40.424218000306816],[-74.50870699995312,40.42421900010328],[-74.50874100028831,40.42420800028932],[-74.5087689998774,40.42418100030307],[-74.5087820002962,40.424146999671784],[-74.50878800014398,40.42410599975258],[-74.5087820002962,40.42406300021075],[-74.50876700022758,40.42402600012175],[-74.50875399980879,40.423985999928775],[-74.50875200015898,40.423957000252635],[-74.50875399980879,40.42391900030442],[-74.50877300007537,40.42387299987047],[-74.50880099966446,40.423834000072574],[-74.5088459998703,40.42380099975249],[-74.50890399959663,40.42376800010003],[-74.50901999994757,40.42373300014013],[-74.50905599993257,40.42371600005535],[-74.50908199987185,40.423692999772925],[-74.50909299974249,40.423674999873434],[-74.5090989995903,40.42365699996913],[-74.5090989995903,40.42363299986132],[-74.50908000022204,40.42359200031264],[-74.50900900007693,40.42351599998234],[-74.50898099958951,40.423465000234394],[-74.50896399987109,40.423427999816504],[-74.50895300000042,40.42338000011273],[-74.50895300000042,40.42334700025374],[-74.50896800006903,40.4233279997681],[-74.50899599965814,40.423308999960916],[-74.50916600043575,40.423246000274],[-74.50923800040577,40.42321199985397],[-74.50928799973619,40.42317800010059],[-74.50933200011711,40.423145000142554],[-74.50939999988917,40.423075000240104],[-74.5094660000114,40.42298700018122],[-74.5095010001715,40.42293999997828],[-74.50952399973772,40.422891999926286],[-74.50955899989782,40.42279199976488],[-74.50956700029376,40.42270700016056],[-74.50958200036236,40.422654000159795],[-74.50960099973061,40.42261699997964],[-74.50963400024091,40.422574999990765],[-74.50974499967066,40.42250100020714],[-74.51001099980945,40.42238500023462],[-74.51005900038834,40.42234700008223],[-74.51006900043407,40.4223359999621],[-74.51008199995455,40.422319000208134],[-74.5100910001754,40.42230000011597],[-74.51013999968086,40.42220200009528],[-74.51015300009966,40.42217599981462],[-74.51015899994745,40.42214600021479],[-74.51015800012253,40.422104999759775],[-74.51015700029761,40.422091999943895],[-74.51015499974949,40.42207100013081],[-74.51015499974949,40.422046000312164],[-74.51015700029761,40.42200499979621],[-74.51017400001606,40.42196099976516],[-74.51019400010755,40.42193299973045],[-74.51023199974239,40.421907000029655],[-74.51026000022978,40.42188399981252],[-74.51026899955231,40.421869000291146],[-74.51027100010045,40.42184100021809],[-74.51026699990248,40.421814999797895],[-74.51023699976525,40.42173100016023],[-74.51022000004681,40.421653000109735],[-74.51021500002395,40.42156500024224],[-74.51021699967377,40.42152499995357],[-74.51021699967377,40.42151100018886],[-74.51020900017618,40.42147800009688],[-74.51020199960516,40.42146400032239],[-74.5101909997345,40.42144099995379],[-74.51015999977237,40.421416999739236],[-74.51009399965011,40.42138299976249],[-74.51006699988594,40.42136400008984],[-74.51003099990092,40.42133700032984],[-74.51000999998453,40.42131399991783],[-74.50999099971794,40.42128600029766],[-74.5099870004183,40.42125700014147],[-74.50997800019748,40.4212019999995],[-74.50998499987017,40.42114199991769],[-74.50999599974082,40.421061000337865],[-74.51001599983233,40.42100199997463],[-74.51003199972584,40.42096799978814],[-74.51006500023611,40.42092699998296],[-74.510182000412,40.420823000248284],[-74.5103029998875,40.42072100004981],[-74.51035099956808,40.420670000234544],[-74.51038800027631,40.42061399976256],[-74.51040599981965,40.42056299986616],[-74.51041099984252,40.42051400031815],[-74.51041300039066,40.420460999957385],[-74.51040099979677,40.420372999898426],[-74.51040300034492,40.42032000011043],[-74.51041300039066,40.42028999968291],[-74.51043099993402,40.42025800021513],[-74.51045799969819,40.42022699990412],[-74.51091399980777,40.41976199967973],[-74.51133599958214,40.41932400023961],[-74.51156599973594,40.41910999983842],[-74.51163600005611,40.419034999789154],[-74.5116619999954,40.41898999999309],[-74.51167399969096,40.41895700003224],[-74.51169499960736,40.41886700030562],[-74.51171600042207,40.41874500027115],[-74.51174200036134,40.41860900033075],[-74.51175700042995,40.418468999903766],[-74.51175700042995,40.41838699995807],[-74.51176800030062,40.41834900028298],[-74.51179000004191,40.418311999786795],[-74.5118240003771,40.418275999839],[-74.51188600030139,40.41823700021579],[-74.51193800017992,40.41820200011381],[-74.51196300029429,40.418178999997814],[-74.51197400016493,40.41815900021764],[-74.51198400021069,40.418124000075075],[-74.5119859998605,40.41809099968951],[-74.51197400016493,40.41794099997117],[-74.51198000001271,40.41780399988153],[-74.51197900018781,40.41766000025538],[-74.5119869996854,40.41760499990836],[-74.51199900027927,40.41757100005685],[-74.51201500017282,40.41754900030469],[-74.51204600013494,40.41753100012909],[-74.51208899979267,40.41751100015628],[-74.51212899997563,40.41749599965983],[-74.51232200031949,40.41745900006236],[-74.51243000027452,40.417434999795034],[-74.51251700031315,40.41739800016408],[-74.512590999933,40.41736300030956],[-74.51264500035968,40.41734699988147],[-74.51268100034467,40.41734500008415],[-74.51277000003313,40.41734500008415],[-74.51280400036833,40.41734500008415],[-74.51283500033047,40.41734500008415],[-74.5128660002926,40.41733999990669],[-74.51289600042985,40.4173310001335],[-74.51292099964589,40.41731399979873],[-74.51293900008753,40.41729199996252],[-74.51294599976023,40.4172710000189],[-74.51294999995818,40.41721699993841],[-74.51295900017902,40.41717200029418],[-74.51296800039987,40.417151000313105],[-74.51298900031625,40.41713100022734],[-74.51300400038487,40.41711499974408],[-74.51303299979888,40.41710099974558],[-74.51306399976102,40.417089000233055],[-74.51310099957092,40.41706800022607],[-74.5131199998375,40.41705300031479],[-74.51313599973102,40.41703200029663],[-74.5131409997539,40.41702099999135],[-74.51314800032492,40.41699100014448],[-74.51314999997474,40.4169519997764],[-74.51314999997474,40.41691699968988],[-74.51314599977678,40.416863999914995],[-74.51314499995186,40.416819000034664],[-74.51315099979963,40.41676700008985],[-74.51316800041639,40.416718999736894],[-74.51320000020344,40.416663999988465],[-74.51322199994476,40.416638000303166],[-74.51325700010486,40.41660699969199],[-74.51334300031859,40.4165410001522],[-74.51338299960325,40.416517000241356],[-74.51341600011351,40.41650599985188],[-74.51346799999205,40.41649199972667],[-74.51350999982485,40.41647300004059],[-74.51354599980985,40.41644700028148],[-74.51358199979487,40.416417000178676],[-74.51360199988635,40.41638299972683],[-74.513612999757,40.41634299977666],[-74.513612999757,40.4163019998886],[-74.5136040004345,40.41627799989251],[-74.51359100001571,40.41626000006076],[-74.51356799955117,40.41623999971014],[-74.51354900018292,40.41621599969193],[-74.51353800031225,40.416188000001796],[-74.51353599976412,40.41616000030006],[-74.5135569996805,40.416128000235794],[-74.51363600022154,40.416056000035574],[-74.51373599978066,40.41595899972951],[-74.5137890003824,40.41593299977178],[-74.51389599961422,40.41588899987301],[-74.51395099986581,40.41586299988822],[-74.513985000201,40.41583500005124],[-74.51399799972148,40.415814000336816],[-74.51400899959212,40.41579100008838],[-74.51401699998806,40.415742999723086],[-74.51401500033823,40.41568300024416],[-74.51401500033823,40.4156490001053],[-74.51402299983583,40.41562300002778],[-74.51404499957714,40.41560300017176],[-74.51410800022464,40.41556700014236],[-74.51417000014894,40.41553700033114],[-74.51420399958579,40.41550400004455],[-74.51423600027117,40.41545999986529],[-74.51424499959367,40.415418000195814],[-74.51424499959367,40.41538699970644],[-74.51423399972302,40.415353000101966],[-74.51421700000458,40.4153140001523],[-74.51420600013395,40.415261999728315],[-74.51420399958579,40.41522899999085],[-74.51422299985238,40.41517399970842],[-74.5142529999896,40.41513500033896],[-74.51438299968594,40.41503500027413],[-74.51444700015836,40.414977999965494],[-74.51447700029557,40.41493500006067],[-74.51449400001403,40.414884999898234],[-74.51449599966384,40.414843999805655],[-74.51448499979321,40.41480199975168],[-74.5144639998768,40.41476500004067],[-74.51445100035632,40.414723999875015],[-74.5144489998082,40.4146770000547],[-74.51446999972458,40.41463599983542],[-74.51449599966384,40.414599000033135],[-74.51461000036498,40.414438000009554],[-74.51463499958102,40.41441899974348],[-74.5146539998476,40.414414999974724],[-74.51470599972613,40.41440900032119],[-74.51476199980263,40.414403999925554],[-74.51478500026717,40.414399000213514],[-74.51481500040438,40.414385000333844],[-74.51484899984126,40.41435499999558],[-74.5148659995597,40.41431500020778],[-74.5148720003058,40.41428699972658],[-74.51487399995561,40.414271999879276],[-74.51487399995561,40.41423499987683],[-74.51486399990988,40.41419899979943],[-74.51483299994774,40.4141379996814],[-74.51483200012282,40.41412099990774],[-74.51482100025217,40.4140559999289],[-74.51482100025217,40.41402800002389],[-74.514822999902,40.4140010000556],[-74.5148379999706,40.41396200000627],[-74.51486200026007,40.413938999808735],[-74.51488800019932,40.41389799982376],[-74.51489599969693,40.41387600023855],[-74.51489900006997,40.41384800025863],[-74.51489800024507,40.413824000071145],[-74.51488900002424,40.41379899992378],[-74.51486499973478,40.41376300029709],[-74.51484200016856,40.413729999824426],[-74.51474799955892,40.41363500017656],[-74.51470099970327,40.41358199986836],[-74.51466600044147,40.413551999856104],[-74.51456799963387,40.41345000026145],[-74.51452599980108,40.41340700006414],[-74.51448200031845,40.41334599991206],[-74.5142949998224,40.41310699992714],[-74.51422899970017,40.413031000063086],[-74.51408899995806,40.41287800011254],[-74.51398799967572,40.412795000226225],[-74.51391599970572,40.412753000261276],[-74.51382899966707,40.41270699971584],[-74.51375199967418,40.41267500006134],[-74.5137049998185,40.41267300012517],[-74.51365899978775,40.41267300012517],[-74.51361000028227,40.41268199983747],[-74.51355800040373,40.41269100023249],[-74.51343700002991,40.412718000042425],[-74.51333400009774,40.412721999912],[-74.51331999985406,40.41272299987937],[-74.51327999967108,40.41273400020334],[-74.51324200003624,40.412755000195084],[-74.5131979996553,40.41277900007982],[-74.51313999992901,40.41280000005751],[-74.51306499958592,40.412818000130805],[-74.51298799959304,40.41283200033654],[-74.51285200004891,40.41284799978637],[-74.5126479998344,40.41290099998875],[-74.51240500016016,40.41298299978078],[-74.51189100032425,40.413209000041725],[-74.5116340004063,40.41334000016322],[-74.51152499972804,40.413385000318414],[-74.51141299957506,40.41342999975954],[-74.51126299978722,40.413461999738985],[-74.5111349997407,40.413490999835474],[-74.51065900043795,40.41368100008761],[-74.51053200021636,40.41376500020087],[-74.51043400030706,40.41382599997312],[-74.51030200006258,40.41390200030716],[-74.51014600042699,40.4139889999902],[-74.51003000007603,40.41404299992558],[-74.50996999980156,40.41406300024528],[-74.50991100025034,40.41406899992966],[-74.50986199984654,40.41407500029748],[-74.50981900018883,40.41408699966356],[-74.50977999983076,40.41410500007662],[-74.50975600043964,40.41412499969392],[-74.50970600021091,40.41416199975684],[-74.50959099968487,40.41422099996299],[-74.50952799993568,40.414250999677044],[-74.50950399964626,40.41425300025024],[-74.50939800023934,40.4142849998383],[-74.509296999957,40.414304000142266],[-74.50925099992625,40.41431600015148],[-74.50922800036004,40.414330000045496],[-74.50920900009345,40.414350000279896],[-74.50919400002483,40.41438099987916],[-74.50913899977327,40.41445199987819],[-74.50905400028276,40.41448799982023],[-74.50896100039633,40.41452800018916],[-74.50871799982377,40.414579999812524],[-74.50843400014166,40.41466099967187],[-74.50814899973629,40.414761000292536],[-74.50800499979624,40.41479700006921],[-74.50789900038936,40.41482099990966],[-74.50780999980257,40.41486599975834],[-74.507754999551,40.41492300016185],[-74.50774500040357,40.4149569999836],[-74.507762000122,40.41515199985644],[-74.50776600031996,40.41538699970644],[-74.50776399977184,40.4155699999176],[-74.50773100015988,40.415686999937485],[-74.50769400034994,40.41574899994157],[-74.50760800013622,40.41581500025824],[-74.50750900040202,40.41586199996756],[-74.50741300014255,40.41587800006481],[-74.50732000025613,40.41587800006481],[-74.50726699965436,40.415878999985274],[-74.50721499977584,40.41587299977837],[-74.50717100029323,40.4158559997591],[-74.50715200002665,40.41584900031316],[-74.50701499975929,40.41579399985362],[-74.50684400005505,40.41570000030714],[-74.50677200008505,40.4156680000241],[-74.50675199999355,40.41565500033222],[-74.50670799961263,40.415650000029174],[-74.5063040002799,40.41564800018147],[-74.50615299976884,40.41565199987687],[-74.50601800004964,40.41566400032964],[-74.50584700034543,40.415712000067344],[-74.50575500028391,40.41573199989101],[-74.50560499959775,40.41575700000415],[-74.50555000024448,40.41575700000415],[-74.5054799999243,40.415742999723086],[-74.50543600044168,40.41571800028864],[-74.50541200015223,40.41570799969154],[-74.5053679997713,40.41571900021149],[-74.50518199999846,40.41577400004839],[-74.50501399976898,40.41583699989339],[-74.50461700010894,40.41600899977781],[-74.50457699992596,40.41601599989106],[-74.50452900024538,40.416017999727885],[-74.50447099962074,40.416014999972624],[-74.50441600026748,40.41600099974524],[-74.50432199965782,40.41597200004656],[-74.50419199996148,40.4159200001311],[-74.50412400018944,40.4159010002835],[-74.50406899993784,40.4159010002835],[-74.50400799983848,40.415907999724034],[-74.50399399959478,40.415909000327964],[-74.50393300039373,40.415918000291406],[-74.5039040000814,40.41592199997078],[-74.50386499972335,40.41593199985211],[-74.50377100001202,40.415954000133006],[-74.50367200027782,40.415986000280036],[-74.50358900043713,40.41600899977781],[-74.50349300017768,40.416039999980605],[-74.50331599972735,40.416099999825136],[-74.5032499996051,40.416128000235794],[-74.50315500006887,40.41615500003454],[-74.50303299987013,40.416181999822456],[-74.50285100029525,40.41620300010597],[-74.50274599981496,40.416204999937186],[-74.50266999964698,40.416204999937186],[-74.50259500020222,40.41619699992793],[-74.50251599966117,40.41617600032648],[-74.50245999958469,40.41615799978351],[-74.50243899966829,40.41615099968508],[-74.50233499991123,40.41612499980154],[-74.50214900013837,40.41608000011085],[-74.50207899981818,40.41606200022619],[-74.50205399970382,40.41606200022619],[-74.50201000022119,40.41605999970673],[-74.50196099981741,40.41606200022619],[-74.50192599965729,40.41607300000431],[-74.50190599956582,40.41608700021672],[-74.50189399987026,40.416099999825136],[-74.50189100039552,40.41611100028095],[-74.50188499964942,40.416155999950895],[-74.50187899980165,40.41619600001218],[-74.50186799993098,40.41622099995291],[-74.50185299986236,40.41623799987997],[-74.50183199994596,40.41625800023118],[-74.50181000020467,40.416270999806514],[-74.50177800041762,40.41628699980654],[-74.5016989998766,40.41631099979948],[-74.50161900040895,40.416325999876186],[-74.50158800044682,40.41633499978381],[-74.50156499998229,40.41634399969022],[-74.50147799994365,40.41639799978748],[-74.50138800043028,40.41645399966521],[-74.50131999975989,40.41649799987841],[-74.50130899988925,40.41650200020723],[-74.5012350002694,40.41654000024162],[-74.50119000006356,40.4165579999984],[-74.50111999974337,40.41658000007462],[-74.50107999956039,40.41659799982071],[-74.50105799981907,40.416611000014335],[-74.50104699994841,40.416626000024166],[-74.50104299975045,40.41663699971007],[-74.50104600012352,40.416653000306965],[-74.50106500039008,40.416689999663724],[-74.50108499958326,40.416729000183715],[-74.50108999960612,40.416746999889945],[-74.50109200015427,40.41676199986944],[-74.50108700013139,40.41678100015785],[-74.50106100019212,40.41683100027924],[-74.50104600012352,40.41686000029162],[-74.5010389995525,40.41687500024594],[-74.50103600007778,40.4168920000077],[-74.50103199987981,40.4169400002373],[-74.50103000022999,40.41694999996734],[-74.5010240003822,40.4169599996959],[-74.50098099982618,40.41698099973659],[-74.50095900008486,40.41699399985617],[-74.50093700034357,40.417027999999256],[-74.5008069997489,40.417170999708986],[-74.50073499977889,40.417243000083914],[-74.50064500026551,40.417310000202065],[-74.50055300020401,40.417367999801364],[-74.50021599992012,40.41756200031457],[-74.50002599994933,40.417655999995404],[-74.50000000001005,40.41766499972512],[-74.4998979999028,40.417688000016824],[-74.49978400009998,40.4177120001939],[-74.49943799959526,40.41778300009772],[-74.4993339998382,40.4178219999841],[-74.49924799962446,40.417879999825956],[-74.49909600018681,40.4180080000782],[-74.49895300007167,40.418112999948335],[-74.49883900026887,40.41819000011371],[-74.49874700020736,40.41822899976421],[-74.49865799962058,40.418240999757295],[-74.49863900025231,40.418243000211916],[-74.4985189997034,40.41823399987559],[-74.49847199984775,40.41822299976684],[-74.49827799967899,40.41817700022523],[-74.49821599975472,40.41816799988007],[-74.49812700006625,40.41817800011152],[-74.4979970003699,40.41823100021914],[-74.49785199970664,40.418329999753446],[-74.4978140000718,40.41835600015271],[-74.49780099965302,40.41836399990532],[-74.49774499957651,40.41840099968897],[-74.49766400028398,40.418454000304834],[-74.49751399959783,40.41855499995635],[-74.49744599982579,40.4185949999592],[-74.49737600040388,40.41861399973001],[-74.49731899960416,40.41864300034161],[-74.49727099992359,40.418686999807186],[-74.49720200032662,40.418769000071165],[-74.49715600029586,40.41881499989194],[-74.49710500024223,40.41885399986402],[-74.49702900007426,40.41888799975108],[-74.49695299990627,40.418909999749275],[-74.49684499995124,40.41891200018401],[-74.49669599998832,40.41894099998329],[-74.49653399960661,40.418996999796136],[-74.49639700023758,40.41905099981581],[-74.49632400044264,40.41910300004707],[-74.49622300016031,40.41926800001499],[-74.49616299988584,40.41945000006154],[-74.4961520000152,40.419482999780506],[-74.49613000027388,40.419547000121966],[-74.49611699985509,40.41959099968024],[-74.496081999695,40.41962800015692],[-74.49604099968711,40.41964599977148],[-74.49593699993004,40.41965599978325],[-74.49585099971631,40.41964599977148],[-74.49581499973131,40.41962599974348],[-74.49575600018007,40.419593000094665],[-74.49568599985987,40.41955999974574],[-74.4956320003315,40.41953499967786],[-74.4954900000413,40.41950600013462],[-74.4953419999033,40.4195110001511],[-74.49524399999399,40.41952399978187],[-74.4951949995902,40.41952999966317],[-74.49509000000822,40.41957399991647],[-74.49501399984024,40.419609999853634],[-74.49498000040334,40.41962999988633],[-74.49492799962651,40.419644000042496],[-74.49488999999167,40.419644000042496],[-74.49483700028823,40.41963900003591],[-74.49474400040181,40.419603999979415],[-74.49463499972354,40.41957100031981],[-74.4945960002638,40.419552000135404],[-74.49457600017232,40.41954100024214],[-74.49451900027091,40.41949500023389],[-74.49432799957688,40.419238999672785],[-74.49429099976695,40.4192069997051],[-74.49427700042156,40.41919900005278],[-74.49423999971333,40.41918700023051],[-74.49421999962183,40.41918300006132],[-74.49419299985766,40.41918300006132],[-74.49416199989552,40.41918499980402],[-74.49412799956035,40.419194999884304],[-74.49409300029855,40.41921900020772],[-74.49405700031355,40.41925299991032],[-74.49403899987189,40.4192880001494],[-74.49403700022206,40.419321999817136],[-74.49403300002409,40.419331000007915],[-74.49403200019918,40.419352999861296],[-74.49404100042003,40.41941800019426],[-74.49403499967391,40.41945500008218],[-74.49401700013057,40.41948100004673],[-74.49397299974963,40.419532000079464],[-74.49387400001542,40.41961200026749],[-74.49379799984744,40.419668000205725],[-74.49358000028757,40.41982599975578],[-74.49347200033253,40.41987300008273],[-74.49339500033965,40.419891000315644],[-74.4933280003925,40.41989200017648],[-74.49320899966848,40.419879999793906],[-74.49317699988143,40.41986899995433],[-74.49314400026947,40.419845999724316],[-74.49313000002577,40.41982499989397],[-74.49311999998002,40.419805999781296],[-74.49311999998002,40.419794999929564],[-74.49312300035307,40.419711999684864],[-74.49310499991141,40.41967599980232],[-74.49305200020797,40.41963300016433],[-74.49292499998636,40.41957600033145],[-74.49288999982625,40.419568999904676],[-74.49286200023717,40.41956399989252],[-74.49280500033576,40.41957499978201],[-74.49266200022063,40.41963200029965],[-74.49243700008974,40.419750999820856],[-74.49236000009684,40.41979199965884],[-74.49223500042336,40.41984700026968],[-74.492174000324,40.41987499980486],[-74.49211499987446,40.419883999921645],[-74.49208599956212,40.419882000199784],[-74.49202799983581,40.41986899995433],[-74.49199900042181,40.41985999983552],[-74.49197400030747,40.419845999724316],[-74.4919630004368,40.41983200029405],[-74.49193999997226,40.41979900006237],[-74.49192699955347,40.41975999995424],[-74.49192499990366,40.4197190000967],[-74.4919349999494,40.41968599980958],[-74.49195199966783,40.419653000190195],[-74.4919779996071,40.419624000013954],[-74.49201399959212,40.419594999825165],[-74.49203200003377,40.41957899992789],[-74.49204200007951,40.419569999770296],[-74.49203899970647,40.41955600028264],[-74.49202899966073,40.41954999971971],[-74.49198699982793,40.419528999797],[-74.49195699969071,40.419507999867704],[-74.4918930001166,40.41945699981678],[-74.49186999965205,40.419439000151606],[-74.49184600026094,40.41940999988312],[-74.49181299975068,40.41935899975785],[-74.49178299961343,40.41927499978916],[-74.4917590002223,40.41916200002407],[-74.49175500002434,40.41914000010823],[-74.49174499997861,40.41896999977008],[-74.49175000000147,40.41890899987386],[-74.49176099987211,40.41885600030036],[-74.4917950002073,40.418706000235886],[-74.49180100005509,40.41865299981855],[-74.49180400042815,40.41856099992406],[-74.49178799963629,40.418480999854104],[-74.491765999895,40.41838400030849],[-74.49166999963553,40.41816299976378],[-74.49155300035798,40.417890999990746],[-74.49148200021286,40.41778300009772],[-74.49046899971137,40.418320000228505],[-74.48960900026907,40.41876200024439],[-74.48837599965954,40.419289999888974],[-74.48676200018181,40.42018099968102],[-74.48667400031827,40.420246999753445],[-74.4866330003104,40.42029299993142],[-74.48661099967077,40.4203440000325],[-74.48657499968576,40.42043700007706],[-74.48636100032383,40.42098400003897],[-74.48618800007148,40.42095499975254],[-74.48597299998632,40.42093000020306],[-74.4857960004343,40.42093299973917],[-74.48564800029631,40.420921000226194],[-74.48555799988462,40.42090099989339],[-74.48333799961118,40.42199199996101],[-74.48119500022894,40.42304600017122],[-74.47878099978675,40.423512999877524],[-74.47849299990666,40.42377400028674],[-74.47821199969927,40.42402900020369],[-74.47792999966697,40.42428300004221],[-74.47779900014572,40.424403999813805],[-74.47777599968117,40.42546500034008],[-74.4777210003279,40.42806900024746],[-74.47770399971114,40.42886700012131],[-74.47769700003848,40.42920500013532],[-74.47750399969462,40.42940800022958],[-74.47699700042972,40.42994099966234],[-74.47579700033047,40.43120499982525],[-74.4729479996951,40.43247900031916],[-74.47199700001619,40.432905000146825],[-74.46939599997624,40.43460499988422],[-74.46882199986591,40.4362439998157],[-74.46822000016645,40.43796099982304],[-74.46750600031402,40.439342000231235],[-74.46735399997804,40.439637999966806],[-74.46729600025172,40.43983900020373],[-74.46720099981717,40.439933000203574],[-74.46688000032512,40.44020299992305],[-74.4657179998607,40.4402589998101],[-74.4656190001265,40.440246000084656],[-74.46364400007546,40.44000200009072],[-74.46337499956363,40.43998999987759],[-74.46057100003239,40.439875000233755],[-74.45948399991106,40.440836000081006],[-74.45952599974385,40.44093300006565],[-74.45962000035351,40.44114800031509],[-74.45804000031266,40.4422439998096],[-74.45620900020164,40.44299000015099],[-74.45412700002048,40.44383799989475],[-74.45291400040075,40.44433299976474],[-74.45256399969807,40.4451579998791],[-74.45338499968062,40.447173999669516],[-74.45360399996375,40.44908899969938],[-74.45330000019013,40.449615999733254],[-74.45313799980842,40.44964700016947],[-74.45283499985972,40.449708000214414],[-74.45235700000882,40.44978300023849],[-74.45197899971704,40.44990600012422],[-74.45145200036069,40.449902999829575],[-74.45093699980156,40.44989100001686],[-74.45050900017938,40.44995600023017],[-74.45044600043019,40.44993699974312],[-74.45009499990259,40.44978100003842],[-74.44960700000597,40.449538999999035],[-74.44935799958563,40.44936500019491],[-74.44875300041144,40.44947799980075],[-74.44864000043354,40.44949600031331],[-74.44841399957943,40.449485999953176],[-74.44831599967011,40.4492349999293],[-74.44810399995801,40.449033000332314],[-74.44775199960552,40.44896400014474],[-74.44766299991706,40.44896099980803],[-74.44767799998567,40.449062000132436],[-74.44770200027511,40.44920099966064],[-74.44771499979561,40.449266999965445],[-74.44771899999355,40.44933200009873],[-74.44770800012289,40.449403000119844],[-74.44767299996279,40.44954700014421],[-74.44767799998567,40.4496439998633],[-74.4476860003816,40.449688000239405],[-74.44767200013787,40.44977000030413],[-74.44760699984056,40.44991799993431],[-74.44757599987842,40.45020600020188],[-74.44755400013712,40.45040199983007],[-74.44753499987056,40.450437000265026],[-74.44745500040291,40.45059199972615],[-74.44737599986186,40.45077700002623],[-74.44736400016632,40.45085100014038],[-74.44735999996836,40.45092899982144],[-74.44738900028067,40.45100000020612],[-74.44742100006772,40.45106600011134],[-74.44760099999277,40.451269999905655],[-74.44776000000144,40.451408000259775],[-74.44801199989651,40.45171200006986],[-74.44831099964726,40.45202000013889],[-74.44839299966303,40.45211899983684],[-74.44842899964802,40.452168000282455],[-74.44845799996035,40.45222000020011],[-74.44848600044774,40.45227500026636],[-74.44852099970954,40.452345999912524],[-74.44853999997612,40.45240600018077],[-74.44855599986964,40.452474000192225],[-74.44856900028843,40.452518000082506],[-74.44857299958807,40.45264099974736],[-74.44857099993825,40.45270700009156],[-74.44858600000687,40.45273999989753],[-74.44862000034205,40.45278300024188],[-74.44867399987042,40.452860999731165],[-74.44868899993904,40.45289700030621],[-74.44868499974106,40.45294300002557],[-74.44866499964958,40.45301000012517],[-74.44865700015198,40.45305599976718],[-74.44866100034993,40.453105000213064],[-74.44868300009124,40.453148000323836],[-74.44872900012199,40.453191999772784],[-74.44882700003129,40.45325999967242],[-74.44884999959751,40.45328999974695],[-74.44884999959751,40.45329900017687],[-74.44883600025211,40.45335400004355],[-74.4488139996125,40.45339900008742],[-74.44879400041934,40.453443000055636],[-74.44878900039646,40.453466999777575],[-74.44879699989406,40.45361700023792],[-74.4488069999398,40.45382600000656],[-74.44879799971898,40.453916000115534],[-74.4487929996961,40.453926999854765],[-74.44877699980259,40.453960999783035],[-74.44875400023636,40.45399899984333],[-74.4487080002056,40.454047000248586],[-74.44864000043354,40.45410300022235],[-74.44854900019693,40.45417399998768],[-74.448468999831,40.45425099987942],[-74.44843399967091,40.45428400029426],[-74.4484119999296,40.454340000070495],[-74.4484269999982,40.45441300033123],[-74.44858299963383,40.45477699973596],[-74.44861100012123,40.45496700024947],[-74.44862600018983,40.45511400003344],[-74.44865899980181,40.45532700000082],[-74.44866800002265,40.45535299976766],[-74.4487009996346,40.45549099993916],[-74.4487080002056,40.455516000311384],[-74.44873800034283,40.455625999788126],[-74.44878199982544,40.45572300030199],[-74.44885600034361,40.45588799996645],[-74.44888099955965,40.455930999663366],[-74.44888499975761,40.45596499994464],[-74.44887700026,40.4559950001786],[-74.44885700016852,40.4560680000083],[-74.44879199987118,40.456199000046965],[-74.4487860000234,40.45631999980353],[-74.44883100022925,40.456461000041536],[-74.44893599981124,40.45656400002832],[-74.4489679995983,40.45660799997457],[-74.44898500021502,40.45664999989634],[-74.44898900041301,40.45667099984741],[-74.44898500021502,40.45673700033437],[-74.44897199979624,40.45686099978973],[-74.44893099978836,40.45695399991458],[-74.4488630000163,40.45702400009274],[-74.44883000040433,40.45708000031938],[-74.44879600006915,40.45725100000256],[-74.44881299978758,40.45736400001808],[-74.44888499975761,40.457481999770906],[-74.44902899969765,40.457654999763726],[-74.44907800010145,40.457714000094],[-74.44908599959906,40.45776699980203],[-74.44912599978203,40.45801300019501],[-74.44916199976704,40.45805999980644],[-74.44927300009512,40.45818300026259],[-74.44941500038536,40.45842100004461],[-74.4494470001724,40.45847599981975],[-74.44945999969288,40.45850199973508],[-74.4495590003254,40.45867299990004],[-74.44957799969366,40.458726000218526],[-74.44959000028753,40.45877499994704],[-74.44961399967868,40.45879599991743],[-74.44966899993024,40.45882400032333],[-74.4497300000296,40.45886199968386],[-74.44921199999575,40.459343000217906],[-74.44920199995,40.45936300005328],[-74.4486510003042,40.46038599999284],[-74.44821399956288,40.46027099970445],[-74.44774900013078,40.460706999815514],[-74.44746100025068,40.46097800008568],[-74.4474050001742,40.4610300000201],[-74.44631200020507,40.4620539997805],[-74.44592399986755,40.462419999987716],[-74.4453640000009,40.462957999667466],[-74.44508399961842,40.4632279998418],[-74.4438369996635,40.462603999936164],[-74.44311100011551,40.462240999791895],[-74.44203800023787,40.461692000004284],[-74.44127900017958,40.46131500003662],[-74.43913900027208,40.46025100013938],[-74.43890699957018,40.460136000303436],[-74.43874799956153,40.46005599979623],[-74.43818799969488,40.459775999663044],[-74.43658099988984,40.45897199983404],[-74.43606200003109,40.45871199999661],[-74.4356770000666,40.45877999977784],[-74.43535499985133,40.45883599990791],[-74.43487899965027,40.45895099991872],[-74.4347470003041,40.458982000149454],[-74.43426500025525,40.459044999846746],[-74.43405199981991,40.459094000026106],[-74.43382500003919,40.459147000012464],[-74.43349199995328,40.45927700024049],[-74.43324000005819,40.45940399966304],[-74.4326349999857,40.459799999856884],[-74.43258399993208,40.460007000318534],[-74.43257700025939,40.46003700011455],[-74.43241800025072,40.46068499982126],[-74.4323949997862,40.46230499976395],[-74.43129500014436,40.46390499975165],[-74.42979499957114,40.46500500010391],[-74.42653199955731,40.46652700008452],[-74.42650099959516,40.46658899969033],[-74.42653900012832,40.46708199973271],[-74.42593700042887,40.46722399977645],[-74.42544899963391,40.466714999793105],[-74.42199900002232,40.46731299986738],[-74.41949500006676,40.46750500013801],[-74.4181030003469,40.468802999884886],[-74.4182099995787,40.46992600017025],[-74.41847599971749,40.47033400010395],[-74.41981100043427,40.47202900015617],[-74.41967699964164,40.473212999686005],[-74.41796899955426,40.47470300000326],[-74.41569499975247,40.47630499993517],[-74.41527700017605,40.477088000310374],[-74.41489499968633,40.47780500021596],[-74.41482500026443,40.47862300028047],[-74.41525899973438,40.478584000128606],[-74.42299499990708,40.478005000044575],[-74.42346799973508,40.47796899994174],[-74.42376599966092,40.47794399972611],[-74.42405799973895,40.477921000230126],[-74.42683200003128,40.47771700004795],[-74.4274880001574,40.47766999984106],[-74.42764600034114,40.477656000151086],[-74.42773800040264,40.477652000043896],[-74.42793800041919,40.47763799966685],[-74.4285169996541,40.47759700025417],[-74.42961700019424,40.47751900010236],[-74.42987699958692,40.47749999989395],[-74.43196700016402,40.47733999983188],[-74.43222400008196,40.47731999988272],[-74.43345400031845,40.47722600024684],[-74.43689200023445,40.47696300023203],[-74.43701100006017,40.47695400023931],[-74.43954400032803,40.47676500011274],[-74.44146599977734,40.47661999995871],[-74.44217700015503,40.47656400030547],[-74.4430969998718,40.47649399998998],[-74.44343900017857,40.476475000174815],[-74.44422599982595,40.47641599992335],[-74.44616900008994,40.47626399970842],[-74.4470050001411,40.47620499995488],[-74.44785600026091,40.476144999758574],[-74.44793800027666,40.47619500015367],[-74.44801000024668,40.4762849996777],[-74.4480329998129,40.47631300030982],[-74.44830200032473,40.476615000089176],[-74.44862500036493,40.476948000015696],[-74.44877599997767,40.477102999812146],[-74.4488139996125,40.47717500024393],[-74.44884499957463,40.47721100008925],[-74.44911599973629,40.47737800033384],[-74.44923100026233,40.477438999799915],[-74.4493209997757,40.47747300012799],[-74.44936500015663,40.477475000186956],[-74.44941000036248,40.47747399981584],[-74.44947399993657,40.47746999969781],[-74.4495590003254,40.47748299973892],[-74.44961500040189,40.47750100026467],[-74.45016299967466,40.47771400031195],[-74.45061799995932,40.47787899994182],[-74.45064999974637,40.477891000222115],[-74.45072500008945,40.47790299981694],[-74.45076299972429,40.47790699990917],[-74.45078700001373,40.477904999863085],[-74.45080399973216,40.47790000008929],[-74.4508280000216,40.47789599999663],[-74.45085099958783,40.47789599999663],[-74.45089999999163,40.47789699967813],[-74.45093799962648,40.47790000008929],[-74.45098299983232,40.47790400018171],[-74.45106099965012,40.47790600022782],[-74.45120499959016,40.477928000047875],[-74.4512289998796,40.477932000138615],[-74.45125300016905,40.47793099977427],[-74.45128599978102,40.477923999956886],[-74.45133799965954,40.477908000273885],[-74.45136899962168,40.47789800004299],[-74.45165599967686,40.477706000104234],[-74.45174100006568,40.477647999936465],[-74.45179999961691,40.477630999818906],[-74.45186900011221,40.47762199991568],[-74.45189599987638,40.47762199991568],[-74.45199799998362,40.477626000024664],[-74.45207499997653,40.47762500033913],[-74.45215399961924,40.477617000120816],[-74.45221999974149,40.477591000088026],[-74.45227699964288,40.47757300026968],[-74.45263599966808,40.477490000285606],[-74.45298600037077,40.477396000204465],[-74.45306900021146,40.47738199977403],[-74.45314600020434,40.47737200014812],[-74.45337800000793,40.47731000024752],[-74.45344199958203,40.47729000028943],[-74.45368799962932,40.477209000022434],[-74.45373200001026,40.47720600026372],[-74.45404699965454,40.477158000006604],[-74.45449199989346,40.47706000000145],[-74.45476499970493,40.47699999988589],[-74.45481900013161,40.47698600005621],[-74.4548819998808,40.47695700000922],[-74.45493399975932,40.47692599987451],[-74.45496999974434,40.47690900025743],[-74.4550650001789,40.47685599993638],[-74.45512600027827,40.47684099969614],[-74.455240999906,40.4768649999423],[-74.45530100018044,40.47688999987642],[-74.45539499989178,40.47690399972612],[-74.45582000003922,40.47684200007667],[-74.45588699998636,40.476831999687],[-74.45592899981916,40.47682800021405],[-74.45615099957702,40.476783999845836],[-74.45621400022452,40.47677200005102],[-74.45635599961642,40.47674299991159],[-74.45646299974655,40.47673100010945],[-74.45659199961798,40.47673100010945],[-74.4568129995509,40.476783999845836],[-74.4570300001842,40.47682299967671],[-74.45724699991919,40.476858999710736],[-74.4574650003774,40.47693400017517],[-74.45770100037893,40.477010999945286],[-74.45776699960287,40.4770289999143],[-74.45815900013835,40.47717500024393],[-74.45829899988043,40.47720600026372],[-74.45867299997424,40.47734100020497],[-74.45873999992139,40.477390999709385],[-74.45890099957987,40.477451000158844],[-74.45904600024313,40.477490000285606],[-74.45939699987242,40.47751700004472],[-74.45959699988897,40.47754599984976],[-74.4597180002628,40.477565999731596],[-74.4598310002407,40.47758099980991],[-74.4602189996799,40.47758000012366],[-74.46037900041179,40.477626000024664],[-74.46039299975718,40.477613000011296],[-74.46085999973741,40.477178999696264],[-74.46138199996923,40.476676999948246],[-74.46174900039036,40.476325000186684],[-74.46218100021048,40.47590900001499],[-74.46272500018361,40.47538600009416],[-74.46274500027508,40.47536799968466],[-74.46326699960858,40.47486600006283],[-74.46329799957073,40.47484100005842],[-74.4639009999934,40.47435199987726],[-74.4639789998112,40.474287999767476],[-74.46412799977412,40.47416700025807],[-74.46459099955638,40.47379200009418],[-74.46520999987258,40.473291000056726],[-74.46591000037965,40.472721999748664],[-74.46642199966742,40.472307000253174],[-74.46770700015547,40.471265000166426],[-74.46781099991254,40.47118100012018],[-74.46935400014345,40.47211700026218],[-74.47032999993672,40.47270900015247],[-74.4707290001449,40.47295100010772],[-74.47121200001865,40.47323999979831],[-74.471786000129,40.472697000312685],[-74.47240899974484,40.47210900007094],[-74.47304599960438,40.47150800031867],[-74.47353500022423,40.47104600009422],[-74.47399299998365,40.47061399996416],[-74.47528400031949,40.469336999774725],[-74.47629199989979,40.46837799980739],[-74.47650600016004,40.46817499984391],[-74.47734399986105,40.46724399999913],[-74.47789299985703,40.467572000067676],[-74.47895900006199,40.46820500009263],[-74.47969600037896,40.4686430002839],[-74.48202000040948,40.47004900008467],[-74.48266700031476,40.470431999675284],[-74.48337799979414,40.470848000294154],[-74.48408099977594,40.47126099967848],[-74.48479299997854,40.47168200018275],[-74.48551000020404,40.47210399986553],[-74.4865010000659,40.4726780001065],[-74.48690699994677,40.47291100032212],[-74.48722900016205,40.47310300030576],[-74.48792100027319,40.473519999842026],[-74.48830399968952,40.473747999786404],[-74.48863099992766,40.47394000011018],[-74.48949100026827,40.47445199988398],[-74.49009700016568,40.473774999683584],[-74.49023299970982,40.47362799973233],[-74.49047799993221,40.47337800012685],[-74.49068499962144,40.47316400023904],[-74.49103199995108,40.47283499970711],[-74.49134999996838,40.47253699973873],[-74.49153099971835,40.47237299972859],[-74.49172599971202,40.47219499985598],[-74.49227200023329,40.47171000000095],[-74.49233300033266,40.471649999888115],[-74.49255699974033,40.47144400023169],[-74.49283299992484,40.471187999957216],[-74.4929779996898,40.47105299994532],[-74.49326100044533,40.470788999881854],[-74.49357899956433,40.4704939997765],[-74.49409999997125,40.47001400029864],[-74.49424100043655,40.46988100026198],[-74.49427499987343,40.46984799999114],[-74.49452199974563,40.46961999978923],[-74.49466300021095,40.46948999975919],[-74.49471300043966,40.46944399975142],[-74.49477700001377,40.46938399966413],[-74.49494699989309,40.469235000047064],[-74.49512000014543,40.46909000003351],[-74.49531699978893,40.46894099976416],[-74.49543700033784,40.46885099996419],[-74.49563999982912,40.468701999847994],[-74.49625900014533,40.46829400025038],[-74.49637200012323,40.468221000037516],[-74.49717600038734,40.46769900020992],[-74.49737499968067,40.46756999971374],[-74.49760599965933,40.4674220000101],[-74.49817200027209,40.46705999977604],[-74.49874200018448,40.46669599994459],[-74.49914999971519,40.466435000078995],[-74.49959400012919,40.466150999772125],[-74.49964000015994,40.46612199982958],[-74.50085000030492,40.46534800024913],[-74.5011440000328,40.46516000013139],[-74.50130700023944,40.465054999909334],[-74.50141600001938,40.464985999771656],[-74.5017149997701,40.464796000254495],[-74.50191300013682,40.46466999996895],[-74.50211999982605,40.4645380001648],[-74.50247300000348,40.464313000040505],[-74.50318299965795,40.463869000290664],[-74.5039889995719,40.46336399976156],[-74.50448200038971,40.4630629997503],[-74.50575199991084,40.46229400002942],[-74.50688099986499,40.46160299998337],[-74.50707300038391,40.46148699980207],[-74.50712400043756,40.46145600004378],[-74.50720700027821,40.461406000293245],[-74.50742700038626,40.46126700003937],[-74.5075710003263,40.461167000219746],[-74.50771500026633,40.461062999839285],[-74.5077839998633,40.461005000332676],[-74.50781400000054,40.46098500030264],[-74.508635999808,40.460172999659974],[-74.50898999981034,40.45982200014097],[-74.50906099995545,40.45975300009575],[-74.50938099962258,40.45943700028095],[-74.50954399982922,40.45927600028178],[-74.51048500036069,40.45834600009226],[-74.51069500042297,40.4581389999808],[-74.51190600039287,40.45705399985379],[-74.5120000001042,40.4569699998055],[-74.51238900026664,40.456620999953174],[-74.51438400040918,40.45528699997177],[-74.51449099964098,40.45521499999624],[-74.5153939996393,40.454610000021006],[-74.51734000027636,40.453305999826824],[-74.51788699972421,40.4529399998665],[-74.51819200022106,40.45273200013248],[-74.51832799976519,40.45263900031589],[-74.51846400020762,40.452545999687004],[-74.51872899962318,40.452365999780014],[-74.51898200024146,40.452193999904495],[-74.51943699962781,40.45188499988069],[-74.5201170000434,40.45142700033092],[-74.52033799997633,40.451277999844756],[-74.5205880002216,40.45105299974156],[-74.52064400029808,40.451001999686376],[-74.52088799979725,40.45078099968347],[-74.5213980003335,40.45024900011692],[-74.52162299956608,40.450013000291875],[-74.52193499973562,40.449687000137935],[-74.52206100013231,40.44955500028846],[-74.52232300007313,40.449282000212094],[-74.52233700031684,40.449266999965445],[-74.52235900005815,40.44924400021873],[-74.52237400012675,40.44922899996355],[-74.52239300039332,40.44920899984604],[-74.52253099958727,40.44906499978102],[-74.52280099992402,40.44878300009867],[-74.52337500003436,40.44818499981952],[-74.52357000002803,40.447981000231],[-74.52361000021101,40.447938999675884],[-74.52387299997675,40.4476640002918],[-74.52520799979521,40.446268999856926],[-74.52532999999394,40.44614100006386],[-74.52553900023132,40.44592300027178],[-74.52623999966497,40.445192000142235],[-74.52642700016102,40.44499699984741],[-74.52652500007031,40.44489500007785],[-74.52656699990311,40.44485099998204],[-74.52664700026905,40.44476699971909],[-74.52687999989756,40.44459299986598],[-74.52707599971613,40.44444699980673],[-74.52734199985493,40.44424800003937],[-74.52768599981151,40.44399099984603],[-74.52845499991552,40.443416999893444],[-74.5285660002436,40.44333400008547],[-74.52863099964262,40.44328500003538],[-74.52870400033586,40.443231000329455],[-74.52919899990519,40.44286100006354],[-74.52944099975453,40.44267999998986],[-74.5296499999919,40.44254699984421],[-74.53005400022295,40.442288999772444],[-74.53056899988376,40.441959999789404],[-74.53127900043656,40.44150800025838],[-74.53151999956265,40.44135500012492]]]}},{"type":"Feature","properties":{"geoid":"3403553280","townId":"north-plainfield-borough","name":"North Plainfield borough","county":"Somerset","status":""},"geometry":{"type":"Polygon","coordinates":[[[-74.464951,40.611271],[-74.45487,40.618777],[-74.445625,40.625659],[-74.441682,40.629378],[-74.432968,40.633306],[-74.424958,40.636917],[-74.414485,40.641382],[-74.413802,40.64101],[-74.41442,40.640652],[-74.414952,40.637662],[-74.415285,40.631657],[-74.416599,40.630961],[-74.416179,40.629365],[-74.417646,40.627541],[-74.420863,40.626172],[-74.422692,40.62522],[-74.423076,40.624254],[-74.423284,40.623674],[-74.423457,40.620884],[-74.42435,40.619595],[-74.424907,40.619117],[-74.426524,40.617926],[-74.427079,40.617182],[-74.428081,40.616513],[-74.429269,40.616285],[-74.431395,40.615707],[-74.43294,40.613922],[-74.435553,40.612771],[-74.437514,40.610279],[-74.438207,40.609713],[-74.445456,40.609074],[-74.448155,40.607709],[-74.449778,40.605376],[-74.450684,40.604009],[-74.453997,40.604016],[-74.455639,40.60202],[-74.457376,40.602302],[-74.462777,40.608731],[-74.463906,40.610095],[-74.463936,40.610077],[-74.464951,40.611271]]]}},{"type":"Feature","properties":{"geoid":"3401313045","townId":"orange-township","name":"City of Orange township","county":"Essex","status":""},"geometry":{"type":"Polygon","coordinates":[[[-74.25514400034852,40.75837500032975],[-74.25532400027357,40.75811900021913],[-74.25502999964738,40.75801099992994],[-74.25472599987377,40.75790000003584],[-74.2538830001499,40.757591000237156],[-74.25382100022563,40.757568000190325],[-74.25372099976819,40.75752899991519],[-74.25323200004665,40.757352999959195],[-74.25273800030226,40.757172000206666],[-74.25267499965474,40.75714900001482],[-74.25257400027071,40.757112000044565],[-74.25201699987879,40.756904999886316],[-74.25197099984804,40.7568879999137],[-74.25187200011383,40.75685200007744],[-74.25172499980074,40.756796999666186],[-74.25102699984183,40.756538000111966],[-74.25098300035921,40.756519999761316],[-74.25003699980488,40.756170000063534],[-74.24997300023077,40.75614900010475],[-74.24987399959825,40.756109000067624],[-74.24776100035326,40.75532200024387],[-74.24745199965845,40.75520900001532],[-74.24597700009791,40.75465899999637],[-74.24586199957187,40.7546180001109],[-74.24532900036772,40.75442100010948],[-74.24517899968156,40.754365000092314],[-74.24499999958142,40.7542979999369],[-74.24468400011223,40.754181000092665],[-74.24459500042379,40.7541479997504],[-74.24435500022426,40.754058999797365],[-74.24422499962961,40.754016999900486],[-74.2441259998954,40.75397400033504],[-74.24373799955788,40.75369599990951],[-74.24352099982292,40.75386400014897],[-74.24311300029223,40.75352700027728],[-74.24311199956901,40.75347999975558],[-74.24310999991917,40.75338000002633],[-74.24015999989979,40.751922000216034],[-74.23976900008753,40.752389000302074],[-74.23931200015303,40.75292700007003],[-74.23927199997007,40.75290199977371],[-74.23886199989124,40.75266100005592],[-74.23822900022965,40.75228799994506],[-74.23815200023677,40.752242999925244],[-74.23612299975905,40.75405499987316],[-74.23565699960372,40.75446999991568],[-74.23508400021659,40.75497899979384],[-74.23485400006281,40.75518399989665],[-74.23421700020327,40.755752000218735],[-74.23313400027988,40.75671799994851],[-74.23305399991393,40.756789999746665],[-74.2315020003605,40.758174999795976],[-74.23078900033298,40.758810000178585],[-74.22931600042226,40.7601230001362],[-74.22854099957213,40.76081700033555],[-74.22647799965753,40.76265299982419],[-74.22613700007399,40.76295799983737],[-74.22537299999284,40.76364099978752],[-74.22407199961125,40.764799000177426],[-74.22309499999308,40.76566900003578],[-74.22269300031019,40.76602799997685],[-74.22262600036304,40.766087000115185],[-74.22240899972974,40.76627999969434],[-74.22227800020849,40.76639499974465],[-74.22190800031264,40.766726999725854],[-74.22165399986942,40.76695399973986],[-74.22062600019763,40.76787199998053],[-74.2205199998924,40.76796400014595],[-74.22025600030176,40.76903800021227],[-74.22010899998867,40.76963400025],[-74.22007999967636,40.76976600002384],[-74.21999699983569,40.77009000021245],[-74.220611000129,40.77081900013307],[-74.22118699988918,40.771503000311334],[-74.22130700043809,40.77164400028433],[-74.22141600021803,40.77177400003779],[-74.22293900035748,40.77357399994324],[-74.22320200012321,40.7738850003149],[-74.22347400010977,40.77420600009261],[-74.2235119997446,40.774250000193476],[-74.2231879998795,40.77511000008642],[-74.22314000019894,40.77525599989946],[-74.22253500012643,40.77688699992337],[-74.22224700024634,40.777672000251336],[-74.22194500012255,40.778468000320636],[-74.22134699972275,40.78008200022999],[-74.2211450000564,40.78063699967199],[-74.22113300036082,40.780669999786916],[-74.22099699991838,40.78104600022712],[-74.22052499991528,40.78226399995505],[-74.22048899993027,40.78234299991663],[-74.2201950002024,40.783245000290506],[-74.2200689998057,40.78358400024112],[-74.21969200023716,40.78467700023499],[-74.21939099993828,40.785614000271764],[-74.21932300016621,40.785818999745494],[-74.21908600033974,40.78653300030812],[-74.21907700011892,40.78655900002943],[-74.21904299978371,40.78666199966246],[-74.21900299960075,40.78677800031256],[-74.21896199959286,40.7869010002294],[-74.21891200026248,40.787050999952385],[-74.21890899988942,40.787062999888356],[-74.21890399986655,40.787077999975324],[-74.21888999962285,40.78712000006486],[-74.2188729999044,40.78717800001521],[-74.21881699982791,40.78735700002341],[-74.21872200029166,40.787664999675755],[-74.21859699971989,40.78801900006438],[-74.21855400006218,40.78813799980962],[-74.21852800012292,40.78821299967672],[-74.21855400006218,40.78823299989903],[-74.21871300007085,40.788355999841485],[-74.21880299958423,40.78842499995825],[-74.21887600027746,40.78848200032594],[-74.21889600036896,40.78849700009244],[-74.21891800011026,40.78851899983446],[-74.21896699961574,40.78855100031184],[-74.21928800000612,40.788797999949594],[-74.22056400027336,40.78977899966947],[-74.22319700010034,40.78757199976786],[-74.22332599997176,40.78746500023194],[-74.22481099957804,40.78622500016671],[-74.22492799975392,40.78628700024378],[-74.22672999955262,40.784655999761135],[-74.22677599958337,40.78471399982295],[-74.22832200018735,40.78373599972332],[-74.22904100006264,40.783281000114556],[-74.22959199970846,40.78293300031777],[-74.22968799996794,40.78287500006098],[-74.22989300000735,40.78275100028036],[-74.22996900017533,40.78270499990791],[-74.23009200019897,40.7826309998334],[-74.23035099976676,40.78247299982113],[-74.23048499966104,40.78232900001637],[-74.23055499998125,40.782349999865644],[-74.23062100010348,40.782309999952716],[-74.23066100028646,40.78228399992835],[-74.23081500027226,40.78218400000148],[-74.23092700042524,40.78211299972392],[-74.2310239996113,40.782049999931424],[-74.2311630004268,40.781960000027055],[-74.2314539997816,40.78177199993915],[-74.23341200011424,40.780504999728606],[-74.23406800024036,40.78007999969045],[-74.23423599957152,40.77997300032793],[-74.23436299979313,40.779890999790666],[-74.23498499958406,40.779505000232206],[-74.23522899998154,40.779353999850976],[-74.23672700000662,40.778425000246976],[-74.23694600028972,40.77849499975156],[-74.23706500011542,40.778303000234494],[-74.23766000014217,40.77734900027251],[-74.23833800000959,40.776262000018406],[-74.23838900006324,40.77617899967364],[-74.2384429995916,40.77608699999811],[-74.2386200000419,40.77569800011712],[-74.23869700003479,40.77553399995159],[-74.2391189998092,40.774610000047865],[-74.23929299988647,40.77422799980656],[-74.23949799992587,40.77377899984206],[-74.23957400009385,40.7736130003278],[-74.23963500019323,40.773539999676565],[-74.23989200011117,40.77323599996004],[-74.23996200043138,40.77315299991652],[-74.24019500005988,40.77287600014383],[-74.24032499975621,40.77272499966106],[-74.24038099983271,40.772658000323595],[-74.24054099966628,40.77246799967218],[-74.24063699992575,40.772353999973],[-74.24071399991864,40.772263999857465],[-74.24073599965996,40.77223399979186],[-74.24080299960711,40.77214500024319],[-74.24104799982948,40.7718179997083],[-74.24114099971591,40.77169399969629],[-74.24120500018832,40.771620000281104],[-74.24123000030269,40.77157799991447],[-74.24127299996039,40.77153999975423],[-74.2413800000905,40.771415999903695],[-74.24154599977186,40.771223000274006],[-74.2416899997119,40.771055999750736],[-74.24173400009283,40.77100499979244],[-74.24191999986567,40.77079100023436],[-74.24221299976863,40.77045000015654],[-74.24222299981437,40.77035499980324],[-74.24223000038539,40.770291999744714],[-74.24276400031276,40.76974099993735],[-74.24284600032853,40.76964200026436],[-74.24298500024571,40.76952799979852],[-74.24309099965261,40.769432000078126],[-74.24324299998857,40.76925300006601],[-74.24347599961708,40.76901199975562],[-74.24379199998457,40.76862199984916],[-74.24379799983235,40.76861100008549],[-74.24383899984024,40.76853100001786],[-74.24386800015255,40.76848500000341],[-74.24398699997823,40.76827099981325],[-74.24421100028422,40.7679729997929],[-74.24422700017774,40.76795700004167],[-74.24450099981412,40.76768199993092],[-74.2446110003173,40.76757199997611],[-74.24467599971632,40.76750600032412],[-74.24468499993715,40.76749699993351],[-74.24494299968,40.767285000207956],[-74.24498200003806,40.76724799975649],[-74.24516399961294,40.767077999752786],[-74.24549500004906,40.76681099976147],[-74.2456809998219,40.766923999998255],[-74.24615700002296,40.76721499977778],[-74.2461810003124,40.76722400020658],[-74.2473289996348,40.767660000090565],[-74.24829000025777,40.767986999997305],[-74.24851299984053,40.768062000167255],[-74.24963500012197,40.76681699985714],[-74.24976900001627,40.76688700002618],[-74.24990100026075,40.76660399987091],[-74.24999199959903,40.76641200000736],[-74.25004799967553,40.76628400024372],[-74.25012200019368,40.76616399998625],[-74.25031299998939,40.76585399967904],[-74.25035300017235,40.7657889998263],[-74.25051800002882,40.765519000333114],[-74.25079800041128,40.76535500021635],[-74.2509049996431,40.765292000180075],[-74.25097699961313,40.76524999989591],[-74.25102699984183,40.765221000218794],[-74.25112499975113,40.76515199981005],[-74.25119500007132,40.765067999718596],[-74.25131399989701,40.76465299983911],[-74.25134800023218,40.764523999925714],[-74.25156699961701,40.7640559998627],[-74.25166600024951,40.763840000030534],[-74.25169499966351,40.76374800027944],[-74.25171899995296,40.7636710003307],[-74.25171200028026,40.763574000135776],[-74.2517649999837,40.763441000129376],[-74.25181799968716,40.763307999856835],[-74.25193300021321,40.76293599979407],[-74.25195199958146,40.762896999946754],[-74.25207799997817,40.762644000137165],[-74.25208600037408,40.762577999673475],[-74.2520949996966,40.762486000216754],[-74.25234499994185,40.76195999994548],[-74.25234999996471,40.76190700008439],[-74.2523750000791,40.76166500014328],[-74.25239699982039,40.761612000046966],[-74.25242899960745,40.76153299992769],[-74.25289899996072,40.761013000218924],[-74.25294900018945,40.760948999931706],[-74.25340299975088,40.76022599993444],[-74.25405999970191,40.76002699975781],[-74.25408800018931,40.76003500024823],[-74.25422299990854,40.76007300018325],[-74.25429099968059,40.76005699989093],[-74.2544320001459,40.75965899997128],[-74.25448300019953,40.75952600029608],[-74.2546849998659,40.75920400012364],[-74.25479000034619,40.75901300022258],[-74.25484999972232,40.75890500002498],[-74.25486899998891,40.758870000168976],[-74.25498399961663,40.75866199978932],[-74.2550999999676,40.75845200028978],[-74.2551359999526,40.758385999746295],[-74.25514400034852,40.75837500032975]]]}},{"type":"Feature","properties":{"geoid":"3402756460","townId":"parsippany-troy-hills-township","name":"Parsippany-Troy Hills township","county":"Morris","status":""},"geometry":{"type":"Polygon","coordinates":[[[-74.534027,40.833119],[-74.509871,40.851216],[-74.495722,40.861726],[-74.492306,40.864234],[-74.483409,40.870913],[-74.477365,40.875722],[-74.476437,40.876467],[-74.46933,40.882202],[-74.46607,40.884894],[-74.453009,40.88026],[-74.449695,40.879675],[-74.439372,40.875921],[-74.436148,40.875318],[-74.434802,40.874933],[-74.433632,40.874255],[-74.433471,40.877305],[-74.429661,40.883295],[-74.426683,40.886455],[-74.424473,40.891864],[-74.41709,40.896277],[-74.414751,40.896782],[-74.41079,40.894704],[-74.407142,40.892498],[-74.403498,40.892303],[-74.400929,40.893454],[-74.39965,40.89415],[-74.395716,40.894192],[-74.393886,40.897597],[-74.389735,40.897699],[-74.387779,40.899511],[-74.38589,40.899405],[-74.383174,40.899717],[-74.378311,40.90049],[-74.378225,40.901956],[-74.375285,40.901574],[-74.373985,40.898956],[-74.374576,40.893075],[-74.374975,40.891933],[-74.375949,40.891092],[-74.375915,40.889663],[-74.376883,40.886465],[-74.374139,40.882585],[-74.373651,40.879383],[-74.371048,40.878736],[-74.370467,40.877642],[-74.369823,40.876341],[-74.366585,40.873757],[-74.365738,40.871646],[-74.362357,40.870451],[-74.362296,40.867666],[-74.357478,40.866661],[-74.35562,40.867124],[-74.354173,40.865511],[-74.352321,40.866082],[-74.350119,40.864507],[-74.348445,40.862057],[-74.347231,40.859086],[-74.347905,40.857079],[-74.346362,40.856146],[-74.34566,40.857435],[-74.343613,40.856046],[-74.343516,40.855032],[-74.341122,40.852078],[-74.343693,40.851541],[-74.34462,40.850812],[-74.342431,40.849567],[-74.341308,40.847653],[-74.342098,40.84662],[-74.340948,40.846409],[-74.340786,40.845891],[-74.342916,40.8464],[-74.348958,40.844741],[-74.353363,40.843532],[-74.354664,40.841463],[-74.357062,40.841449],[-74.361698,40.8405],[-74.364576,40.837722],[-74.367403,40.836055],[-74.370628,40.835999],[-74.383882,40.824974],[-74.388727,40.825989],[-74.391693,40.829137],[-74.405638,40.838928],[-74.422907,40.844307],[-74.431153,40.842615],[-74.431513,40.842542],[-74.436696,40.841478],[-74.451379,40.838465],[-74.452803,40.838172],[-74.452837,40.838092],[-74.453449,40.837184],[-74.453534,40.837248],[-74.454001,40.837382],[-74.454876,40.837746],[-74.455791,40.838127],[-74.456271,40.837459],[-74.464238,40.835809],[-74.460203,40.842021],[-74.463857,40.843766],[-74.471051,40.84911],[-74.476072,40.852963],[-74.476971,40.851704],[-74.478521,40.850331],[-74.479586,40.850688],[-74.481255,40.849536],[-74.492211,40.841973],[-74.492738,40.833433],[-74.495265,40.829929],[-74.494273,40.82929],[-74.495845,40.826861],[-74.495476,40.825246],[-74.497766,40.825564],[-74.502151,40.829258],[-74.508433,40.831766],[-74.511531,40.832308],[-74.515949,40.832936],[-74.524096,40.832542],[-74.527175,40.833258],[-74.530203,40.831768],[-74.534027,40.833119]]]}},{"type":"Feature","properties":{"geoid":"3403557300","townId":"peapack-and-gladstone-borough","name":"Peapack and Gladstone borough","county":"Somerset","status":""},"geometry":{"type":"Polygon","coordinates":[[[-74.679446,40.730134],[-74.668291,40.73269],[-74.657258,40.735215],[-74.631262,40.741142],[-74.629274,40.739959],[-74.630957,40.738579],[-74.630508,40.736973],[-74.632255,40.733644],[-74.635863,40.730961],[-74.637047,40.728414],[-74.640071,40.728233],[-74.642609,40.727598],[-74.643582,40.725714],[-74.641506,40.725327],[-74.640104,40.724258],[-74.638281,40.719933],[-74.637991,40.717723],[-74.634024,40.716246],[-74.632718,40.715415],[-74.633323,40.712872],[-74.635672,40.710694],[-74.636643,40.709038],[-74.63612,40.705226],[-74.635244,40.703403],[-74.636188,40.70225],[-74.635991,40.700226],[-74.638284,40.698875],[-74.640533,40.698714],[-74.642896,40.697577],[-74.647072,40.700719],[-74.647846,40.699952],[-74.650428,40.699583],[-74.651159,40.697892],[-74.650598,40.696442],[-74.660179,40.695454],[-74.667981,40.694683],[-74.675562,40.697676],[-74.675007,40.6994],[-74.675398,40.702276],[-74.676177,40.703646],[-74.676933,40.712636],[-74.6777,40.71551],[-74.679336,40.719117],[-74.679446,40.730134]]]}},{"type":"Feature","properties":{"geoid":"3402358200","townId":"perth-amboy-city","name":"Perth Amboy city","county":"Middlesex","status":""},"geometry":{"type":"Polygon","coordinates":[[[-74.29169699992661,40.507825999688684],[-74.29162300030676,40.507776000317776],[-74.28914100009251,40.50558400027553],[-74.28835699991987,40.50319100032504],[-74.2888580002353,40.500149999773726],[-74.28886499990799,40.50010599966552],[-74.28898100025893,40.49940100011271],[-74.28779000038053,40.49840499978245],[-74.28570999984917,40.498004000122314],[-74.28362900039122,40.49760400018587],[-74.28046900030952,40.49699499987003],[-74.26992100020972,40.49499899998502],[-74.26732900039059,40.49450700009647],[-74.25813600020071,40.49738900025925],[-74.25884300038047,40.49887499999904],[-74.25875399979368,40.500103000247044],[-74.25870399956497,40.500789000172624],[-74.25859599960992,40.50228099974743],[-74.25857600041677,40.502545000284],[-74.25855899980002,40.502781999950464],[-74.25839200029375,40.50507899998814],[-74.25831299975272,40.50617799997102],[-74.2582900001865,40.5064939997558],[-74.25818600042943,40.507919000263506],[-74.25816899981268,40.508163000145174],[-74.2581289996297,40.5087169999171],[-74.25723300020238,40.510259000327984],[-74.25698399978205,40.510687999758545],[-74.25628699964804,40.51188700026702],[-74.25571000006296,40.51288100014865],[-74.25476000020896,40.514516999862956],[-74.254094999862,40.51566100018921],[-74.25404800000634,40.51569200018785],[-74.2530169999615,40.51636900030756],[-74.2460199997556,40.52095800033075],[-74.24602700032662,40.520995000311956],[-74.24608300040312,40.52127499983972],[-74.24678200018694,40.524770999699776],[-74.24683400006548,40.52503200011881],[-74.2474609998793,40.528171000335675],[-74.24973499968107,40.53955100020848],[-74.25082400035056,40.53972999971873],[-74.2541919999464,40.54028500022445],[-74.25452800040536,40.540339999827374],[-74.25462700013956,40.54022800034009],[-74.25445899991007,40.53968199981687],[-74.25442999959776,40.539530999688104],[-74.25509099974676,40.539693999966254],[-74.25568199957554,40.53983999979069],[-74.25620999965516,40.54005699971338],[-74.25647400014411,40.54022800034009],[-74.25658899977184,40.54022800034009],[-74.25700200022371,40.54022800034009],[-74.25735200002806,40.54013600032865],[-74.25768699976383,40.53997100019932],[-74.2580080001542,40.53959300012124],[-74.25809400036792,40.53922200020826],[-74.25792000029065,40.53853799982977],[-74.25781599963526,40.538237999832006],[-74.25775100023624,40.53813799998935],[-74.25771600007614,40.5380099998637],[-74.25762999986243,40.53780300031635],[-74.25763700043343,40.53761700001922],[-74.25768699976383,40.53749600001115],[-74.25775899973384,40.53734599989526],[-74.25788000010768,40.537202999904494],[-74.25806500005561,40.537160999858735],[-74.25833700004216,40.53716800032336],[-74.2585930001352,40.53723199985568],[-74.25899999984098,40.53744600023743],[-74.25925000008624,40.5376920001571],[-74.26028500032905,40.53831900015494],[-74.26121099989358,40.53871499971716],[-74.26220099993054,40.53912100033438],[-74.2625289999936,40.539507000011525],[-74.26265000036743,40.539718999701606],[-74.26275699959923,40.54001700033416],[-74.26285200003379,40.54025500011175],[-74.26293300022463,40.54041199998404],[-74.26300900039263,40.540503000185076],[-74.26308999968518,40.54061399978283],[-74.26320600003612,40.540724999879345],[-74.2634079997025,40.54090200013244],[-74.26355500001559,40.54101800028377],[-74.26370200032866,40.54111900002831],[-74.26388399990356,40.54122600024042],[-74.26401500032313,40.54130099975128],[-74.26420699994374,40.5414379999517],[-74.2643030002032,40.541544000238424],[-74.26442500040194,40.54164999967475],[-74.26453599983171,40.54178699984407],[-74.26463700011405,40.54193899975886],[-74.2647240001527,40.54217700021706],[-74.26473599984826,40.54231899974347],[-74.26471499993187,40.54245399974],[-74.26464299996184,40.54269700014039],[-74.26459299973311,40.54288199990754],[-74.26475699976466,40.54295400006257],[-74.26496299962898,40.54301099967528],[-74.26505999971336,40.54302600014015],[-74.26515799962264,40.543039999842875],[-74.26525600043024,40.54304999992131],[-74.26535500016445,40.54305899992231],[-74.26537600008085,40.543059999998206],[-74.26539699999724,40.543059999998206],[-74.26541799991364,40.543059999998206],[-74.26543899983004,40.543059999998206],[-74.26546099957133,40.54305899992231],[-74.26548200038604,40.543056999770506],[-74.26550300030245,40.543055000301244],[-74.26552400021885,40.543053000149314],[-74.26554500013523,40.543048999845226],[-74.26556500022674,40.5430460002997],[-74.26558600014313,40.54304099991905],[-74.26560600023461,40.543036000220674],[-74.2656260003261,40.54303099983927],[-74.26571099981659,40.54300800012801],[-74.26579600020541,40.54298699988015],[-74.26588300024405,40.54296799978029],[-74.26597000028269,40.54295099983008],[-74.26598600017621,40.54294899967505],[-74.26600200006975,40.54294700020256],[-74.26601799996327,40.54294600012499],[-74.26603499968171,40.54294600012499],[-74.26605099957523,40.54294700020256],[-74.26606700036707,40.54294899967505],[-74.2660909997582,40.542952999985054],[-74.2661059998268,40.54295700029487],[-74.26612099989542,40.54296199999914],[-74.26613599996405,40.54296699970303],[-74.26615000020774,40.542973000166405],[-74.26616299972822,40.54298000002365],[-74.26617600014703,40.54298799995716],[-74.26618600019276,40.542993999735984],[-74.26620499956103,40.54300800012801],[-74.26621399978185,40.543014999981594],[-74.26622300000267,40.54302299991094],[-74.2662310003986,40.54302999976295],[-74.26624700029213,40.5430460002997],[-74.26626099963751,40.5430630002258],[-74.26626800020853,40.54307200022506],[-74.2662740000563,40.5430800001476],[-74.2663729997905,40.54321999966072],[-74.26647599972267,40.54335700003222],[-74.26650000001212,40.543384999979004],[-74.2665130004309,40.5433990002893],[-74.26652699977629,40.54341199984346],[-74.26654100002,40.5434250000777],[-74.2665550002637,40.54343800030941],[-74.26657000033231,40.5434499997859],[-74.26658600022583,40.5434619999429],[-74.26660200011936,40.543473000028044],[-74.26662300003576,40.54348700032],[-74.26663899992928,40.543496000262294],[-74.26664999979994,40.54350099992632],[-74.26666099967058,40.543505000203425],[-74.26667300026448,40.543508999797616],[-74.26668499996003,40.543512000005066],[-74.26669800037884,40.54351400014329],[-74.2667100000744,40.54351600028151],[-74.26672299959488,40.54351699966791],[-74.26673600001367,40.54351699966791],[-74.26674799970924,40.54351699966791],[-74.26676100012803,40.54351600028151],[-74.2667739996485,40.54351400014329],[-74.26678600024238,40.543512000005066],[-74.26679899976286,40.543508999797616],[-74.26690900026603,40.54347999983304],[-74.26701999969578,40.54345299999604],[-74.2670339999395,40.5434499997859],[-74.26704599963506,40.543447000258325],[-74.2670699999245,40.54343899969698],[-74.26709300038905,40.543430999817375],[-74.2671050000846,40.54342600014811],[-74.26711599995527,40.54342099979583],[-74.2671269998259,40.54341500005525],[-74.2671479997423,40.543403999960574],[-74.26715799978807,40.543398000218474],[-74.26717600022971,40.543384999979004],[-74.26719499959798,40.54337000027714],[-74.26721200021473,40.543354999889274],[-74.26727699961374,40.54329599974195],[-74.2673439995609,40.543238000298544],[-74.26735299978172,40.543229999712274],[-74.26736200000255,40.543220999734196],[-74.26736899967526,40.54321199975491],[-74.26737600024627,40.54320299977446],[-74.26738100026913,40.54319399979275],[-74.267386000292,40.54318399973582],[-74.26738999959164,40.543173999677435],[-74.2673929999647,40.54316300022584],[-74.26739499961452,40.54315300016428],[-74.26739600033774,40.54314300010123],[-74.26739600033774,40.54313199996189],[-74.2673939997896,40.54308200029872],[-74.26738899976674,40.54303700029689],[-74.26738200009405,40.54298200017775],[-74.2673729998732,40.542934999953296],[-74.26736200000255,40.5428889997743],[-74.26734600010903,40.54283300013704],[-74.26734299973597,40.54281800031156],[-74.26734299973597,40.54280399987982],[-74.26734500028414,40.542789000047854],[-74.26735000030699,40.54277500029272],[-74.26735699997968,40.54276099985194],[-74.26736600020052,40.54274800017149],[-74.26737799989608,40.54273599988658],[-74.26739700016266,40.542721000039386],[-74.26741600042924,40.54270600018883],[-74.26744300019341,40.542687000009266],[-74.2674709997825,40.54266699974252],[-74.26750000009483,40.54264900031657],[-74.26753000023204,40.542632000285394],[-74.26756100019419,40.5426150002499],[-74.26759100033142,40.54259999969295],[-74.26762499976829,40.54258399973238],[-74.26765699955534,40.54256899985115],[-74.2676740001721,40.54256300003426],[-74.26769000006561,40.54255800030021],[-74.26770699978405,40.542552999883114],[-74.26772500022571,40.54255000031533],[-74.26774299976907,40.54254700006479],[-74.26776100021071,40.54254499989764],[-74.26777899975409,40.54254399981407],[-74.26780600041657,40.54254399981407],[-74.26783300018074,40.54254200032955],[-74.26786800034084,40.54254000016225],[-74.26788199968625,40.54254000016225],[-74.26789699975484,40.54254000016225],[-74.26791099999856,40.542541000245926],[-74.26792400041735,40.542542999730486],[-74.26793799976274,40.54254599998126],[-74.26795100018153,40.54254900023183],[-74.26801499975564,40.54256799976793],[-74.26807800040314,40.542588000064185],[-74.26820100042679,40.54263399976723],[-74.26825400013023,40.542656000207664],[-74.26830600000876,40.54267900003979],[-74.2683570000624,40.54270400002648],[-74.26840700029109,40.54273000008465],[-74.26845499997168,40.54275800029352],[-74.26850900039837,40.542791000207664],[-74.26852500029187,40.54280299980012],[-74.2685339996144,40.54281500007303],[-74.2685400003605,40.54282400010561],[-74.26854600020827,40.54283699977135],[-74.26855000040624,40.542851000196194],[-74.26855600025401,40.54288999985271],[-74.26856100027689,40.54292900016919],[-74.26856399975162,40.54296799978029],[-74.26856600029977,40.543007000051354],[-74.26856600029977,40.543046999693125],[-74.26856700012468,40.543059999998206],[-74.26856999959942,40.5430730003008],[-74.26857799999533,40.54308800006912],[-74.26858600039125,40.54310000029097],[-74.26859600043699,40.54311099975292],[-74.26860599958441,40.54311800027844],[-74.2686259996759,40.54312999981226],[-74.26865699963804,40.54314300010123],[-74.26868900032342,40.543155999705014],[-74.26872100011047,40.54316799991474],[-74.26875399972242,40.54317900004811],[-74.26878600040779,40.543189000105805],[-74.26882999989041,40.54320100030955],[-74.26884199958597,40.543201999700706],[-74.26885400017984,40.543201999700706],[-74.26887000007339,40.54320100030955],[-74.26888199976894,40.54319800008818],[-74.2688929996396,40.54319399979275],[-74.26890799970822,40.54318599988388],[-74.268921000127,40.543174999751606],[-74.2689279997997,40.543166999840416],[-74.26893899967035,40.54315200008979],[-74.26894799989117,40.543138999802515],[-74.26895899976184,40.54312600019543],[-74.26896999963249,40.54311299990316],[-74.26898300005128,40.54309800014039],[-74.26899200027212,40.543086999993655],[-74.26899899994481,40.543073999693824],[-74.2690039999677,40.54305799984641],[-74.26900499979259,40.54304500022361],[-74.2690039999677,40.54303199991557],[-74.26899999976973,40.54301999968153],[-74.26899599957177,40.543010000281285],[-74.26898899989907,40.5429969999665],[-74.26897600037859,40.54297899994657],[-74.26896499960961,40.542963000076476],[-74.26895200008914,40.542940999736864],[-74.26894100021849,40.54292100022867],[-74.26891799975395,40.542872999882704],[-74.26889699983757,40.54282400010561],[-74.26887500009624,40.542767000333754],[-74.26887300044642,40.54275500005225],[-74.2688719997232,40.542738000047976],[-74.26887400027134,40.542721000039386],[-74.26888099994402,40.542700999782795],[-74.2688859999669,40.54269199973369],[-74.2688929996396,40.542682000284465],[-74.2689000002106,40.5426720001511],[-74.26890799970822,40.542663000098095],[-74.26891699992903,40.54265500012576],[-74.26892699997478,40.54264600007047],[-74.2689420000434,40.54263499984951],[-74.26895299991405,40.54262900003853],[-74.26896700015776,40.542621000062134],[-74.26897800002841,40.5426150002499],[-74.26898700024924,40.54260899975448],[-74.2690039999677,40.5425980002101],[-74.2690199998612,40.542585999898314],[-74.26902800025711,40.5425789999999],[-74.26904300032574,40.54256799976793],[-74.2690550000213,40.542561999950955],[-74.26907199973974,40.542557000216824],[-74.26909600002918,40.542552999883114],[-74.26911699994558,40.542552999883114],[-74.26913799986198,40.542557000216824],[-74.26915100028077,40.54256099986758],[-74.26916700017429,40.54256799976793],[-74.26919800013643,40.542582000249],[-74.26922700044875,40.5425980002101],[-74.26925500003784,40.5426150002499],[-74.26926799955832,40.54262400030941],[-74.2692869998249,40.54263700001392],[-74.26930600009148,40.54264900031657],[-74.26932500035805,40.54266099993441],[-74.26934499955121,40.5426720001511],[-74.26936600036592,40.54268299968332],[-74.26938700028232,40.54269299981505],[-74.26940800019872,40.54270299994529],[-74.26945900025235,40.54272400028213],[-74.26950899958274,40.54274399984919],[-74.26952399965135,40.54274900025202],[-74.26954000044319,40.542752999891356],[-74.26955499961349,40.54275700021308],[-74.26957100040535,40.54275999977159],[-74.26958700029887,40.542761999932274],[-74.26960400001731,40.54276300001264],[-74.26961999991083,40.54276300001264],[-74.26963599980436,40.542761999932274],[-74.26965300042112,40.54275999977159],[-74.26967699981223,40.54275600013267],[-74.26969199988086,40.542752999891356],[-74.26970799977437,40.54274800017149],[-74.26972000036827,40.54274399984919],[-74.2697389997365,40.54273499980586],[-74.26975600035325,40.5427249996804],[-74.26977100042188,40.54271300007403],[-74.26978099956929,40.54270299994529],[-74.26978700031542,40.542694999977726],[-74.26982099975227,40.54265199987993],[-74.26985599991238,40.54261099991966],[-74.26989500027044,40.54256799976793],[-74.2699349995551,40.542527999840075],[-74.26998200030907,40.542484000233216],[-74.26999400000464,40.54247500015496],[-74.2700059997002,40.542467000160165],[-74.27001800029409,40.54245900016446],[-74.27003199963947,40.54245200025278],[-74.27004900025622,40.542444000255244],[-74.2700609999518,40.54243999991484],[-74.27007500019549,40.54243699965932],[-74.27008799971597,40.54243500017161],[-74.27010299978458,40.542434000086345],[-74.27012000040133,40.54243500017161],[-74.27013200009691,40.54243699965932],[-74.27014499961737,40.54243999991484],[-74.27015800003618,40.54244300017017],[-74.27017099955665,40.542445999742746],[-74.27018300015052,40.542450000082795],[-74.2701949998461,40.54245399974],[-74.27020700043997,40.54245900016446],[-74.27021900013554,40.54246299982113],[-74.27023099983111,40.54246800024489],[-74.27024199970177,40.542474000070335],[-74.2702529995724,40.542478999810655],[-74.27026699981612,40.54248699980396],[-74.27028299970964,40.54249900013348],[-74.27029699995335,40.542512999946354],[-74.27032399971753,40.542542999730486],[-74.2703489998319,40.54257400026704],[-74.27037200029642,40.542606000189195],[-74.27037999979403,40.54261400016738],[-74.2703920003879,40.54262400030941],[-74.27040800028144,40.54263100020312],[-74.27041900015207,40.54263499984951],[-74.27043599987051,40.542640000260434],[-74.27045299958895,40.54264299982418],[-74.2704700002057,40.54264600007047],[-74.27048699992415,40.54264800023456],[-74.2705050003658,40.54264900031657],[-74.27052299990916,40.54264900031657],[-74.27053999962759,40.54264800023456],[-74.27056599956686,40.542643999906275],[-74.27058400000853,40.54264099965995],[-74.2706250000164,40.54263299968499],[-74.2706669998492,40.542624999709126],[-74.27070899968199,40.54261899989725],[-74.27072100027587,40.542616999732246],[-74.27074700021514,40.54261200000224],[-74.2707589999107,40.54260899975448],[-74.27077200032949,40.542606000189195],[-74.27078400002506,40.54260299994116],[-74.27079599972063,40.54259900029287],[-74.2708080003145,40.542594999961665],[-74.27082000001008,40.54259100031293],[-74.27088299975927,40.542542999730486],[-74.27094100038391,40.54254599998126],[-74.27102300039968,40.54253000000774],[-74.27116999981443,40.54250199970356],[-74.27118200040832,40.54250100030195],[-74.27122900026399,40.54248500031773],[-74.27130100023402,40.54246199973633],[-74.2713780002269,40.542445000340315],[-74.27142000005969,40.542442000085074],[-74.27147299976315,40.54243600025681],[-74.27149299985462,40.542434000086345],[-74.27156099962669,40.54242299983062],[-74.27161199968033,40.54240899999893],[-74.27165400041143,40.54239400007851],[-74.27176400001628,40.542343999864464],[-74.27194599959117,40.542265999892926],[-74.27209000042951,40.542216999671794],[-74.27227000035457,40.54216499982985],[-74.27240900027175,40.54213499987636],[-74.27248399971651,40.54212099998454],[-74.27251800005169,40.54211299994748],[-74.27254999983874,40.54210200032165],[-74.27259400021967,40.542079999699254],[-74.27263500022755,40.542052999980555],[-74.27268999958082,40.54201900029404],[-74.27271300004537,40.54200799997011],[-74.27274300018259,40.54199700032705],[-74.27276900012185,40.54199099977625],[-74.27279599988603,40.5419880001833],[-74.27282500019837,40.541985999999504],[-74.27285000031272,40.5419880001833],[-74.27290300001616,40.54199700032705],[-74.27295200041996,40.54200100001129],[-74.27296999996331,40.5419999999196],[-74.27300299957528,40.541996000235294],[-74.27305199997907,40.541976999854334],[-74.2730750004436,40.54196600020612],[-74.2731020002078,40.541945999724156],[-74.27312499977401,40.54192200023011],[-74.2731440000406,40.54188799979443],[-74.27316199958393,40.54184200026176],[-74.2731740001778,40.54180699969085],[-74.27318800042153,40.54174200033755],[-74.27319599991912,40.5417219997887],[-74.27320900033791,40.54171200019468],[-74.27322500023145,40.54170699971444],[-74.27324600014784,40.54170099982034],[-74.27326399969118,40.54170099982034],[-74.27328799998064,40.5416990003106],[-74.27330999972193,40.54170300001263],[-74.27336900017148,40.54171599989594],[-74.27343399957049,40.54172700026781],[-74.27346500043096,40.54172999987241],[-74.27349499966986,40.54173099996813],[-74.27352099960913,40.541726000171984],[-74.27355800031737,40.54171699999188],[-74.27357900023375,40.541708999906554],[-74.27360199979998,40.54169600002195],[-74.27362899956415,40.541666999955154],[-74.27364199998294,40.54164299967847],[-74.27365100020378,40.541594999782035],[-74.27365399967852,40.54152400031308],[-74.27366000042463,40.541501000084374],[-74.27367600031815,40.54147500023185],[-74.27371999980076,40.541435000334026],[-74.2737430002653,40.54141499969345],[-74.27376599983151,40.54140299985241],[-74.27397300041906,40.54130899988527],[-74.2740179997266,40.54128000033361],[-74.27403500034335,40.541293999718576],[-74.27411999983384,40.54136199981033],[-74.27416599986459,40.54139900013246],[-74.27425200007832,40.5414169998943],[-74.27435199963743,40.5414070002548],[-74.27525899983371,40.540941999665904],[-74.27565399984393,40.54074600015367],[-74.27567800013338,40.54073400019278],[-74.2769329995859,40.540272000063496],[-74.27703200021841,40.54024099982696],[-74.2772630001971,40.540171999843594],[-74.27748900015291,40.54010100023172],[-74.27754299968126,40.54009000027552],[-74.27761399982637,40.540073000277594],[-74.2776859997964,40.54005699971338],[-74.277813000018,40.54002600006004],[-74.27795899960788,40.53999400027066],[-74.27809800042336,40.539968999955306],[-74.27846999996903,40.53989300019532],[-74.27869799957466,40.53984099991463],[-74.27885199956046,40.539806999788084],[-74.27894199997213,40.53977600001901],[-74.27910000015588,40.539722000078804],[-74.28001200037504,40.539388999713076],[-74.28014500044443,40.53934000011822],[-74.28154800003496,40.53884500013887],[-74.28192999962639,40.5387099996959],[-74.28204900035038,40.538680999701825],[-74.28226699991026,40.53865900000393],[-74.28250299991181,40.53865299983684],[-74.28274599958606,40.5386650001705],[-74.2828269997769,40.53866900005369],[-74.28312600042598,40.53870099979328],[-74.28337999997088,40.53873499979846],[-74.28369399979023,40.53878399983587],[-74.2838329997074,40.538805000035985],[-74.28400099993691,40.53881899993818],[-74.28415099972472,40.538827999825],[-74.28433300019792,40.53881000005014],[-74.28444399962768,40.53879100013086],[-74.28459799961347,40.53874599997716],[-74.2846910003982,40.53870000033497],[-74.28488999969152,40.538608999732766],[-74.28515300035556,40.53847800007423],[-74.285422999794,40.53834099996449],[-74.28570099962835,40.53819599975244],[-74.28599799972926,40.53805099990922],[-74.28635599992954,40.53786900023156],[-74.2864379999453,40.53782800007466],[-74.28652300033413,40.537785999738055],[-74.28674900028993,40.53766299972231],[-74.2869440002836,40.53755800027957],[-74.28721399972201,40.53741500005859],[-74.28747700038608,40.53726999989044],[-74.28783100038841,40.537057999960226],[-74.28808199956026,40.536899000084375],[-74.28817199997194,40.536842000049866],[-74.28843100043802,40.53668600017461],[-74.2887119997471,40.536523000087506],[-74.2888809998015,40.536446000339886],[-74.28922200028335,40.536307999994435],[-74.28929400025338,40.53627500030012],[-74.28941800010195,40.536216000061394],[-74.2894640001327,40.536189000027356],[-74.28950799961531,40.53616400034018],[-74.28951799966106,40.53615699977065],[-74.28959700020208,40.536099000290534],[-74.28965800030146,40.53605000033749],[-74.2897670000814,40.53595900023201],[-74.28984999992208,40.53585599985105],[-74.28987000001356,40.53582199975014],[-74.28992899956478,40.53571599996751],[-74.28997399977064,40.53559700031436],[-74.29001300012868,40.535459000268354],[-74.29003200039526,40.535312999771755],[-74.29002099962631,40.53518499971064],[-74.28998800001433,40.53506400008935],[-74.28993199993785,40.53492399991636],[-74.28987400021153,40.53479899970977],[-74.28985400012004,40.53475400028835],[-74.28977499957901,40.534605999899505],[-74.28971600002778,40.534452000005935],[-74.2897110000049,40.53441900008018],[-74.28970000013425,40.534339000027316],[-74.28968300041582,40.534219999976706],[-74.28969099991342,40.534088999929075],[-74.28970599998205,40.53397700023249],[-74.28974000031722,40.53385100009404],[-74.28976200005853,40.53380799978127],[-74.28985599976986,40.533632000118615],[-74.28991699986922,40.533529000256806],[-74.29002300017444,40.533360000041085],[-74.29008699974854,40.53323100012283],[-74.2901400003503,40.53312599987899],[-74.29018499965782,40.532991999745015],[-74.29023099968857,40.532853999795705],[-74.29028400029034,40.532657000285866],[-74.29030100000878,40.53254899980978],[-74.29031000022961,40.5324740000595],[-74.29034100019176,40.532260000183015],[-74.2903949997201,40.53191399986223],[-74.29057600036839,40.53155199993877],[-74.29059999975952,40.531451999675504],[-74.29060599960732,40.531430000334964],[-74.29077300001188,40.53077700014024],[-74.29082599971534,40.53055599983456],[-74.29085699967747,40.53035600028285],[-74.29086599989832,40.53024899977914],[-74.29086800044644,40.53022800031111],[-74.29086500007338,40.53013300009933],[-74.2908580004007,40.53007300032741],[-74.29081999986755,40.5299870002876],[-74.29075700011836,40.52986999988145],[-74.29069799966882,40.52977499984496],[-74.29058899988887,40.52960099970202],[-74.29038800004741,40.52925699987143],[-74.29027199969646,40.52907700008995],[-74.29020200027458,40.52895599968061],[-74.2901400003503,40.52879400019565],[-74.2900919997714,40.52866999976891],[-74.29000999975565,40.52822300011479],[-74.28999499968704,40.528120999748396],[-74.28998299999147,40.528036000234934],[-74.28994600018153,40.5278379999139],[-74.2899009999757,40.52753999973497],[-74.28989000010505,40.52747500019588],[-74.28988400025726,40.5274409999391],[-74.28975899968546,40.526710000147666],[-74.28965599975332,40.526077999801224],[-74.28962899998913,40.52590699993205],[-74.28960499969969,40.5257629997757],[-74.2895279997068,40.52520399983148],[-74.28959300000413,40.52488400010798],[-74.28964300023284,40.5246389999485],[-74.28969099991342,40.524403999706614],[-74.28977399975409,40.52399300029293],[-74.28983599967837,40.52368600021799],[-74.2899439996334,40.52315700029319],[-74.29004599974066,40.522651000169645],[-74.29006099980927,40.522524000204314],[-74.29010799966494,40.5221480001221],[-74.29014399964996,40.52189600019409],[-74.2901610002667,40.52178199981791],[-74.29021300014523,40.521294999663695],[-74.29022599966571,40.52115799993055],[-74.29023700043469,40.52106599968346],[-74.29030799968147,40.520550999872746],[-74.2903739998037,40.520145999828195],[-74.29041099961364,40.51991499986026],[-74.29042999988022,40.51977399971037],[-74.29046099984235,40.5195260000784],[-74.29048599995672,40.51930599997844],[-74.29057899984313,40.51841000028323],[-74.29061999985102,40.51801100024653],[-74.29075700011836,40.51673299986218],[-74.29076799998903,40.516623999887635],[-74.29080700034709,40.51626700034054],[-74.29093799986832,40.51501299975546],[-74.29111399959544,40.51334399979115],[-74.29113600023504,40.51314000005945],[-74.29134899977207,40.51110599992631],[-74.29139499980282,40.510669000061576],[-74.29155399981148,40.509109999859305],[-74.29169699992661,40.507825999688684]]]}},{"type":"Feature","properties":{"geoid":"3402359010","townId":"piscataway-township","name":"Piscataway township","county":"Middlesex","status":""},"geometry":{"type":"Polygon","coordinates":[[[-74.518633,40.556237],[-74.511249,40.560241],[-74.509166,40.559594],[-74.507207,40.560177],[-74.500287,40.564067],[-74.498269,40.563325],[-74.49729,40.564764],[-74.489345,40.569567],[-74.486337,40.57144],[-74.481531,40.572642],[-74.479491,40.57382],[-74.481292,40.578084],[-74.478388,40.579941],[-74.46967,40.585567],[-74.468907,40.580722],[-74.459736,40.581553],[-74.460222,40.584414],[-74.456805,40.584962],[-74.456978,40.585246],[-74.455269,40.586725],[-74.452353,40.589268],[-74.457771,40.594232],[-74.455132,40.595954],[-74.444617,40.596832],[-74.437998,40.597391],[-74.437067,40.597468],[-74.437482,40.597092],[-74.440927,40.594078],[-74.440374,40.590275],[-74.439982,40.587465],[-74.439203,40.58146],[-74.440085,40.580958],[-74.438133,40.571848],[-74.436792,40.569516],[-74.436688,40.569036],[-74.436345,40.566984],[-74.435804,40.561619],[-74.439659,40.559425],[-74.437718,40.558133],[-74.43578,40.556567],[-74.434415,40.555506],[-74.431645,40.550448],[-74.42938,40.548302],[-74.427379,40.546475],[-74.4086,40.543824],[-74.411799,40.535489],[-74.413354,40.531397],[-74.413868,40.53005],[-74.416532,40.529368],[-74.424847,40.526032],[-74.428083,40.523871],[-74.42913,40.522954],[-74.433692,40.519549],[-74.434286,40.518925],[-74.4383,40.515555],[-74.440144,40.515112],[-74.443105,40.510561],[-74.446272,40.50568],[-74.448682,40.507101],[-74.448837,40.507118],[-74.454257,40.508542],[-74.46362,40.509111],[-74.466635,40.509278],[-74.466947,40.508898],[-74.474487,40.510608],[-74.477835,40.510689],[-74.481679,40.511856],[-74.485547,40.51591],[-74.489237,40.521393],[-74.490466,40.523092],[-74.495188,40.529065],[-74.497762,40.531132],[-74.499135,40.532096],[-74.500011,40.532596],[-74.507061,40.536871],[-74.511748,40.539814],[-74.514122,40.542031],[-74.515872,40.544984],[-74.517594,40.552523],[-74.519843,40.555584],[-74.518633,40.556237]]]}},{"type":"Feature","properties":{"geoid":"3403959190","townId":"plainfield-city","name":"Plainfield city","county":"Union","status":""},"geometry":{"type":"Polygon","coordinates":[[[-74.459878,40.600033],[-74.457376,40.602302],[-74.455639,40.60202],[-74.453997,40.604016],[-74.450684,40.604009],[-74.449778,40.605376],[-74.448155,40.607709],[-74.445456,40.609074],[-74.438207,40.609713],[-74.437514,40.610279],[-74.435553,40.612771],[-74.43294,40.613922],[-74.431395,40.615707],[-74.429269,40.616285],[-74.428081,40.616513],[-74.427079,40.617182],[-74.426524,40.617926],[-74.424907,40.619117],[-74.42435,40.619595],[-74.423457,40.620884],[-74.423284,40.623674],[-74.423076,40.624254],[-74.422692,40.62522],[-74.420863,40.626172],[-74.417646,40.627541],[-74.416179,40.629365],[-74.416599,40.630961],[-74.415285,40.631657],[-74.414952,40.637662],[-74.41442,40.640652],[-74.413802,40.64101],[-74.412044,40.642378],[-74.408194,40.643086],[-74.40853,40.644346],[-74.405959,40.642843],[-74.403102,40.641181],[-74.401782,40.640412],[-74.401304,40.640135],[-74.396503,40.63734],[-74.394189,40.636],[-74.391135,40.634259],[-74.387589,40.632238],[-74.384457,40.630453],[-74.382725,40.629467],[-74.38926,40.623511],[-74.39198,40.618182],[-74.397151,40.608054],[-74.395478,40.606182],[-74.39472,40.600989],[-74.402303,40.600362],[-74.407339,40.599935],[-74.41612,40.599213],[-74.420946,40.598814],[-74.424699,40.598513],[-74.437067,40.597468],[-74.437998,40.597391],[-74.444617,40.596832],[-74.455132,40.595954],[-74.456904,40.5958],[-74.458466,40.594805],[-74.463291,40.599187],[-74.459878,40.600033]]]}},{"type":"Feature","properties":{"geoid":"3403961530","townId":"rahway-city","name":"Rahway city","county":"Union","status":""},"geometry":{"type":"Polygon","coordinates":[[[-74.30501400029588,40.601286000137364],[-74.3053259995671,40.600585999788095],[-74.30415300013034,40.5999470001725],[-74.30358900006574,40.59963999971241],[-74.30342900023216,40.59955299974776],[-74.30278999982448,40.59920500012106],[-74.30228699985922,40.59893199979265],[-74.30216200018576,40.59886400019953],[-74.30198999975832,40.5988000002384],[-74.30194999957534,40.59878499999355],[-74.3017920002899,40.598728000123685],[-74.30109900035387,40.598530000090335],[-74.30047199964173,40.59835100022726],[-74.30030099993752,40.59828499990909],[-74.30015799982239,40.59823000016264],[-74.29994799976011,40.59811999985178],[-74.29980899984292,40.59802700033452],[-74.29908599976966,40.597541999882644],[-74.29772199963888,40.59662499984965],[-74.29674099982276,40.595965999855565],[-74.29624600025343,40.595634000219555],[-74.2957230001967,40.595328999688604],[-74.2955399998986,40.59522199999791],[-74.29512300014709,40.59497799995437],[-74.29507999959105,40.59495299970671],[-74.29490899988684,40.594853999971185],[-74.29493900002407,40.594782999684696],[-74.29459400024257,40.59453400014025],[-74.29340099981601,40.59366699989843],[-74.29251999955898,40.593032999690905],[-74.29222800037927,40.59282299966968],[-74.29144099983357,40.59226099998066],[-74.29104800037149,40.59197000013776],[-74.29098999974687,40.59192500025295],[-74.29084900017988,40.591950000268476],[-74.28605200015593,40.592764000142715],[-74.28494800031616,40.59295800014881],[-74.28286299976192,40.593315000299526],[-74.28041900008083,40.59373800000567],[-74.27955500044055,40.5938859999869],[-74.2759040000892,40.594505999758155],[-74.27529499981873,40.5946109999368],[-74.27423799983463,40.59475800004626],[-74.27416400021477,40.594769999873876],[-74.27409600044271,40.59478399967005],[-74.27403500034335,40.59479600017512],[-74.27397400024397,40.59480899998089],[-74.27391399996954,40.594822999768894],[-74.27383600015172,40.59484000018966],[-74.27377400022743,40.594853999971185],[-74.2737149997779,40.59486899973384],[-74.27365600022667,40.59488300019136],[-74.27359799960202,40.594896999963865],[-74.27352800018015,40.5949129997003],[-74.27347100027873,40.59492700014865],[-74.27340000013363,40.594941999894935],[-74.27333200036156,40.59495600033716],[-74.2732710002622,40.59497400002449],[-74.27320699978978,40.5949899997425],[-74.27307899974326,40.59501399999443],[-74.27292499975748,40.59504500010811],[-74.27285399961237,40.59505899984669],[-74.27137300020404,40.59530300027676],[-74.26771600000488,40.59592399983657],[-74.26690000004521,40.59604699991515],[-74.26610300035209,40.59619500024216],[-74.26519100013293,40.59633999967334],[-74.26506100043657,40.59636300016105],[-74.26478400042714,40.59640999970955],[-74.26445399981594,40.5964840001943],[-74.26282000024673,40.59676399997838],[-74.26253400001649,40.59681599970196],[-74.26248100031303,40.59682599993275],[-74.26243600010719,40.59683300029808],[-74.26222299967186,40.59687199988377],[-74.26193399996687,40.59692500015878],[-74.26050600026198,40.59717700019662],[-74.26038999991103,40.59719699986665],[-74.26036399997176,40.597202000294764],[-74.26019499991735,40.59723200012732],[-74.25955899988271,40.59731300001731],[-74.25946799964612,40.59755000011693],[-74.25887199979447,40.59913299976042],[-74.25877499971007,40.59939099984116],[-74.25844300034737,40.6002759998248],[-74.25836800000431,40.60047400014325],[-74.25820700034582,40.60090300029902],[-74.25798999971254,40.601478000199336],[-74.25796200012346,40.601552999732704],[-74.2578740002599,40.60178600028348],[-74.25780099956664,40.60198000002881],[-74.25775899973384,40.602091000002495],[-74.25768900031197,40.602276000003705],[-74.25767400024336,40.60231399995166],[-74.25755200004461,40.602620999725865],[-74.25738700018819,40.60302999977823],[-74.25714600016376,40.603631000072],[-74.25650500010624,40.605226000298714],[-74.25647499996902,40.60530099971879],[-74.25640999967167,40.60546300030671],[-74.25552799958976,40.60765899999987],[-74.25568400012368,40.60780399979846],[-74.25828900036159,40.6102119997626],[-74.25843800032452,40.61034900009404],[-74.25913600028342,40.61099599982021],[-74.2612050000458,40.612916999866044],[-74.26212200028783,40.61375899999658],[-74.26270399989579,40.61429399976531],[-74.26344899971036,40.61498200014199],[-74.26426300002022,40.61573399974479],[-74.26528099964628,40.616673999790144],[-74.26612799956813,40.617457999717494],[-74.26623899989622,40.61756100001217],[-74.26667300026448,40.61796200017],[-74.26711799960509,40.618372999701116],[-74.26799200018941,40.61917899998082],[-74.26843400005528,40.6195880002966],[-74.26864800031552,40.619787000289854],[-74.26892000030209,40.620037999758054],[-74.27076399993358,40.62174099971965],[-74.27095999975215,40.62192200019154],[-74.27116599961647,40.62211300002953],[-74.27169299987118,40.62259999996157],[-74.27178400010777,40.62268399985818],[-74.2726539995958,40.62348800014803],[-74.27481299976989,40.6254789999244],[-74.27648700042036,40.627029000118846],[-74.27683700022473,40.6273529998602],[-74.27739899974121,40.62705699983025],[-74.2787059999706,40.626374000013584],[-74.27921999980649,40.626098000302235],[-74.28106000013832,40.62513100029882],[-74.28130100016276,40.62500399970169],[-74.28156399992848,40.62486299991552],[-74.28247899962237,40.62438600031785],[-74.28350999966722,40.623842000183615],[-74.28372200027765,40.62372999996693],[-74.28382799968453,40.623673999788174],[-74.28678199990189,40.62211900021552],[-74.28881899987722,40.62103800005724],[-74.29031400042757,40.62025800033098],[-74.29036899978085,40.6202299998148],[-74.29038700022251,40.62021999967631],[-74.29051500026902,40.62015300020991],[-74.29082900008838,40.619988999878906],[-74.29226099999123,40.61923499983688],[-74.29238300018996,40.61917199991024],[-74.29243000004563,40.619146000226245],[-74.29254499967335,40.61908500014119],[-74.29325400040123,40.618711999705866],[-74.29412300006436,40.61825500000989],[-74.29496199959029,40.61781299998432],[-74.29522600007924,40.617647000077056],[-74.29578500012097,40.617096000003706],[-74.29633800031495,40.61655199982311],[-74.29685799999861,40.61604099992705],[-74.29738000023043,40.615526999825164],[-74.29786499975401,40.61504900002115],[-74.2979969999985,40.61492600013037],[-74.29817100007577,40.61476399997865],[-74.29887800025551,40.61410399977074],[-74.29922399986192,40.61378100024486],[-74.29951599993997,40.61357200032127],[-74.29973199985004,40.61341700028855],[-74.30013500025616,40.613129000289334],[-74.30063300019854,40.61277299996689],[-74.30089599996427,40.61261500028882],[-74.30101599961486,40.612543000052625],[-74.30129500017244,40.61242500029338],[-74.30155899976309,40.6123130000286],[-74.30191500031356,40.612219000075534],[-74.3021510003151,40.61219499986318],[-74.30226199974486,40.61215900021045],[-74.3027150003797,40.612109000281706],[-74.3029189996959,40.612085999756374],[-74.30304799956734,40.61207200017397],[-74.30311100021484,40.61206500004068],[-74.30313499960597,40.61206200017821],[-74.3031659995681,40.61205900031555],[-74.30320599975107,40.61205400031688],[-74.30326000017777,40.61204799990881],[-74.30314200017698,40.61119500017433],[-74.30289899960442,40.609433000249425],[-74.30291399967302,40.608911000223536],[-74.30292100024404,40.608683000210505],[-74.30293799996248,40.6078870000966],[-74.30296200025192,40.60727599985138],[-74.3037339998307,40.60701899999915],[-74.30424699984167,40.60685100026208],[-74.30479900021072,40.60666999987792],[-74.30476400005062,40.60665400022736],[-74.30472200021784,40.6066290002541],[-74.30469200008059,40.60661200010327],[-74.30461099988975,40.6065580001973],[-74.30442299956876,40.606354999743616],[-74.30433399988031,40.60625599984296],[-74.30427600015399,40.606214000150764],[-74.3041220001682,40.60614899990939],[-74.30349299980625,40.60588200025877],[-74.30313399978107,40.605711000244014],[-74.30339400007206,40.605091000039344],[-74.30346299966904,40.60492599973094],[-74.30417300022182,40.603229999841524],[-74.30425100003963,40.60304200016718],[-74.30438400010902,40.602725000251596],[-74.30456700040712,40.602287999846034],[-74.30468399968467,40.60202499996663],[-74.3047699998984,40.60183300011176],[-74.30500699972487,40.60130099982106],[-74.30501400029588,40.601286000137364]]]}},{"type":"Feature","properties":{"geoid":"3403561980","townId":"raritan-borough","name":"Raritan borough","county":"Somerset","status":""},"geometry":{"type":"Polygon","coordinates":[[[-74.661989,40.582795],[-74.652025,40.583356],[-74.650772,40.583893],[-74.648575,40.585317],[-74.647913,40.586044],[-74.639656,40.581582],[-74.625585,40.574006],[-74.625383,40.573897],[-74.625459,40.56964],[-74.623288,40.565466],[-74.625872,40.565463],[-74.626119,40.563143],[-74.630213,40.564541],[-74.635726,40.56463],[-74.6371229795327,40.564762216255],[-74.645836,40.560376],[-74.647734,40.557241],[-74.647957,40.557086],[-74.650189,40.569775],[-74.65354,40.570046],[-74.65543,40.570188],[-74.657872,40.570289],[-74.65837,40.57451],[-74.658729,40.577802],[-74.661351,40.577996],[-74.661989,40.582795]]]}},{"type":"Feature","properties":{"geoid":"3401962250","townId":"readington-township","name":"Readington township","county":"Hunterdon","status":""},"geometry":{"type":"Polygon","coordinates":[[[-74.8684049999589,40.5752999998556],[-74.86840199958583,40.575262000247825],[-74.86836200030119,40.5750889998213],[-74.86834899988239,40.575030999941035],[-74.86819599972151,40.57449899996415],[-74.86807400042109,40.57417800001224],[-74.8679840000094,40.573878000004164],[-74.8678779997042,40.573278000046734],[-74.86781800032806,40.57290099995716],[-74.86775300003072,40.57263799980255],[-74.86771700004572,40.57249300015472],[-74.86770899964979,40.57246199982219],[-74.86770000032728,40.57242300032995],[-74.86766900036513,40.572331000195405],[-74.86748600006705,40.57134899976406],[-74.86738899998265,40.57103900004552],[-74.86740200040146,40.57088000032387],[-74.86743400018848,40.57066400031561],[-74.86746199977759,40.57048199987486],[-74.86748600006705,40.570319999823475],[-74.86750600015851,40.57004399991947],[-74.86753299992269,40.569673999829675],[-74.86753899977047,40.569633000036895],[-74.86753600029576,40.56957300016165],[-74.86752799989983,40.56944099997382],[-74.86748500024211,40.569281999867094],[-74.86743300036359,40.56913199997377],[-74.86735999967034,40.56900300002862],[-74.86725799956308,40.56885899970089],[-74.86706199974451,40.56862799980746],[-74.86685599988017,40.56844300019807],[-74.86658800009158,40.568251000132754],[-74.86633899967123,40.56810300006192],[-74.8661100002407,40.56798199985758],[-74.86585800034563,40.56785200003721],[-74.86567699969733,40.56779499973189],[-74.86534899963426,40.567715999671414],[-74.86514299976993,40.567684999855416],[-74.86497999956333,40.567668999746644],[-74.86464300017775,40.567670000137404],[-74.86443999978816,40.567675999752076],[-74.86382399984501,40.56772899996421],[-74.86340600026858,40.56774500005858],[-74.86264399983725,40.56773500025595],[-74.8623450000865,40.567715999671414],[-74.86211499993276,40.567700000252465],[-74.8618730000834,40.56768400014728],[-74.86116599990366,40.567651999925445],[-74.86111599967495,40.56765300031646],[-74.86058699977043,40.567611000258644],[-74.86033499987536,40.56756200015783],[-74.85999799959147,40.567498999975555],[-74.85959599990856,40.56744499986958],[-74.85919400022566,40.56740499978828],[-74.85874599961367,40.56736899989938],[-74.85823299960269,40.56731199986503],[-74.85797200038509,40.56727199970423],[-74.85766600006335,40.56718999987986],[-74.8574440003055,40.56712700002981],[-74.85712399974004,40.56698799971753],[-74.85692799992147,40.56690400010565],[-74.85669600011786,40.56680499979404],[-74.8566199999499,40.56677299983432],[-74.85643500000197,40.56668199984397],[-74.85630699995545,40.566599999979125],[-74.85621099969597,40.566530999856916],[-74.8560990004413,40.56644500021813],[-74.856029999946,40.566363000062914],[-74.8559660003719,40.56625799989226],[-74.85590299972439,40.566125000258445],[-74.85585699969364,40.56598800006178],[-74.85581499986084,40.56579899966884],[-74.85579599959428,40.565626000025624],[-74.8558049998151,40.56538100008533],[-74.85588299963291,40.56491399994623],[-74.85598899993812,40.56428600007277],[-74.85602200044842,40.56412499979743],[-74.85618599958161,40.563753999973116],[-74.8562120004192,40.56338699991168],[-74.85626000009978,40.56314199996484],[-74.85635499963601,40.56288199969507],[-74.85656800007135,40.562774000178536],[-74.85740900014541,40.56252200017404],[-74.85793100037722,40.56235499965918],[-74.85800499999708,40.56229299982376],[-74.85805000020291,40.56223499977168],[-74.85809899970839,40.56217299982507],[-74.85811200012719,40.56213500026975],[-74.85812999967052,40.56208000013882],[-74.85813100039377,40.562011000133964],[-74.8581270001958,40.561948999979926],[-74.85810600027939,40.56188800024565],[-74.85796999983697,40.56163799991481],[-74.85795399994343,40.56161399997042],[-74.85771100026919,40.56099699978238],[-74.85755300008545,40.560599999747225],[-74.85744199975736,40.56011900014994],[-74.8573530000689,40.55985700009015],[-74.8572690004033,40.559621000012804],[-74.85712999958784,40.55924000008714],[-74.85705299959493,40.5590299997546],[-74.85702199963279,40.55893999999548],[-74.85692299989859,40.55876300032086],[-74.85686599999717,40.55868200015175],[-74.85682300033949,40.55862200001385],[-74.85672399970697,40.55847700002729],[-74.85660800025431,40.5582760000349],[-74.85654700015495,40.55812699989553],[-74.85651199999486,40.55804399993512],[-74.85646900033716,40.55789099986188],[-74.85644800042076,40.557757999982464],[-74.85642699960604,40.557467000186904],[-74.85642900015418,40.557324000154566],[-74.85644800042076,40.55711200022226],[-74.85649299972827,40.55690899980606],[-74.8565079997969,40.5568409998013],[-74.85651399964468,40.55681399989068],[-74.85655300000275,40.5566680002106],[-74.85657700029218,40.556583000058566],[-74.85664099986629,40.55638000008588],[-74.85606299955796,40.55604600007227],[-74.8558180002339,40.55591600027449],[-74.85562800026311,40.555786000224344],[-74.85556899981357,40.555727999994495],[-74.85553200000363,40.55567200017211],[-74.85551100008723,40.555608999718714],[-74.8555010000415,40.55553200006991],[-74.85550799971419,40.555462000250245],[-74.85551600011011,40.55537799982411],[-74.85553299982855,40.55524700020042],[-74.85553299982855,40.55511700021631],[-74.8555289996306,40.55510400020405],[-74.85548199977492,40.555000999912416],[-74.85545599983566,40.554966000075446],[-74.85542099967556,40.554922999665656],[-74.85535399972841,40.55486799975202],[-74.85513100014563,40.55473099972114],[-74.85489199977104,40.55456999967031],[-74.85468199970875,40.554450000160635],[-74.85455000036258,40.55439800026083],[-74.8544809998673,40.55436699973692],[-74.85424999988861,40.55431000023335],[-74.85411900036738,40.55428700030018],[-74.85383099958896,40.55425100018121],[-74.85376100016708,40.554238000000744],[-74.85368699964893,40.55422000027178],[-74.85358500043999,40.55418899966545],[-74.85351400029488,40.55416000023022],[-74.85344099960163,40.554123000132236],[-74.85335799976095,40.554046000139564],[-74.85324700033118,40.55390699996403],[-74.85321800001887,40.55387100032324],[-74.85320499960008,40.55383799972549],[-74.85319799992739,40.553802999963125],[-74.85319399972943,40.55375300007584],[-74.85320299995026,40.55369199969863],[-74.85322100039193,40.55364300032887],[-74.85323300008749,40.55343300018603],[-74.85323200026257,40.55338699970927],[-74.853212999996,40.553291000333736],[-74.8530940001703,40.55301000019024],[-74.8529650002989,40.55281900015067],[-74.85293000013877,40.55273299995848],[-74.85291300042034,40.55261800023536],[-74.85292099991796,40.55256900007961],[-74.85296799977361,40.55244100022797],[-74.85300499958353,40.55237399971754],[-74.85304899996447,40.55230300007119],[-74.85318600023182,40.552150999787024],[-74.85335199991317,40.5520009997251],[-74.85339899976884,40.55194700008467],[-74.85343399992894,40.55188700005394],[-74.85342999973098,40.55167699986431],[-74.85341999968524,40.551572999812585],[-74.85341300001254,40.55150199999955],[-74.85336699998179,40.55135499970508],[-74.85329300036193,40.551235999847925],[-74.85319000042979,40.55112200023953],[-74.85318200003385,40.55111299995683],[-74.85296299975074,40.550984000094694],[-74.85285499979571,40.550923999883665],[-74.85276199990928,40.55087199997578],[-74.85272099990141,40.55084900022682],[-74.85270400018297,40.55083999990743],[-74.85261399977128,40.5507699999605],[-74.85256799974053,40.55072800023025],[-74.85254099997636,40.55070099990224],[-74.85249199957255,40.55065199970885],[-74.8524599997855,40.550592999846344],[-74.85241600030288,40.550496999877915],[-74.85239000036363,40.550407000251816],[-74.8523610000513,40.55028700010719],[-74.8523180003936,40.55010200031605],[-74.85230699962462,40.549889000067516],[-74.85231500002055,40.549786999920066],[-74.85235199983046,40.54965400032429],[-74.85240700008205,40.54954399998687],[-74.85246900000632,40.54943600011276],[-74.85249800031865,40.54932500011746],[-74.85250699964116,40.54922899969647],[-74.85249800031865,40.54915900011332],[-74.85247200037938,40.54903399984684],[-74.85244300006707,40.548930999774065],[-74.85239200001344,40.548821000296826],[-74.8521919999969,40.548498000061585],[-74.85189400007106,40.548122000321264],[-74.85174699975798,40.54793700001002],[-74.851277000303,40.547343000334216],[-74.85100799979116,40.547016999746226],[-74.85088399994262,40.546896999670444],[-74.85058199981883,40.546622000136374],[-74.85036099988588,40.54639900016417],[-74.85029899996161,40.546329999697946],[-74.85000199986068,40.54606999966676],[-74.84994300030945,40.54601800008548],[-74.84969399988911,40.54579800025514],[-74.84964200001058,40.54574999992306],[-74.84944100016912,40.54556199977026],[-74.84937400022197,40.54547699985473],[-74.8492770001376,40.54530100012842],[-74.8492639997188,40.5452759997458],[-74.84921299966518,40.54517700021416],[-74.8492079996423,40.54516599972628],[-74.84907200009818,40.54502199999858],[-74.84886799988367,40.544773000222435],[-74.84856999995785,40.54447600032337],[-74.84816300025207,40.544164000265994],[-74.84790499961089,40.54402900030268],[-74.84767899965509,40.54385300018457],[-74.84754999978367,40.543717000211025],[-74.84748899968429,40.543640999924826],[-74.84724699983497,40.54327799980236],[-74.84680800034212,40.54264700015252],[-74.84646799968517,40.54215500030195],[-74.84614399982009,40.54173300015959],[-74.84587799968132,40.54131399971254],[-74.84579700038876,40.541185000089996],[-74.84571399964977,40.541102999713935],[-74.8454960000899,40.54092900031507],[-74.8448630004283,40.540199999756354],[-74.84436600031084,40.53968000024691],[-74.84392100007192,40.539224999925075],[-74.84385199957661,40.539146999735166],[-74.84379999969809,40.53909299997059],[-74.84360399987949,40.538891999819604],[-74.84346300031252,40.53876999992636],[-74.84327300034171,40.538623999818036],[-74.84316899968633,40.53854100025991],[-74.8430049996548,40.538441000186836],[-74.84290099989772,40.53840599988705],[-74.84265999987329,40.538371000251686],[-74.8422439999467,40.53835100006171],[-74.84204200028033,40.53833200001225],[-74.84176899957055,40.538315000250854],[-74.84138100013134,40.53826400025818],[-74.84102899977883,40.53821399969221],[-74.84059399958565,40.53818500016609],[-74.84024200013147,40.538182999868745],[-74.8400270000463,40.538204000257245],[-74.83988099955812,40.53823299977515],[-74.83957799960942,40.53829399989715],[-74.83940400043045,40.53831199981064],[-74.83917799957635,40.538310000199736],[-74.83851800015059,40.53826700001789],[-74.83769899981785,40.538178999956536],[-74.83742099998348,40.538149000266074],[-74.83678800032189,40.538088000012046],[-74.83633300003723,40.538053000210546],[-74.83593800002701,40.53805099990922],[-74.83539700042695,40.53804699998913],[-74.83473499955473,40.53805700013023],[-74.83464300039152,40.538070000038374],[-74.83451600016993,40.53809199992964],[-74.834443000375,40.538103999681134],[-74.83437999972749,40.53810499983099],[-74.83431199995542,40.53808500024432],[-74.83426599992467,40.538052000059864],[-74.83422200044205,40.538018999859204],[-74.8341839999089,40.53797600017324],[-74.83416899984029,40.53793200030723],[-74.83415100029696,40.53761099975879],[-74.83412700000748,40.537206999874975],[-74.83410400044127,40.53659800008469],[-74.83410199989314,40.536118999787334],[-74.83415999961946,40.535474999882595],[-74.83422099971884,40.535208000059626],[-74.83423800033559,40.53513100016621],[-74.83425900025198,40.53504599998596],[-74.83430299973458,40.53489800024215],[-74.8344440001999,40.53446499993078],[-74.834619999927,40.534120000281405],[-74.83472500040729,40.53361499984746],[-74.83472899970694,40.53359400006874],[-74.83477200026297,40.533386000312106],[-74.83483800038522,40.532991999745015],[-74.83484699970771,40.532849000019745],[-74.83486799962412,40.532530999713515],[-74.83490500033236,40.53237900030079],[-74.83499999986859,40.53204600030591],[-74.83523900024319,40.53146500018244],[-74.83537300013751,40.5311520000387],[-74.83548899959014,40.53084600024089],[-74.83555499971239,40.53071600000204],[-74.83559999991822,40.53065700033041],[-74.83571500044428,40.53050300023679],[-74.83600400014927,40.53026100025254],[-74.83636099962634,40.529989999735044],[-74.8365620003661,40.52984699974844],[-74.83666399957502,40.529791000133656],[-74.83669999956004,40.52976999983932],[-74.83682799960656,40.5297220003123],[-74.83707600020199,40.52965200014388],[-74.83716999991331,40.52960699999698],[-74.83718699963177,40.52960099970202],[-74.83722000014203,40.52957800015944],[-74.83728399971613,40.529510999992326],[-74.83729799995984,40.529487999736055],[-74.8373099996554,40.52946899990437],[-74.83733499976977,40.52933699984667],[-74.83736599973192,40.52920099976362],[-74.83741799961044,40.529097000317144],[-74.8375270002887,40.52894699983332],[-74.83754999985493,40.52891399992763],[-74.83759599988568,40.528844999886104],[-74.83762799967273,40.52878400003761],[-74.8376469999393,40.52874099988716],[-74.83767200005366,40.52866999976891],[-74.83767600025162,40.52860300005961],[-74.83767000040383,40.52852499979385],[-74.83765000031234,40.528355999930874],[-74.83759300041092,40.52813800004783],[-74.83758099981705,40.52808199968777],[-74.83753800015936,40.52788200026339],[-74.83753200031158,40.52785200005925],[-74.83750399982416,40.52772499970642],[-74.83745500031867,40.52757300031722],[-74.83730700018069,40.52726199968862],[-74.8371470003471,40.52700999986847],[-74.8370200001255,40.5268690003035],[-74.83680500004034,40.52667099994877],[-74.83657200041183,40.52639700032771],[-74.83595399992056,40.52566200009792],[-74.83586000020921,40.52557199987816],[-74.83566600004046,40.52543300001449],[-74.83536800011463,40.52541500005526],[-74.8352249999995,40.52541799970739],[-74.83509399957991,40.52543100001929],[-74.83489699993643,40.525458000291266],[-74.83471399963834,40.52548899985669],[-74.83462900014783,40.525496999830324],[-74.83459399998773,40.525496999830324],[-74.83456999969829,40.525496999830324],[-74.83449799972828,40.52547299990657],[-74.83441200041287,40.525431999675476],[-74.8343520001384,40.525379999779325],[-74.83426099990182,40.52532399984605],[-74.83416399981742,40.525281000206974],[-74.8340209997023,40.52524100020031],[-74.8338449999752,40.525217999844266],[-74.83373700002016,40.52519100015844],[-74.83363999993577,40.525145999747444],[-74.83352600013298,40.52506699989364],[-74.83334600020792,40.524912000264244],[-74.83322700038221,40.524800000251766],[-74.83315200003915,40.5246909997367],[-74.83309799961248,40.52443800013837],[-74.83299899987827,40.52424800023588],[-74.83292400043352,40.52406399990319],[-74.83287800040277,40.523936999883674],[-74.83282999982389,40.52357200015469],[-74.83278700016616,40.52353300017835],[-74.8325079996086,40.52326900031968],[-74.83206300026798,40.52294999992833],[-74.83142999970809,40.522561999703015],[-74.83124200028543,40.52249999989884],[-74.83114100000309,40.52246599984976],[-74.83095799970498,40.52239799969981],[-74.83091300039746,40.52238099999297],[-74.83071800040378,40.522330999866185],[-74.83054199977838,40.52229699973134],[-74.83037400044721,40.52227599982025],[-74.83019600017197,40.52226899984841],[-74.82964899982579,40.52228099970211],[-74.82927499973198,40.522286000266476],[-74.8289950002478,40.52227999999893],[-74.82892599975251,40.52227799990959],[-74.82855699968157,40.522243999747914],[-74.8283819997794,40.52221500013859],[-74.82818599996082,40.52217600005557],[-74.82799099996714,40.5221080002943],[-74.82773200039937,40.52201500027815],[-74.82741699985681,40.5218919999925],[-74.8272839997874,40.52183000025155],[-74.8271709998095,40.521776999898826],[-74.82701599999879,40.52168699992537],[-74.82679699971568,40.52151900028906],[-74.82661199976775,40.52134900011459],[-74.82645500030723,40.52126200008755],[-74.82633200028359,40.52121199980893],[-74.82619300036642,40.52117700006975],[-74.82608799988611,40.52115000012188],[-74.82598300030413,40.52113300009859],[-74.82592800005254,40.52112399988362],[-74.82567199995951,40.521099000038966],[-74.8251580001236,40.52104700019563],[-74.82426599999593,40.520986999800996],[-74.82329000020269,40.520890000016806],[-74.82200499971462,40.52073199974401],[-74.82188900026196,40.52073199974401],[-74.82153500025964,40.52074600000797],[-74.82113400040164,40.5207630001294],[-74.82096399962403,40.52076699971553],[-74.82071000007912,40.52075699972553],[-74.82045099961304,40.52072000029584],[-74.82040600030551,40.520713999888066],[-74.82017299977869,40.520681000025924],[-74.82003399986151,40.52065000028544],[-74.8199979998765,40.52064100000563],[-74.81983300002007,40.52059599995429],[-74.81956299968333,40.52050200015935],[-74.81916000017551,40.52034400033777],[-74.81904200017473,40.52029199990878],[-74.81889099966368,40.52021499994801],[-74.81876799964004,40.5201220000371],[-74.81864399979148,40.520007000321264],[-74.81847999975994,40.51983399982496],[-74.81835300043666,40.519730999925315],[-74.81822399966691,40.5196370002832],[-74.81789300012912,40.51945400001341],[-74.81780500026557,40.519405000181074],[-74.81754099977661,40.51930899990397],[-74.81743700001954,40.51927899995989],[-74.81734599978294,40.51924800025394],[-74.81720000019307,40.51923200017986],[-74.8170050001994,40.5192279998193],[-74.81686299990918,40.51924399989433],[-74.81665799986978,40.519265000072416],[-74.81657800040215,40.519273999854065],[-74.81641699984534,40.51929400027503],[-74.81612499976731,40.51930699972599],[-74.81595800026103,40.51930899990397],[-74.8157590000694,40.519305000230844],[-74.81549700012857,40.51927199967509],[-74.81514800014912,40.51920700031248],[-74.81494599958444,40.51917899982171],[-74.81473499969725,40.51915000025224],[-74.81433399983926,40.519113999686084],[-74.8134359998638,40.51910600031638],[-74.81324800044113,40.51907700003249],[-74.81306900034099,40.519022999800036],[-74.81249900042862,40.51887200023438],[-74.81216799999251,40.51879100030462],[-74.81186800041684,40.51873500032965],[-74.81150199982063,40.51867700011119],[-74.81118600035146,40.518620000283235],[-74.81101999977179,40.518590000030834],[-74.81074500031049,40.518510000202674],[-74.81031099994223,40.51838399966511],[-74.80978600023566,40.51821200020756],[-74.80957199997542,40.51814600005238],[-74.80928300027043,40.518076999851715],[-74.80896699990292,40.51799400011008],[-74.80876900043452,40.51795399985232],[-74.80860299985487,40.5179339997145],[-74.80838899959461,40.51792799974027],[-74.80796299962226,40.51794799987989],[-74.80757600000796,40.51802399994627],[-74.8072050002872,40.518079999832224],[-74.80708700028643,40.51809399996712],[-74.80695500004194,40.518110000312845],[-74.80675599985032,40.51813299969339],[-74.80665100026833,40.51813400014134],[-74.80653099971941,40.51812899995016],[-74.80642199993947,40.518111000078214],[-74.80620400037958,40.51805000002109],[-74.80591800014932,40.51792699997217],[-74.80549800002476,40.517710000085124],[-74.80523199988596,40.51761199988387],[-74.80487299986078,40.517445999829405],[-74.80459199965337,40.51726700020279],[-74.80445000026147,40.51713700025837],[-74.80431600036717,40.51702299998405],[-74.80421099988688,40.516962000302776],[-74.80409600025914,40.516928000176435],[-74.80399199960375,40.51691999986302],[-74.80367500030968,40.516932999774305],[-74.803368000163,40.5169729999583],[-74.80319900010859,40.517010000090224],[-74.80307699990986,40.51705499981704],[-74.80283199968747,40.51719799978037],[-74.80273799997615,40.517264000185904],[-74.80265299958734,40.517405000151676],[-74.80253399976165,40.51740399969285],[-74.80224199968362,40.51739399988411],[-74.80211299981217,40.517377000274124],[-74.80205000006298,40.517365000225425],[-74.80189600007718,40.517316000232015],[-74.8017849997491,40.51727199977539],[-74.80172100017501,40.517237000027855],[-74.8016630004487,40.51720099980021],[-74.80154100024996,40.51709400014767],[-74.80147299957957,40.51700799984364],[-74.80120899998893,40.51660099998941],[-74.80095999956859,40.51624899996874],[-74.80080700030604,40.516088000297884],[-74.80066800038885,40.51599200005139],[-74.80052899957337,40.515938000065745],[-74.80044900010573,40.51590700018079],[-74.80025999995985,40.515874000001155],[-74.80008099985972,40.515861999683494],[-74.79917000036379,40.51580900007578],[-74.79897100017214,40.515788000180954],[-74.79813500012096,40.515697999679254],[-74.79789499992145,40.515672000058174],[-74.79788099967776,40.51566999977169],[-74.79762799995777,40.51564000024803],[-74.797545999942,40.515630000176174],[-74.79716799965023,40.51557299980641],[-74.797109000099,40.51556299972457],[-74.79690900008245,40.515530999862406],[-74.79638900039878,40.51543100028001],[-74.79619299968188,40.51538500034012],[-74.7958219999611,40.5152730001169],[-74.79527600033816,40.5150169996846],[-74.795053999682,40.514928000009625],[-74.79487100028221,40.51486100022236],[-74.79455900011267,40.51479599999787],[-74.79423400042266,40.51469999995026],[-74.79399800042111,40.514606000083475],[-74.7938350002145,40.514523999961305],[-74.7935680002508,40.5143870000498],[-74.79355499983201,40.51438399990404],[-74.7931389999054,40.51422500018207],[-74.79218400002854,40.51390499995088],[-74.79195399987476,40.513808999993465],[-74.7915120000089,40.51360699997571],[-74.79099999982282,40.513392000119936],[-74.79097200023372,40.51338000004096],[-74.79062999992696,40.51323200025635],[-74.78998800004454,40.51292500007222],[-74.78984400010451,40.512845000313945],[-74.789455999767,40.51263000006375],[-74.78920700024496,40.51251700017049],[-74.78902800014482,40.512462000268386],[-74.78886999996107,40.51243500022543],[-74.78860100034755,40.51238299980852],[-74.78857299986015,40.512378999722266],[-74.78819200009364,40.512327999796504],[-74.78801899984128,40.512312999971655],[-74.78779999955816,40.51229400005213],[-74.78771900026562,40.5122759999796],[-74.78769199960311,40.51226799979403],[-74.78767900008266,40.51225799990223],[-74.78765599961812,40.51226199999571],[-74.78753400031769,40.51222099987977],[-74.78741700014184,40.51215900007333],[-74.78732099988237,40.51208599975405],[-74.78721600030038,40.51199300017711],[-74.78712800043682,40.51188300015112],[-74.78693900029094,40.51164599986076],[-74.78681999956694,40.511534000221644],[-74.78673799955118,40.511441999744],[-74.78633400021845,40.51102199987959],[-74.78611699958516,40.511021000008455],[-74.78603899976736,40.511014000227384],[-74.78600299978234,40.511009000188146],[-74.785985000239,40.51100699976261],[-74.78594800042909,40.51099300019676],[-74.78587700028397,40.51096700011719],[-74.78581199998662,40.51092800032045],[-74.78571999992512,40.510856999774134],[-74.7854939999693,40.51058799978315],[-74.78531499986917,40.510360999872894],[-74.78520899956396,40.51025699988001],[-74.78504500043074,40.51012000012915],[-74.78496300041498,40.51001300010417],[-74.78492499988182,40.50993699983591],[-74.7849089999883,40.5098959996644],[-74.78489800011765,40.5098449998992],[-74.78489899994257,40.50980100000359],[-74.78490200031561,40.5097789997035],[-74.78491800020913,40.50973200009372],[-74.78495500001907,40.50968299998591],[-74.78502600016417,40.50958999980829],[-74.7850560003014,40.50955600004163],[-74.78513900014208,40.50947299999652],[-74.78514699963966,40.50937799973648],[-74.78513300029428,40.50935699987653],[-74.78512900009633,40.50932299999174],[-74.78508999973828,40.50908700011557],[-74.78507499966966,40.509053999994315],[-74.78505299992834,40.508994999695744],[-74.78499900039999,40.50888500021595],[-74.7849729995624,40.50882499986481],[-74.78496199969176,40.50877300006349],[-74.7849640002399,40.50872300003258],[-74.78497500011053,40.508651999883746],[-74.78499900039999,40.50838299992683],[-74.78499000017915,40.508331999693986],[-74.78486700015551,40.508140000076665],[-74.78480400040633,40.508081000339956],[-74.7847550000025,40.508033000307506],[-74.7846620001161,40.50795400009395],[-74.78453999991737,40.5078679996778],[-74.78442699993947,40.50781000030384],[-74.78406000041667,40.507676000098144],[-74.78400400034015,40.507642000044136],[-74.78394499989061,40.5076079999729],[-74.78382100004204,40.50753799993264],[-74.7837950001028,40.507510000032674],[-74.7836200002006,40.50733899992655],[-74.78354300020771,40.507261000188656],[-74.78311499968721,40.50683100007526],[-74.78285500029455,40.50649800019309],[-74.78270299995857,40.5062879997927],[-74.7825289998813,40.50610100019347],[-74.78218099972675,40.50581800028683],[-74.78206899957375,40.50572700011382],[-74.78178900008959,40.50544000017807],[-74.78162400023317,40.50522500009275],[-74.78139300025447,40.505000999671054],[-74.78120999995637,40.50486700000037],[-74.78094899984045,40.504719999834506],[-74.78068100005186,40.504611000140095],[-74.78060900008182,40.504590000153534],[-74.78042900015677,40.504536999833036],[-74.78028100001877,40.5045399997363],[-74.78022699959209,40.504540999704005],[-74.7800090000322,40.50449299987015],[-74.77966099987766,40.504400000008964],[-74.77944599979251,40.504252000213675],[-74.7793189995709,40.50426699979245],[-74.77914100019397,40.50415999999173],[-74.77895100022319,40.50407900004823],[-74.77874100016089,40.50407000027617],[-74.77860899991643,40.50405000009527],[-74.77862099961199,40.50395600032645],[-74.77856000041093,40.503904000165235],[-74.77851000018222,40.50389399970929],[-74.77845999995351,40.503913999936664],[-74.77837600028792,40.50395600032645],[-74.77818700014203,40.503937000088314],[-74.77807699963886,40.50389199975452],[-74.77776899966729,40.503734999704335],[-74.77763200029824,40.50369699978053],[-74.7774959998558,40.50366199977774],[-74.77724099958769,40.50357899995182],[-74.77705200034012,40.50355499969497],[-74.77692199974547,40.50348000028848],[-74.77679200004913,40.5034350003311],[-74.7766990001627,40.503307000181046],[-74.77660000042849,40.50328399981337],[-74.77650599981885,40.50333199982934],[-74.77597899956416,40.50360600014511],[-74.7754670002764,40.50435300004477],[-74.77533800040497,40.50455100006353],[-74.77515699975669,40.50482800007137],[-74.77475199970074,40.50544000017807],[-74.77463000040031,40.50562199981332],[-74.77052999961207,40.511730999669325],[-74.7695250004048,40.51322699969953],[-74.76777100028667,40.515843000086605],[-74.76669099983803,40.5174600000967],[-74.76482299991709,40.52024200027248],[-74.76375099986437,40.52184400028619],[-74.76273300023834,40.52336199996175],[-74.76160099991114,40.525060000213266],[-74.76022400025988,40.52712600017431],[-74.76017900005404,40.527194999937294],[-74.76004799963447,40.52739399973652],[-74.75812299981214,40.53027900027579],[-74.75806799956055,40.53036199982743],[-74.75623999982258,40.53315999998248],[-74.75607599979105,40.53340499971601],[-74.75566900008528,40.534026999864174],[-74.75533400034954,40.534537999777314],[-74.75516699994496,40.53479400007895],[-74.75478600017844,40.535376000202795],[-74.75403299996793,40.53652499975174],[-74.75343399974324,40.53743999996169],[-74.75307999974089,40.53798000009756],[-74.75306700022044,40.53799999971557],[-74.75287700024963,40.5382910001387],[-74.75109800001715,40.541005000265066],[-74.75004000020812,40.54262400030941],[-74.74892899979734,40.544309999904904],[-74.74880199957573,40.54451999998702],[-74.74678399986698,40.5475990001694],[-74.74676799997344,40.547623999684895],[-74.7465749996296,40.547915999942404],[-74.74583700038603,40.549042999726375],[-74.74417100013147,40.551588999673584],[-74.7431600001781,40.55313200008406],[-74.74308099963707,40.553254999679204],[-74.74265899986267,40.55389800005565],[-74.74095599979819,40.55521299970397],[-74.73554200000619,40.55889799992992],[-74.73549000012765,40.55893400028021],[-74.73470699977993,40.55988400013846],[-74.73443099959542,40.560218000113984],[-74.73416399963172,40.560542000275596],[-74.73367200043543,40.561138999670256],[-74.73356899960497,40.56123100017694],[-74.73226999977152,40.56238200006488],[-74.7321700002124,40.56246999971923],[-74.73070200032456,40.56358399981179],[-74.72885799979474,40.5642109996875],[-74.72834999980662,40.564384000258464],[-74.72782400027518,40.56463699983078],[-74.72643000000716,40.56530699998828],[-74.72611899966255,40.56545599984198],[-74.72496499959405,40.56601100006954],[-74.72469099995767,40.56614199978515],[-74.72459700024633,40.566184000082444],[-74.72253599998155,40.5694839999292],[-74.72223700023082,40.569951999925955],[-74.72217600013144,40.57005099967644],[-74.72205399993271,40.57024900010279],[-74.72190900016776,40.57046900011686],[-74.72183999967245,40.57058599989489],[-74.7216799998389,40.5708289998825],[-74.721574000432,40.57099399972486],[-74.72140799985233,40.57125300021604],[-74.72118400044467,40.57160099996941],[-74.72116199980505,40.571635000330616],[-74.72114199971355,40.571665999681564],[-74.72112900019307,40.57168699980603],[-74.72105399985001,40.57180499983046],[-74.72095500011581,40.571948999960036],[-74.7208630000543,40.572092999779706],[-74.72076400032009,40.57223699997181],[-74.7206730000835,40.57238499977054],[-74.7205740003493,40.57252399979054],[-74.7202989999897,40.57295600006639],[-74.72019900043057,40.57310499994899],[-74.72004200007174,40.57335200020044],[-74.71990999982725,40.57355899972543],[-74.71966799997791,40.57392299974994],[-74.719519000015,40.57415399978819],[-74.71939900036442,40.574331999994335],[-74.71929899990697,40.574493999885306],[-74.71919199977685,40.57465200028565],[-74.71897900023984,40.57499399977937],[-74.71886899973666,40.57515699971099],[-74.71878699972089,40.575284999797525],[-74.71874999991098,40.57534300013993],[-74.71870700025327,40.5754120000465],[-74.71863000026038,40.57553299978009],[-74.71858099985657,40.57561000030298],[-74.71842199984792,40.57584799980825],[-74.71836300029668,40.575934000327166],[-74.71830800004511,40.57601399982204],[-74.718200999915,40.57618500005911],[-74.71808600028726,40.57634700023968],[-74.71787299985192,40.5766799996822],[-74.7177580002242,40.5768459996786],[-74.71765100009408,40.57701300019648],[-74.71754499978886,40.57718800023875],[-74.71743000016114,40.577364000069146],[-74.71732100038119,40.57752600012405],[-74.71720099983227,40.57771399990658],[-74.71702199973213,40.5779819997139],[-74.716842999632,40.57824999981223],[-74.71672800000427,40.578434000052425],[-74.71660599980552,40.578608999789076],[-74.71648699997984,40.57879200018199],[-74.71624099993255,40.57917300002034],[-74.71614100037343,40.579319999952645],[-74.71591200004458,40.57967999985694],[-74.71578999984585,40.579860000106],[-74.71559700040031,40.5801589996956],[-74.71557700030881,40.580189999873234],[-74.71557099956273,40.58019900034024],[-74.71545000008722,40.58038499971477],[-74.71533200008643,40.58056600031156],[-74.71510299975758,40.580907000082874],[-74.71493000040354,40.58117699975711],[-74.71480700037988,40.58136900025725],[-74.71460200034048,40.58167899987315],[-74.71443199956283,40.58193699976097],[-74.71432500033103,40.582107999868114],[-74.71423999994221,40.58223900013725],[-74.71415700010154,40.582363000317095],[-74.71413899965988,40.58239100032586],[-74.71411500026875,40.582427000319974],[-74.71409600000217,40.58245400013224],[-74.71398899987206,40.582625000282206],[-74.7137600004415,40.582966999952895],[-74.71352600008979,40.58332999980292],[-74.71334799981454,40.583606000163485],[-74.71318399978303,40.58385199970293],[-74.71315000034615,40.583902999768796],[-74.71305800028463,40.584055000269466],[-74.71296200002519,40.58423099977131],[-74.71341700030985,40.58438499980833],[-74.7137250002814,40.58450699982512],[-74.71389799963545,40.58457599983118],[-74.7140549999943,40.58463400030522],[-74.71434799989726,40.58474300015434],[-74.71451600012674,40.584806999926634],[-74.71468400035624,40.58487900002367],[-74.71522499995632,40.58509200014113],[-74.71548000022443,40.58518899974569],[-74.71596499974802,40.58537300000146],[-74.71670500043804,40.58566399989924],[-74.71698999994508,40.585774000236476],[-74.71701099986149,40.58578199983217],[-74.71702299955705,40.58578699974959],[-74.71727799982517,40.58588599994742],[-74.7180479997541,40.58619800000492],[-74.71847499955138,40.58636300014884],[-74.71863500028326,40.58642500019696],[-74.71874300023829,40.58646700004281],[-74.71883399957657,40.58650199978054],[-74.71894499990465,40.58654599979514],[-74.71907899979895,40.586599000068915],[-74.71909399986757,40.58660500003291],[-74.71912900002765,40.58661900017416],[-74.71916800038572,40.586633999737565],[-74.71922699993696,40.58665700015306],[-74.7193139999756,40.58669099968494],[-74.71939000014358,40.586721000140436],[-74.71942399958046,40.58673400015175],[-74.71945999956546,40.58674800026599],[-74.71950099957334,40.5867639999057],[-74.71952200038805,40.586772000065245],[-74.71956599987068,40.58678899980411],[-74.71961500027449,40.58680799974798],[-74.71964299986357,40.586819000215655],[-74.72000199988877,40.58696099988884],[-74.72022299982171,40.5870459996643],[-74.72037500015766,40.58710899986153],[-74.7206310002507,40.587209000247675],[-74.72064399977117,40.5872140000584],[-74.72065499964184,40.58721799977028],[-74.72067200025859,40.587224999777085],[-74.72097799968203,40.587344999877935],[-74.72116699982791,40.58741599987601],[-74.72122000042968,40.58743599973694],[-74.72135099995093,40.58748099991384],[-74.72172599986965,40.587572000269994],[-74.72190099977183,40.5876179997657],[-74.7221640004359,40.58771200020881],[-74.72239700006439,40.58779400012456],[-74.722588999685,40.587866999823554],[-74.72290000002963,40.58798499996285],[-74.72325099965892,40.588124999719234],[-74.72369000005004,40.588288999801804],[-74.72379299998221,40.588328999677785],[-74.72396799988441,40.58839699975303],[-74.72415200000741,40.588464999759175],[-74.72432699990961,40.588532999696184],[-74.7245100002077,40.58860100024619],[-74.72469299960748,40.588664999737624],[-74.72487599990559,40.58873300015347],[-74.72493700000496,40.58875499977158],[-74.7238470004089,40.590613999684],[-74.72332299962892,40.59151399972161],[-74.72171599982391,40.59427499973976],[-74.72155799964015,40.59454500001916],[-74.72058400039504,40.596219000061524],[-74.72046800004408,40.59641700011838],[-74.71964399968849,40.597832000090584],[-74.71955500000001,40.59798500024609],[-74.71895900014836,40.59900800005855],[-74.71893599968381,40.59904900026477],[-74.71892300016334,40.59907099989929],[-74.71889700022408,40.599113999908106],[-74.71870700025327,40.59944200033405],[-74.7185819996815,40.599655999677886],[-74.72090999990996,40.60042700004151],[-74.72108399998723,40.600487000209064],[-74.72156299966304,40.600642000222216],[-74.7216439998539,40.60066699970661],[-74.72175199980892,40.60070200019678],[-74.72124999966859,40.601404999672376],[-74.7208709995519,40.601935000060685],[-74.72080199995493,40.60206100030432],[-74.72072599978695,40.60217800007423],[-74.7206310002507,40.602309999778704],[-74.7206100003343,40.602339000174844],[-74.72055799955746,40.60241099981055],[-74.72048200028779,40.60253699983891],[-74.72041399961742,40.60263300018825],[-74.72034800039349,40.60272600011814],[-74.72033099977673,40.602750000321045],[-74.72019299968447,40.60294800013169],[-74.72018600001178,40.60295800012725],[-74.72017599996603,40.60297300011776],[-74.71990200032965,40.603364999767656],[-74.71981799976575,40.603477000024824],[-74.71971099963564,40.603630000218985],[-74.71965499955911,40.60370800030353],[-74.7185540000924,40.60529599989645],[-74.71853400000091,40.60532499967908],[-74.71826399966416,40.605712999887764],[-74.71818599984638,40.60582699994277],[-74.71816300028016,40.60586000013781],[-74.71814300018866,40.605890000176956],[-74.71811700024939,40.60592899993486],[-74.7180400002565,40.60604499993732],[-74.71792399990555,40.606211999840035],[-74.71774300015558,40.60647200018118],[-74.71763600002546,40.606619999934075],[-74.71756200040561,40.60672800028424],[-74.71754999981174,40.60674499972357],[-74.71737400008465,40.60700199994751],[-74.71724699986304,40.607186999995854],[-74.71694899993719,40.60759200021245],[-74.71679699960123,40.6077830001011],[-74.71664400033869,40.60797400012592],[-74.71643099990334,40.60822099982696],[-74.71623199971171,40.608473000246114],[-74.7160340002433,40.60870700032027],[-74.7159499996794,40.60882799983322],[-74.71576700027963,40.60905300003593],[-74.71559900005013,40.60927299995632],[-74.7154989995927,40.60939099982598],[-74.71543900021656,40.60946200028288],[-74.7153010001243,40.60964200016187],[-74.71522900015427,40.609737999853664],[-74.71521099971262,40.609762000266514],[-74.71519200034436,40.60978800019259],[-74.71517300007777,40.60981400010854],[-74.71505199970393,40.60997200027205],[-74.71487500015195,40.61019799978757],[-74.71486299955805,40.610216999899095],[-74.71330000013397,40.61209700015685],[-74.71198399968378,40.61168999981766],[-74.71147599969566,40.61153200030652],[-74.70946700020772,40.61372699999441],[-74.70633200024041,40.6171509999095],[-74.70380999984319,40.619917999697996],[-74.70311899955695,40.62066299973902],[-74.70281099958538,40.62099799997816],[-74.70270299963035,40.62111699987034],[-74.70273399959247,40.62111300014099],[-74.70293600015717,40.62110699986468],[-74.70304099973914,40.62110800013802],[-74.70310299966343,40.62110800013802],[-74.70316700013583,40.62111699987034],[-74.70322800023521,40.62112500001023],[-74.70343499992444,40.62118199987096],[-74.70348900035113,40.6211999999963],[-74.70354200005455,40.621216999845046],[-74.70370799973591,40.62126999990732],[-74.70383199958448,40.62133900015693],[-74.70400200036211,40.6214200001515],[-74.7041770002643,40.62149900019468],[-74.70419300015782,40.621504999753974],[-74.70442900015938,40.62153599985485],[-74.70480699955283,40.62156300023887],[-74.70530200002048,40.62159499989703],[-74.70562000003778,40.621694999838],[-74.70581000000858,40.62180800032065],[-74.70632300001957,40.62216799989593],[-74.70687899968826,40.62268300029024],[-74.70739400024738,40.6230830001406],[-74.70783399956514,40.62365099983508],[-74.70788299996892,40.6237750002592],[-74.70822100007773,40.62411499966925],[-74.70842000026936,40.6242730001056],[-74.70856199966127,40.62435699994369],[-74.70876400022594,40.62445200008789],[-74.70910300015966,40.624600999783475],[-74.70930999984888,40.62468000015532],[-74.709633999714,40.62477900003195],[-74.70974199966902,40.624796999869794],[-74.70984899979914,40.62479600033347],[-74.71006800008226,40.62468199991321],[-74.71020699999944,40.6246280002922],[-74.71031699960429,40.624594000281085],[-74.71046999976517,40.624604999985785],[-74.71060899968234,40.62463300003162],[-74.71077899956165,40.62467199975944],[-74.71096199985976,40.6247270002459],[-74.71108700043155,40.62477700027692],[-74.71132900028088,40.62486899985443],[-74.71142899984,40.62492899989603],[-74.71154500019095,40.62503800018586],[-74.7115900003968,40.62510500020697],[-74.71160100026744,40.62512199974369],[-74.7117040001996,40.62528699995553],[-74.71178899969011,40.62542999994571],[-74.71182200020039,40.625586999792176],[-74.71182100037547,40.62559800001509],[-74.71180700013177,40.62574500015529],[-74.71180499958362,40.62576699986551],[-74.71175400042831,40.625920000160036],[-74.71173699981156,40.625971000180336],[-74.71171000004738,40.62602200016167],[-74.71158700002374,40.62625099983848],[-74.71154699984078,40.62633300020766],[-74.71152199972641,40.62638100001123],[-74.7115059998329,40.62643500026034],[-74.71137699996146,40.62686800018667],[-74.71133900032662,40.62731899987281],[-74.71138600018229,40.62748299993324],[-74.71140299990073,40.62750700010785],[-74.71154299964282,40.62769499981364],[-74.71155699988651,40.627713999721855],[-74.71163300005449,40.627767000083075],[-74.71187200042908,40.62804399988437],[-74.71194500022402,40.62815999967394],[-74.71197700001107,40.628258999846366],[-74.71203100043775,40.628395999987504],[-74.71207599974528,40.62864699983044],[-74.7120919996388,40.6287499999167],[-74.71212900034705,40.62885799994906],[-74.71217399965457,40.62895799992431],[-74.71220100031707,40.62902799988603],[-74.71229099983043,40.62916300018941],[-74.71239299993769,40.62925499986104],[-74.71246599973261,40.62932500019327],[-74.71253000020504,40.629407999664195],[-74.71264400000786,40.6294980000664],[-74.71273500024445,40.62958499990812],[-74.71282899995578,40.62966200022984],[-74.71289599990293,40.62971099983057],[-74.71304200039111,40.62983899980052],[-74.71309699974438,40.62991999971338],[-74.71314299977513,40.630011999705594],[-74.71317100026253,40.63010300011421],[-74.71319100035403,40.63018800025648],[-74.71322599961582,40.630389000298834],[-74.71324999990526,40.63050199970761],[-74.71327699966943,40.63061599973794],[-74.7133300002712,40.63069300023436],[-74.7133870001726,40.630746999723804],[-74.71345499994467,40.630787000100206],[-74.71352199989182,40.630815000281274],[-74.71363300021991,40.63082400006917],[-74.7137310001292,40.630815999727524],[-74.71387300041941,40.63079900027664],[-74.71397499962836,40.630790999932],[-74.71413199998719,40.6307810000112],[-74.71430000021668,40.630788999675275],[-74.71437399983654,40.63080199997952],[-74.71454700008888,40.63084799972482],[-74.71460700036336,40.63085999989025],[-74.71473899970951,40.6308859997869],[-74.71493999955095,40.630940999928114],[-74.71513200006989,40.63098600013399],[-74.71529600010142,40.631027999935135],[-74.71542699962268,40.63106200007944],[-74.71557999978356,40.631109999892765],[-74.71574800001304,40.631178000080574],[-74.71584599992234,40.63123699978642],[-74.71589799980087,40.63129100019946],[-74.71605299961156,40.6314340002869],[-74.71617599963521,40.63154300018605],[-74.71620699959735,40.63156600014829],[-74.71627899956738,40.63160800026632],[-74.71642400023066,40.63167200016826],[-74.71658599971404,40.63170399975529],[-74.71668500034656,40.63170499986998],[-74.7169270001959,40.63170499986998],[-74.71695800015803,40.63170499986998],[-74.71698300027238,40.63170499986998],[-74.71701699970926,40.63170499986998],[-74.71703099995297,40.63168799996367],[-74.71705199986935,40.63167999972559],[-74.7170619999151,40.63167300028338],[-74.71709600025028,40.63164499978037],[-74.71712100036464,40.63161400028106],[-74.7171320002353,40.63158400020212],[-74.71713999973291,40.63156700026499],[-74.71717099969504,40.63149600012],[-74.7172169997258,40.63144099975416],[-74.71727600017533,40.631376000193036],[-74.71728899969582,40.63136000032281],[-74.71734099957436,40.63132600033023],[-74.71746000029836,40.63124799976046],[-74.71752499969737,40.63121200014856],[-74.71757300027626,40.63119600023904],[-74.71763500020054,40.631150000051754],[-74.71783900041505,40.63107599977288],[-74.71836300029668,40.630935999979165],[-74.71859299955216,40.63092299970096],[-74.71871899994885,40.63091199967337],[-74.71890499972167,40.63090799984882],[-74.71905000038495,40.63090699972219],[-74.71924299983048,40.630899000072255],[-74.71940000018932,40.63090100032573],[-74.71957000006863,40.630923999827345],[-74.71971400000868,40.63094999969903],[-74.71982299978862,40.630959000150476],[-74.71994300033754,40.63097399999115],[-74.72008599955434,40.63097799981176],[-74.72028200027125,40.63099200020457],[-74.72043200005906,40.63101099985646],[-74.72063999957321,40.63105499989074],[-74.72073800038082,40.631080999711415],[-74.72082500041947,40.63114000018467],[-74.72092400015367,40.63120499997552],[-74.7210670002688,40.63127099982431],[-74.72120500036105,40.631326999768824],[-74.72133199968434,40.63141600019263],[-74.72139899963149,40.63146200019667],[-74.72148499984522,40.631479000160475],[-74.72162499958732,40.63149700023781],[-74.72189800029709,40.6315289999087],[-74.72215500021505,40.63155199987577],[-74.7223340003152,40.63156299979792],[-74.72267400007382,40.63156299979792],[-74.72327900014632,40.631597999786116],[-74.7234880003837,40.631590000218964],[-74.72366300028587,40.63154699997256],[-74.72397000043253,40.631533999813314],[-74.72437499959017,40.63151599974601],[-74.72447900024557,40.63155500022657],[-74.72452199990327,40.63155500022657],[-74.72497200016505,40.63155500022657],[-74.72501300017295,40.63155900001237],[-74.72518200022735,40.63157499983491],[-74.72531100009878,40.6316049999179],[-74.72545199966578,40.63164599989595],[-74.72567500014685,40.63171699988145],[-74.72587599998829,40.631811999782386],[-74.72605099989048,40.63191599987057],[-74.72610500031715,40.63194900013347],[-74.72618800015785,40.632000999750296],[-74.72631100018148,40.63210899997871],[-74.72643199965698,40.632239999762525],[-74.72649299975635,40.63232999975649],[-74.72654399980999,40.63240999995226],[-74.72661999997797,40.63271099993248],[-74.72674700019957,40.63313700009931],[-74.72689299978944,40.633438000210816],[-74.72695100041408,40.63357399986597],[-74.726980999653,40.63369500001801],[-74.72698700039908,40.633704000099456],[-74.72705299962301,40.63405599968139],[-74.72706400039198,40.634107000305505],[-74.72711200007255,40.634346000278406],[-74.72717599964666,40.63467599970763],[-74.72722800042351,40.634942000117874],[-74.72727799975391,40.63512000007218],[-74.72730899971604,40.635169999820775],[-74.72741900021921,40.63541799992913],[-74.72745100000627,40.635509999845034],[-74.7275239998012,40.635673000184966],[-74.7275790000528,40.635793999941605],[-74.72761900023576,40.63588499996902],[-74.72764599999995,40.635988999848465],[-74.72766699991634,40.636093000247655],[-74.7276710001143,40.63616300022846],[-74.7276579996955,40.63623300013586],[-74.72758400007565,40.63634199969943],[-74.72756300015926,40.63637299973044],[-74.72750000041007,40.6364399999682],[-74.72733700020345,40.63657600032544],[-74.72725799966243,40.636632999951644],[-74.72713600036201,40.63669300033086],[-74.7269320001475,40.63677900030314],[-74.72679900007812,40.63681899979279],[-74.72593799991259,40.637042999763885],[-74.72563300031405,40.637117000246505],[-74.7254740003054,40.63715300008318],[-74.72535999960425,40.63720599976947],[-74.72488799960115,40.637549999759045],[-74.72434700000107,40.63797399968525],[-74.72416000040333,40.638142000235895],[-74.72373100005794,40.6385209999416],[-74.72341800006348,40.63873000019708],[-74.72336000033718,40.638751999719474],[-74.72331599995624,40.63877199989872],[-74.72316699999334,40.63882200032063],[-74.72305800021338,40.63887700005981],[-74.72295100008327,40.63893199975363],[-74.72288999998389,40.6389820000557],[-74.72283999975517,40.63904699971074],[-74.72280299994526,40.63913600006908],[-74.72275299971653,40.639324999754855],[-74.72271099988374,40.63957900008753],[-74.7225950004311,40.6404859998156],[-74.7225679997686,40.64063199992047],[-74.7225519998751,40.64068200031249],[-74.72254600002731,40.64069700001383],[-74.72250199964637,40.64077299981198],[-74.7224470002931,40.64082899996668],[-74.72234699983566,40.64090600027306],[-74.72223399985776,40.64098599973598],[-74.72215699986488,40.64106099991226],[-74.72209900013856,40.641150000312024],[-74.72205999978048,40.64124900031092],[-74.72204700026002,40.6413040000954],[-74.72202200014566,40.64142899974687],[-74.72203100036648,40.64151800033762],[-74.7220460004351,40.64161000002701],[-74.72208700044298,40.6417220002483],[-74.72211400020717,40.64185800006959],[-74.7221929998499,40.64193699979349],[-74.72221200011646,40.64195799966118],[-74.7222919995841,40.64202800030862],[-74.72240999958485,40.642093999683276],[-74.72255500024814,40.64220299990193],[-74.72270099983801,40.64232400009247],[-74.72281200016609,40.64242900011953],[-74.72281399981591,40.6424720001738],[-74.72284599960297,40.64250000022596],[-74.72291699974807,40.64259699968288],[-74.72300899980957,40.64271400004194],[-74.72303800012189,40.64275500001436],[-74.723101999696,40.64285900009747],[-74.72320800000121,40.64313000033921],[-74.72329699968967,40.643312999978164],[-74.72337299985763,40.64344300033316],[-74.72344599965258,40.64353899984553],[-74.72358299991993,40.64365899972344],[-74.72366900013364,40.64374199977975],[-74.72368300037736,40.643761999827184],[-74.72372400038525,40.6438210000003],[-74.72383800018805,40.64396399983376],[-74.72394100012022,40.64411400022596],[-74.72399299999876,40.64422000009083],[-74.72403300018172,40.64434000010759],[-74.7240380002046,40.644415999847624],[-74.72403599965645,40.64446600013159],[-74.72398700015097,40.64477299980006],[-74.72396399968645,40.64504100002364],[-74.72395899966357,40.64511800024235],[-74.72394299977005,40.645336000167404],[-74.72396299986153,40.645419000183054],[-74.72399499964858,40.645547000029545],[-74.72400399986942,40.64561200010786],[-74.72397000043253,40.64610800020433],[-74.72399399982366,40.64638099999421],[-74.72398499960283,40.64656699993795],[-74.72395700001374,40.646784999901115],[-74.72395000034105,40.64685799992039],[-74.7240449998773,40.6467580001726],[-74.72408099986231,40.646733000212215],[-74.7241660002511,40.646672000106065],[-74.72522300023523,40.64710799999752],[-74.72625400028006,40.64753400031058],[-74.72883900042649,40.64860000030372],[-74.72860000005188,40.64892199993764],[-74.73195299957912,40.65038499992479],[-74.73465099970343,40.65153600026337],[-74.73597600037448,40.652116000306066],[-74.73628500017095,40.652251000268336],[-74.73665800043987,40.65241499974401],[-74.73744099988927,40.65275799992914],[-74.73822000003904,40.653099000125735],[-74.73826600006979,40.65311900009518],[-74.73950600035201,40.65366199976828],[-74.7402319999,40.65397999970516],[-74.74064000032901,40.65415899978515],[-74.74135900020433,40.65447400007717],[-74.74197199977442,40.65474200018891],[-74.74216299957014,40.6544820003097],[-74.74250200040217,40.65401900001098],[-74.74254599988477,40.65397899992417],[-74.7425890004408,40.653938000031786],[-74.74398299981048,40.65209900014504],[-74.74440700013301,40.65154100003263],[-74.74515600014556,40.65052599965963],[-74.74533799972042,40.65027799979185],[-74.7454110004137,40.650180000073725],[-74.7454830003837,40.650082000211675],[-74.74695600029442,40.648153000022916],[-74.74811899968545,40.646534999977234],[-74.74940699964823,40.64471600030808],[-74.75066000034924,40.642978999834654],[-74.75081199978689,40.64275799986173],[-74.75180799967164,40.6413040000954],[-74.75243799985849,40.64040099983157],[-74.75326399986392,40.63928699972398],[-74.7539319996856,40.638307000316495],[-74.7549240002707,40.63693700009032],[-74.75580100032975,40.635676999724076],[-74.75593600004898,40.63547499986233],[-74.75605900007261,40.63531099966],[-74.76096599970141,40.62825499986292],[-74.7622679999079,40.62638299971819],[-74.76280799968308,40.62560600030005],[-74.76297599991258,40.625363999778514],[-74.76298799960813,40.62536999967246],[-74.76304700005768,40.6254050001793],[-74.76310300013418,40.62545000002486],[-74.76310999980687,40.62546000006214],[-74.76313499992123,40.62549600004773],[-74.76315699966253,40.62557399983627],[-74.76315099981474,40.62562699985042],[-74.76311700037789,40.62567599968451],[-74.76307700019491,40.625709999826576],[-74.76302899961601,40.625732000230144],[-74.76289600044494,40.62578299971217],[-74.76282699994965,40.62581500007582],[-74.76274300028408,40.62585499999751],[-74.76272700039053,40.6258709998231],[-74.7627240000175,40.62589000025023],[-74.7627240000175,40.62590799978865],[-74.7627240000175,40.62591899995871],[-74.76272999986527,40.62593499976896],[-74.76276400020046,40.62598800017843],[-74.76279699981242,40.62603300031294],[-74.76284100019336,40.62607799973537],[-74.76289999974459,40.626129000316766],[-74.76298000011053,40.626177000266956],[-74.76299600000405,40.626187000195436],[-74.76308100039287,40.62623600030049],[-74.76315800038576,40.62628000007202],[-74.76348499972559,40.62643500026034],[-74.76398199984305,40.626733000016436],[-74.76437600002835,40.62700000021054],[-74.76458100006778,40.62717400015323],[-74.76466899993132,40.6272520000274],[-74.7647459999242,40.62735400004004],[-74.76481100022154,40.62745000019041],[-74.76484899985637,40.62748900031857],[-74.76486399992498,40.62751900019192],[-74.7648920004124,40.62753500030065],[-74.76494900031379,40.627594999992525],[-74.76511400017024,40.627740000161566],[-74.76534699979875,40.62793999990167],[-74.76559799986892,40.628212999681196],[-74.7656189997853,40.62823700027524],[-74.76573299958814,40.62836000020158],[-74.76585499978685,40.628514000172416],[-74.76605900000135,40.62869700033562],[-74.76638799988933,40.628934999745546],[-74.76667099974655,40.62913799977508],[-74.76680899983882,40.62928900022638],[-74.76692400036485,40.62945099992452],[-74.76696899967237,40.62959100010458],[-74.76696399964952,40.629832000165386],[-74.76697200004543,40.630011000247315],[-74.76696600019764,40.63014599992701],[-74.76695100012903,40.630238999744506],[-74.76691199977098,40.63036200007393],[-74.766843000174,40.63047400007705],[-74.76678799992241,40.630548999791536],[-74.76674699991452,40.63060099981684],[-74.766695000036,40.63064699970056],[-74.76662499971579,40.630690999974654],[-74.7665760002103,40.63074299988938],[-74.76656100014169,40.630774999921655],[-74.7665190003089,40.63084500002396],[-74.76645900003444,40.63092000000351],[-74.76638299986645,40.6310009999686],[-74.76621499963697,40.63118900006439],[-74.76610199965907,40.631348000247186],[-74.76602499966617,40.63149100021255],[-74.76596199991698,40.63161300016502],[-74.7659490003965,40.631683000070645],[-74.7659490003965,40.63174699990064],[-74.76595500024429,40.63180200001444],[-74.76597299978764,40.631845000096675],[-74.76600899977264,40.63188800015117],[-74.76605200032867,40.631930000066724],[-74.7661040002072,40.632014999928614],[-74.76612900032156,40.63206499995725],[-74.76614100001713,40.63212599977779],[-74.76614100001713,40.63217099986677],[-74.76615299971267,40.63222899995189],[-74.76617000032944,40.63229099972854],[-74.76618000037519,40.63234399986584],[-74.76618200002501,40.63238500007182],[-74.76617799982706,40.632415999894945],[-74.76616500030657,40.63245300032471],[-74.76612699977342,40.632517000098424],[-74.76611099987988,40.63253900030473],[-74.76605999982628,40.63257399978134],[-74.76600600029792,40.63258799983953],[-74.76598000035865,40.63258799983953],[-74.76595100004633,40.63258899994093],[-74.76587999990122,40.632581999912304],[-74.76577100012128,40.6325640001275],[-74.76569900015124,40.63256199992389],[-74.76560899973957,40.632568999954614],[-74.7655400001426,40.63259200024519],[-74.76548200041626,40.63263300029889],[-74.76541899976876,40.63268700026467],[-74.76537699993597,40.632743999802464],[-74.76533299955504,40.632820999890164],[-74.7653159998366,40.632874000288524],[-74.76532000003455,40.632928000059394],[-74.76527099963077,40.632975999894825],[-74.76525499973722,40.6329850000732],[-74.76518399959213,40.633007000125296],[-74.76514599995728,40.63303299986765],[-74.7651040001245,40.63305499990395],[-74.76509300025386,40.63306199988298],[-74.76506300011661,40.633081000309346],[-74.76504399985005,40.63310900021017],[-74.76501299988792,40.633154000318406],[-74.76499399962132,40.633201999991364],[-74.76497799972779,40.633257000270156],[-74.76497600007798,40.6333220000454],[-74.76498699994863,40.6335339997956],[-74.76498899959844,40.633582999963686],[-74.76486999977277,40.63367900002178],[-74.76475599996995,40.63376900012128],[-74.7646680001064,40.63384500030778],[-74.76460000033435,40.63394099998917],[-74.76453000001413,40.63409000032905],[-74.76452400016636,40.63409899967548],[-74.7644279999069,40.63425099989244],[-74.76428300014193,40.634430999791526],[-74.7640689998817,40.63467500031916],[-74.76386200019245,40.63488899999762],[-74.76371599970427,40.635024000040886],[-74.76358099998505,40.63513599972309],[-74.76344100024298,40.63522299971791],[-74.76326399979266,40.63531399984189],[-74.76312099967754,40.635278999756444],[-74.76303500036212,40.635251000083905],[-74.76295599982107,40.63522499984182],[-74.76276900022333,40.63520199977657],[-74.76265000039764,40.635204999963356],[-74.76254300026751,40.635204999963356],[-74.76249600041187,40.635204999963356],[-74.76239599995444,40.635186000141424],[-74.76232200033458,40.635149999925794],[-74.76224299979356,40.63509800003458],[-74.76215099973204,40.63502800030054],[-74.76210300005147,40.63499600026135],[-74.76204699997497,40.634963000141],[-74.76199599992135,40.63493999998545],[-74.76194099966976,40.63492499967231],[-74.76188999961613,40.63491400030395],[-74.76183299971471,40.63491100010408],[-74.76177199961536,40.634917999888536],[-74.76173599963036,40.63493200013696],[-74.7617039998433,40.63494999996511],[-74.76167000040641,40.634980999960796],[-74.76163000022345,40.635036000137525],[-74.76159900026131,40.63508599994903],[-74.7615630002763,40.63511699988156],[-74.7615060003749,40.63515300011493],[-74.76146100016906,40.63516899975798],[-74.76140400026765,40.63519700014663],[-74.76135300021402,40.63522000021359],[-74.76130999965801,40.63523499977879],[-74.76124000023611,40.63524599977592],[-74.76115200037256,40.635248999960744],[-74.76109700012098,40.63525500033002],[-74.76104100004449,40.63526699970343],[-74.76096999989937,40.63530399991675],[-74.76090600032526,40.63534200016972],[-74.76085199989859,40.63537999971936],[-74.76082500013442,40.63540900007873],[-74.76081099989072,40.63543999986124],[-74.76081099989072,40.63547299974588],[-74.76081300043886,40.635501000007025],[-74.76082199976136,40.63553299980416],[-74.76085299972351,40.635576000210456],[-74.76089999957918,40.63564900021845],[-74.76090899980001,40.63569099981334],[-74.76089399973138,40.635730999954845],[-74.76084100002794,40.63579099978127],[-74.76074899996642,40.63586100007872],[-74.7606970000879,40.635915000160615],[-74.76063199979058,40.6360129996928],[-74.76061699972196,40.636035000110546],[-74.76058800030796,40.63607700014432],[-74.76056700039156,40.63613999980459],[-74.76056700039156,40.63619999994517],[-74.76057300023933,40.63628799996292],[-74.7605849999349,40.63635999982915],[-74.76060199965333,40.63645099976681],[-74.76061699972196,40.636540000177625],[-74.76062400029298,40.636676999689676],[-74.76061400024722,40.63676399972148],[-74.76058999995779,40.63688600026462],[-74.76055300014787,40.63698399973484],[-74.76050999959183,40.63705900031735],[-74.76047000030717,40.637120999699114],[-74.76043599997199,40.63714299975179],[-74.76040300036001,40.637164999797164],[-74.76029100020703,40.6371990002249],[-74.76019300029775,40.637236000049164],[-74.76012399980246,40.63727399988419],[-74.76006400042633,40.637312999728266],[-74.76001199964945,40.63735500032144],[-74.7599859997102,40.63739800023587],[-74.75996700034193,40.63745799992755],[-74.75995599957297,40.63747999986913],[-74.75987100008247,40.63755699994851],[-74.75982800042476,40.63761200004815],[-74.75980699961005,40.63766199997554],[-74.75980199958717,40.637728000258576],[-74.75980199958717,40.63779899991181],[-74.75981199963293,40.63785699987975],[-74.75984799961795,40.63795199990643],[-74.75986299968653,40.63801299980205],[-74.75988199995311,40.63806400013019],[-74.75990399969443,40.638142000235895],[-74.75990200004462,40.638189999731274],[-74.75986500023468,40.63824600000781],[-74.75982500005172,40.63826799968975],[-74.75974800005882,40.6382920000781],[-74.75966199984508,40.638303000253245],[-74.75960499994368,40.638303000253245],[-74.75954499966923,40.638291000062125],[-74.75948100009512,40.63827099973877],[-74.7593949998814,40.63823099975578],[-74.75932999958407,40.638190999748815],[-74.7592819999035,40.63815799984427],[-74.75924599991848,40.63812399990495],[-74.75921499995634,40.63810800028842],[-74.75914600035938,40.638095000043286],[-74.75912000042011,40.638095000043286],[-74.75907400038936,40.63809700008114],[-74.75902699963537,40.63810600025089],[-74.7589720002821,40.63811000032588],[-74.75890699998477,40.63813600012613],[-74.75885699975606,40.63817600016605],[-74.7588309998168,40.63822699968798],[-74.75880499987753,40.63830100022156],[-74.75879800020482,40.63836299981319],[-74.75880099967958,40.63841999995873],[-74.75881999994614,40.63846699992252],[-74.7588450000605,40.6386070002858],[-74.7588390002127,40.638670000285295],[-74.75883500001476,40.63889200016669],[-74.7588309998168,40.63904499970129],[-74.75882599979391,40.63911199998412],[-74.75881699957309,40.639165000160204],[-74.75879300018194,40.63919600024371],[-74.75875700019695,40.63922200030262],[-74.7586910000747,40.63925099967471],[-74.758640999846,40.63926399969473],[-74.75856700022615,40.63929499973226],[-74.75851399962438,40.63933299975862],[-74.75842999995878,40.63939299975614],[-74.75834899976793,40.639528000235124],[-74.75832100017884,40.63964099985559],[-74.75831600015599,40.63972300014206],[-74.75831899963072,40.6397959997055],[-74.75832799985155,40.639860999931244],[-74.75833600024747,40.639925000102195],[-74.75836100036182,40.63999400016449],[-74.75839399997379,40.640050000290984],[-74.75841599971508,40.64012100020135],[-74.75841599971508,40.64017200028231],[-74.7584020003697,40.64027199967312],[-74.7584020003697,40.64030299992417],[-74.75840499984443,40.64032400030593],[-74.75841499989019,40.64035299988101],[-74.7584369996315,40.64038300010974],[-74.75846400029398,40.64041700026186],[-74.75849400043121,40.6404630001995],[-74.75849899955577,40.64049800029381],[-74.75851100014965,40.64053600031698],[-74.75853999956365,40.64057400031852],[-74.75858300011967,40.64060399976633],[-74.75862199957942,40.64063399988232],[-74.75866500013544,40.640679999670404],[-74.75871299981601,40.640702999893406],[-74.75875800002186,40.64071800027164],[-74.75879400000686,40.640723000169785],[-74.75884199968745,40.640723000169785],[-74.75888500024348,40.64071900025131],[-74.75892100022847,40.640711999711755],[-74.75895899986331,40.6406930000938],[-74.75902599981046,40.64066200002382],[-74.75908299971186,40.640634999863245],[-74.75913799996346,40.64061900016686],[-74.75921400013144,40.64061100031721],[-74.75926900038303,40.64061100031721],[-74.75930199999499,40.64061100031721],[-74.75935700024658,40.64062500005345],[-74.75936700029231,40.64063099993949],[-74.75939999990428,40.64065200021807],[-74.75943900026235,40.640679999670404],[-74.75947699989716,40.64071600031231],[-74.75952700012589,40.64076699993869],[-74.75955899991294,40.64082300009843],[-74.7595709996085,40.640885000074356],[-74.75955800008802,40.640936000253326],[-74.75951500043031,40.64101299975463],[-74.75949600016374,40.64104700026747],[-74.75945900035381,40.64117099974571],[-74.75945299960773,40.641238999911465],[-74.75945599998077,40.64128300002195],[-74.75949699998866,40.64139700004925],[-74.75953299997367,40.64146599995325],[-74.75960499994368,40.64153900033715],[-74.75964599995157,40.64158200028316],[-74.75971000042398,40.641624000235375],[-74.75978900006672,40.64167699978028],[-74.75984699979303,40.64171599977867],[-74.75993100035691,40.641765000076425],[-74.7599790000375,40.641800000169695],[-74.7600290002662,40.64185100033114],[-74.76006500025122,40.64192099972753],[-74.76008299979458,40.64198000016471],[-74.76009799986318,40.642145000301774],[-74.76010600025911,40.64234199997249],[-74.76011499958162,40.6426420002123],[-74.76011100028197,40.642818000188925],[-74.7601120001069,40.64300000005622],[-74.76012299997754,40.64310299981365],[-74.76012999965023,40.643172999941875],[-74.76013300002329,40.64319500004493],[-74.76015399993969,40.64331799968188],[-74.76018499990182,40.64355199971209],[-74.76020900019128,40.643624999859455],[-74.76026500026778,40.64366400008292],[-74.76031200012342,40.64367799986043],[-74.76035499978114,40.64370099973202],[-74.76039099976614,40.64374099984542],[-74.76040800038291,40.64377600026577],[-74.76041800042864,40.64381800020072],[-74.7604229995532,40.64386000010919],[-74.7604229995532,40.643920000127345],[-74.76041900025355,40.64398499974536],[-74.76039999998697,40.64406299974874],[-74.76036200035215,40.644168999694614],[-74.76030799992546,40.644299999671595],[-74.760295000405,40.64436899998273],[-74.76030700010057,40.64445600021409],[-74.76032899984186,40.644504999863585],[-74.76037700042076,40.64456499998359],[-74.76043400032216,40.64461999976216],[-74.76051299996489,40.644671999734214],[-74.76056599966832,40.64470499982653],[-74.76069999956262,40.64474599993915],[-74.7608379996549,40.64477000004326],[-74.76092899989148,40.644793000220176],[-74.7609790001202,40.644814999789254],[-74.76101299955708,40.644844000139585],[-74.76108000040254,40.6450000000922],[-74.76113999977869,40.645089000011076],[-74.76120900027398,40.645183999969674],[-74.76123900041121,40.645245000072656],[-74.7612610001525,40.64530500020898],[-74.76126000032761,40.64535100018609],[-74.76125100010677,40.64539800004103],[-74.7612259999924,40.6454599998571],[-74.76122199979446,40.64555100034026],[-74.76123000019037,40.64561499982682],[-74.76124000023611,40.645640000206],[-74.76125600012963,40.64567800002824],[-74.761273999673,40.64571200020963],[-74.76130999965801,40.64574499978772],[-74.76134700036623,40.645773999733954],[-74.7613799999782,40.64579000023951],[-74.76140400026765,40.64579599966129],[-74.76143400040488,40.64580199976413],[-74.76146299981887,40.64579999995708],[-74.76150100035203,40.64579399985405],[-74.76153999981176,40.64577199992611],[-74.7615840001927,40.645747000277986],[-74.76164299974393,40.645721000034214],[-74.76170300001839,40.645709999718314],[-74.76176499994267,40.64570600009869],[-74.76181500017137,40.64570600009869],[-74.76186299985196,40.64571300011443],[-74.7620129996398,40.64575799990618],[-74.76219500011298,40.645840000175745],[-74.76237099984007,40.64595800020392],[-74.76242400044184,40.64601200029743],[-74.76246700009953,40.64609400025493],[-74.7625280001989,40.646261000239114],[-74.76257300040476,40.64637900020455],[-74.76263299978089,40.64646300017986],[-74.76272700039053,40.64654399969084],[-74.76283299979744,40.64663500005916],[-74.7629290000569,40.64670800024247],[-74.76307899984474,40.64680800006523],[-74.76323799985339,40.646940000201575],[-74.76346100033447,40.64713700003309],[-74.76356400026663,40.647218999971464],[-74.76364999958203,40.64727199984478],[-74.7637030001838,40.647297000284794],[-74.7637390001688,40.647304000133715],[-74.76375800043539,40.64730199969007],[-74.76379100004735,40.647294999840994],[-74.76381500033679,40.647276999933524],[-74.76383999955284,40.647229000156514],[-74.76389499980442,40.64716199984209],[-74.7639559999038,40.64711399998237],[-74.76401399963011,40.64708900015539],[-74.76405899983594,40.64707999983368],[-74.7641259997831,40.647078000064965],[-74.76421899966951,40.647080999718035],[-74.76435299956381,40.647106000229606],[-74.76447700031069,40.64713700003309],[-74.76459899961111,40.64717999978058],[-74.76469400004568,40.647218999971464],[-74.76476400036587,40.647263000229295],[-74.76482100026728,40.647327000118906],[-74.76485399987925,40.647386999746615],[-74.7648930002373,40.647441000047074],[-74.76493099987213,40.6474690000594],[-74.76494599994076,40.647478000328654],[-74.76498399957559,40.647498999816186],[-74.76502200010874,40.64751400003033],[-74.76508400003301,40.647530000118664],[-74.7651610000259,40.64755399990324],[-74.76523200017101,40.64758400030337],[-74.76531800038474,40.64763699988681],[-74.76537600011106,40.64766999987625],[-74.76545499975377,40.64771499971164],[-74.76555799968594,40.6478209999915],[-74.76561399976242,40.64790199989898],[-74.76566700036419,40.64799000016669],[-74.76570599982394,40.6480950001406],[-74.76574500018201,40.648257999740416],[-74.76574299963387,40.648443000041546],[-74.76574099998405,40.64848499976583],[-74.76573400031134,40.64853600027182],[-74.76572000006765,40.648573999808285],[-74.76568900010551,40.64861399972743],[-74.76564100042494,40.648661999871386],[-74.76558899964807,40.64871099984075],[-74.7655269997238,40.64876399989231],[-74.76546800017258,40.64883699979148],[-74.76542999963941,40.64890700003999],[-74.76534699979875,40.64907500033675],[-74.76527700037687,40.649233000327264],[-74.76521200007953,40.649458000064975],[-74.76516500022386,40.6497399997464],[-74.7651400001095,40.64999099977273],[-74.76510800032247,40.65004900005189],[-74.76508499985792,40.65008899976847],[-74.76507200033745,40.650124000267546],[-74.76506300011661,40.65021999971179],[-74.76506200029169,40.65039500031698],[-74.76504300002513,40.650529999671896],[-74.76501999956058,40.65063200024528],[-74.76499799981929,40.650725999980864],[-74.76496299965919,40.65090199976771],[-74.76494099991788,40.65100799975608],[-74.76490900013083,40.651037000141535],[-74.76489700043525,40.65105700004748],[-74.76488499984139,40.65112099970621],[-74.76487700034379,40.65118000018913],[-74.76487099959768,40.651247999699166],[-74.76485399987925,40.651378000273375],[-74.76483700016081,40.651485000005565],[-74.76484600038164,40.65158399966862],[-74.76484700020656,40.651748000102124],[-74.76484800003145,40.65190699970955],[-74.76482499956693,40.652086999708025],[-74.76479100013006,40.65219299985862],[-74.76475299959691,40.652267999709096],[-74.76474500009931,40.65232299995481],[-74.76474500009931,40.65237899996012],[-74.76469300022076,40.65258300006889],[-74.76467999980197,40.65263499997015],[-74.76466300008354,40.652812999770916],[-74.76454599990767,40.65298500032191],[-74.76438199987614,40.65318200002785],[-74.76434800043927,40.65326099997827],[-74.76430099968528,40.65333800025405],[-74.76422500041562,40.653417000019836],[-74.76413300035411,40.65348599976463],[-74.76396900032258,40.65358100003723],[-74.76382200000948,40.65365100007982],[-74.76369800016093,40.65372899969027],[-74.76360299972637,40.65379600022645],[-74.76354500000004,40.65382800011302],[-74.76347999970272,40.653863000013885],[-74.76344399971772,40.65389700011427],[-74.76342500034946,40.65393599978707],[-74.7634219999764,40.65399499982547],[-74.76343100019724,40.654049000230735],[-74.76344700009075,40.65410299991072],[-74.76345499958836,40.65418699970476],[-74.76345299993854,40.654249999992],[-74.76343000037232,40.654363999679035],[-74.76333900013573,40.6545739998481],[-74.76327800003637,40.654669999705185],[-74.76322299978477,40.65474299995846],[-74.76313300027141,40.65483300028206],[-74.76298099993544,40.65492200003599],[-74.76290899996543,40.65499700022646],[-74.76281299970594,40.65510299984306],[-74.76275800035268,40.65517499985946],[-74.76263600015395,40.655394999844695],[-74.76258000007745,40.65552700003284],[-74.76253099967364,40.655711000189726],[-74.76251599960503,40.65577099977561],[-74.76250499973438,40.65581400009309],[-74.76250300008455,40.65583199974227],[-74.76249399986371,40.65591199971452],[-74.76249399986371,40.656036999947666],[-74.76247999962001,40.6561180001045],[-74.76242100006878,40.65622900008406],[-74.76239699977936,40.656302999740625],[-74.76239699977936,40.65637600025159],[-74.7624140003961,40.65644699983169],[-74.76248200016815,40.65658300031379],[-74.76255199959004,40.656726000060715],[-74.76255800033614,40.65678999973377],[-74.76255300031326,40.656869000182574],[-74.76252599965076,40.656967000298785],[-74.7624930000388,40.6570530000457],[-74.76246700009953,40.657101999986665],[-74.762415000221,40.65715500018824],[-74.76232599963423,40.65723100032671],[-74.76224299979356,40.657292000321384],[-74.76212899999072,40.6573919999574],[-74.76200199976914,40.65756700015229],[-74.76190300003493,40.657749999728786],[-74.76184799978334,40.657860999718864],[-74.7618159999963,40.6579380001376],[-74.76178000001129,40.6579979997651],[-74.7617459996761,40.65803699976659],[-74.76170700021635,40.658063999701895],[-74.76166500038356,40.658085999666284],[-74.76153599961381,40.6581300002548],[-74.76144199990247,40.65816200010707],[-74.76140400026765,40.65818499975712],[-74.76138099980312,40.658215000148004],[-74.76136200043486,40.65825600013794],[-74.76136300025978,40.65828900032755],[-74.76136499990959,40.65832800015897],[-74.7613740001304,40.658393000054424],[-74.76140000006968,40.658498000013864],[-74.76142299963591,40.65856999977376],[-74.76145399959805,40.65862399988337],[-74.76148499956018,40.65866399991116],[-74.76155800025343,40.65871900033612],[-74.7616050001091,40.65875099990585],[-74.7616620000105,40.6587839998506],[-74.76173700035356,40.658821999684214],[-74.76180400030071,40.65886700017652],[-74.76190499968475,40.65897499987125],[-74.76193800019502,40.6590320001318],[-74.76198199967763,40.659097000022776],[-74.76208399978489,40.65920000015018],[-74.76221600002938,40.659328999840604],[-74.76235599977146,40.65945000032719],[-74.76246799992447,40.659521999741],[-74.76256199963578,40.65956800013981],[-74.76263699997885,40.659638000033915],[-74.76268100035978,40.65969199996051],[-74.76271599962158,40.65974599984334],[-74.76273900008611,40.659805999889066],[-74.76275099978167,40.659892999757226],[-74.76275699962946,40.659951999979256],[-74.76277199969806,40.66000700002375],[-74.76281100005612,40.660053999778015],[-74.76287399980531,40.66010899973842],[-74.7629359997296,40.660151000297134],[-74.76306499960101,40.66021900020457],[-74.76315099981474,40.66025600021529],[-74.76325100027219,40.660285999674805],[-74.76333499993777,40.66029700031368],[-74.76341600012863,40.66029700031368],[-74.76348300007577,40.660293999891856],[-74.76353800032736,40.66028499998832],[-74.76359799970349,40.66026000032571],[-74.76369099958991,40.66022199994837],[-74.76377199978077,40.66016400033487],[-74.76388499975867,40.66011400022818],[-74.76391999991878,40.660103000240525],[-74.76395799955363,40.66009599968991],[-74.7639919998888,40.66009599968991],[-74.76404200011753,40.66009599968991],[-74.76412499995818,40.66010699967871],[-74.76423000043849,40.66013800025681],[-74.76433900021843,40.66017500031246],[-74.76443899977754,40.66021900020457],[-74.76452699964109,40.6602699999193],[-74.76464399981697,40.66035600017838],[-74.76489800026017,40.660617999697955],[-74.76515500017811,40.66092900008847],[-74.76543499966229,40.66130500017571],[-74.76553900031767,40.661458999788145],[-74.76561200011261,40.66157599978701],[-74.76564800009763,40.66162000011784],[-74.76569300030347,40.66165300000626],[-74.76571000002191,40.66166399973825],[-74.76574099998405,40.66168500021284],[-74.76580299990832,40.66171899973406],[-74.76584800011416,40.661740999855915],[-74.76586400000768,40.661756999940046],[-74.76587499987833,40.66177700003973],[-74.76587599970325,40.661791999769875],[-74.76587499987833,40.66180999985047],[-74.76587300022852,40.661831000279044],[-74.76587099968039,40.66185499968992],[-74.76586999985547,40.661868999739774],[-74.76586999985547,40.66188400013068],[-74.76588099972614,40.661902000186444],[-74.76591599988623,40.661928000258385],[-74.76597399961254,40.66197700002573],[-74.76602399984127,40.662055999783405],[-74.76609300033654,40.66218100008866],[-74.7661669999564,40.66234699967948],[-74.76618000037519,40.66240300012964],[-74.76620799996428,40.66252199982287],[-74.76620799996428,40.662574000154756],[-74.76620799996428,40.662687000277415],[-74.76623200025372,40.66280099985748],[-74.7662659996906,40.66289399983681],[-74.7663219997671,40.662982000093514],[-74.76634900042959,40.663026999823714],[-74.76641999967639,40.66311499990494],[-74.76644499979074,40.663168999742425],[-74.76647199955491,40.66328000025536],[-74.76648800034677,40.66341999967508],[-74.76650800043824,40.66348399974025],[-74.76643599956992,40.66356400007607],[-74.76641499965352,40.663582999996926],[-74.76638799988933,40.66360399986728],[-74.7663710001709,40.663620000185894],[-74.76636600014803,40.66363300022903],[-74.7663650003231,40.663656000036994],[-74.7663710001709,40.663680999789676],[-74.76639799993508,40.66370800016617],[-74.76640499960776,40.66372500009478],[-74.76641899985147,40.663764999789436],[-74.76642300004943,40.663784000334466],[-74.76643800011806,40.66380700009035],[-74.76646200040749,40.66382500030855],[-74.76649099982149,40.6638499999979],[-74.76651099991298,40.663879000252635],[-74.76653799967717,40.66392600000433],[-74.76655199992085,40.663948999711316],[-74.76656000031677,40.66396800020392],[-74.7665629997915,40.663992999839614],[-74.76655799976864,40.6640259999168],[-74.76654600007308,40.66405100021218],[-74.76654400042325,40.664060999918874],[-74.76654400042325,40.66407399987605],[-74.76655299974577,40.664093000333],[-74.76658999955569,40.664134000117194],[-74.76660100032467,40.66416500018659],[-74.76662399989088,40.664360999962],[-74.76663599958646,40.66441100029229],[-74.76663399993662,40.6644400003031],[-74.76662499971579,40.664484000107485],[-74.76660499962432,40.66453399966415],[-74.76659299992875,40.66456500022905],[-74.76658000040827,40.664589000018985],[-74.76656699998946,40.664605999723044],[-74.76654600007308,40.66461600002795],[-74.76651099991298,40.66461700033089],[-74.76647300027815,40.664626000331346],[-74.7664339999201,40.66463900017836],[-74.7664130000037,40.66464600025218],[-74.7663999995849,40.664650000099336],[-74.76638000039172,40.66465099972041],[-74.76635899957701,40.66464699987331],[-74.76634299968349,40.66463299972512],[-74.76631900029234,40.66460100025145],[-74.76630000002578,40.66456900008106],[-74.7662659996906,40.664549999759664],[-74.76622100038307,40.66454099974899],[-74.76616899960622,40.66454099974899],[-74.76612199975054,40.66455299999011],[-74.7660909997884,40.66457200031064],[-74.76606499984914,40.66458700009361],[-74.76604599958256,40.66461000025402],[-74.76602899986415,40.66464400032852],[-74.76602300001633,40.66466100001856],[-74.7660199996433,40.664682000230925],[-74.7660199996433,40.66470000021298],[-74.76603300006211,40.66473499986135],[-74.76605900000135,40.66477599993227],[-74.76611500007786,40.664850000328876],[-74.76613000014646,40.664884000281035],[-74.76614199984205,40.66496899974478],[-74.76613099997138,40.66506500031561],[-74.76612699977342,40.665141999914105],[-74.76613900036729,40.66523800023586],[-74.76615299971267,40.66527300028332],[-74.7661879998728,40.66531099982735],[-74.76621299998716,40.66534799973912],[-74.76622700023084,40.66537100031851],[-74.76623999975133,40.66538900011461],[-74.76625499981995,40.6653999999119],[-74.76627699956124,40.66540800019699],[-74.76629599982782,40.66541000009774],[-74.76631400026949,40.665408999806694],[-74.76633400036097,40.66540500000501],[-74.7663500002545,40.66540100020313],[-74.76639499956202,40.665385999921774],[-74.76642399987435,40.66537700002392],[-74.76643100044535,40.665363000028975],[-74.76644200031602,40.66534300032314],[-74.76645499983647,40.66534000012824],[-74.76646700043037,40.66533800022539],[-74.76647999995085,40.665333000127255],[-74.76650000004233,40.665331000224185],[-74.76657700003521,40.66532499983321],[-74.76660499962432,40.665326999736465],[-74.76663499976154,40.665333000127255],[-74.76673500021897,40.665343999933825],[-74.7667529997623,40.66534799973912],[-74.76676899965584,40.66535499973853],[-74.76678399972445,40.665368000124865],[-74.76682599955726,40.665429000174136],[-74.76686099971735,40.66546700031064],[-74.76686800028835,40.66547800009512],[-74.76687999998393,40.665495999862344],[-74.76691400031912,40.665563000164646],[-74.76691799961876,40.6656109996991],[-74.76695799980173,40.66568699974311],[-74.7670110004035,40.66577999978674],[-74.76702999977174,40.66580800027998],[-74.76706599975675,40.665856999922504],[-74.76711500016056,40.665904999926774],[-74.76715100014557,40.66594200019041],[-74.76716299984113,40.66597399970204],[-74.7671600003664,40.66601499969274],[-74.76711000013768,40.66607500023189],[-74.7670819996503,40.66612399967825],[-74.76705499988611,40.66616700013614],[-74.7670480002134,40.66620699972906],[-74.7670480002134,40.6662539998844],[-74.7670540000612,40.666331999750184],[-74.76706199955879,40.66639399987544],[-74.7671040002899,40.6665469997291],[-74.76711500016056,40.66658400031796],[-74.76715600016844,40.66663600020843],[-74.76719800000123,40.66668699978648],[-74.76728300039005,40.6667440002707],[-74.76747500001066,40.66686599984052],[-74.76763200036952,40.66698400016155],[-74.76785999997514,40.667156999873676],[-74.76803099967935,40.66729300032483],[-74.76828500012257,40.66749000002556],[-74.76851000025349,40.667644999924036],[-74.76857899985045,40.66772699986967],[-74.76861999985834,40.66779099989017],[-74.768674000285,40.66783700003732],[-74.76873299983625,40.667878000245366],[-74.76876999964615,40.667894999792466],[-74.7688500000121,40.667913999842234],[-74.76894399972343,40.66792000000033],[-74.76909900043245,40.66791899974687],[-74.76936899987089,40.66794399994573],[-74.76950799978805,40.667956000255856],[-74.76960599969733,40.6679750002883],[-74.76973499956877,40.66801300033689],[-74.76986299961528,40.66806199972207],[-74.7700380004158,40.668148999723776],[-74.77023300040946,40.668228999914895],[-74.77030200000642,40.66827199969693],[-74.77034399983921,40.668296000197024],[-74.77038999986998,40.668315999698684],[-74.77050899969565,40.66834899968096],[-74.7706889996207,40.66839399987826],[-74.77088699998743,40.66844599972018],[-74.77101500003396,40.66847399977547],[-74.77106600008759,40.668473000211755],[-74.77123199976894,40.66841599984251],[-74.77156499985486,40.66833700012292],[-74.77193200027598,40.66824400023815],[-74.77207100019316,40.668213000020614],[-74.77219599986663,40.668179999971045],[-74.77233200030906,40.66813500031072],[-74.77249399979246,40.66806299997338],[-74.77261799964101,40.66798699991152],[-74.77263899955742,40.66797400003572],[-74.77276099975616,40.667889999886036],[-74.7728410001221,40.66779500023009],[-74.77291700029008,40.66772999995719],[-74.77298000003928,40.66768300016067],[-74.77304699998643,40.6676430000903],[-74.77312499980421,40.66761499968604],[-74.7731879995534,40.66759300013892],[-74.77327600031526,40.66756799980848],[-74.77332999984364,40.66755300001457],[-74.77344199999662,40.667514999703855],[-74.77352800021035,40.667470999854935],[-74.77366899977734,40.667436000279594],[-74.77371999983097,40.66742800023783],[-74.7739120003499,40.667381999808555],[-74.7740450004193,40.6673570000804],[-74.7740949997497,40.66734200023903],[-74.77415400019925,40.66732199976388],[-74.77426800000207,40.66725999981996],[-74.77435300039087,40.66724900032944],[-74.77447200021656,40.66723600030978],[-74.7745590002552,40.66723600030978],[-74.77462899967709,40.66723500004606],[-74.77473800035534,40.66721899991331],[-74.77490900005957,40.66716600021271],[-74.7751290001676,40.667102999858116],[-74.775150000084,40.66709700030791],[-74.7753479995524,40.66705399976826],[-74.77539199993332,40.66704099971059],[-74.77544399981186,40.66703399988813],[-74.77552800037576,40.66703399988813],[-74.77562899975979,40.667038000273465],[-74.77572900021721,40.667045999680674],[-74.7758199995555,40.667064999972325],[-74.77589200042385,40.667079000291395],[-74.77607499982362,40.667127000097544],[-74.77631699967296,40.6668589999997],[-74.77652699973525,40.666628000070645],[-74.77800399984392,40.66499499998401],[-74.77897200013959,40.66392499969103],[-74.77911699990453,40.66376400015509],[-74.77996800002433,40.662849000016834],[-74.78006000008584,40.66273699981832],[-74.78015100032243,40.66261500019121],[-74.78026599995016,40.66250700025693],[-74.78037999975297,40.662385999864085],[-74.78049500027902,40.662274000251024],[-74.78060900008182,40.662151999777045],[-74.78082300034207,40.66190000018045],[-74.78105199977261,40.66164899997938],[-74.78117399997136,40.66152699972509],[-74.78128799977418,40.661396999845365],[-74.78139800027733,40.66128000021398],[-74.78144699978283,40.66122600021004],[-74.78152499960063,40.66114500012217],[-74.78163900030175,40.66101900024431],[-74.7818679997323,40.66075799993486],[-74.78208199999256,40.66049699996708],[-74.78218800029777,40.66037600001673],[-74.78229500042788,40.66024599993815],[-74.7824019996597,40.660132999768855],[-74.78250100029221,40.66001199983969],[-74.7826000000264,40.659898999955466],[-74.78269200008792,40.659772999768364],[-74.78280599989074,40.659660999856555],[-74.78292899991439,40.65954399990605],[-74.7830510001131,40.659417999729875],[-74.78316499991593,40.65929699986671],[-74.78328700011467,40.659184000134196],[-74.7834019997424,40.65906799973328],[-74.78351600044354,40.65896000018911],[-74.78361500017773,40.6588429996906],[-74.78371399991192,40.65873499978217],[-74.78381400036936,40.65861800025198],[-74.78392800017217,40.658500999835056],[-74.78403500030228,40.658379999671496],[-74.78424799983931,40.65812800013576],[-74.78456900022968,40.657763000234475],[-74.78467600035981,40.65764700008846],[-74.7847819997667,40.657520999736626],[-74.78488899989682,40.65739900011029],[-74.78500400042287,40.65727299997149],[-74.78537000012075,40.65690899989972],[-74.7854920003195,40.656791999892924],[-74.78560699994722,40.65667499968099],[-74.78571300025243,40.6565449998863],[-74.78582799988017,40.65641499983834],[-74.78594199968296,40.65628899988555],[-74.78605700020903,40.65615800027192],[-74.78617100001182,40.65603199983381],[-74.78625300002759,40.655938000076716],[-74.78629300021056,40.65588399983738],[-74.78636900037854,40.655794000249976],[-74.78652199964111,40.65564100026393],[-74.78665899990847,40.65547900005659],[-74.78672800040376,40.65539400008496],[-74.78680399967342,40.65530399983657],[-74.7869569998343,40.65513300025687],[-74.78702499960634,40.65504700007945],[-74.78717799976722,40.654886000241696],[-74.78724700026252,40.654804999952084],[-74.78731500003458,40.65471900003339],[-74.78738399963156,40.6546380002225],[-74.7875209998989,40.654485000311475],[-74.78768599975534,40.65431199976228],[-74.78775799972537,40.654241999731646],[-74.78783399989335,40.654161999801445],[-74.78791799955894,40.654084999795074],[-74.78800200012284,40.65400399989606],[-74.78807800029081,40.65391900008974],[-74.7881119997277,40.65388500000062],[-74.78823899994931,40.653752000187076],[-74.78832199978997,40.65366700005977],[-74.7884070001788,40.65358199982417],[-74.78849000001946,40.65350499982993],[-74.78855899961644,40.65342900021765],[-74.78859499960146,40.65339499987878],[-74.78863499978442,40.65335699968007],[-74.78872799967085,40.65325300028086],[-74.78881100040984,40.65315900001603],[-74.78888300037985,40.653083999804],[-74.78900100038065,40.65295200023472],[-74.78906999997761,40.65287999986395],[-74.78913899957459,40.652804000221245],[-74.78934500033722,40.652561000334394],[-74.7894139999342,40.65247500024939],[-74.78948199970625,40.65239900014538],[-74.78955100020154,40.65231800024415],[-74.78962700036952,40.65223700024454],[-74.7897949997007,40.65208400027997],[-74.79064400017066,40.651139999763465],[-74.79096399983781,40.65078599996033],[-74.79131000034252,40.650402999675535],[-74.79212899977696,40.649495999757995],[-74.79275899996381,40.64880000026337],[-74.79289799988098,40.64864299979015],[-74.79303799962305,40.6484789999042],[-74.79347799983911,40.64798099996649],[-74.79409399978226,40.647297000284794],[-74.79434499985243,40.64701300005125],[-74.79437800036271,40.64697600019342],[-74.79444500030986,40.64689900007358],[-74.79481799968045,40.64652499968818],[-74.79522600010945,40.646096999952206],[-74.795538000279,40.64573400015734],[-74.79575599983887,40.64549200033326],[-74.79595000000762,40.64527799988165],[-74.7962219999942,40.64497600007079],[-74.7964689998664,40.644701000146675],[-74.79681299982299,40.644313999997316],[-74.79699899959581,40.644116000083535],[-74.79712099979456,40.64398700028843],[-74.79723899979534,40.64387399984563],[-74.79744300000984,40.64370099973202],[-74.79757600007922,40.643584999676534],[-74.79767599963834,40.643483999857786],[-74.79783399982207,40.643310000155736],[-74.7980880002653,40.64300299989257],[-74.7983059998252,40.642760999708955],[-74.798531999781,40.642484000294964],[-74.79863499971316,40.64234699974899],[-74.79890599987483,40.641985999928956],[-74.79910900026441,40.64175399979011],[-74.79921200019658,40.64163599982734],[-74.79927699959559,40.64156200026415],[-74.80133799986035,40.63920700026984],[-74.80046400017434,40.63231699974968],[-74.79993500026984,40.6281390002383],[-74.79985699955371,40.62753100027383],[-74.79982899996463,40.627307999933294],[-74.79971000013894,40.626369999917216],[-74.80048699974057,40.62255200016799],[-74.80132699998971,40.61842599997419],[-74.80133899968527,40.61836800017495],[-74.80083900009308,40.61804399980552],[-74.80037200011284,40.617283999692994],[-74.7965940004382,40.61113599981246],[-74.79675900029463,40.609731999919596],[-74.79696599998385,40.60797400012592],[-74.79691499993025,40.60685100026208],[-74.79759000032293,40.605588000214105],[-74.7987369998204,40.60478400001564],[-74.79902300005068,40.60442800024852],[-74.79939399977144,40.60417300004675],[-74.79985900010185,40.60375699984665],[-74.80004300022489,40.603592000337194],[-74.8002130001042,40.603296000051664],[-74.8012709999132,40.60237100017406],[-74.80168900038795,40.60213099980654],[-74.8027909996796,40.60155199984859],[-74.80283099986258,40.60153200011736],[-74.80358499989798,40.60092699979236],[-74.80507000040258,40.59973500021872],[-74.80738600003717,40.598978000340814],[-74.80870199958908,40.59840799973647],[-74.80998899972694,40.59795400013141],[-74.81200099958791,40.59684900025327],[-74.8129350004467,40.59647299995229],[-74.81326400033467,40.59645300006573],[-74.81336999974157,40.59645300006573],[-74.81408500031722,40.59641099967056],[-74.81473600042048,40.59637099985431],[-74.81539800039437,40.59629100015006],[-74.81643399956378,40.596122000084975],[-74.81681699987843,40.596061000126056],[-74.8172300003303,40.59602699990116],[-74.8193700002378,40.5958859996667],[-74.8201379996186,40.596164999944264],[-74.82026300019038,40.59613199973745],[-74.82304400015538,40.59540699990982],[-74.82312199997318,40.59538699970437],[-74.82528199997216,40.59482399975364],[-74.82536099961487,40.594760000017686],[-74.83306400017561,40.58848299982949],[-74.8340910000225,40.58735600025733],[-74.83443800035212,40.58697600005774],[-74.83453100023854,40.586873999798165],[-74.83455100033002,40.58685200024348],[-74.8345570001778,40.586833999734196],[-74.83460999988127,40.58674800026599],[-74.83467900037654,40.58665800025993],[-74.83476300004213,40.58657699974156],[-74.83484599988282,40.58648700018753],[-74.83493000044672,40.586393000069265],[-74.83501400011231,40.586307000034],[-74.83506299961778,40.586257999980326],[-74.8350979997779,40.58622200000153],[-74.8351899998394,40.5861369998611],[-74.83528100007598,40.586051000178855],[-74.83551799990245,40.585790000109185],[-74.83653300005378,40.584683000184285],[-74.83660400019889,40.58460499973343],[-74.83713899995118,40.58402100007975],[-74.83720400024852,40.583949999888695],[-74.83797599982726,40.583108000139916],[-74.83847299994473,40.58256499977666],[-74.83881299970335,40.58219399984459],[-74.83886799995494,40.582134000316934],[-74.83892200038161,40.58207400005321],[-74.83894699959765,40.58204700008752],[-74.84085399987666,40.57996500008445],[-74.84243100044277,40.57824199999796],[-74.84269000001053,40.57795899972673],[-74.84395799988184,40.57782799994562],[-74.84617800015528,40.57759900011322],[-74.84627699988947,40.57758800017602],[-74.84872300011872,40.57733499975681],[-74.8491649999846,40.577289000011945],[-74.8493549999554,40.577270000093286],[-74.85003500037097,40.57719999980774],[-74.85085100033065,40.577116000050665],[-74.85172099981871,40.5770260000477],[-74.85264599955833,40.576929999774634],[-74.85420399985787,40.5767689998959],[-74.85431400036104,40.57675700024965],[-74.85439399982867,40.576749000256854],[-74.85820900021156,40.57635400001961],[-74.85829700007511,40.57634499971758],[-74.8593730003258,40.576233999986655],[-74.85941400033369,40.57623000030027],[-74.86072400003779,40.57609399990357],[-74.86086100030514,40.57608000028854],[-74.86103100018444,40.57606200029184],[-74.86334299962107,40.57582299991438],[-74.86715200015618,40.57542899994338],[-74.86746799962536,40.575397000013545],[-74.86828199993523,40.57531300003971],[-74.8684049999589,40.5752999998556]]]}},{"type":"Feature","properties":{"geoid":"3401364590","townId":"roseland-borough","name":"Roseland borough","county":"Essex","status":""},"geometry":{"type":"Polygon","coordinates":[[[-74.33493700008921,40.827579999667165],[-74.3349520001578,40.82739900025119],[-74.33462400009475,40.82621399986934],[-74.33447500013183,40.82580999982937],[-74.33443199957581,40.8256179998225],[-74.33433000036688,40.82512099990667],[-74.33425500002382,40.82494400031194],[-74.33421200036611,40.82486400012505],[-74.33414500041896,40.82477399979943],[-74.33378100037089,40.824467000285004],[-74.33363999990557,40.824323999738176],[-74.33359499969973,40.82426700023763],[-74.33354199999627,40.8241989999346],[-74.33339300003335,40.82394499982547],[-74.33323499984962,40.823632000151505],[-74.33322099960591,40.82360300013302],[-74.33310699980309,40.82336399982582],[-74.3329379997487,40.822926999929706],[-74.3328900000681,40.82281599973554],[-74.33288699969508,40.82280300017829],[-74.33288000002237,40.8227939998036],[-74.33281999974791,40.822657000217724],[-74.33276399967141,40.82254500028156],[-74.33272199983863,40.822474000339355],[-74.33266400011232,40.82240400029326],[-74.33254699993645,40.82226999982412],[-74.33241999971484,40.82213999966825],[-74.3323240003537,40.82202099969441],[-74.33230099988914,40.82198199986792],[-74.33224499981266,40.82188599983123],[-74.33221600039865,40.82178399976744],[-74.33219999960681,40.82170199988236],[-74.33220700017782,40.82157699989562],[-74.33221100037578,40.82154199974832],[-74.33222300007134,40.82143199994217],[-74.33223399994199,40.821381999908176],[-74.33225300020858,40.821308000114996],[-74.33230199971405,40.8211850000464],[-74.33237899970696,40.8210509998337],[-74.33240899984418,40.8210000001991],[-74.33262300010442,40.8207130001644],[-74.33273199988436,40.82058999967226],[-74.33315899968163,40.820171999965034],[-74.33374200001282,40.819472999773396],[-74.33399800010586,40.81911399976947],[-74.33408000012162,40.818993999781824],[-74.33418499970361,40.81880399981057],[-74.33422099968863,40.818716000154744],[-74.33425300037399,40.81857800027397],[-74.33427699976512,40.81847399981942],[-74.33429000018391,40.818413999953655],[-74.33431299975013,40.81831700015784],[-74.33435100028328,40.81821299997393],[-74.33435799995596,40.81819399998156],[-74.33436899982661,40.81816899976861],[-74.33433399966651,40.81815900008869],[-74.33421499984084,40.818115999884206],[-74.33409699984007,40.818073999689254],[-74.33216199997197,40.817262999806786],[-74.33178100020548,40.8171039998946],[-74.33172900032693,40.8170789999507],[-74.33193900038921,40.81692000027737],[-74.3321350002078,40.816741999814624],[-74.33209500002482,40.81673299997716],[-74.3318819995895,40.81667900024683],[-74.330334000234,40.816300000159806],[-74.3298399995913,40.81617799970879],[-74.327108999855,40.815501999975986],[-74.32655700038428,40.813998999777915],[-74.32646199994971,40.81372899975783],[-74.32596999985512,40.81231400029283],[-74.32471700005243,40.81234500005519],[-74.32302300020878,40.812385999674895],[-74.32223200036344,40.81240499997091],[-74.32210099994386,40.81104600003322],[-74.32208000002747,40.8108270002502],[-74.3212239998848,40.810666000252965],[-74.3186739998985,40.8101840001134],[-74.31766499959497,40.809994000066744],[-74.31729100039946,40.80992300028899],[-74.31726899975983,40.81000300013846],[-74.31712900001774,40.81048299992957],[-74.31682600006906,40.811535000301994],[-74.31630600038538,40.81145099971132],[-74.31603100002576,40.811406000322464],[-74.31375100037616,40.81103700010293],[-74.31339900002367,40.81271700015371],[-74.31330799978707,40.813152999895216],[-74.31279200030134,40.813144999682486],[-74.31156500043792,40.81311300018173],[-74.31144200041429,40.81310700018869],[-74.31129599992609,40.813102999739684],[-74.31076299982361,40.81307600010239],[-74.31046200042306,40.81244100030224],[-74.31038700008,40.81224999979445],[-74.31067199958703,40.81194199997453],[-74.31018799988836,40.81167199974219],[-74.30971599988526,40.81141299992723],[-74.30915400036878,40.81123699992756],[-74.30673300025389,40.81082600010366],[-74.30563100006393,40.81063800015447],[-74.3040169996879,40.810364000120934],[-74.30371899976207,40.810263000173045],[-74.30366900043168,40.81024000000187],[-74.3032559999798,40.810029000187775],[-74.30310899966669,40.80995799976759],[-74.3027270000753,40.809774000048776],[-74.30232500039237,40.809585999838625],[-74.30133199998237,40.80911099986055],[-74.30117999964641,40.8090380001508],[-74.29928400013638,40.80812300027431],[-74.29702100020523,40.810252999981365],[-74.29678199983063,40.81049599986145],[-74.29525500039155,40.81041999985748],[-74.29456099973228,40.81039299980831],[-74.29429799996656,40.810353999944475],[-74.29337700042487,40.81021799997844],[-74.2922879997554,40.80997199996176],[-74.29101599968612,40.8095319997304],[-74.29033100014603,40.80924099971298],[-74.28996600027304,40.80906500007144],[-74.28924599967449,40.808650999854486],[-74.28874100005943,40.808310999869846],[-74.28839200007997,40.80807500010413],[-74.28800299991754,40.80776900032799],[-74.28762999964864,40.8074790002555],[-74.28700399965975,40.80701899981543],[-74.28691199959823,40.806939999973316],[-74.28674900028993,40.80701400015525],[-74.28637199982307,40.80715999986796],[-74.28630700042406,40.80718800007417],[-74.28606200020168,40.80727899998294],[-74.28603999956205,40.807286000023055],[-74.28575800042806,40.807407999826616],[-74.2853669997175,40.80751700025276],[-74.28520000021122,40.807576999774646],[-74.28454999993289,40.8078129999516],[-74.28379099987461,40.808083000248246],[-74.28372399992746,40.80805099966607],[-74.28370300001106,40.80804099982094],[-74.28365899963013,40.808022000315056],[-74.2835930004062,40.8079930002714],[-74.28251299995756,40.80752700017682],[-74.28099999986387,40.80702800029066],[-74.28058399993726,40.80673799969979],[-74.28034299991283,40.8071890002756],[-74.28025099985132,40.807363999934466],[-74.2800669997283,40.80771399990751],[-74.28002700044367,40.80779000029106],[-74.27979200026701,40.80823200020591],[-74.27956799996103,40.80865200003382],[-74.27910699982857,40.80951900028959],[-74.27895200001788,40.809817999702766],[-74.27783999978217,40.81190899976329],[-74.27762800007007,40.81230999979602],[-74.27738200002278,40.81277099970954],[-74.27722999968681,40.8130590002244],[-74.27665399992664,40.814134000055795],[-74.27642600032101,40.81456799982325],[-74.27645200026028,40.814583999904585],[-74.27659200000237,40.81464299974604],[-74.27661499956858,40.81465199986703],[-74.27671900022398,40.81468500007365],[-74.27674900036119,40.814690999924046],[-74.27680500043769,40.81470300030307],[-74.27690900019476,40.81471999975983],[-74.2771019996403,40.814749000262765],[-74.27726599967183,40.814766999794934],[-74.27746200038872,40.81481499988328],[-74.27756100012292,40.81484300025865],[-74.27788099979007,40.81509200013929],[-74.27790699972932,40.81511299982436],[-74.27809500005031,40.8152590000735],[-74.27821200022618,40.81534899971313],[-74.2783550003413,40.81560999994911],[-74.27836799986179,40.815633999692665],[-74.27840899986967,40.81570799969704],[-74.2784599999233,40.8157869999781],[-74.2785650004036,40.81593600031243],[-74.27862599960466,40.816007999843045],[-74.27868000003131,40.81606799984539],[-74.27873799975764,40.81612200007308],[-74.27883800021507,40.81620299999228],[-74.27904099970634,40.81636099996128],[-74.27919700024027,40.81650600012233],[-74.27920800011091,40.81651700011225],[-74.27936100027179,40.81666099987368],[-74.27944300028756,40.81675699999426],[-74.2795029996637,40.81685500008734],[-74.27957600035694,40.817017000076376],[-74.27963400008326,40.81717999972058],[-74.27972500031987,40.81750899998466],[-74.27978899989397,40.81771000005804],[-74.27982099968102,40.81780199985462],[-74.2798480003435,40.81786100023339],[-74.27990500024492,40.81794300010807],[-74.2799749996668,40.817998000207645],[-74.28007199975119,40.818053000261614],[-74.28014999956899,40.81808900024755],[-74.2801989999728,40.818108000269994],[-74.28025400022437,40.81812500021388],[-74.28030699992782,40.81813399986253],[-74.2803680000272,40.818138000008126],[-74.2806430003868,40.81814899972742],[-74.2808249999617,40.81814400022607],[-74.28101300028266,40.81812899968021],[-74.28126400035282,40.81808800021042],[-74.28163400024867,40.81799900024608],[-74.28182500004439,40.817942000068754],[-74.28199800029675,40.81789400020342],[-74.2821430000617,40.81785700007109],[-74.28229600022259,40.81781499971211],[-74.28233399985741,40.81779000003616],[-74.28247000029987,40.817803999937425],[-74.28249100021627,40.81780600002022],[-74.28260699966889,40.817813000309435],[-74.28284100002062,40.81781999991811],[-74.28341500013097,40.81781499971211],[-74.28371800007969,40.81781200026815],[-74.2847059995685,40.8178519998679],[-74.28503799982953,40.817856000030474],[-74.28501500026331,40.81793599983253],[-74.28492999987449,40.818230999925895],[-74.28532300023488,40.81828399971841],[-74.28494599976801,40.819180999826806],[-74.28602500039175,40.81956199979949],[-74.28736100003512,40.82003499972198],[-74.28712300038374,40.82025199969321],[-74.28808699958311,40.82091900001899],[-74.28931400034487,40.82176800006308],[-74.28863899995217,40.822344999876535],[-74.2885779998528,40.82240400029326],[-74.28887400012881,40.822498000318745],[-74.28906599974944,40.82259300018023],[-74.28934399958378,40.82279699970204],[-74.28947900020131,40.82290699996353],[-74.28960100040004,40.82299600014048],[-74.29137100041169,40.82383499992596],[-74.29145500007728,40.823884000200366],[-74.29105199967114,40.8242999997398],[-74.29033500034397,40.82497800009028],[-74.29038999969725,40.82503500033925],[-74.29193100027834,40.8263380000408],[-74.29225799961817,40.82661499976184],[-74.2926180003666,40.82680000026112],[-74.2940059998885,40.82751399983219],[-74.29452700029542,40.82777399989342],[-74.29490800006192,40.82809899972591],[-74.29523600012499,40.82837899989384],[-74.2955900001273,40.8286799997074],[-74.29609200026763,40.829109000113],[-74.29799100015072,40.830727999812304],[-74.29873199976734,40.83135899989513],[-74.29904399993687,40.831026000312114],[-74.29968499999435,40.83034200014816],[-74.2991589995646,40.83003800015164],[-74.29892599993609,40.82990400015332],[-74.29835900039674,40.82957699992355],[-74.29919299989979,40.828874000114176],[-74.30059399984047,40.82767399983367],[-74.30074700000137,40.82753999981624],[-74.30088099989565,40.82742299980787],[-74.30109400033099,40.8272369997879],[-74.30155700011326,40.82683299986237],[-74.30185400021419,40.8269949999531],[-74.30205800042867,40.82712600000982],[-74.30312000043567,40.82778599994483],[-74.30373100035594,40.82815400024062],[-74.30393700022027,40.82829399967657],[-74.30403299958142,40.828372999922095],[-74.3042140002297,40.828520000094045],[-74.30437400006328,40.82867000025265],[-74.30451100033062,40.82880999995862],[-74.30463500017918,40.8289440001286],[-74.30473800011134,40.82906600021018],[-74.3047909998148,40.82911900018123],[-74.30498699963337,40.8293430000913],[-74.3051289999236,40.82948900028687],[-74.30527899971142,40.82962500017053],[-74.3054240003747,40.8297419996923],[-74.30555599972085,40.82983399979288],[-74.305698999836,40.82991900007528],[-74.30582799970743,40.82998899966627],[-74.3064090003888,40.83029100018124],[-74.30687899984376,40.83053400007178],[-74.30783500044383,40.83102200026409],[-74.30788300012442,40.83104400018535],[-74.30802899971428,40.83111399994812],[-74.30939799986794,40.83179199996241],[-74.30959799988447,40.831844999793695],[-74.31065499986859,40.83218100017497],[-74.3117110000278,40.832827999782374],[-74.31194899967916,40.83297399978084],[-74.31213500035032,40.83308800007754],[-74.31253399966016,40.832712000085124],[-74.31261599967594,40.832634999886906],[-74.31288400036286,40.832382999786894],[-74.31469100018441,40.833491000151255],[-74.31547299980893,40.83397000011212],[-74.31553999975608,40.833730999785246],[-74.32115199991479,40.83573299987192],[-74.32144300016792,40.83583699976923],[-74.32285099978132,40.83633899973692],[-74.32294700004078,40.83637299978958],[-74.3259399997179,40.837441000081434],[-74.32683799969335,40.8377610000439],[-74.32884299988163,40.838476999980344],[-74.32903500040058,40.83852499990073],[-74.32903299985242,40.83814499986275],[-74.32901699995891,40.83760099991591],[-74.3290100002862,40.8373770000395],[-74.32902000033197,40.83718000011728],[-74.32903899970023,40.8370870002645],[-74.32907200021049,40.83700899995854],[-74.32933900017419,40.83656499991935],[-74.32941000031929,40.836451999924414],[-74.32958299967333,40.836179000254724],[-74.32974400023015,40.835877000052236],[-74.32981500037525,40.83572199967063],[-74.32987399992648,40.83559299983091],[-74.3299319996528,40.83539800027636],[-74.32995400029242,40.835268999806196],[-74.32995900031528,40.83513599996485],[-74.3299319996528,40.834889000134154],[-74.32989900004084,40.83456400027841],[-74.32984999963703,40.83415799986623],[-74.32981299982711,40.83401300023304],[-74.32971499991781,40.83375900033164],[-74.32961399963548,40.833548999683615],[-74.32950599968045,40.83340000017331],[-74.32933599980113,40.8332029999874],[-74.32908100043133,40.8328499997841],[-74.32890399998101,40.83260599972727],[-74.32881899959219,40.83244100028855],[-74.3287840003304,40.83232099994455],[-74.3287709999116,40.83224600029894],[-74.3287709999116,40.8320870002803],[-74.32879799967579,40.83191699972745],[-74.32885100027755,40.83175299976458],[-74.32897099992816,40.83146500020755],[-74.32903899970023,40.83132000012227],[-74.32913199958662,40.83115200000199],[-74.32922600019629,40.831027000154165],[-74.32932199955744,40.830885000003036],[-74.32943200006059,40.83072200005304],[-74.32951800027432,40.830615000063986],[-74.3295800001986,40.830534999921255],[-74.32969400000141,40.83041600005713],[-74.32974699970487,40.830361999911254],[-74.32990099969065,40.83022399979182],[-74.32994800044463,40.8301940000825],[-74.32999799977505,40.83016199996974],[-74.33001500039178,40.830152000058796],[-74.33020399963935,40.830051000329846],[-74.33047300015119,40.829956000276155],[-74.33090699962113,40.829871999900604],[-74.33143300005092,40.829787000237665],[-74.33229599986628,40.829534000324216],[-74.33269199970141,40.82951500017623],[-74.33289900028895,40.82945599996815],[-74.33317200010043,40.829197000253984],[-74.33328000005545,40.82911900018123],[-74.3334599999805,40.82896899967889],[-74.33359100040008,40.82887800029173],[-74.33393899965631,40.82863999984025],[-74.33449500022331,40.82824900015714],[-74.33467500014837,40.828120999937305],[-74.33476300001192,40.82804499973235],[-74.33490399957891,40.827810000041154],[-74.33493299989124,40.82762600021365],[-74.33493700008921,40.827579999667165]]]}},{"type":"Feature","properties":{"geoid":"3403964620","townId":"roselle-borough","name":"Roselle borough","county":"Union","status":""},"geometry":{"type":"Polygon","coordinates":[[[-74.28324699990148,40.656408000263646],[-74.28521600010477,40.655023000263725],[-74.2827630002028,40.6542790003314],[-74.28271499962392,40.65410500015049],[-74.28255800016342,40.653535000280804],[-74.28233200020759,40.65271699996801],[-74.28209600020604,40.65186599990704],[-74.28186199985431,40.651033999984726],[-74.28180999997576,40.65082699974492],[-74.28169500034805,40.65040199984095],[-74.28167600008148,40.65033700033862],[-74.28164699976917,40.65021499984355],[-74.28164099992138,40.650189999815126],[-74.28136999975972,40.65010300024289],[-74.28104400024479,40.6498810001625],[-74.28093100026689,40.64979800024367],[-74.28040900003508,40.64939000009399],[-74.28033899971487,40.64933699985808],[-74.27983300027489,40.648953000260676],[-74.27905499995003,40.64836799998128],[-74.27871900038937,40.648115000246726],[-74.27814299973087,40.647678000243],[-74.27788900018598,40.64748400028028],[-74.27740200011426,40.64711100033079],[-74.27619699999215,40.64620100028065],[-74.27474099979986,40.64510200025736],[-74.27394599975656,40.64450200009474],[-74.27352800018015,40.644185999831],[-74.27301699981898,40.643800000037054],[-74.27250100033326,40.643410000298495],[-74.27236599971572,40.643308000274025],[-74.27173899990193,40.64283499998778],[-74.27170700011487,40.6428109998695],[-74.27158099971817,40.64271599994141],[-74.2711029998673,40.642352000206714],[-74.27104099994301,40.642305000251696],[-74.27097599964569,40.64225599966875],[-74.27047600005348,40.64187500011299],[-74.26994299995101,40.64146999982696],[-74.2697939999881,40.641356999894434],[-74.26917800004495,40.64088800000576],[-74.26874200002686,40.640556999943826],[-74.26838700019962,40.64028700014821],[-74.26774899961684,40.63980600032115],[-74.26766900014923,40.639745000018934],[-74.26710300043479,40.63931799975078],[-74.26704399998525,40.639272999707124],[-74.26638100018643,40.63877299990754],[-74.26576600006818,40.6383109996978],[-74.26573400028113,40.63828499996576],[-74.26569599974799,40.638258000207074],[-74.26520500037664,40.637886999866886],[-74.26439000024185,40.63727299985296],[-74.26434199966296,40.63724400030327],[-74.2633449999533,40.6383890001966],[-74.26313700043914,40.63862799983775],[-74.2626059999865,40.63923700033199],[-74.26194599966243,40.63999400016449],[-74.2610300001436,40.64101599968028],[-74.26051700013264,40.64158800008319],[-74.26009700000806,40.642054999905746],[-74.25981699962557,40.64236600025945],[-74.2596009997155,40.64260599992756],[-74.25932399970607,40.642913999918584],[-74.2592130002763,40.64300499978338],[-74.25895600035837,40.64321700014074],[-74.2586850001967,40.643355000204416],[-74.25788000010768,40.64376399969525],[-74.25781999983322,40.64378199986857],[-74.25758100035692,40.64385199996639],[-74.25695100017009,40.644036000282235],[-74.25666800031286,40.64411899986973],[-74.2560230000574,40.64426199974635],[-74.25553299961263,40.6443699999077],[-74.25512000005907,40.64446199975584],[-74.2543259998407,40.644637999704635],[-74.25422399973344,40.6446570002445],[-74.2534670002233,40.64479500005735],[-74.25344700013181,40.64479799981303],[-74.2523340000712,40.64500100000772],[-74.25219000013116,40.64502699985041],[-74.25170100040961,40.64511700032863],[-74.251650000356,40.645144000039465],[-74.25156800034021,40.64517400015977],[-74.25145600018723,40.645223999875874],[-74.25132999979054,40.645278999793014],[-74.25098199963598,40.64545399972351],[-74.2507430001597,40.645572999659485],[-74.2506860002583,40.64560699989437],[-74.25065699994597,40.64562399966448],[-74.25044299968573,40.64575799990618],[-74.2503359995556,40.64582999978251],[-74.25027299980641,40.64587999968882],[-74.25015499980566,40.64597100028093],[-74.24997200040585,40.64613000002155],[-74.24994499974336,40.64615700000418],[-74.24984600000916,40.6462560000742],[-74.24983599996342,40.646265999722004],[-74.2496800003278,40.646423000334636],[-74.24963199974891,40.646473999690095],[-74.24949399965666,40.64660200023953],[-74.24931100025685,40.64677700010892],[-74.2487720003066,40.64729300007868],[-74.24865599995566,40.64733399996462],[-74.24715700010567,40.647856000317006],[-74.24593899956476,40.64826100002202],[-74.24495400044898,40.648585000333696],[-74.2434980002567,40.649063000037465],[-74.24314400025436,40.649180999819556],[-74.24264399976386,40.6493499999584],[-74.24253099978594,40.64938799971293],[-74.24155099979474,40.64972000012724],[-74.24134099973246,40.649790999974776],[-74.24039900027438,40.65024099969957],[-74.24015599970181,40.65035699977282],[-74.24000799956382,40.650428000305666],[-74.23965299973658,40.650625999895176],[-74.23927600016802,40.650837000070865],[-74.23822800040473,40.65142400015381],[-74.23806600002304,40.65151400018365],[-74.23733600027708,40.65200500029902],[-74.23685099985519,40.65233099976373],[-74.23608099992624,40.652811000174],[-74.23535200000518,40.65326300024323],[-74.23400499959284,40.654061000314826],[-74.23337199993126,40.65443599981147],[-74.23446700044853,40.65571900027393],[-74.23541899995233,40.656830000179724],[-74.23596799994834,40.657470999693324],[-74.23624999998064,40.657798999839244],[-74.23633600019436,40.65785700014602],[-74.23662700044751,40.65805200033773],[-74.23863599993544,40.65939699990455],[-74.23924000018302,40.65980300012656],[-74.23925899955127,40.659814999857176],[-74.24049100033588,40.66063800013915],[-74.24208600044534,40.66170800001109],[-74.24325899988209,40.66249500032916],[-74.24341700006583,40.66260100029793],[-74.24369300025037,40.662785999672806],[-74.24383200016754,40.66287899967305],[-74.24460399974629,40.66339600014586],[-74.24468999996,40.66345399967477],[-74.2448489999687,40.6634309997971],[-74.24532000014688,40.66336400007876],[-74.24672199991248,40.66316400016312],[-74.24735100027442,40.66308999994011],[-74.2479129997909,40.66301300001691],[-74.24927199989881,40.66282900023858],[-74.25040199967785,40.66267600003268],[-74.25208499965086,40.662446999915],[-74.25307499968781,40.662312000140815],[-74.25396299961754,40.66219100007572],[-74.25482899980594,40.66207399979271],[-74.25536500028144,40.662001999726236],[-74.25554100000856,40.66197900002937],[-74.25825300037657,40.66165599968557],[-74.25928299969819,40.66148300001431],[-74.26067600014129,40.66129799975129],[-74.26119199962702,40.661230000262286],[-74.26372599971981,40.660872999763654],[-74.26622300000267,40.66052200022233],[-74.26679299991508,40.660447999794],[-74.27336800034658,40.65959199968342],[-74.27364500035601,40.65955599968329],[-74.2771650002878,40.65909099975244],[-74.27796500035397,40.65898500033893],[-74.28058399993726,40.65862599998754],[-74.28086799961939,40.65858300011966],[-74.28293700028009,40.65827300009311],[-74.28342299962857,40.65820000029499],[-74.28316200041098,40.657434000182306],[-74.28310899980923,40.65727200023991],[-74.2833950000395,40.657034000309295],[-74.28333899996298,40.65679699994983],[-74.28324699990148,40.656408000263646]]]}},{"type":"Feature","properties":{"geoid":"3403964650","townId":"roselle-park-borough","name":"Roselle Park borough","county":"Union","status":""},"geometry":{"type":"Polygon","coordinates":[[[-74.28535800039498,40.66526499998209],[-74.2852610003106,40.66485600008122],[-74.28523500037133,40.66474399984583],[-74.28514099976168,40.664346999753775],[-74.28507499963945,40.66406699974219],[-74.28501299971516,40.66380700009035],[-74.2848539997065,40.66313199998465],[-74.28480500020102,40.66291699989961],[-74.28471499978934,40.66254500001399],[-74.28453200038955,40.66175099990893],[-74.28447700013797,40.66153800015931],[-74.28386200001972,40.658930000133275],[-74.28368000044485,40.65816200010707],[-74.28350600036758,40.65818800027381],[-74.2834369998723,40.65819800017805],[-74.28342299962857,40.65820000029499],[-74.28293700028009,40.65827300009311],[-74.28086799961939,40.65858300011966],[-74.28058399993726,40.65862599998754],[-74.27796500035397,40.65898500033893],[-74.2771650002878,40.65909099975244],[-74.27364500035601,40.65955599968329],[-74.27336800034658,40.65959199968342],[-74.26679299991508,40.660447999794],[-74.26622300000267,40.66052200022233],[-74.26372599971981,40.660872999763654],[-74.26119199962702,40.661230000262286],[-74.26067600014129,40.66129799975129],[-74.25928299969819,40.66148300001431],[-74.25825300037657,40.66165599968557],[-74.25554100000856,40.66197900002937],[-74.25536500028144,40.662001999726236],[-74.25482899980594,40.66207399979271],[-74.25396299961754,40.66219100007572],[-74.25307499968781,40.662312000140815],[-74.25208499965086,40.662446999915],[-74.25040199967785,40.66267600003268],[-74.24927199989881,40.66282900023858],[-74.2479129997909,40.66301300001691],[-74.24735100027442,40.66308999994011],[-74.24672199991248,40.66316400016312],[-74.24687699972318,40.6639059998676],[-74.24688199974607,40.66398700000969],[-74.24689900036282,40.664060999918874],[-74.24691699990616,40.6641399999339],[-74.24710799970187,40.66499699989715],[-74.24712199994556,40.66506099981193],[-74.24713399964114,40.66511300020848],[-74.24714799988483,40.66514599973151],[-74.2472020003115,40.66526699988714],[-74.24746300042742,40.66568699974311],[-74.24785300041476,40.66631600008217],[-74.24808500021835,40.66668699978648],[-74.24814999961735,40.666794000177276],[-74.24829799975538,40.66695199977175],[-74.2485470001757,40.667158999721984],[-74.24870299981133,40.66728400000293],[-74.24909299979866,40.66754800008249],[-74.24913899982941,40.66757899992776],[-74.24942800043272,40.66774499971134],[-74.25034399995154,40.66820899970577],[-74.2508489995666,40.668456999694634],[-74.25104000026063,40.6685530000142],[-74.25114099964465,40.66860299992714],[-74.25134999988202,40.66870800016745],[-74.25214300027548,40.66910399995608],[-74.25292800027304,40.66949500033246],[-74.2529740003038,40.669518000162974],[-74.25398500025715,40.67003500027342],[-74.25422299990854,40.67016499966921],[-74.25548300028223,40.67080999997251],[-74.25590400023172,40.671023000090365],[-74.25621700022616,40.67118099988543],[-74.25737899979227,40.67176999986699],[-74.257465000006,40.671813000091014],[-74.25802499987263,40.67209600017645],[-74.25827500011789,40.67222299975694],[-74.25848699982998,40.67232000029292],[-74.25861499987651,40.67237899974211],[-74.25876800003739,40.67244899981776],[-74.25901999993246,40.67256500011218],[-74.25917700029132,40.672544000338156],[-74.25991999955774,40.67244099969601],[-74.26041500002539,40.67237100029334],[-74.26145199991801,40.672223999945835],[-74.2635140000077,40.671937000312404],[-74.26365700012282,40.671925000037334],[-74.26476000013771,40.67176999986699],[-74.26626499983546,40.67155899980767],[-74.26628400010205,40.67155599989242],[-74.2676830003929,40.67136899991273],[-74.26780600041657,40.671353000090484],[-74.26841800016174,40.67127099983415],[-74.26930500026656,40.671152000080454],[-74.27033799996123,40.67101000012506],[-74.27127699994455,40.67088099986031],[-74.27131100027975,40.670876000177756],[-74.2713570003105,40.670870000285696],[-74.27181699971973,40.670805999813446],[-74.27285500033558,40.670663000271695],[-74.27389600042616,40.67051999974191],[-74.27479500022655,40.67039600029211],[-74.27488999976278,40.67038300020456],[-74.27611800034943,40.67021400019854],[-74.27603499961045,40.66984699989181],[-74.27602499956468,40.66980399976263],[-74.27597400040939,40.6698109999757],[-74.27579699995907,40.669834999921925],[-74.2757860000884,40.669793000010365],[-74.27576799964675,40.669710999879676],[-74.275721999616,40.66951299969687],[-74.27530999988734,40.667749000054016],[-74.27544600032978,40.66771000027979],[-74.27573300038497,40.667627000055425],[-74.27630800032023,40.667460999978125],[-74.2766010002232,40.667376000283504],[-74.27710500001336,40.6672300000902],[-74.27751000006931,40.66711299978856],[-74.27837600025771,40.66686299971412],[-74.27860300003843,40.66679799989561],[-74.27928099990586,40.666601999786685],[-74.28013299985054,40.66635499999021],[-74.28101099973452,40.66609200023859],[-74.28187299972497,40.665832999907444],[-74.28274899995913,40.66557099974873],[-74.28359000003316,40.66531799983065],[-74.28403500027208,40.66518700023117],[-74.28420400032648,40.66540800019699],[-74.28435800031228,40.665684000245086],[-74.28438599990136,40.66572799991019],[-74.28459000011587,40.66604399968751],[-74.28481199987371,40.66587000021098],[-74.2849790002783,40.66598699996776],[-74.28512800024122,40.66587000021098],[-74.28503199998174,40.66572499973266],[-74.28495699963867,40.66561300027519],[-74.2851130001726,40.66547699980504],[-74.28514999998251,40.66544500005494],[-74.28535800039498,40.66526499998209]]]}},{"type":"Feature","properties":{"geoid":"3403966060","townId":"scotch-plains-township","name":"Scotch Plains township","county":"Union","status":""},"geometry":{"type":"Polygon","coordinates":[[[-74.406503,40.647321],[-74.406739,40.649316],[-74.404685,40.653255],[-74.403704,40.653578],[-74.40352,40.654656],[-74.403596,40.655158],[-74.402744,40.656431],[-74.402752,40.661425],[-74.401751,40.66428],[-74.403486,40.666657],[-74.401432,40.669052],[-74.401375,40.670991],[-74.397734,40.674307],[-74.393994,40.675023],[-74.392558,40.676275],[-74.387102,40.678685],[-74.382769,40.672897],[-74.378911,40.667699],[-74.369747,40.655211],[-74.367929,40.651921],[-74.365662,40.647749],[-74.365276,40.647034],[-74.360986,40.639311],[-74.35451,40.635862],[-74.351308,40.634772],[-74.351721,40.633405],[-74.344202,40.628127],[-74.343601,40.627775],[-74.337446,40.624242],[-74.334329,40.627206],[-74.329199,40.62514],[-74.325063,40.625156],[-74.325619,40.624276],[-74.328855,40.620125],[-74.331018,40.619322],[-74.329602,40.619024],[-74.329747,40.618589],[-74.333898,40.617902],[-74.336055,40.616511],[-74.337882,40.617443],[-74.34028,40.617118],[-74.339139,40.614668],[-74.340237,40.613679],[-74.34481,40.611968],[-74.352276,40.611729],[-74.353533,40.610492],[-74.356226,40.606027],[-74.358717,40.604061],[-74.372773,40.602862],[-74.39472,40.600989],[-74.395478,40.606182],[-74.397151,40.608054],[-74.39198,40.618182],[-74.38926,40.623511],[-74.382725,40.629467],[-74.384457,40.630453],[-74.382692,40.632171],[-74.378274,40.634067],[-74.375777,40.636295],[-74.375818,40.636318],[-74.373998,40.642277],[-74.371863,40.644899],[-74.372264,40.645294],[-74.372446,40.646056],[-74.372634,40.6468],[-74.374682,40.646553],[-74.375764,40.647141],[-74.381569,40.650305],[-74.386745,40.653316],[-74.393629,40.646953],[-74.397491,40.643786],[-74.3993,40.642284],[-74.401782,40.640412],[-74.403102,40.641181],[-74.405959,40.642843],[-74.40853,40.644346],[-74.406503,40.647321]]]}},{"type":"Feature","properties":{"geoid":"3403568460","townId":"somerville-borough","name":"Somerville borough","county":"Somerset","status":""},"geometry":{"type":"Polygon","coordinates":[[[-74.625872,40.565463],[-74.623288,40.565466],[-74.625459,40.56964],[-74.625383,40.573897],[-74.625,40.580448],[-74.622461,40.579731],[-74.621111,40.580536],[-74.620352,40.580086],[-74.619172,40.58147],[-74.618512,40.581697],[-74.608504,40.580551],[-74.608723,40.579647],[-74.608929,40.578793],[-74.606328,40.57844],[-74.605,40.578301],[-74.604314,40.580238],[-74.598696,40.57975],[-74.599352,40.577941],[-74.596778,40.57672],[-74.597317,40.575293],[-74.593709,40.574857],[-74.594928,40.571106],[-74.592722,40.570979],[-74.586259,40.570531],[-74.588505,40.564382],[-74.589571,40.561183],[-74.589873,40.561225],[-74.60602,40.563904],[-74.607665,40.562451],[-74.608246,40.560205],[-74.610145,40.558743],[-74.608096,40.558356],[-74.612582,40.557898],[-74.615796,40.556103],[-74.620334,40.557388],[-74.621069,40.560003],[-74.623849,40.562398],[-74.626119,40.563143],[-74.625872,40.565463]]]}},{"type":"Feature","properties":{"geoid":"3403568730","townId":"south-bound-brook-borough","name":"South Bound Brook borough","county":"Somerset","status":""},"geometry":{"type":"Polygon","coordinates":[[[-74.54279,40.555196],[-74.53715,40.558109],[-74.53556,40.558722],[-74.531665,40.559449],[-74.527825,40.559617],[-74.526685,40.559474],[-74.523498,40.558557],[-74.519843,40.555584],[-74.517594,40.552523],[-74.515872,40.544984],[-74.51957,40.5463],[-74.542398,40.554404],[-74.543444,40.554779],[-74.54279,40.555196]]]}},{"type":"Feature","properties":{"geoid":"3401369274","townId":"south-orange-village-township","name":"South Orange Village township","county":"Essex","status":""},"geometry":{"type":"Polygon","coordinates":[[[-74.283114,40.747873],[-74.281826,40.749309],[-74.281892,40.75052],[-74.279884,40.755089],[-74.276819,40.76041],[-74.275038,40.760785],[-74.267829,40.762303],[-74.261665,40.760332],[-74.256092,40.758405],[-74.255324,40.758119],[-74.249973,40.756149],[-74.244126,40.753974],[-74.24016,40.751922],[-74.239769,40.752389],[-74.238152,40.752243],[-74.234671,40.750556],[-74.235287,40.750144],[-74.235741,40.748866],[-74.236861,40.745547],[-74.2379,40.744988],[-74.238456,40.744722],[-74.240426,40.740845],[-74.243914,40.741738],[-74.244869,40.740681],[-74.248368,40.739651],[-74.249752,40.738672],[-74.251361,40.737534],[-74.251989,40.738434],[-74.257053,40.736807],[-74.262116,40.735716],[-74.267003,40.73862],[-74.269492,40.740375],[-74.269931,40.740494],[-74.273085,40.742202],[-74.278617,40.746334],[-74.281339,40.746043],[-74.282225,40.746834],[-74.283114,40.747873]]]}},{"type":"Feature","properties":{"geoid":"3402369390","townId":"south-plainfield-borough","name":"South Plainfield borough","county":"Middlesex","status":""},"geometry":{"type":"Polygon","coordinates":[[[-74.440927,40.594078],[-74.437482,40.597092],[-74.437067,40.597468],[-74.424699,40.598513],[-74.420946,40.598814],[-74.41612,40.599213],[-74.407339,40.599935],[-74.402303,40.600362],[-74.39472,40.600989],[-74.394512,40.600148],[-74.393897,40.596175],[-74.393373,40.592766],[-74.392027,40.58982],[-74.386282,40.577223],[-74.387625,40.575226],[-74.38869,40.573632],[-74.395513,40.563436],[-74.39715,40.560849],[-74.403258,40.551766],[-74.404585,40.549791],[-74.405101,40.549027],[-74.4086,40.543824],[-74.427379,40.546475],[-74.42938,40.548302],[-74.431645,40.550448],[-74.434415,40.555506],[-74.43578,40.556567],[-74.437718,40.558133],[-74.439659,40.559425],[-74.435804,40.561619],[-74.436345,40.566984],[-74.436688,40.569036],[-74.436792,40.569516],[-74.438133,40.571848],[-74.440085,40.580958],[-74.439203,40.58146],[-74.439982,40.587465],[-74.440374,40.590275],[-74.440927,40.594078]]]}},{"type":"Feature","properties":{"geoid":"3402369420","townId":"south-river-borough","name":"South River borough","county":"Middlesex","status":""},"geometry":{"type":"Polygon","coordinates":[[[-74.40345299980899,40.4627590000365],[-74.4033330001584,40.46263900016646],[-74.40285199993446,40.462173000096534],[-74.40261799958272,40.46198400005902],[-74.40241799956618,40.46186400017142],[-74.40218800031073,40.46176100010833],[-74.40179900014829,40.461611999983155],[-74.40150799989517,40.461517000304205],[-74.40088000025645,40.4613020002828],[-74.40035800002464,40.461123999773086],[-74.3990940003513,40.46070100019059],[-74.39889799963439,40.46063700005735],[-74.39864699956424,40.46054899994541],[-74.39841599958555,40.46046700004805],[-74.39819899985056,40.46037799977112],[-74.39802999979617,40.460298000235596],[-74.39779499961952,40.460198000340476],[-74.39733500021029,40.4600090002142],[-74.39685800018431,40.45982899979487],[-74.39641499959522,40.459645999717125],[-74.3960460004226,40.45948999999678],[-74.39588999988868,40.45941000008726],[-74.39584700023096,40.45937500022505],[-74.39578500030669,40.459327000208646],[-74.39561600025228,40.459170999747556],[-74.39558000026727,40.45912700011279],[-74.39547800016001,40.45903300029955],[-74.3950549996624,40.45846600011253],[-74.39462700004023,40.45788600019351],[-74.39418299962621,40.45728400031103],[-74.3940899997398,40.45715800028881],[-74.39400900044726,40.456989999663776],[-74.39391800021066,40.456791000125335],[-74.39375500000403,40.456281999688784],[-74.39373999993545,40.45623700020866],[-74.39360199984317,40.45570600010222],[-74.3935680004063,40.45556100027445],[-74.39352300020045,40.45537100007358],[-74.39348600039054,40.45521499999624],[-74.39344299983452,40.45494899983532],[-74.39341699989525,40.45471400013783],[-74.39339099995597,40.4544780002719],[-74.39337500006245,40.454196000063384],[-74.39337900026041,40.45408300018823],[-74.39338400028328,40.454064000184495],[-74.39339099995597,40.45403599984544],[-74.39341000022254,40.453971000160756],[-74.39344000035979,40.45387099973433],[-74.39350099956081,40.45373499973585],[-74.3935619996602,40.45363200019717],[-74.39374999998118,40.453378999843814],[-74.3939130001878,40.45315800013898],[-74.39401000027217,40.45302600027171],[-74.39420600009073,40.45275399999677],[-74.39425200012153,40.45265100032153],[-74.39429800015228,40.45253799989886],[-74.39436299955128,40.452308999663416],[-74.39440299973425,40.45202699992207],[-74.39440500028239,40.45201100022125],[-74.39442500037386,40.45187199966936],[-74.39447999972714,40.45119400009488],[-74.39452599975789,40.450820000259505],[-74.39457000013881,40.45046199978332],[-74.39461399962144,40.45023299999277],[-74.39466100037544,40.450091999673866],[-74.39469999983517,40.449982000024484],[-74.39473199962222,40.44989499972679],[-74.39487999976022,40.44960600007458],[-74.39498900043849,40.449437000286366],[-74.39509999986824,40.449282000212094],[-74.39517799968604,40.44914499970334],[-74.39524600035644,40.44898300022327],[-74.39527200029569,40.44880700011773],[-74.39526899992265,40.4485929998734],[-74.39526200024994,40.44852299979891],[-74.39523799996051,40.4482359999617],[-74.3952019999755,40.447875999819395],[-74.39516500016558,40.447628999779845],[-74.3951180003099,40.44745999980546],[-74.39508800017269,40.447347000224674],[-74.39503999959379,40.44720499986496],[-74.39499199991322,40.4470579998698],[-74.39489800020189,40.446813999991264],[-74.39458799968216,40.446155000170585],[-74.39458000018458,40.4461389997554],[-74.39447100040461,40.44590799995903],[-74.3942029997177,40.445522999673564],[-74.3937730004457,40.44501199967982],[-74.39306700009087,40.44417100030802],[-74.3926329997226,40.44365300031964],[-74.39220000007757,40.443137000155545],[-74.3916970001123,40.44252999972948],[-74.39099300030563,40.44167299995839],[-74.39046900042398,40.441034000147624],[-74.39029199997366,40.44081900021728],[-74.38918099956285,40.43961899998135],[-74.38864599981058,40.43904400004025],[-74.38834799988474,40.43872400023195],[-74.38814600021837,40.43850699989913],[-74.38761700031387,40.43793800030981],[-74.38753299974996,40.43784699972097],[-74.38711400034863,40.437396999769504],[-74.38660600036052,40.43685199985983],[-74.38608999997648,40.436297000047325],[-74.38554099998046,40.43570600024774],[-74.3852399996816,40.43538300001879],[-74.3846970004317,40.43479699995432],[-74.38308999972837,40.433071999777916],[-74.38278500012983,40.4327429998177],[-74.3823609998073,40.43228800014453],[-74.3817060004044,40.43158399988529],[-74.38117099975379,40.43100900028958],[-74.38062699978069,40.430424000102946],[-74.38041199969551,40.430194000032714],[-74.37937999982576,40.42908499983525],[-74.37925099995432,40.428945999738566],[-74.37892700008923,40.42902999993955],[-74.3786070004221,40.42924700008718],[-74.3782709999631,40.429909999710965],[-74.37817899990159,40.4300930000774],[-74.378023000266,40.43040199976755],[-74.37773299983776,40.430766999677],[-74.3776640002408,40.430820000122985],[-74.37717799999398,40.431195999855625],[-74.37593100003907,40.43142599991784],[-74.37587999998544,40.43143400016742],[-74.3759129995974,40.43181300030443],[-74.37595199995548,40.43225699990752],[-74.37545700038615,40.43231199989916],[-74.37517100015587,40.43234199975133],[-74.37407300016388,40.432454999940404],[-74.37051300004912,40.43284900028826],[-74.36931100030004,40.43298300014081],[-74.36825099994289,40.433093999923585],[-74.36527499998422,40.43339199982022],[-74.36532600003783,40.43322100028197],[-74.36535100015219,40.433138999857285],[-74.36539600035803,40.43304099990233],[-74.36548099984853,40.43277700020618],[-74.36552299968132,40.432640999916735],[-74.36561899994079,40.4323289998626],[-74.36573199991871,40.43199600027882],[-74.36574500033751,40.43189699965951],[-74.36576200005594,40.431749000009],[-74.36577200010169,40.43170999999145],[-74.3656470004282,40.430745000137605],[-74.36561399991793,40.43049100008545],[-74.36559200017663,40.43032699999979],[-74.36557399973495,40.43005599988649],[-74.36557100026023,40.429915000321685],[-74.3656120002681,40.42978900027131],[-74.36564599970498,40.42969600016414],[-74.36571199982721,40.42958399984228],[-74.3657670000788,40.42949399997351],[-74.36585999996522,40.42927900006549],[-74.36596899974516,40.42901099969162],[-74.36061000020474,40.429423999840424],[-74.36058900028836,40.42931399987472],[-74.35789299981386,40.42963499973723],[-74.3570369996712,40.429729000327185],[-74.35638499974303,40.42981399994735],[-74.35650699994179,40.42967999993421],[-74.35660800022411,40.429568999986486],[-74.3563329998645,40.42959300002764],[-74.35463900002084,40.43097600007079],[-74.35427499997277,40.4312730000889],[-74.35364800015897,40.43178500026813],[-74.35358500040977,40.43183599986152],[-74.35409300039788,40.43230599979033],[-74.35739300022166,40.434006000312344],[-74.35786299967663,40.43457299970526],[-74.35739099967351,40.43548099997917],[-74.35709299974769,40.43650599966318],[-74.35666000010265,40.43739100011442],[-74.35659999982818,40.43826599987751],[-74.35720800027374,40.43863699971948],[-74.35965399960466,40.4391199999162],[-74.36043000027969,40.43990399988307],[-74.36034200041615,40.44031899993039],[-74.3602689997229,40.44062100020111],[-74.35984000027581,40.44155300003029],[-74.3594929999462,40.442305999948125],[-74.35999300043669,40.443405999801236],[-74.36010399986647,40.44345899985611],[-74.36170800019676,40.44422200007781],[-74.36209300016121,40.44440599995784],[-74.36226499969034,40.44465200004343],[-74.3632100004198,40.44600199967602],[-74.36349300027702,40.446406000075704],[-74.36404399992281,40.446581000168564],[-74.36569299956064,40.44710599976409],[-74.36711000029318,40.44732399982089],[-74.36738200027975,40.44736600007671],[-74.36779900003127,40.4474299998627],[-74.36829299977568,40.44750599982845],[-74.36845799963213,40.44762299967077],[-74.36973999974714,40.4485330003023],[-74.3708009999292,40.450492999829336],[-74.37131399994018,40.45135599971384],[-74.37141600004745,40.45193900015324],[-74.37135800032111,40.452800999869176],[-74.37089299999072,40.454005000066765],[-74.37098400022731,40.45419500002906],[-74.37109499965707,40.4547370000631],[-74.37112499979429,40.45519400027366],[-74.37126100023676,40.45554300001943],[-74.37155599978952,40.45620400006947],[-74.3720189995718,40.45627499966532],[-74.37308999979962,40.45644600003029],[-74.37413400026325,40.4561319997095],[-74.37568900018974,40.45561999970944],[-74.37583499977961,40.45527899982639],[-74.37587900016055,40.45451299995102],[-74.37560299997601,40.453960999783035],[-74.3748899999485,40.45270099975222],[-74.37499799990351,40.45161100031024],[-74.37639499964627,40.451302000339936],[-74.3764979995784,40.45135799986703],[-74.3780869998401,40.45221599994494],[-74.3783760004434,40.45248300004786],[-74.37849299972096,40.45330499977924],[-74.37749299963825,40.454604999879884],[-74.37734399967533,40.45579899977522],[-74.37728799959885,40.45631899980083],[-74.37584499982535,40.460834999887695],[-74.37565200037982,40.46109700025741],[-74.37583700032775,40.461047000239674],[-74.3773410002006,40.461352000110786],[-74.37853899975171,40.46111499970792],[-74.37933700016805,40.46021600003186],[-74.37982599988959,40.4590020000923],[-74.38010200007412,40.458317000197624],[-74.38121400030982,40.45782000015178],[-74.38277000006121,40.458081000000256],[-74.38523399983382,40.45903700014883],[-74.38608900015156,40.45952099997879],[-74.38615799974853,40.46034500029889],[-74.38541200010904,40.461357999677524],[-74.38523399983382,40.46160100013509],[-74.38478100009729,40.462760999850246],[-74.38475099996005,40.46280399993252],[-74.38454099989777,40.463039000038734],[-74.38435699977475,40.46318200032922],[-74.38445600040728,40.46330600019129],[-74.38462000043879,40.463550000331814],[-74.38485600044035,40.463707999978006],[-74.385156000016,40.4637880002368],[-74.38532300042058,40.46383300012687],[-74.38555500022417,40.463968000299786],[-74.38578600020286,40.46415999988093],[-74.38598700004431,40.464446000168635],[-74.38627199955134,40.46466499989306],[-74.38798300001174,40.46448000024131],[-74.38939200034838,40.46432099979359],[-74.39901300016044,40.463252000169255],[-74.40210399974683,40.46290400004915],[-74.40345299980899,40.4627590000365]]]}},{"type":"Feature","properties":{"geoid":"3403970020","townId":"springfield-township","name":"Springfield township","county":"Union","status":""},"geometry":{"type":"Polygon","coordinates":[[[-74.359552,40.69949],[-74.352614,40.701399],[-74.350513,40.701957],[-74.350664,40.702755],[-74.34215,40.708391],[-74.338237,40.711999],[-74.334656,40.715715],[-74.333251,40.716506],[-74.330493,40.715833],[-74.33236,40.72032],[-74.325596,40.717075],[-74.322519,40.718542],[-74.321408,40.719072],[-74.316567,40.719269],[-74.315251,40.718648],[-74.309457,40.714822],[-74.30403,40.713283],[-74.301695,40.713643],[-74.29988,40.714061],[-74.297212,40.715189],[-74.297248,40.71398],[-74.296119,40.712298],[-74.296916,40.710673],[-74.302023,40.707752],[-74.301053,40.704618],[-74.307758,40.703305],[-74.309973,40.701648],[-74.311049,40.700864],[-74.306951,40.69874],[-74.307864,40.695956],[-74.306472,40.693983],[-74.308928,40.690757],[-74.311758,40.69007],[-74.311819,40.687823],[-74.310658,40.683829],[-74.307541,40.682718],[-74.308368,40.680928],[-74.30729,40.680304],[-74.306798,40.680606],[-74.307624,40.680049],[-74.310194,40.679742],[-74.310403,40.678476],[-74.322478,40.676849],[-74.331311,40.682337],[-74.336513,40.685499],[-74.341456,40.688498],[-74.353085,40.695563],[-74.359552,40.69949]]]}},{"type":"Feature","properties":{"geoid":"3403971430","townId":"summit-city","name":"Summit city","county":"Union","status":""},"geometry":{"type":"Polygon","coordinates":[[[-74.391408,40.71811],[-74.390747,40.718446],[-74.391207,40.721316],[-74.390776,40.725388],[-74.38997,40.726073],[-74.388169,40.726237],[-74.384266,40.724492],[-74.379186,40.728961],[-74.377469,40.730044],[-74.379982,40.732783],[-74.379995,40.733734],[-74.377747,40.734348],[-74.375,40.733534],[-74.371127,40.73458],[-74.370662,40.736067],[-74.371561,40.739218],[-74.371738,40.73964],[-74.369273,40.739394],[-74.366471,40.737977],[-74.36524,40.737653],[-74.364204,40.737412],[-74.358939,40.735975],[-74.35646,40.734769],[-74.35634,40.73501],[-74.354748,40.733463],[-74.350371,40.731157],[-74.348663,40.730221],[-74.341443,40.724437],[-74.338681,40.723404],[-74.33236,40.72032],[-74.330493,40.715833],[-74.333251,40.716506],[-74.334656,40.715715],[-74.338237,40.711999],[-74.34215,40.708391],[-74.350664,40.702755],[-74.350513,40.701957],[-74.352614,40.701399],[-74.359552,40.69949],[-74.36163,40.699172],[-74.362061,40.698587],[-74.364737,40.697329],[-74.373192,40.691785],[-74.379459,40.68534],[-74.381489,40.688507],[-74.382117,40.694781],[-74.383076,40.695068],[-74.383364,40.696214],[-74.383628,40.697827],[-74.381374,40.699783],[-74.383777,40.704513],[-74.384761,40.710985],[-74.386187,40.712132],[-74.386404,40.712302],[-74.386963,40.712719],[-74.391378,40.716187],[-74.391408,40.71811]]]}},{"type":"Feature","properties":{"geoid":"3401972510","townId":"tewksbury-township","name":"Tewksbury township","county":"Hunterdon","status":""},"geometry":{"type":"Polygon","coordinates":[[[-74.84621400014028,40.69692800008653],[-74.84621400014028,40.696594999858846],[-74.84620699956928,40.69651399982785],[-74.84619900007168,40.69643699968192],[-74.84617599960713,40.69636999975668],[-74.84614499964499,40.69623499987551],[-74.84612999957638,40.696181000255116],[-74.84610700001015,40.696077000206984],[-74.84580999990925,40.695589999694526],[-74.84455899975637,40.694296000239106],[-74.8444900001594,40.694205000185256],[-74.84441399999142,40.694110999744666],[-74.84434500039444,40.694015999990704],[-74.8442159996247,40.69382699994112],[-74.84407800043076,40.693646000338845],[-74.84401700033139,40.69355199979071],[-74.84394799983609,40.693456999920755],[-74.84387199966812,40.69336199991536],[-74.84378800000253,40.69327699986745],[-74.84370400033694,40.69318599978408],[-74.84361300010033,40.69310499969517],[-74.84352100003883,40.69302000000048],[-74.8433570000073,40.69290200012436],[-74.84330799960348,40.692865999716524],[-74.8432010003717,40.69279400020471],[-74.84310099991426,40.692721999933944],[-74.84307400015008,40.69270200026115],[-74.84291799961616,40.69258600026975],[-74.8428270002779,40.692513999774235],[-74.84275000028498,40.69244199988204],[-74.842674000117,40.692374000139424],[-74.84260600034493,40.69230200009596],[-74.84253699984966,40.69223400021052],[-74.8424840001462,40.69216700014531],[-74.84242200022193,40.69209499987816],[-74.8423159999167,40.691949999898654],[-74.84222399985521,40.691796999761316],[-74.84217100015175,40.69172499977549],[-74.84207200041757,40.69156700030958],[-74.84200999959496,40.69149099979502],[-74.84197199996012,40.6914270000473],[-74.84163700022438,40.691031000028495],[-74.84156799972908,40.690944999823444],[-74.84149900013212,40.690868000052575],[-74.84143800003275,40.69079200010303],[-74.8413009997654,40.69063800011871],[-74.8411180003656,40.69038100028994],[-74.84104899987031,40.690286999903606],[-74.84098799977095,40.690195999823544],[-74.8407440002718,40.689808999988706],[-74.84069099967003,40.68971799993698],[-74.84064499963928,40.68962399997764],[-74.84060700000445,40.68953800000016],[-74.84054599990507,40.68946199989599],[-74.84043100027736,40.68930800024368],[-74.84037000017798,40.68923199987718],[-74.84031699957622,40.68915899990958],[-74.84025600037516,40.68908699979791],[-74.84019500027578,40.68901999997416],[-74.84014099984913,40.68895200014513],[-74.84010300021428,40.6888840002467],[-74.83994300038071,40.68864500011339],[-74.83991999991618,40.68855499977829],[-74.83990499984756,40.68847400019017],[-74.83989700034996,40.68838900003722],[-74.83988200028135,40.68830299982821],[-74.83988200028135,40.688136000190426],[-74.83987399988543,40.68804200004304],[-74.83987399988543,40.68777999996133],[-74.83988200028135,40.687506000016725],[-74.83989700034996,40.68741099970079],[-74.83991999991618,40.68732099974267],[-74.83993499998479,40.687230999662994],[-74.83995799955102,40.68714100014292],[-74.83997299961963,40.687050999820165],[-74.84000399958175,40.68696100005706],[-74.8400270000463,40.686875000048715],[-74.84004200011492,40.68678999989977],[-74.84006499968113,40.68671799995325],[-74.84004999961252,40.686556000300044],[-74.84001899965038,40.686479000225916],[-74.83998900041146,40.686398000158036],[-74.83995799955102,40.68632599978801],[-74.83991999991618,40.68625400002141],[-74.83982799985466,40.68610900027421],[-74.83977500015122,40.68603299966531],[-74.83972200044778,40.68594699982183],[-74.83959199985313,40.68576699991696],[-74.83954599982238,40.68568099973023],[-74.83950099961652,40.68560000005492],[-74.83947700022539,40.6855190002811],[-74.83945499958577,40.685437999727625],[-74.83943899969226,40.6853479998298],[-74.83941600012604,40.68504600020787],[-74.8393859999888,40.684842999927525],[-74.83931700039183,40.68455000009702],[-74.8392939999273,40.68449999988102],[-74.83927200018599,40.68440100002395],[-74.8391950001931,40.68423900018828],[-74.83914900016234,40.68414900003373],[-74.83909599956057,40.684058999757696],[-74.83895900019152,40.683923000124175],[-74.83880600003066,40.68381499995708],[-74.83872999986266,40.683764999870895],[-74.83865600024284,40.683715999763706],[-74.8385619996332,40.68368399991059],[-74.83844799983036,40.683630000336485],[-74.83831800013404,40.683557999700945],[-74.83808100030757,40.683409000134986],[-74.83796999997949,40.683358999744286],[-74.83780699977287,40.68330899999724],[-74.83765399961199,40.68329999979356],[-74.83749399977843,40.6833039998842],[-74.83734900001348,40.683318000199705],[-74.8371959998526,40.683353000294346],[-74.83705100008764,40.683397999902375],[-74.83690600032268,40.683451999664456],[-74.83685699991888,40.68346900000941],[-74.83660099982583,40.683567999888446],[-74.83642500009874,40.683623000211895],[-74.83630600027305,40.683654000076885],[-74.83615999978485,40.68369100002878],[-74.83604500015714,40.683556999682075],[-74.83597900003491,40.683464999928624],[-74.83596700033934,40.6834450002024],[-74.83594499969972,40.68341500026111],[-74.83589199999626,40.68330699995208],[-74.83585400036144,40.68318499980879],[-74.83581599982828,40.68304999978078],[-74.83576999979753,40.68290099976041],[-74.83572399976677,40.68276099968469],[-74.83567799973602,40.68261699986446],[-74.83561699963666,40.68247299973312],[-74.83549500033624,40.68217500018577],[-74.83537300013751,40.68186900031566],[-74.83531200003814,40.68171999969895],[-74.83524300044117,40.68157599967341],[-74.83520900010598,40.68150799974246],[-74.83517499977079,40.68143600022082],[-74.8350910001052,40.68130500026721],[-74.83499200037099,40.68117500011071],[-74.83489199991357,40.6810530001525],[-74.8346480004144,40.68081800010621],[-74.83451899964467,40.680697000237544],[-74.8343809995524,40.680583999976115],[-74.83422800028984,40.68047499978353],[-74.83406799955794,40.68037600007916],[-74.83319100039722,40.67990200022122],[-74.83302300016773,40.679811999660515],[-74.83284800026554,40.67971200025745],[-74.83251199980656,40.67954099989514],[-74.83235199997299,40.679468000212445],[-74.83217600024588,40.679404999899404],[-74.83200100034371,40.67934599985504],[-74.8318170002207,40.67928699975841],[-74.83164999981611,40.67922399995558],[-74.83148900015763,40.67915200001065],[-74.83134500021758,40.67906600014485],[-74.83122300001884,40.67897599981791],[-74.83111599988872,40.67887200016687],[-74.83102399982721,40.678759000217966],[-74.83097699997157,40.67868699977081],[-74.83088699955988,40.67851600018551],[-74.83084100042744,40.67837599975616],[-74.83080299989429,40.67822299979261],[-74.83075699986354,40.678060999929386],[-74.83070400016008,40.67788899999693],[-74.8306430000607,40.677717999727186],[-74.83058199996135,40.67753800008086],[-74.83051300036438,40.67736700027335],[-74.83044399986909,40.67718600024621],[-74.8303679997011,40.677005999844745],[-74.83029200043143,40.67682099972058],[-74.83020799986753,40.676645000186504],[-74.83011599980603,40.6764790000763],[-74.8300089996759,40.676315999935234],[-74.82990300026901,40.676149000238425],[-74.82978799974296,40.67598700010428],[-74.82968099961283,40.67582900011574],[-74.82956699981003,40.67566699988527],[-74.82946800007582,40.67550499994252],[-74.8293679996184,40.67535100006089],[-74.8292620002115,40.67519400007201],[-74.82916299957898,40.675036000248035],[-74.82906300001987,40.67488199996439],[-74.82896400028567,40.67472000015804],[-74.82887300004909,40.67456199989206],[-74.82878099998756,40.67439600004579],[-74.82869700032198,40.674229000308785],[-74.82861299975806,40.674053000063864],[-74.8285369995901,40.673877000035624],[-74.82844600025182,40.67369700023853],[-74.82827800002231,40.67335000006071],[-74.82819400035673,40.67317400022074],[-74.82810999979283,40.673007000148225],[-74.82803299979994,40.67284000033871],[-74.82794900013435,40.67267800034006],[-74.82787299996636,40.67251599994781],[-74.82779599997347,40.672345000204466],[-74.8277280002014,40.67220899983653],[-74.82766700010202,40.67205600002782],[-74.82760600000267,40.671906999961294],[-74.82755300029923,40.67175899975767],[-74.82751499976608,40.671615000017674],[-74.82746899973533,40.67147500008585],[-74.82743100010049,40.67133499986003],[-74.82737000000112,40.671073999720164],[-74.82733900003899,40.670951999672454],[-74.82731599957445,40.6708349997689],[-74.82728600033553,40.67072199982439],[-74.82726200004608,40.67066399980259],[-74.82724000030478,40.67060500019856],[-74.82718699970302,40.67049199986429],[-74.82712599960365,40.67039300032452],[-74.8270650004026,40.670298999682636],[-74.82699599990731,40.670217000174176],[-74.82694300020384,40.67013600010374],[-74.82688899977718,40.67007299982952],[-74.82685100014236,40.67001900013109],[-74.82681299960919,40.669968999917124],[-74.82675200040816,40.66987000028224],[-74.82671399987501,40.669812000200736],[-74.82660699974488,40.66932900013555],[-74.82659199967627,40.66918999972668],[-74.82659099985135,40.669076999719984],[-74.82656900011006,40.66892799981037],[-74.82655300021652,40.6688020003267],[-74.82649200011714,40.668504999871665],[-74.82647799987345,40.668412000221224],[-74.82646899965262,40.66836099991825],[-74.82645199993418,40.66824199974099],[-74.82638599981195,40.6682429999896],[-74.82386400031304,40.66829800001118],[-74.82275200007733,40.66832199982055],[-74.82191299965311,40.66834000018295],[-74.82134000026598,40.668351999740494],[-74.82103899996709,40.66835900010599],[-74.82129800043319,40.66664899966365],[-74.82057700000973,40.66638399983714],[-74.81831599972841,40.665554999898156],[-74.80587600031653,40.66099000010893],[-74.80217399991155,40.65963100011596],[-74.79968000000171,40.65871599984331],[-74.79857500033701,40.65830999982023],[-74.79738500028353,40.65787299979881],[-74.7953290000416,40.6571190002359],[-74.78768599975534,40.65431199976228],[-74.7875209998989,40.654485000311475],[-74.78738399963156,40.6546380002225],[-74.78731500003458,40.65471900003339],[-74.78724700026252,40.654804999952084],[-74.78717799976722,40.654886000241696],[-74.78702499960634,40.65504700007945],[-74.7869569998343,40.65513300025687],[-74.78680399967342,40.65530399983657],[-74.78672800040376,40.65539400008496],[-74.78665899990847,40.65547900005659],[-74.78652199964111,40.65564100026393],[-74.78636900037854,40.655794000249976],[-74.78629300021056,40.65588399983738],[-74.78625300002759,40.655938000076716],[-74.78617100001182,40.65603199983381],[-74.78605700020903,40.65615800027192],[-74.78594199968296,40.65628899988555],[-74.78582799988017,40.65641499983834],[-74.78571300025243,40.6565449998863],[-74.78560699994722,40.65667499968099],[-74.7854920003195,40.656791999892924],[-74.78537000012075,40.65690899989972],[-74.78500400042287,40.65727299997149],[-74.78488899989682,40.65739900011029],[-74.7847819997667,40.657520999736626],[-74.78467600035981,40.65764700008846],[-74.78456900022968,40.657763000234475],[-74.78424799983931,40.65812800013576],[-74.78403500030228,40.658379999671496],[-74.78392800017217,40.658500999835056],[-74.78381400036936,40.65861800025198],[-74.78371399991192,40.65873499978217],[-74.78361500017773,40.6588429996906],[-74.78351600044354,40.65896000018911],[-74.7834019997424,40.65906799973328],[-74.78328700011467,40.659184000134196],[-74.78316499991593,40.65929699986671],[-74.7830510001131,40.659417999729875],[-74.78292899991439,40.65954399990605],[-74.78280599989074,40.659660999856555],[-74.78269200008792,40.659772999768364],[-74.7826000000264,40.659898999955466],[-74.78250100029221,40.66001199983969],[-74.7824019996597,40.660132999768855],[-74.78229500042788,40.66024599993815],[-74.78218800029777,40.66037600001673],[-74.78208199999256,40.66049699996708],[-74.7818679997323,40.66075799993486],[-74.78163900030175,40.66101900024431],[-74.78152499960063,40.66114500012217],[-74.78144699978283,40.66122600021004],[-74.78139800027733,40.66128000021398],[-74.78128799977418,40.661396999845365],[-74.78117399997136,40.66152699972509],[-74.78105199977261,40.66164899997938],[-74.78082300034207,40.66190000018045],[-74.78060900008182,40.662151999777045],[-74.78049500027902,40.662274000251024],[-74.78037999975297,40.662385999864085],[-74.78026599995016,40.66250700025693],[-74.78015100032243,40.66261500019121],[-74.78006000008584,40.66273699981832],[-74.77996800002433,40.662849000016834],[-74.77911699990453,40.66376400015509],[-74.77897200013959,40.66392499969103],[-74.77800399984392,40.66499499998401],[-74.77652699973525,40.666628000070645],[-74.77631699967296,40.6668589999997],[-74.77607499982362,40.667127000097544],[-74.77589200042385,40.667079000291395],[-74.7758199995555,40.667064999972325],[-74.77572900021721,40.667045999680674],[-74.77562899975979,40.667038000273465],[-74.77552800037576,40.66703399988813],[-74.77544399981186,40.66703399988813],[-74.77539199993332,40.66704099971059],[-74.7753479995524,40.66705399976826],[-74.775150000084,40.66709700030791],[-74.7751290001676,40.667102999858116],[-74.77490900005957,40.66716600021271],[-74.77473800035534,40.66721899991331],[-74.77462899967709,40.66723500004606],[-74.7745590002552,40.66723600030978],[-74.77447200021656,40.66723600030978],[-74.77435300039087,40.66724900032944],[-74.77426800000207,40.66725999981996],[-74.77415400019925,40.66732199976388],[-74.7740949997497,40.66734200023903],[-74.7740450004193,40.6673570000804],[-74.7739120003499,40.667381999808555],[-74.77371999983097,40.66742800023783],[-74.77366899977734,40.667436000279594],[-74.77352800021035,40.667470999854935],[-74.77344199999662,40.667514999703855],[-74.77332999984364,40.66755300001457],[-74.77327600031526,40.66756799980848],[-74.7731879995534,40.66759300013892],[-74.77312499980421,40.66761499968604],[-74.77304699998643,40.6676430000903],[-74.77298000003928,40.66768300016067],[-74.77291700029008,40.66772999995719],[-74.7728410001221,40.66779500023009],[-74.77276099975616,40.667889999886036],[-74.77263899955742,40.66797400003572],[-74.77261799964101,40.66798699991152],[-74.77249399979246,40.66806299997338],[-74.77233200030906,40.66813500031072],[-74.77219599986663,40.668179999971045],[-74.77207100019316,40.668213000020614],[-74.77193200027598,40.66824400023815],[-74.77156499985486,40.66833700012292],[-74.77123199976894,40.66841599984251],[-74.77106600008759,40.668473000211755],[-74.77101500003396,40.66847399977547],[-74.77088699998743,40.66844599972018],[-74.7706889996207,40.66839399987826],[-74.77050899969565,40.66834899968096],[-74.77038999986998,40.668315999698684],[-74.77034399983921,40.668296000197024],[-74.77030200000642,40.66827199969693],[-74.77023300040946,40.668228999914895],[-74.7700380004158,40.668148999723776],[-74.76986299961528,40.66806199972207],[-74.76973499956877,40.66801300033689],[-74.76960599969733,40.6679750002883],[-74.76950799978805,40.667956000255856],[-74.76936899987089,40.66794399994573],[-74.76909900043245,40.66791899974687],[-74.76894399972343,40.66792000000033],[-74.7688500000121,40.667913999842234],[-74.76876999964615,40.667894999792466],[-74.76873299983625,40.667878000245366],[-74.768674000285,40.66783700003732],[-74.76861999985834,40.66779099989017],[-74.76857899985045,40.66772699986967],[-74.76851000025349,40.667644999924036],[-74.76828500012257,40.66749000002556],[-74.76803099967935,40.66729300032483],[-74.76785999997514,40.667156999873676],[-74.76763200036952,40.66698400016155],[-74.76747500001066,40.66686599984052],[-74.76728300039005,40.6667440002707],[-74.76719800000123,40.66668699978648],[-74.76715600016844,40.66663600020843],[-74.76711500016056,40.66658400031796],[-74.7671040002899,40.6665469997291],[-74.76706199955879,40.66639399987544],[-74.7670540000612,40.666331999750184],[-74.7670480002134,40.6662539998844],[-74.7670480002134,40.66620699972906],[-74.76705499988611,40.66616700013614],[-74.7670819996503,40.66612399967825],[-74.76711000013768,40.66607500023189],[-74.7671600003664,40.66601499969274],[-74.76716299984113,40.66597399970204],[-74.76715100014557,40.66594200019041],[-74.76711500016056,40.665904999926774],[-74.76706599975675,40.665856999922504],[-74.76702999977174,40.66580800027998],[-74.7670110004035,40.66577999978674],[-74.76695799980173,40.66568699974311],[-74.76691799961876,40.6656109996991],[-74.76691400031912,40.665563000164646],[-74.76687999998393,40.665495999862344],[-74.76686800028835,40.66547800009512],[-74.76686099971735,40.66546700031064],[-74.76682599955726,40.665429000174136],[-74.76678399972445,40.665368000124865],[-74.76676899965584,40.66535499973853],[-74.7667529997623,40.66534799973912],[-74.76673500021897,40.665343999933825],[-74.76663499976154,40.665333000127255],[-74.76660499962432,40.665326999736465],[-74.76657700003521,40.66532499983321],[-74.76650000004233,40.665331000224185],[-74.76647999995085,40.665333000127255],[-74.76646700043037,40.66533800022539],[-74.76645499983647,40.66534000012824],[-74.76644200031602,40.66534300032314],[-74.76643100044535,40.665363000028975],[-74.76642399987435,40.66537700002392],[-74.76639499956202,40.665385999921774],[-74.7663500002545,40.66540100020313],[-74.76633400036097,40.66540500000501],[-74.76631400026949,40.665408999806694],[-74.76629599982782,40.66541000009774],[-74.76627699956124,40.66540800019699],[-74.76625499981995,40.6653999999119],[-74.76623999975133,40.66538900011461],[-74.76622700023084,40.66537100031851],[-74.76621299998716,40.66534799973912],[-74.7661879998728,40.66531099982735],[-74.76615299971267,40.66527300028332],[-74.76613900036729,40.66523800023586],[-74.76612699977342,40.665141999914105],[-74.76613099997138,40.66506500031561],[-74.76614199984205,40.66496899974478],[-74.76613000014646,40.664884000281035],[-74.76611500007786,40.664850000328876],[-74.76605900000135,40.66477599993227],[-74.76603300006211,40.66473499986135],[-74.7660199996433,40.66470000021298],[-74.7660199996433,40.664682000230925],[-74.76602300001633,40.66466100001856],[-74.76602899986415,40.66464400032852],[-74.76604599958256,40.66461000025402],[-74.76606499984914,40.66458700009361],[-74.7660909997884,40.66457200031064],[-74.76612199975054,40.66455299999011],[-74.76616899960622,40.66454099974899],[-74.76622100038307,40.66454099974899],[-74.7662659996906,40.664549999759664],[-74.76630000002578,40.66456900008106],[-74.76631900029234,40.66460100025145],[-74.76634299968349,40.66463299972512],[-74.76635899957701,40.66464699987331],[-74.76638000039172,40.66465099972041],[-74.7663999995849,40.664650000099336],[-74.7664130000037,40.66464600025218],[-74.7664339999201,40.66463900017836],[-74.76647300027815,40.664626000331346],[-74.76651099991298,40.66461700033089],[-74.76654600007308,40.66461600002795],[-74.76656699998946,40.664605999723044],[-74.76658000040827,40.664589000018985],[-74.76659299992875,40.66456500022905],[-74.76660499962432,40.66453399966415],[-74.76662499971579,40.664484000107485],[-74.76663399993662,40.6644400003031],[-74.76663599958646,40.66441100029229],[-74.76662399989088,40.664360999962],[-74.76660100032467,40.66416500018659],[-74.76658999955569,40.664134000117194],[-74.76655299974577,40.664093000333],[-74.76654400042325,40.66407399987605],[-74.76654400042325,40.664060999918874],[-74.76654600007308,40.66405100021218],[-74.76655799976864,40.6640259999168],[-74.7665629997915,40.663992999839614],[-74.76656000031677,40.66396800020392],[-74.76655199992085,40.663948999711316],[-74.76653799967717,40.66392600000433],[-74.76651099991298,40.663879000252635],[-74.76649099982149,40.6638499999979],[-74.76646200040749,40.66382500030855],[-74.76643800011806,40.66380700009035],[-74.76642300004943,40.663784000334466],[-74.76641899985147,40.663764999789436],[-74.76640499960776,40.66372500009478],[-74.76639799993508,40.66370800016617],[-74.7663710001709,40.663680999789676],[-74.7663650003231,40.663656000036994],[-74.76636600014803,40.66363300022903],[-74.7663710001709,40.663620000185894],[-74.76638799988933,40.66360399986728],[-74.76641499965352,40.663582999996926],[-74.76643599956992,40.66356400007607],[-74.76650800043824,40.66348399974025],[-74.76648800034677,40.66341999967508],[-74.76647199955491,40.66328000025536],[-74.76644499979074,40.663168999742425],[-74.76641999967639,40.66311499990494],[-74.76634900042959,40.663026999823714],[-74.7663219997671,40.662982000093514],[-74.7662659996906,40.66289399983681],[-74.76623200025372,40.66280099985748],[-74.76620799996428,40.662687000277415],[-74.76620799996428,40.662574000154756],[-74.76620799996428,40.66252199982287],[-74.76618000037519,40.66240300012964],[-74.7661669999564,40.66234699967948],[-74.76609300033654,40.66218100008866],[-74.76602399984127,40.662055999783405],[-74.76597399961254,40.66197700002573],[-74.76591599988623,40.661928000258385],[-74.76588099972614,40.661902000186444],[-74.76586999985547,40.66188400013068],[-74.76586999985547,40.661868999739774],[-74.76587099968039,40.66185499968992],[-74.76587300022852,40.661831000279044],[-74.76587499987833,40.66180999985047],[-74.76587599970325,40.661791999769875],[-74.76587499987833,40.66177700003973],[-74.76586400000768,40.661756999940046],[-74.76584800011416,40.661740999855915],[-74.76580299990832,40.66171899973406],[-74.76574099998405,40.66168500021284],[-74.76571000002191,40.66166399973825],[-74.76569300030347,40.66165300000626],[-74.76564800009763,40.66162000011784],[-74.76561200011261,40.66157599978701],[-74.76553900031767,40.661458999788145],[-74.76543499966229,40.66130500017571],[-74.76515500017811,40.66092900008847],[-74.76489800026017,40.660617999697955],[-74.76464399981697,40.66035600017838],[-74.76452699964109,40.6602699999193],[-74.76443899977754,40.66021900020457],[-74.76433900021843,40.66017500031246],[-74.76423000043849,40.66013800025681],[-74.76412499995818,40.66010699967871],[-74.76404200011753,40.66009599968991],[-74.7639919998888,40.66009599968991],[-74.76395799955363,40.66009599968991],[-74.76391999991878,40.660103000240525],[-74.76388499975867,40.66011400022818],[-74.76377199978077,40.66016400033487],[-74.76369099958991,40.66022199994837],[-74.76359799970349,40.66026000032571],[-74.76353800032736,40.66028499998832],[-74.76348300007577,40.660293999891856],[-74.76341600012863,40.66029700031368],[-74.76333499993777,40.66029700031368],[-74.76325100027219,40.660285999674805],[-74.76315099981474,40.66025600021529],[-74.76306499960101,40.66021900020457],[-74.7629359997296,40.660151000297134],[-74.76287399980531,40.66010899973842],[-74.76281100005612,40.660053999778015],[-74.76277199969806,40.66000700002375],[-74.76275699962946,40.659951999979256],[-74.76275099978167,40.659892999757226],[-74.76273900008611,40.659805999889066],[-74.76271599962158,40.65974599984334],[-74.76268100035978,40.65969199996051],[-74.76263699997885,40.659638000033915],[-74.76256199963578,40.65956800013981],[-74.76246799992447,40.659521999741],[-74.76235599977146,40.65945000032719],[-74.76221600002938,40.659328999840604],[-74.76208399978489,40.65920000015018],[-74.76198199967763,40.659097000022776],[-74.76193800019502,40.6590320001318],[-74.76190499968475,40.65897499987125],[-74.76180400030071,40.65886700017652],[-74.76173700035356,40.658821999684214],[-74.7616620000105,40.6587839998506],[-74.7616050001091,40.65875099990585],[-74.76155800025343,40.65871900033612],[-74.76148499956018,40.65866399991116],[-74.76145399959805,40.65862399988337],[-74.76142299963591,40.65856999977376],[-74.76140000006968,40.658498000013864],[-74.7613740001304,40.658393000054424],[-74.76136499990959,40.65832800015897],[-74.76136300025978,40.65828900032755],[-74.76136200043486,40.65825600013794],[-74.76138099980312,40.658215000148004],[-74.76140400026765,40.65818499975712],[-74.76144199990247,40.65816200010707],[-74.76153599961381,40.6581300002548],[-74.76166500038356,40.658085999666284],[-74.76170700021635,40.658063999701895],[-74.7617459996761,40.65803699976659],[-74.76178000001129,40.6579979997651],[-74.7618159999963,40.6579380001376],[-74.76184799978334,40.657860999718864],[-74.76190300003493,40.657749999728786],[-74.76200199976914,40.65756700015229],[-74.76212899999072,40.6573919999574],[-74.76224299979356,40.657292000321384],[-74.76232599963423,40.65723100032671],[-74.762415000221,40.65715500018824],[-74.76246700009953,40.657101999986665],[-74.7624930000388,40.6570530000457],[-74.76252599965076,40.656967000298785],[-74.76255300031326,40.656869000182574],[-74.76255800033614,40.65678999973377],[-74.76255199959004,40.656726000060715],[-74.76248200016815,40.65658300031379],[-74.7624140003961,40.65644699983169],[-74.76239699977936,40.65637600025159],[-74.76239699977936,40.656302999740625],[-74.76242100006878,40.65622900008406],[-74.76247999962001,40.6561180001045],[-74.76249399986371,40.656036999947666],[-74.76249399986371,40.65591199971452],[-74.76250300008455,40.65583199974227],[-74.76250499973438,40.65581400009309],[-74.76251599960503,40.65577099977561],[-74.76253099967364,40.655711000189726],[-74.76258000007745,40.65552700003284],[-74.76263600015395,40.655394999844695],[-74.76275800035268,40.65517499985946],[-74.76281299970594,40.65510299984306],[-74.76290899996543,40.65499700022646],[-74.76298099993544,40.65492200003599],[-74.76313300027141,40.65483300028206],[-74.76322299978477,40.65474299995846],[-74.76327800003637,40.654669999705185],[-74.76333900013573,40.6545739998481],[-74.76343000037232,40.654363999679035],[-74.76345299993854,40.654249999992],[-74.76345499958836,40.65418699970476],[-74.76344700009075,40.65410299991072],[-74.76343100019724,40.654049000230735],[-74.7634219999764,40.65399499982547],[-74.76342500034946,40.65393599978707],[-74.76344399971772,40.65389700011427],[-74.76347999970272,40.653863000013885],[-74.76354500000004,40.65382800011302],[-74.76360299972637,40.65379600022645],[-74.76369800016093,40.65372899969027],[-74.76382200000948,40.65365100007982],[-74.76396900032258,40.65358100003723],[-74.76413300035411,40.65348599976463],[-74.76422500041562,40.653417000019836],[-74.76430099968528,40.65333800025405],[-74.76434800043927,40.65326099997827],[-74.76438199987614,40.65318200002785],[-74.76454599990767,40.65298500032191],[-74.76466300008354,40.652812999770916],[-74.76467999980197,40.65263499997015],[-74.76469300022076,40.65258300006889],[-74.76474500009931,40.65237899996012],[-74.76474500009931,40.65232299995481],[-74.76475299959691,40.652267999709096],[-74.76479100013006,40.65219299985862],[-74.76482499956693,40.652086999708025],[-74.76484800003145,40.65190699970955],[-74.76484700020656,40.651748000102124],[-74.76484600038164,40.65158399966862],[-74.76483700016081,40.651485000005565],[-74.76485399987925,40.651378000273375],[-74.76487099959768,40.651247999699166],[-74.76487700034379,40.65118000018913],[-74.76488499984139,40.65112099970621],[-74.76489700043525,40.65105700004748],[-74.76490900013083,40.651037000141535],[-74.76494099991788,40.65100799975608],[-74.76496299965919,40.65090199976771],[-74.76499799981929,40.650725999980864],[-74.76501999956058,40.65063200024528],[-74.76504300002513,40.650529999671896],[-74.76506200029169,40.65039500031698],[-74.76506300011661,40.65021999971179],[-74.76507200033745,40.650124000267546],[-74.76508499985792,40.65008899976847],[-74.76510800032247,40.65004900005189],[-74.7651400001095,40.64999099977273],[-74.76516500022386,40.6497399997464],[-74.76521200007953,40.649458000064975],[-74.76527700037687,40.649233000327264],[-74.76534699979875,40.64907500033675],[-74.76542999963941,40.64890700003999],[-74.76546800017258,40.64883699979148],[-74.7655269997238,40.64876399989231],[-74.76558899964807,40.64871099984075],[-74.76564100042494,40.648661999871386],[-74.76568900010551,40.64861399972743],[-74.76572000006765,40.648573999808285],[-74.76573400031134,40.64853600027182],[-74.76574099998405,40.64848499976583],[-74.76574299963387,40.648443000041546],[-74.76574500018201,40.648257999740416],[-74.76570599982394,40.6480950001406],[-74.76566700036419,40.64799000016669],[-74.76561399976242,40.64790199989898],[-74.76555799968594,40.6478209999915],[-74.76545499975377,40.64771499971164],[-74.76537600011106,40.64766999987625],[-74.76531800038474,40.64763699988681],[-74.76523200017101,40.64758400030337],[-74.7651610000259,40.64755399990324],[-74.76508400003301,40.647530000118664],[-74.76502200010874,40.64751400003033],[-74.76498399957559,40.647498999816186],[-74.76494599994076,40.647478000328654],[-74.76493099987213,40.6474690000594],[-74.7648930002373,40.647441000047074],[-74.76485399987925,40.647386999746615],[-74.76482100026728,40.647327000118906],[-74.76476400036587,40.647263000229295],[-74.76469400004568,40.647218999971464],[-74.76459899961111,40.64717999978058],[-74.76447700031069,40.64713700003309],[-74.76435299956381,40.647106000229606],[-74.76421899966951,40.647080999718035],[-74.7641259997831,40.647078000064965],[-74.76405899983594,40.64707999983368],[-74.76401399963011,40.64708900015539],[-74.7639559999038,40.64711399998237],[-74.76389499980442,40.64716199984209],[-74.76383999955284,40.647229000156514],[-74.76381500033679,40.647276999933524],[-74.76379100004735,40.647294999840994],[-74.76375800043539,40.64730199969007],[-74.7637390001688,40.647304000133715],[-74.7637030001838,40.647297000284794],[-74.76364999958203,40.64727199984478],[-74.76356400026663,40.647218999971464],[-74.76346100033447,40.64713700003309],[-74.76323799985339,40.646940000201575],[-74.76307899984474,40.64680800006523],[-74.7629290000569,40.64670800024247],[-74.76283299979744,40.64663500005916],[-74.76272700039053,40.64654399969084],[-74.76263299978089,40.64646300017986],[-74.76257300040476,40.64637900020455],[-74.7625280001989,40.646261000239114],[-74.76246700009953,40.64609400025493],[-74.76242400044184,40.64601200029743],[-74.76237099984007,40.64595800020392],[-74.76219500011298,40.645840000175745],[-74.7620129996398,40.64575799990618],[-74.76186299985196,40.64571300011443],[-74.76181500017137,40.64570600009869],[-74.76176499994267,40.64570600009869],[-74.76170300001839,40.645709999718314],[-74.76164299974393,40.645721000034214],[-74.7615840001927,40.645747000277986],[-74.76153999981176,40.64577199992611],[-74.76150100035203,40.64579399985405],[-74.76146299981887,40.64579999995708],[-74.76143400040488,40.64580199976413],[-74.76140400026765,40.64579599966129],[-74.7613799999782,40.64579000023951],[-74.76134700036623,40.645773999733954],[-74.76130999965801,40.64574499978772],[-74.761273999673,40.64571200020963],[-74.76125600012963,40.64567800002824],[-74.76124000023611,40.645640000206],[-74.76123000019037,40.64561499982682],[-74.76122199979446,40.64555100034026],[-74.7612259999924,40.6454599998571],[-74.76125100010677,40.64539800004103],[-74.76126000032761,40.64535100018609],[-74.7612610001525,40.64530500020898],[-74.76123900041121,40.645245000072656],[-74.76120900027398,40.645183999969674],[-74.76113999977869,40.645089000011076],[-74.76108000040254,40.6450000000922],[-74.76101299955708,40.644844000139585],[-74.7609790001202,40.644814999789254],[-74.76092899989148,40.644793000220176],[-74.7608379996549,40.64477000004326],[-74.76069999956262,40.64474599993915],[-74.76056599966832,40.64470499982653],[-74.76051299996489,40.644671999734214],[-74.76043400032216,40.64461999976216],[-74.76037700042076,40.64456499998359],[-74.76032899984186,40.644504999863585],[-74.76030700010057,40.64445600021409],[-74.760295000405,40.64436899998273],[-74.76030799992546,40.644299999671595],[-74.76036200035215,40.644168999694614],[-74.76039999998697,40.64406299974874],[-74.76041900025355,40.64398499974536],[-74.7604229995532,40.643920000127345],[-74.7604229995532,40.64386000010919],[-74.76041800042864,40.64381800020072],[-74.76040800038291,40.64377600026577],[-74.76039099976614,40.64374099984542],[-74.76035499978114,40.64370099973202],[-74.76031200012342,40.64367799986043],[-74.76026500026778,40.64366400008292],[-74.76020900019128,40.643624999859455],[-74.76018499990182,40.64355199971209],[-74.76015399993969,40.64331799968188],[-74.76013300002329,40.64319500004493],[-74.76012999965023,40.643172999941875],[-74.76012299997754,40.64310299981365],[-74.7601120001069,40.64300000005622],[-74.76011100028197,40.642818000188925],[-74.76011499958162,40.6426420002123],[-74.76010600025911,40.64234199997249],[-74.76009799986318,40.642145000301774],[-74.76008299979458,40.64198000016471],[-74.76006500025122,40.64192099972753],[-74.7600290002662,40.64185100033114],[-74.7599790000375,40.641800000169695],[-74.75993100035691,40.641765000076425],[-74.75984699979303,40.64171599977867],[-74.75978900006672,40.64167699978028],[-74.75971000042398,40.641624000235375],[-74.75964599995157,40.64158200028316],[-74.75960499994368,40.64153900033715],[-74.75953299997367,40.64146599995325],[-74.75949699998866,40.64139700004925],[-74.75945599998077,40.64128300002195],[-74.75945299960773,40.641238999911465],[-74.75945900035381,40.64117099974571],[-74.75949600016374,40.64104700026747],[-74.75951500043031,40.64101299975463],[-74.75955800008802,40.640936000253326],[-74.7595709996085,40.640885000074356],[-74.75955899991294,40.64082300009843],[-74.75952700012589,40.64076699993869],[-74.75947699989716,40.64071600031231],[-74.75943900026235,40.640679999670404],[-74.75939999990428,40.64065200021807],[-74.75936700029231,40.64063099993949],[-74.75935700024658,40.64062500005345],[-74.75930199999499,40.64061100031721],[-74.75926900038303,40.64061100031721],[-74.75921400013144,40.64061100031721],[-74.75913799996346,40.64061900016686],[-74.75908299971186,40.640634999863245],[-74.75902599981046,40.64066200002382],[-74.75895899986331,40.6406930000938],[-74.75892100022847,40.640711999711755],[-74.75888500024348,40.64071900025131],[-74.75884199968745,40.640723000169785],[-74.75879400000686,40.640723000169785],[-74.75875800002186,40.64071800027164],[-74.75871299981601,40.640702999893406],[-74.75866500013544,40.640679999670404],[-74.75862199957942,40.64063399988232],[-74.75858300011967,40.64060399976633],[-74.75853999956365,40.64057400031852],[-74.75851100014965,40.64053600031698],[-74.75849899955577,40.64049800029381],[-74.75849400043121,40.6404630001995],[-74.75846400029398,40.64041700026186],[-74.7584369996315,40.64038300010974],[-74.75841499989019,40.64035299988101],[-74.75840499984443,40.64032400030593],[-74.7584020003697,40.64030299992417],[-74.7584020003697,40.64027199967312],[-74.75841599971508,40.64017200028231],[-74.75841599971508,40.64012100020135],[-74.75839399997379,40.640050000290984],[-74.75836100036182,40.63999400016449],[-74.75833600024747,40.639925000102195],[-74.75832799985155,40.639860999931244],[-74.75831899963072,40.6397959997055],[-74.75831600015599,40.63972300014206],[-74.75832100017884,40.63964099985559],[-74.75834899976793,40.639528000235124],[-74.75842999995878,40.63939299975614],[-74.75851399962438,40.63933299975862],[-74.75856700022615,40.63929499973226],[-74.758640999846,40.63926399969473],[-74.7586910000747,40.63925099967471],[-74.75875700019695,40.63922200030262],[-74.75879300018194,40.63919600024371],[-74.75881699957309,40.639165000160204],[-74.75882599979391,40.63911199998412],[-74.7588309998168,40.63904499970129],[-74.75883500001476,40.63889200016669],[-74.7588390002127,40.638670000285295],[-74.7588450000605,40.6386070002858],[-74.75881999994614,40.63846699992252],[-74.75880099967958,40.63841999995873],[-74.75879800020482,40.63836299981319],[-74.75880499987753,40.63830100022156],[-74.7588309998168,40.63822699968798],[-74.75885699975606,40.63817600016605],[-74.75890699998477,40.63813600012613],[-74.7589720002821,40.63811000032588],[-74.75902699963537,40.63810600025089],[-74.75907400038936,40.63809700008114],[-74.75912000042011,40.638095000043286],[-74.75914600035938,40.638095000043286],[-74.75921499995634,40.63810800028842],[-74.75924599991848,40.63812399990495],[-74.7592819999035,40.63815799984427],[-74.75932999958407,40.638190999748815],[-74.7593949998814,40.63823099975578],[-74.75948100009512,40.63827099973877],[-74.75954499966923,40.638291000062125],[-74.75960499994368,40.638303000253245],[-74.75966199984508,40.638303000253245],[-74.75974800005882,40.6382920000781],[-74.75982500005172,40.63826799968975],[-74.75986500023468,40.63824600000781],[-74.75990200004462,40.638189999731274],[-74.75990399969443,40.638142000235895],[-74.75988199995311,40.63806400013019],[-74.75986299968653,40.63801299980205],[-74.75984799961795,40.63795199990643],[-74.75981199963293,40.63785699987975],[-74.75980199958717,40.63779899991181],[-74.75980199958717,40.637728000258576],[-74.75980699961005,40.63766199997554],[-74.75982800042476,40.63761200004815],[-74.75987100008247,40.63755699994851],[-74.75995599957297,40.63747999986913],[-74.75996700034193,40.63745799992755],[-74.7599859997102,40.63739800023587],[-74.76001199964945,40.63735500032144],[-74.76006400042633,40.637312999728266],[-74.76012399980246,40.63727399988419],[-74.76019300029775,40.637236000049164],[-74.76029100020703,40.6371990002249],[-74.76040300036001,40.637164999797164],[-74.76043599997199,40.63714299975179],[-74.76047000030717,40.637120999699114],[-74.76050999959183,40.63705900031735],[-74.76055300014787,40.63698399973484],[-74.76058999995779,40.63688600026462],[-74.76061400024722,40.63676399972148],[-74.76062400029298,40.636676999689676],[-74.76061699972196,40.636540000177625],[-74.76060199965333,40.63645099976681],[-74.7605849999349,40.63635999982915],[-74.76057300023933,40.63628799996292],[-74.76056700039156,40.63619999994517],[-74.76056700039156,40.63613999980459],[-74.76058800030796,40.63607700014432],[-74.76061699972196,40.636035000110546],[-74.76063199979058,40.6360129996928],[-74.7606970000879,40.635915000160615],[-74.76074899996642,40.63586100007872],[-74.76084100002794,40.63579099978127],[-74.76089399973138,40.635730999954845],[-74.76090899980001,40.63569099981334],[-74.76089999957918,40.63564900021845],[-74.76085299972351,40.635576000210456],[-74.76082199976136,40.63553299980416],[-74.76081300043886,40.635501000007025],[-74.76081099989072,40.63547299974588],[-74.76081099989072,40.63543999986124],[-74.76082500013442,40.63540900007873],[-74.76085199989859,40.63537999971936],[-74.76090600032526,40.63534200016972],[-74.76096999989937,40.63530399991675],[-74.76104100004449,40.63526699970343],[-74.76109700012098,40.63525500033002],[-74.76115200037256,40.635248999960744],[-74.76124000023611,40.63524599977592],[-74.76130999965801,40.63523499977879],[-74.76135300021402,40.63522000021359],[-74.76140400026765,40.63519700014663],[-74.76146100016906,40.63516899975798],[-74.7615060003749,40.63515300011493],[-74.7615630002763,40.63511699988156],[-74.76159900026131,40.63508599994903],[-74.76163000022345,40.635036000137525],[-74.76167000040641,40.634980999960796],[-74.7617039998433,40.63494999996511],[-74.76173599963036,40.63493200013696],[-74.76177199961536,40.634917999888536],[-74.76183299971471,40.63491100010408],[-74.76188999961613,40.63491400030395],[-74.76194099966976,40.63492499967231],[-74.76199599992135,40.63493999998545],[-74.76204699997497,40.634963000141],[-74.76210300005147,40.63499600026135],[-74.76215099973204,40.63502800030054],[-74.76224299979356,40.63509800003458],[-74.76232200033458,40.635149999925794],[-74.76239599995444,40.635186000141424],[-74.76249600041187,40.635204999963356],[-74.76254300026751,40.635204999963356],[-74.76265000039764,40.635204999963356],[-74.76276900022333,40.63520199977657],[-74.76295599982107,40.63522499984182],[-74.76303500036212,40.635251000083905],[-74.76312099967754,40.635278999756444],[-74.76326399979266,40.63531399984189],[-74.76344100024298,40.63522299971791],[-74.76358099998505,40.63513599972309],[-74.76371599970427,40.635024000040886],[-74.76386200019245,40.63488899999762],[-74.7640689998817,40.63467500031916],[-74.76428300014193,40.634430999791526],[-74.7644279999069,40.63425099989244],[-74.76452400016636,40.63409899967548],[-74.76453000001413,40.63409000032905],[-74.76460000033435,40.63394099998917],[-74.7646680001064,40.63384500030778],[-74.76475599996995,40.63376900012128],[-74.76486999977277,40.63367900002178],[-74.76498899959844,40.633582999963686],[-74.76498699994863,40.6335339997956],[-74.76497600007798,40.6333220000454],[-74.76497799972779,40.633257000270156],[-74.76499399962132,40.633201999991364],[-74.76501299988792,40.633154000318406],[-74.76504399985005,40.63310900021017],[-74.76506300011661,40.633081000309346],[-74.76509300025386,40.63306199988298],[-74.7651040001245,40.63305499990395],[-74.76514599995728,40.63303299986765],[-74.76518399959213,40.633007000125296],[-74.76525499973722,40.6329850000732],[-74.76527099963077,40.632975999894825],[-74.76532000003455,40.632928000059394],[-74.7653159998366,40.632874000288524],[-74.76533299955504,40.632820999890164],[-74.76537699993597,40.632743999802464],[-74.76541899976876,40.63268700026467],[-74.76548200041626,40.63263300029889],[-74.7655400001426,40.63259200024519],[-74.76560899973957,40.632568999954614],[-74.76569900015124,40.63256199992389],[-74.76577100012128,40.6325640001275],[-74.76587999990122,40.632581999912304],[-74.76595100004633,40.63258899994093],[-74.76598000035865,40.63258799983953],[-74.76600600029792,40.63258799983953],[-74.76605999982628,40.63257399978134],[-74.76611099987988,40.63253900030473],[-74.76612699977342,40.632517000098424],[-74.76616500030657,40.63245300032471],[-74.76617799982706,40.632415999894945],[-74.76618200002501,40.63238500007182],[-74.76618000037519,40.63234399986584],[-74.76617000032944,40.63229099972854],[-74.76615299971267,40.63222899995189],[-74.76614100001713,40.63217099986677],[-74.76614100001713,40.63212599977779],[-74.76612900032156,40.63206499995725],[-74.7661040002072,40.632014999928614],[-74.76605200032867,40.631930000066724],[-74.76600899977264,40.63188800015117],[-74.76597299978764,40.631845000096675],[-74.76595500024429,40.63180200001444],[-74.7659490003965,40.63174699990064],[-74.7659490003965,40.631683000070645],[-74.76596199991698,40.63161300016502],[-74.76602499966617,40.63149100021255],[-74.76610199965907,40.631348000247186],[-74.76621499963697,40.63118900006439],[-74.76638299986645,40.6310009999686],[-74.76645900003444,40.63092000000351],[-74.7665190003089,40.63084500002396],[-74.76656100014169,40.630774999921655],[-74.7665760002103,40.63074299988938],[-74.76662499971579,40.630690999974654],[-74.766695000036,40.63064699970056],[-74.76674699991452,40.63060099981684],[-74.76678799992241,40.630548999791536],[-74.766843000174,40.63047400007705],[-74.76691199977098,40.63036200007393],[-74.76695100012903,40.630238999744506],[-74.76696600019764,40.63014599992701],[-74.76697200004543,40.630011000247315],[-74.76696399964952,40.629832000165386],[-74.76696899967237,40.62959100010458],[-74.76692400036485,40.62945099992452],[-74.76680899983882,40.62928900022638],[-74.76667099974655,40.62913799977508],[-74.76638799988933,40.628934999745546],[-74.76605900000135,40.62869700033562],[-74.76585499978685,40.628514000172416],[-74.76573299958814,40.62836000020158],[-74.7656189997853,40.62823700027524],[-74.76559799986892,40.628212999681196],[-74.76534699979875,40.62793999990167],[-74.76511400017024,40.627740000161566],[-74.76494900031379,40.627594999992525],[-74.7648920004124,40.62753500030065],[-74.76486399992498,40.62751900019192],[-74.76484899985637,40.62748900031857],[-74.76481100022154,40.62745000019041],[-74.7647459999242,40.62735400004004],[-74.76466899993132,40.6272520000274],[-74.76458100006778,40.62717400015323],[-74.76437600002835,40.62700000021054],[-74.76398199984305,40.626733000016436],[-74.76348499972559,40.62643500026034],[-74.76315800038576,40.62628000007202],[-74.76308100039287,40.62623600030049],[-74.76299600000405,40.626187000195436],[-74.76298000011053,40.626177000266956],[-74.76289999974459,40.626129000316766],[-74.76284100019336,40.62607799973537],[-74.76279699981242,40.62603300031294],[-74.76276400020046,40.62598800017843],[-74.76272999986527,40.62593499976896],[-74.7627240000175,40.62591899995871],[-74.7627240000175,40.62590799978865],[-74.7627240000175,40.62589000025023],[-74.76272700039053,40.6258709998231],[-74.76274300028408,40.62585499999751],[-74.76282699994965,40.62581500007582],[-74.76289600044494,40.62578299971217],[-74.76302899961601,40.625732000230144],[-74.76307700019491,40.625709999826576],[-74.76311700037789,40.62567599968451],[-74.76315099981474,40.62562699985042],[-74.76315699966253,40.62557399983627],[-74.76313499992123,40.62549600004773],[-74.76310999980687,40.62546000006214],[-74.76310300013418,40.62545000002486],[-74.76304700005768,40.6254050001793],[-74.76298799960813,40.62536999967246],[-74.76297599991258,40.625363999778514],[-74.76280799968308,40.62560600030005],[-74.7622679999079,40.62638299971819],[-74.76096599970141,40.62825499986292],[-74.75605900007261,40.63531099966],[-74.75593600004898,40.63547499986233],[-74.75580100032975,40.635676999724076],[-74.7549240002707,40.63693700009032],[-74.7539319996856,40.638307000316495],[-74.75326399986392,40.63928699972398],[-74.75243799985849,40.64040099983157],[-74.75180799967164,40.6413040000954],[-74.75081199978689,40.64275799986173],[-74.75066000034924,40.642978999834654],[-74.74940699964823,40.64471600030808],[-74.74811899968545,40.646534999977234],[-74.74695600029442,40.648153000022916],[-74.7454830003837,40.650082000211675],[-74.7454110004137,40.650180000073725],[-74.74533799972042,40.65027799979185],[-74.74515600014556,40.65052599965963],[-74.74440700013301,40.65154100003263],[-74.74398299981048,40.65209900014504],[-74.7425890004408,40.653938000031786],[-74.74254599988477,40.65397899992417],[-74.74250200040217,40.65401900001098],[-74.74216299957014,40.6544820003097],[-74.74197199977442,40.65474200018891],[-74.74135900020433,40.65447400007717],[-74.74064000032901,40.65415899978515],[-74.7402319999,40.65397999970516],[-74.73950600035201,40.65366199976828],[-74.73826600006979,40.65311900009518],[-74.73822000003904,40.653099000125735],[-74.73744099988927,40.65275799992914],[-74.73665800043987,40.65241499974401],[-74.73628500017095,40.652251000268336],[-74.73597600037448,40.652116000306066],[-74.73465099970343,40.65153600026337],[-74.73195299957912,40.65038499992479],[-74.72860000005188,40.64892199993764],[-74.72883900042649,40.64860000030372],[-74.72625400028006,40.64753400031058],[-74.72522300023523,40.64710799999752],[-74.7241660002511,40.646672000106065],[-74.72408099986231,40.646733000212215],[-74.7240449998773,40.6467580001726],[-74.72395000034105,40.64685799992039],[-74.72393500027243,40.64696500008437],[-74.72386499995224,40.64734699977361],[-74.72382300011945,40.64750899995929],[-74.72376700004295,40.64761499988481],[-74.7237150001644,40.64767499993518],[-74.72363399997354,40.647760000198225],[-74.72345999989629,40.64789099994257],[-74.72333799969755,40.64796099982021],[-74.72320299997833,40.64806400010058],[-74.72301999968023,40.64825299972517],[-74.72287499991528,40.6483939998754],[-74.72276299976228,40.648528000007936],[-74.72267400007382,40.64865600002572],[-74.72252500011092,40.64888899988573],[-74.72238199999578,40.64913399990245],[-74.72219399967479,40.64939599987371],[-74.72204999973475,40.64958999973069],[-74.72173000006762,40.64996099977312],[-74.72144700021039,40.650310999838396],[-74.72125499969145,40.650528000006574],[-74.72105899987288,40.65078500013153],[-74.72092699962839,40.6509550001237],[-74.72082299987133,40.65104199994818],[-74.72070700041868,40.65111199992829],[-74.7206239996797,40.651154000017414],[-74.7204909996103,40.6512059996692],[-74.72022000034696,40.65132299993026],[-74.72012800028546,40.651380999733206],[-74.72003299985089,40.65147099982105],[-74.71998900036829,40.65151599981948],[-74.719927000444,40.65158100021796],[-74.71985100027602,40.65164999981675],[-74.71978500015379,40.651696000191166],[-74.71966100030524,40.651773000228395],[-74.71963000034307,40.65178999979094],[-74.71958000011438,40.65182100014465],[-74.71952900006075,40.65186100016214],[-74.71949899992353,40.65190199996771],[-74.71948600040304,40.65194199993659],[-74.71948300003,40.65199299984515],[-74.71949300007573,40.65203599987136],[-74.71950099957334,40.65206000007998],[-74.71951399999215,40.65210300006301],[-74.71953099971059,40.65213999980437],[-74.71954099975632,40.65216099986945],[-74.71959799965774,40.65223800005163],[-74.71961199990143,40.652256999790815],[-74.71977699975785,40.65247999994828],[-74.71985499957567,40.65260399999456],[-74.71988200023816,40.652659999764076],[-74.7199190000481,40.6527370000519],[-74.71998400034542,40.652873999715936],[-74.72006600036119,40.65307200022566],[-74.72016099989742,40.65343000000682],[-74.72016099989742,40.65355100028857],[-74.72016099989742,40.6536500002939],[-74.72014199963084,40.653745000333046],[-74.72009999979804,40.653844000050526],[-74.72004999956934,40.65390399995235],[-74.7199979996908,40.653946000328595],[-74.71988800008593,40.65399300026398],[-74.71976300041248,40.654038999704646],[-74.71967300000078,40.65408000021644],[-74.71962899961986,40.65410800016916],[-74.7195680004188,40.654136999888806],[-74.71954199958121,40.654172000309096],[-74.71952400003788,40.65420000022325],[-74.71951300016723,40.65425600001627],[-74.71951999983992,40.654313000219744],[-74.71951999983992,40.654323999799075],[-74.71952499986278,40.654353000106305],[-74.71952999988567,40.654368999917914],[-74.71954900015223,40.65438799973182],[-74.7195960000079,40.65440100021114],[-74.71963500036595,40.6544019999858],[-74.71969999976497,40.6543969997494],[-74.71986999964429,40.65436800014275],[-74.71991499985013,40.65435699988922],[-74.71996799955357,40.65435200033091],[-74.71999500021606,40.65435200033091],[-74.7200400004219,40.654356000113886],[-74.72017599996603,40.65438699995694],[-74.72041100014268,40.654456999835446],[-74.720504999854,40.654512000321276],[-74.72051800027279,40.65451999986774],[-74.72060600013634,40.654590000288216],[-74.72072199958899,40.65468799966306],[-74.72081600019862,40.65477800006085],[-74.72093500002431,40.654878999825115],[-74.72098000023016,40.654913000089216],[-74.72104399980425,40.65495300029759],[-74.7210959996828,40.654986999842464],[-74.72115699978217,40.65503299996081],[-74.72117100002588,40.65504799984443],[-74.72117500022384,40.65506799991112],[-74.72117500022384,40.65509800034071],[-74.72116400035317,40.65511900015633],[-74.7211309998429,40.65515700003302],[-74.72110699955344,40.65519799985784],[-74.72110099970567,40.655231999959376],[-74.72109999988076,40.655251000208985],[-74.72110099970567,40.65526900001011],[-74.72110599972854,40.65531900034072],[-74.72113300039103,40.65537499987603],[-74.72117100002588,40.655431000045844],[-74.72120500036105,40.655465999787324],[-74.72123899979795,40.655496999796156],[-74.7212930002246,40.655527999790635],[-74.72135799962362,40.655552000106155],[-74.72145899990598,40.65556999982603],[-74.7215250000282,40.65557499997452],[-74.72160299984601,40.65557599973158],[-74.72174599996114,40.65557100026468],[-74.7218139997332,40.65556300016272],[-74.72182999962672,40.65555599981718],[-74.72187599965747,40.65552600027504],[-74.72190099977183,40.65550900030137],[-74.72198799981048,40.655471999702236],[-74.72202100032075,40.655465999787324],[-74.72205999978048,40.65546100031217],[-74.72210199961329,40.65546100031217],[-74.72213500012357,40.65546700022753],[-74.72217199993348,40.65547900005659],[-74.72219600022292,40.65549600003796],[-74.72221899978915,40.65551699972829],[-74.72223800005573,40.655566999873095],[-74.72224599955334,40.655614000029495],[-74.72226900001787,40.65573799970339],[-74.72228300026157,40.65581900022329],[-74.72229099975918,40.65587799995952],[-74.72230300035305,40.6559460001337],[-74.72232500009436,40.656075999732586],[-74.72236199990428,40.65618699978198],[-74.72242800002653,40.65628500021852],[-74.7224680002095,40.65634700014218],[-74.72248300027812,40.65636500032907],[-74.7225329996085,40.65642400026394],[-74.72260700012667,40.65650299978321],[-74.72272500012744,40.65658799970492],[-74.72281999966368,40.65662499968508],[-74.72306099968812,40.656712000294405],[-74.72349800042943,40.656848000236295],[-74.7236309996005,40.656885000072315],[-74.7245029996367,40.65719100012114],[-74.72491500026366,40.6573489999755],[-74.72540599963502,40.65755099974463],[-74.72559599960582,40.65762799983974],[-74.72569699988816,40.65767900017241],[-74.72574299991892,40.657699999857066],[-74.72590000027775,40.65779500026274],[-74.72607799965466,40.65788999985163],[-74.72620499987627,40.657955999895215],[-74.72630399961047,40.6579979997651],[-74.72643099983209,40.65804500025336],[-74.72653200011442,40.65811300026319],[-74.72665500013807,40.6581779996867],[-74.72680599975081,40.65824499984391],[-74.72695700026186,40.6583140000474],[-74.72706699986672,40.65836600025233],[-74.72723099989825,40.65843399993496],[-74.7273549997468,40.658505999763875],[-74.72737700038643,40.6585199998352],[-74.72741199964821,40.6585369997231],[-74.72755200028861,40.658614000043045],[-74.72763400030438,40.65868200015436],[-74.72771399977199,40.65877100022541],[-74.7277770004195,40.65886700017652],[-74.72782799957481,40.65897900005848],[-74.72787100013085,40.65910199990692],[-74.72791999963633,40.6593510000693],[-74.72798199956061,40.659584000063646],[-74.72801500007088,40.659660999856555],[-74.72808399966786,40.659770000004386],[-74.72812999969861,40.65980900033285],[-74.7281919996229,40.65983499985773],[-74.72828399968441,40.65987800028152],[-74.72840400023333,40.659936000143674],[-74.72851800003613,40.66001800002722],[-74.72865299975534,40.66011699997669],[-74.7287060003571,40.66016799976939],[-74.72881199976399,40.66027499971552],[-74.72886500036576,40.66035800023063],[-74.72892200026718,40.66045399994227],[-74.72899699971192,40.66068700017267],[-74.7290290003973,40.660785000131725],[-74.7290579998113,40.66089700020067],[-74.72907899972769,40.661122000129794],[-74.72907100023009,40.66132099968297],[-74.72903400042016,40.661517999987964],[-74.72901500015358,40.66163699989723],[-74.72901299960544,40.66170800001109],[-74.72902000017646,40.66177599969419],[-74.72904399956758,40.6619670000066],[-74.72905199996352,40.66206999979108],[-74.72905500033656,40.662129999790686],[-74.72905000031369,40.66218100008866],[-74.72904899959046,40.662201999718995],[-74.72903299969694,40.662238000335435],[-74.72896400009996,40.66238500020913],[-74.72894999985625,40.66245299988345],[-74.7289459996583,40.66249200000614],[-74.72895099968117,40.66255000032114],[-74.72896499992487,40.66262199979607],[-74.72903500024508,40.66275000003357],[-74.72904399956758,40.66276700020635],[-74.72907500042805,40.66282399995235],[-74.72915900009363,40.66285200032379],[-74.72921299962199,40.66286400018735],[-74.72926799987358,40.66287099976603],[-74.72941400036176,40.6628720000952],[-74.72944699997372,40.66287000011834],[-74.7294739997379,40.66286899978914],[-74.72950999972291,40.662874000072],[-74.72955499992875,40.66287800002542],[-74.72960299960933,40.66289399983681],[-74.72970499971657,40.662924999801106],[-74.72976499999103,40.66293999995448],[-74.72983899961089,40.66296600030324],[-74.72996099980962,40.66306600029216],[-74.73000799966529,40.663103000086544],[-74.73008999968104,40.66318500016539],[-74.73012200036642,40.663227999792504],[-74.73016500002412,40.66332699974772],[-74.73019400033644,40.663415000114576],[-74.73020400038219,40.66348500006017],[-74.73020199983405,40.66351999966476],[-74.73019699981117,40.663560999801135],[-74.7301780004429,40.66362200014026],[-74.73013900008485,40.6636849996947],[-74.73008499965817,40.66374200001906],[-74.73006399974179,40.663790000182644],[-74.73004000035066,40.66383100015311],[-74.73003799980252,40.66388799967126],[-74.73004500037352,40.66399699972593],[-74.73007100031279,40.664123999740035],[-74.7301290000391,40.66425199982077],[-74.73016199965107,40.664300000298745],[-74.73018799959033,40.66433799971572],[-74.73032400003278,40.66447300015913],[-74.73043899966052,40.66456399992527],[-74.73046999962266,40.66459699971995],[-74.73048499969126,40.66461200017876],[-74.73051400000358,40.664666999787855],[-74.73058400032379,40.66477500031312],[-74.73070800017233,40.66490999987199],[-74.7307409997843,40.664964999916755],[-74.7307759999444,40.665041000015485],[-74.7308110001045,40.66519400024749],[-74.73081600012738,40.665326000125525],[-74.73080199988368,40.66545700013339],[-74.73079199983792,40.665492000065925],[-74.7307759999444,40.66555600018705],[-74.73071300019521,40.66562700021765],[-74.73065700011873,40.665681000065575],[-74.7306289996313,40.66570800031382],[-74.73059400036952,40.665736999760675],[-74.73054599979064,40.6657620000961],[-74.73043500036087,40.66578999991556],[-74.73027800000202,40.66580000004293],[-74.73015900017634,40.665820999896646],[-74.73005200004621,40.665858000206896],[-74.72987899979385,40.66592500014553],[-74.72969300002102,40.666005999879715],[-74.72945000034676,40.66616900001414],[-74.7291709997892,40.66639599974663],[-74.72908600029871,40.66646400010143],[-74.72895999990202,40.66656800002901],[-74.72885199994697,40.66663199979899],[-74.72875999988547,40.66666800006846],[-74.7287270002735,40.66667400033861],[-74.72854300015048,40.66670999990408],[-74.72839900021044,40.66671699976054],[-74.72827500036188,40.66672999988137],[-74.72821500008743,40.6667440002707],[-74.72816200038397,40.66676999981796],[-74.72806600012451,40.666820999974924],[-74.7280519998808,40.666825999961496],[-74.72799099978144,40.66685000030061],[-74.72790600029094,40.6668729996806],[-74.72778699956694,40.66691600033696],[-74.72768600018291,40.66696400026042],[-74.7275790000528,40.66701799970714],[-74.7274660000749,40.667064999972325],[-74.72736999981541,40.66708299999264],[-74.727276999929,40.667081999726676],[-74.72724699979177,40.66707600017458],[-74.72700800031548,40.667038000273465],[-74.72691299988092,40.66701799970714],[-74.72680099972794,40.66700099993654],[-74.72669600014596,40.66699700023033],[-74.72658200034313,40.66700400005667],[-74.72654700018303,40.66701500026899],[-74.72641400011365,40.66705399976826],[-74.72627400037156,40.66711200020444],[-74.72614299995199,40.66721000026281],[-74.72596899987472,40.667370000076524],[-74.72572200000252,40.667577000092045],[-74.72557200021468,40.66768000007104],[-74.72537999969576,40.667779999805845],[-74.72531199992369,40.66780500005682],[-74.72508099994499,40.66786400009404],[-74.72493100015718,40.667934000139844],[-74.72483900009568,40.66800400011217],[-74.7247429998362,40.66809199975898],[-74.72464699957673,40.668206999888945],[-74.72445999997898,40.668518000325335],[-74.72441099957518,40.66857999978108],[-74.72433000028263,40.66865500028746],[-74.72425099974161,40.66870099983864],[-74.72407500001452,40.66880499968448],[-74.72385099970855,40.66897699988598],[-74.72375500034738,40.66903999983297],[-74.72350199972908,40.66920199981264],[-74.72340800001774,40.66926899979856],[-74.72330000006271,40.66934499976207],[-74.72319600030563,40.66941800030893],[-74.7230239998782,40.6695560000137],[-74.72291000007537,40.66966599988979],[-74.72287099971733,40.66971600033094],[-74.72281999966368,40.669861000308146],[-74.72279600027254,40.66991500013452],[-74.72270099983801,40.67009000017975],[-74.72268599976938,40.67015399997649],[-74.72268400011956,40.670245999704434],[-74.72272799960218,40.67064099968603],[-74.7227140002568,40.670922000240886],[-74.72267499989873,40.67128799987895],[-74.72262499967002,40.67152700025058],[-74.72258600021027,40.67177299977262],[-74.72251500006516,40.672079000337654],[-74.7224060002852,40.67249399997352],[-74.72239299986643,40.67256900016572],[-74.72240200008726,40.672761999909056],[-74.72240700011014,40.67291699981734],[-74.7223639995541,40.67331299981938],[-74.72233000011724,40.67352600011743],[-74.7222509995762,40.67371399966481],[-74.72200600025212,40.67413699994451],[-74.72193799958175,40.67425099971061],[-74.72190199959675,40.67433399986589],[-74.72187700038072,40.674450000287386],[-74.72187599965747,40.67478700004997],[-74.72185999976396,40.674976000277105],[-74.72182799997691,40.675133000098086],[-74.72178899961884,40.675304000185456],[-74.72178500031919,40.67535399980541],[-74.7217789995731,40.675412999976366],[-74.72179399964172,40.675470999954996],[-74.72183200017487,40.67552600014652],[-74.72189300027422,40.67556699971478],[-74.72193900030499,40.67559699978167],[-74.7219829997876,40.675639000125194],[-74.7220179999477,40.67568699990141],[-74.7220460004351,40.67577699989962],[-74.72205099955966,40.67591299980268],[-74.72205099955966,40.67593399987822],[-74.72197699993983,40.675993999668236],[-74.72190900016776,40.67602900020211],[-74.72183299999976,40.6760660002988],[-74.72174799961097,40.676088999906646],[-74.72175600000688,40.676107000216234],[-74.72179100016697,40.67623800016563],[-74.7217929998168,40.67629000002219],[-74.7216940000826,40.6764570000471],[-74.72165200024982,40.67654199974815],[-74.72163100033342,40.67660399991863],[-74.72161200006684,40.67665899985676],[-74.7216239997624,40.676750000026345],[-74.72165999974742,40.676803000285005],[-74.72169800028057,40.67682899999804],[-74.72171900019697,40.67684300031094],[-74.72193900030499,40.676951000192894],[-74.7219839996125,40.6770519997665],[-74.72200700007706,40.67710999968178],[-74.72204800008494,40.67721500015183],[-74.72206999982623,40.6772719998122],[-74.72208400006994,40.67736299982637],[-74.722079999872,40.67741299994596],[-74.72204899990983,40.67747000011831],[-74.72197699993983,40.67755499989036],[-74.72193500010704,40.67762600008978],[-74.72191599984045,40.677802999864305],[-74.72188700042645,40.67804599977071],[-74.72186099958887,40.678249000314345],[-74.72184399987042,40.67836999985772],[-74.72181899975607,40.678477999991],[-74.72178000029633,40.678548999888626],[-74.72173199971743,40.67862600026789],[-74.72164700022694,40.678730000302714],[-74.72160600021905,40.6787709999443],[-74.7214200004462,40.67889299999154],[-74.72134699975297,40.678927000277646],[-74.7212299995771,40.678989999679935],[-74.72116299962995,40.67902700017703],[-74.72107300011659,40.67907600032507],[-74.7210599996978,40.67908499973656],[-74.72093900022229,40.679172999747124],[-74.72086899990208,40.67923699968185],[-74.72083899976485,40.679270999792486],[-74.72070999989343,40.67941399994775],[-74.72065100034219,40.67947899973115],[-74.72053599981615,40.67958700011143],[-74.72045499962529,40.67964700002003],[-74.72036500011191,40.67969599971228],[-74.72019100003466,40.67976899982661],[-74.72009700032332,40.679800000121574],[-74.71986100032176,40.679869999899566],[-74.71967300000078,40.679916999962266],[-74.71940799968691,40.68000400016486],[-74.71908100034709,40.68013600002046],[-74.71895300030056,40.680187000173355],[-74.71871300010106,40.6803209998014],[-74.7185409996736,40.68048100017377],[-74.71846399968071,40.68057299995849],[-74.71844600013738,40.680618000080976],[-74.71843100006875,40.6806579998615],[-74.71841199980219,40.680753000266016],[-74.71839500008373,40.68090299969681],[-74.71838699968782,40.68095099977034],[-74.71837499999226,40.68110899988184],[-74.71837300034244,40.68121899977285],[-74.71839500008373,40.681304000214546],[-74.7184340004418,40.681361999836646],[-74.71845399963497,40.68141000026089],[-74.71846100020599,40.6814829998606],[-74.71845700000803,40.68152800004995],[-74.71843299971857,40.68159299981562],[-74.71834300020521,40.68170699977567],[-74.7183010003724,40.6817649997283],[-74.71826899968704,40.68182499972015],[-74.71823900044812,40.68190299976507],[-74.71822799967917,40.68200199992645],[-74.71821199978562,40.68227299990503],[-74.71819400024229,40.68253599987143],[-74.71819199969416,40.682597999916986],[-74.71820799958766,40.68280699972254],[-74.71823199987713,40.682918000245905],[-74.71823500025017,40.68293500004588],[-74.71823299970202,40.68302999992997],[-74.71819000004433,40.68314000005689],[-74.71804399955614,40.68343900007897],[-74.71800000007352,40.683527999810515],[-74.71797199958613,40.683576000037405],[-74.71795499986769,40.68359399968782],[-74.71787600022496,40.68368199987668],[-74.71782299962322,40.68374000015435],[-74.71776200042216,40.68379699968517],[-74.71772800008696,40.68386900006252],[-74.71774399998048,40.683988000279165],[-74.71781199975256,40.684098000187404],[-74.71789700014136,40.6841780003163],[-74.71795400004277,40.684224000057434],[-74.71805500032512,40.68432200017008],[-74.71813599961764,40.68442000013867],[-74.71826799986215,40.68455600012043],[-74.71841099997727,40.68471399986093],[-74.71853700037396,40.68485199992285],[-74.71866200004743,40.68499199969367],[-74.71882000023119,40.68514199980295],[-74.71893300020909,40.68522500002263],[-74.7190339995931,40.68527999965986],[-74.71913800024849,40.68532699999509],[-74.71928800003631,40.68538800017786],[-74.71955500000001,40.68542399985745],[-74.71974599979573,40.685390000160524],[-74.72014699965372,40.68528800028453],[-74.720617000007,40.68520900011967],[-74.72124899984368,40.685150999757944],[-74.721418999723,40.68520900011967],[-74.7216659995952,40.68525399983703],[-74.7217359999154,40.685285000305825],[-74.72179100016697,40.685313000101594],[-74.72193699975685,40.68540600002009],[-74.72214299962118,40.68555899984527],[-74.72252500011092,40.685905999825714],[-74.72297600019762,40.68631899994658],[-74.7230039997867,40.68635299985072],[-74.72304499979458,40.68642100028825],[-74.72306499988606,40.68648999995002],[-74.72306800025913,40.68652399976697],[-74.72305499984033,40.68661300014722],[-74.7230530001905,40.686701999727525],[-74.72305599966523,40.68676000010179],[-74.72306400006117,40.68682600018448],[-74.72308699962738,40.68690599976355],[-74.72310400024413,40.68696100005706],[-74.72314000022915,40.68704200012181],[-74.7232010003285,40.68710599999401],[-74.72331199975827,40.687202000027675],[-74.7233550003143,40.687232000307866],[-74.72347800033793,40.68729699996036],[-74.72354299973695,40.68733699981978],[-74.72365400006505,40.68741800010871],[-74.72374399957842,40.68750400009751],[-74.72383200034028,40.687608999862036],[-74.72389599991438,40.68771100027281],[-74.72393799974716,40.687837000123935],[-74.7239479997929,40.68798100024598],[-74.72394500031818,40.68806299970338],[-74.72392500022669,40.68815100012198],[-74.72388699969353,40.68822099998496],[-74.72380899987574,40.688365999905095],[-74.7236299997756,40.688488000100826],[-74.72345900007137,40.68857300012749],[-74.7234249997362,40.68858700001734],[-74.72337899970545,40.68860900013014],[-74.72334799974328,40.688636999891735],[-74.7232780003214,40.68876100015405],[-74.72317299984111,40.68899999987138],[-74.72309900022127,40.689199000013694],[-74.72304800016762,40.689393999836824],[-74.72298200004539,40.68956200033768],[-74.72286700041768,40.68976900025074],[-74.7227429996708,40.68994499987172],[-74.72267700044686,40.69001300004972],[-74.72264800013455,40.690045000269734],[-74.72256199992083,40.690115000186665],[-74.72247999990506,40.690168999955524],[-74.72228499991138,40.69035399981578],[-74.72216199988775,40.69048299986358],[-74.722151999842,40.690491999778395],[-74.72197699993983,40.69074899986015],[-74.72195600002343,40.69078200031829],[-74.72192300041146,40.69083199990806],[-74.7218909997261,40.690871999689016],[-74.72185300009126,40.69091200012718],[-74.72174500013621,40.69104699989599],[-74.72163700018119,40.69115599982765],[-74.72160600021905,40.691182000072445],[-74.72154099992173,40.69123700024251],[-74.72139399960864,40.69131400026812],[-74.7213009997222,40.69135899994998],[-74.72123700014811,40.691421999862214],[-74.72121100020885,40.691477999734154],[-74.72115599995725,40.69157600007799],[-74.72111099975142,40.69172999993783],[-74.72104700017731,40.69198999968962],[-74.72099199992573,40.69218299974003],[-74.72098000023016,40.69240799967884],[-74.7209769998571,40.69243800033983],[-74.72097000018442,40.6924969996932],[-74.72092699962839,40.69269299996371],[-74.72091499993284,40.692833000290456],[-74.72096500016154,40.69314900033588],[-74.72102000041313,40.693477000048055],[-74.7210890000101,40.69367700030938],[-74.72115099993438,40.69379500017514],[-74.72125399986653,40.69392399969117],[-74.72132500001167,40.69399400030082],[-74.72136000017176,40.69405500004234],[-74.72137299969224,40.69411300014671],[-74.72133300040758,40.69501399976991],[-74.72129499987443,40.695267000065115],[-74.72124499964572,40.69557599991385],[-74.7212150004068,40.69573400008949],[-74.72118100007161,40.69590200027036],[-74.72115199975929,40.695988000207144],[-74.72111400012446,40.69606799968435],[-74.72082600024437,40.69665699976552],[-74.72081100017577,40.69666600020858],[-74.72073099980983,40.69683000012283],[-74.72065700018997,40.69692800008653],[-74.7205740003493,40.69700799979714],[-74.72047200024204,40.697078999706726],[-74.72044499957956,40.69709200003694],[-74.72030300018766,40.697169000106896],[-74.72009499977518,40.69725799989114],[-74.72003799987378,40.69727699974552],[-74.7199419996143,40.69730899988229],[-74.71980100004731,40.697344999932675],[-74.7197309997271,40.697377999848214],[-74.71968300004653,40.697402000086136],[-74.71964799988645,40.69744400031139],[-74.7195809999393,40.697509000218645],[-74.7194679999614,40.697602000143235],[-74.71939299961831,40.69765999988406],[-74.71937800044802,40.6976690001916],[-74.71930599957967,40.69770000033345],[-74.7191599999898,40.69771500015524],[-74.7191240000048,40.697720999674395],[-74.71906899975322,40.69771200005494],[-74.71903500031634,40.69770999976097],[-74.71890399989675,40.69770000033345],[-74.71878199969804,40.69770999976097],[-74.7186870001618,40.697733999879276],[-74.71862900043547,40.69776100008716],[-74.71846000038107,40.69786399974549],[-74.71840400030457,40.697897999888696],[-74.71832700031169,40.6979439996942],[-74.71826399966416,40.697976999994154],[-74.71824100009795,40.69798300017074],[-74.71819000004433,40.6979809998849],[-74.7181380001658,40.697956000052834],[-74.71810600037874,40.69792500003011],[-74.71805600015004,40.69787900021143],[-74.71801099994418,40.69783100007064],[-74.71798199963187,40.69781600027497],[-74.7179339999513,40.69781600027497],[-74.71786600017923,40.697817999884684],[-74.71778300033856,40.69784299976854],[-74.71777199956958,40.69784800015283],[-74.7177230000641,40.69787500031452],[-74.71765899959168,40.69791599975714],[-74.71754999981174,40.69799700012668],[-74.71742900033622,40.69810099990178],[-74.71738300030546,40.698178999967055],[-74.71735399999315,40.698252000268546],[-74.71732899987879,40.698303000179756],[-74.7172860002211,40.698347000111866],[-74.71721199970294,40.69839700015423],[-74.71719800035756,40.698405999681135],[-74.717102999923,40.69847000021677],[-74.71704400037176,40.6985049998452],[-74.71698800029526,40.69853799986724],[-74.71688899966274,40.69857499972802],[-74.71684099998217,40.69858900024057],[-74.71677700040806,40.698609000189364],[-74.71669899969194,40.698646000010704],[-74.71662699972192,40.698686999659884],[-74.71657300019358,40.69873400007379],[-74.7165120000942,40.69881599991963],[-74.71644099994909,40.69894299967266],[-74.71635200026063,40.6991499997272],[-74.71626299967384,40.69931500011927],[-74.71613600035056,40.699502000024225],[-74.71603500006822,40.699631000067825],[-74.71589399960291,40.69986700029296],[-74.71582199963288,40.700057999776455],[-74.71575899988369,40.7002950002996],[-74.71575899988369,40.700377000267],[-74.71575999970861,40.70045999989868],[-74.71576599955638,40.70053799992595],[-74.71579900006667,40.700646999994476],[-74.71584699974723,40.70074199982747],[-74.71589699997595,40.70080499972088],[-74.71596599957294,40.700880999826445],[-74.71606199983239,40.700967000146065],[-74.71624000010763,40.70107799970543],[-74.71641599983472,40.70120299972409],[-74.7165060002464,40.70127099998984],[-74.71653499966042,40.7013030002511],[-74.71654399988124,40.701348999748475],[-74.71654499970616,40.701402999947],[-74.716553999927,40.70145700010173],[-74.71654999972903,40.701549999962914],[-74.7165680001707,40.701627000328244],[-74.71677400003503,40.701957999752715],[-74.71686799974634,40.70203000025742],[-74.71702199973213,40.70214900005076],[-74.71712800003733,40.70225899994531],[-74.71721800044902,40.70241199989278],[-74.71728299984804,40.702540999749075],[-74.71735599964298,40.70263799975094],[-74.71742900033622,40.70269099985375],[-74.71757300027626,40.70278600017664],[-74.71779000001125,40.70289700010984],[-74.71793200030147,40.70298700014075],[-74.71800199972336,40.70307700005005],[-74.71802400036299,40.70313199993476],[-74.71802799966261,40.703203000127395],[-74.71801799961688,40.70324700022798],[-74.71799300040084,40.70330499982086],[-74.71795800024073,40.70335199970049],[-74.7179339999513,40.703370999859736],[-74.71789399976832,40.703402999793134],[-74.71780500007985,40.70345199972518],[-74.71767700003333,40.70349799978151],[-74.71748200003967,40.70354000024927],[-74.71721099987802,40.70357799977413],[-74.71688299981497,40.70364099970917],[-74.71671700013361,40.703687000315995],[-74.7166049999806,40.70375099986376],[-74.71656999982052,40.70378999966441],[-74.7165549997519,40.70384600003674],[-74.7165549997519,40.70391400032829],[-74.71657099964541,40.704040999895625],[-74.7165969995847,40.70416700019231],[-74.71663599994275,40.70432400003386],[-74.71668000032369,40.70449599984316],[-74.71670600026296,40.704566000240206],[-74.71675999979131,40.704690000140296],[-74.71680499999715,40.704761000034054],[-74.71688600018801,40.704852999668766],[-74.71699099976999,40.70494299978058],[-74.71711999964143,40.705041999763075],[-74.71724799968796,40.705124999710705],[-74.71743699983384,40.70526800023114],[-74.71756499988035,40.705346000076],[-74.7176100000862,40.70537299992245],[-74.71772100041426,40.70544000032648],[-74.71784899956248,40.70549599999242],[-74.71796999993632,40.705552000292315],[-74.71814300018866,40.70560799986413],[-74.71829299997648,40.70564899999496],[-74.71844699996228,40.70567000023495],[-74.718645000329,40.70568399993726],[-74.71886899973666,40.705729999813975],[-74.71913300022561,40.705790999705144],[-74.71930300010493,40.70583900023883],[-74.7194760003573,40.70590699985748],[-74.7196169999243,40.7059750000877],[-74.7197089999858,40.70603300002888],[-74.71973499992507,40.70604899969851],[-74.71974800034386,40.70605699987232],[-74.71983799985723,40.70615200016101],[-74.71994099978939,40.706254000105034],[-74.71996799955357,40.70628399997873],[-74.72003899969869,40.70636199999565],[-74.72005899979017,40.70638500004436],[-74.72013999998101,40.70647700015958],[-74.72019799970735,40.706584000015326],[-74.72021399960087,40.70670299984389],[-74.72021000030122,40.706725999774775],[-74.72020000025549,40.706781000051066],[-74.72016199972234,40.70684700005021],[-74.72010700036905,40.70691400033327],[-74.72002100015534,40.707005999717765],[-74.71999900041403,40.707029999891546],[-74.71985100027602,40.70725500007894],[-74.71979600002443,40.70732300029468],[-74.7197650000623,40.707362000046594],[-74.71968399987145,40.707452000172665],[-74.71964500041169,40.7074789998463],[-74.7196179997492,40.70749800019017],[-74.71957000006863,40.70754400017584],[-74.71954999997715,40.7075640001597],[-74.71952099966482,40.70761699974742],[-74.71950399994638,40.70766100033677],[-74.71950899996926,40.707721000164916],[-74.71951499981704,40.70777899994745],[-74.71956699969557,40.70784300032978],[-74.7195890003352,40.707865000212934],[-74.7196520000844,40.70792600019142],[-74.71985399975077,40.70815199972514],[-74.71991800022317,40.7082130001217],[-74.71998900036829,40.708302999778596],[-74.72004399972155,40.70838399977444],[-74.72011700041479,40.708504000116776],[-74.72025999963162,40.70878600003606],[-74.72042100018841,40.70904400000275],[-74.72050800022706,40.709204000187306],[-74.72057000015133,40.70933400013927],[-74.7205890004179,40.70938699968021],[-74.72059199989265,40.70945000024884],[-74.72057699982402,40.709544999783006],[-74.72054400021207,40.709701000257965],[-74.72052199957244,40.7098129998672],[-74.72051200042502,40.70994899977179],[-74.72051300024992,40.71008199985548],[-74.72051999992262,40.710142999845964],[-74.72057099997625,40.71028000005625],[-74.72058699986977,40.710308000243494],[-74.72060100011349,40.71033500012103],[-74.72070400004564,40.71051600000106],[-74.72075000007639,40.71059399982778],[-74.7208069999778,40.71068399967138],[-74.72085899985635,40.710777999877564],[-74.72089400001643,40.7108610001666],[-74.72092900017653,40.710955000122915],[-74.72094900026802,40.71101900017661],[-74.72097199983423,40.71114700009943],[-74.72098500025304,40.7112590000003],[-74.72102000041313,40.711665999956814],[-74.72105499967492,40.71179700014472],[-74.72110699955344,40.712008000154995],[-74.72115400030744,40.712298000320516],[-74.72117199985078,40.71256100025894],[-74.72116900037605,40.7126510001676],[-74.7211590003303,40.71268500025274],[-74.72115000010947,40.71271699979632],[-74.72112099979715,40.712765999684684],[-74.72107999978927,40.712826999940006],[-74.72101299984212,40.71289699975112],[-74.72095599994071,40.71295100011934],[-74.72090800026012,40.71298699988653],[-74.72080899962761,40.71305100002985],[-74.72073599983268,40.713102000185124],[-74.72069700037294,40.71314400004331],[-74.72065600036505,40.71320699978097],[-74.7206239996797,40.7132949996714],[-74.72061299980903,40.713348999716814],[-74.72059400044077,40.71343599984914],[-74.72057500017421,40.713508999770724],[-74.7205469996868,40.713566999959184],[-74.720504999854,40.71361100002146],[-74.72044799995261,40.713659999932815],[-74.72036199973888,40.71372799973619],[-74.72019100003466,40.713877000274046],[-74.72014199963084,40.71394999971213],[-74.72011999988955,40.71401100024447],[-74.72007899988165,40.71412600013622],[-74.72006600036119,40.7142790000572],[-74.72007800005674,40.714429999834785],[-74.72011999988955,40.71460000031085],[-74.7201590002476,40.71478199972265],[-74.7202029997302,40.71498399979667],[-74.7202239996466,40.71507600028791],[-74.72023799989032,40.71513699978859],[-74.72025100030909,40.71519099970185],[-74.7203159997081,40.715308000044445],[-74.7203490002184,40.71538500016352],[-74.72038600002831,40.71541600023056],[-74.7204339997089,40.715444000300664],[-74.72074199968046,40.71553300017774],[-74.72111999997223,40.71563200007719],[-74.7214820003705,40.715708999821594],[-74.72163100033342,40.71574900032567],[-74.72200200005418,40.715910000273254],[-74.72209099974262,40.71596100028118],[-74.722151999842,40.71600500012312],[-74.72221999961407,40.716070999831494],[-74.7223350001401,40.716196999835816],[-74.72246700038458,40.716337999995645],[-74.72256600011879,40.71643299991565],[-74.72258200001231,40.71645899982712],[-74.72271599990661,40.7166149997636],[-74.72282499968657,40.71673400004985],[-74.72295899958087,40.71684499988477],[-74.7230880003506,40.716949999705534],[-74.72319999960528,40.71703699989839],[-74.72334400044363,40.7171439998076],[-74.72344999985053,40.71720699984547],[-74.72354899958475,40.71728699971041],[-74.7236380001715,40.71737999993465],[-74.72368800040023,40.717438000155184],[-74.723762999845,40.71752800027989],[-74.72381399989861,40.71760499987396],[-74.72386599977713,40.71770500028378],[-74.72389500008947,40.717836000164375],[-74.72393100007447,40.7180140002127],[-74.72397600028032,40.718195999823536],[-74.7240309996336,40.71838399999896],[-74.72407800038755,40.71845400009522],[-74.72417700012176,40.71854400020809],[-74.72426199961227,40.71860499993552],[-74.72430199979524,40.718633000026045],[-74.72441099957518,40.71872800007532],[-74.72446800037491,40.71879499997835],[-74.7245450003678,40.71889600013153],[-74.7245660002842,40.71893099991969],[-74.72457499960672,40.7189450002383],[-74.72458499965246,40.71901300009044],[-74.72457200013197,40.719056999957765],[-74.72452799975105,40.719112999746855],[-74.72448900029131,40.71916400002441],[-74.72445800032916,40.71919099971503],[-74.72442900001684,40.71921599974657],[-74.72441700032128,40.71922700019321],[-74.72439700022979,40.71924400026096],[-74.72433600013042,40.71930799983626],[-74.72432699990961,40.71931800010478],[-74.72432400043486,40.719365999738706],[-74.72433699995534,40.7194030002839],[-74.72437799996321,40.71943899996661],[-74.7243980000547,40.71944800005448],[-74.72441499977315,40.71945599998022],[-74.72443599968955,40.71946600022649],[-74.72453500032206,40.71947999975173],[-74.7246650000184,40.719483000233204],[-74.72475299988194,40.71948499987328],[-74.7249539997234,40.7194700001884],[-74.7251579999379,40.71943899996661],[-74.7253400004111,40.7194110002151],[-74.72540399998519,40.71941699982243],[-74.72543800032038,40.7194200003067],[-74.72549299967366,40.7194370003252],[-74.72557100038978,40.7194950001152],[-74.72562699956796,40.71952000003256],[-74.72566599992602,40.719531999907886],[-74.72568199981954,40.71952699978986],[-74.72581099969096,40.71953800018516],[-74.72597800009555,40.71955100021663],[-74.7265100003731,40.7195970000459],[-74.72777900006933,40.719693999714885],[-74.72810399975936,40.71971900023836],[-74.72862699981607,40.71975999985103],[-74.73119199987102,40.71996299995248],[-74.73244800004674,40.72006200007252],[-74.73270400013979,40.72008199970065],[-74.73331699970988,40.72028500018183],[-74.73345099960419,40.720332000332384],[-74.73355199988653,40.7203630001383],[-74.73462300011434,40.720718999861624],[-74.73553399961027,40.72102199995456],[-74.736028000253,40.721185999809265],[-74.73653100021824,40.721353000337935],[-74.73733299993424,40.72161900029444],[-74.73851700013995,40.722412000011836],[-74.73924400041119,40.722891999715024],[-74.74093800025486,40.72402099978086],[-74.74250200040217,40.72605799999773],[-74.744038999887,40.72638799978822],[-74.74418000035229,40.726417000064956],[-74.74439700008728,40.72654400028309],[-74.74745699971153,40.72832999989333],[-74.74843800042598,40.728857000060444],[-74.7491089997224,40.72921800003325],[-74.74909799985174,40.72923100021636],[-74.74965600006857,40.729509000120636],[-74.75128700016305,40.73032399972152],[-74.75289999981584,40.73112899969731],[-74.75293499997593,40.73113900023192],[-74.75557000035109,40.73184599970771],[-74.75564599962074,40.731865999879226],[-74.75654199994636,40.73210600010684],[-74.75777800003063,40.732437999788814],[-74.75889799976393,40.732737999741516],[-74.759634000256,40.73293499999124],[-74.75975499973151,40.73296799996914],[-74.75998900008324,40.733031999962115],[-74.76071600035448,40.73322500020632],[-74.76360799974923,40.73400100011883],[-74.76539200000458,40.73449499973251],[-74.76706999995471,40.73495999981789],[-74.76819899990885,40.73527300033468],[-74.76839700027558,40.735328000171165],[-74.76978599962239,40.73571399971204],[-74.77098900009467,40.73604800027251],[-74.77441799978989,40.73671399996321],[-74.77466600038532,40.73675200029436],[-74.77489499981587,40.736796999906126],[-74.7749600001132,40.7368080001696],[-74.77497199980876,40.73680999996978],[-74.77505100034979,40.73682300003093],[-74.77516900035056,40.73684300006767],[-74.77545899988047,40.736897999967574],[-74.77576400037732,40.73695199992404],[-74.77606999980075,40.73699799997845],[-74.77618199995374,40.737017999962575],[-74.77624600042617,40.73702900018951],[-74.7762639999695,40.73703199987983],[-74.77627599966509,40.737033999673265],[-74.77635199983305,40.73704800026783],[-74.77661100029916,40.73709799983901],[-74.77671300040639,40.737120000264596],[-74.77675500023919,40.73712900000347],[-74.77687099969182,40.73715300020872],[-74.77689900017924,40.737157999683156],[-74.77710199967052,40.73719300007776],[-74.77713000015792,40.73719800022987],[-74.77726900007508,40.737221999729556],[-74.77756399962787,40.737272999743745],[-74.77763399994807,40.737284999821455],[-74.77809900027849,40.737370000196655],[-74.77844999990776,40.737446999978324],[-74.77869400030524,40.73749699993023],[-74.7789460002003,40.73754699984462],[-74.77914899969159,40.73758399981146],[-74.77917600035407,40.73758899993418],[-74.7791910004227,40.73759200027992],[-74.77932699996681,40.73761600031813],[-74.77972500035008,40.73769100004138],[-74.78017200023884,40.73777400012664],[-74.7802049998508,40.73778000012058],[-74.78024000001089,40.737786999999415],[-74.7802629995771,40.73779100022156],[-74.78104599992483,40.73793800022029],[-74.78107400041223,40.7379430003164],[-74.78166100004307,40.73804900008739],[-74.78201199967236,40.738112999957266],[-74.78217900007692,40.73814799984947],[-74.78256800023937,40.738210999745036],[-74.7829580002267,40.73827099994673],[-74.78318900020538,40.7383260000273],[-74.78331399987884,40.73834700016982],[-74.78336400010757,40.73835599974269],[-74.78367499955388,40.73845700015982],[-74.78609499984385,40.7389130002823],[-74.78610999991245,40.73891699975607],[-74.78662299992345,40.739012000119814],[-74.78731199966154,40.739141999717056],[-74.79202900021784,40.7400290000054],[-74.79367600020583,40.74033900027355],[-74.79455699956453,40.740715000231916],[-74.79797299973926,40.74218599975703],[-74.79798699998297,40.74217799984114],[-74.79801299992224,40.742188999895426],[-74.7980740000216,40.742139000067084],[-74.79837299977235,40.74189100000925],[-74.79861399979677,40.74171200001591],[-74.79866099965243,40.74171299984229],[-74.7987209999269,40.74171299984229],[-74.80025900013494,40.74173100011788],[-74.80199200033665,40.74174799988213],[-74.80355899995871,40.741793000198044],[-74.80822799993612,40.74114199987726],[-74.81305799957202,40.74131499968814],[-74.81308600005943,40.74161700010512],[-74.81310899962565,40.74190100028746],[-74.81366500019266,40.741994000148296],[-74.81412999962475,40.742070000201494],[-74.81465299968147,40.7421559997271],[-74.81560500008361,40.742312000007296],[-74.81608700013247,40.74250300024483],[-74.81619099988954,40.742544999927695],[-74.81624299976806,40.742567999726646],[-74.81628100030122,40.74257899971643],[-74.8163859998832,40.742621000031924],[-74.8166110000141,40.74270899982918],[-74.81706799994859,40.742890999968566],[-74.81760000022616,40.74284400009618],[-74.81791599969533,40.74281599998266],[-74.81807600042723,40.742801000111434],[-74.8181030001914,40.742805000032064],[-74.81827700026868,40.74277699990212],[-74.81828999978914,40.74277600009174],[-74.81888099961795,40.74272999994922],[-74.82015100003738,40.74262499996338],[-74.82069099981256,40.74257199966123],[-74.8214680003125,40.74250300024483],[-74.82214500035501,40.74244900003016],[-74.82218299998985,40.74244900003016],[-74.82222300017281,40.74244800021485],[-74.82231799970906,40.742435999707276],[-74.82233100012785,40.74243400007618],[-74.82266300038886,40.74239099982638],[-74.82298399988092,40.742346999731936],[-74.82304300033046,40.74233899983541],[-74.82313799986672,40.7423249996738],[-74.8233270000126,40.742286999803746],[-74.82337999971605,40.74227700026419],[-74.82343499996762,40.74226600022446],[-74.82345800043217,40.74226099977272],[-74.82351199996053,40.742248000093646],[-74.8235520001435,40.74223700004912],[-74.8236309997862,40.742210000179604],[-74.82388000020654,40.742357999758276],[-74.8239050003209,40.7423689997828],[-74.82391299981852,40.742360999888916],[-74.82392399968917,40.742333000252685],[-74.82395399982639,40.742256999819375],[-74.82397899994075,40.74219599999089],[-74.82403900021521,40.7421289998247],[-74.82420599972147,40.741979000091696],[-74.82460300027984,40.74163499972612],[-74.82479599972537,40.74146500023794],[-74.82507699993275,40.74116699983055],[-74.82514600042805,40.74110099982469],[-74.82532899982783,40.74080699986916],[-74.82554200026316,40.740503000169184],[-74.82568299983016,40.7403289997605],[-74.825904999588,40.740083999993686],[-74.82609700010694,40.739917000185564],[-74.8262979999484,40.73975999987763],[-74.82632399988766,40.73973299968325],[-74.82643000019287,40.739629000269154],[-74.82649399976697,40.7395240001525],[-74.82654099962265,40.73939999978836],[-74.82657900015579,40.73925300029777],[-74.82661199976775,40.73911199967547],[-74.82667600024017,40.738987999904595],[-74.82676599975355,40.73888400000641],[-74.82684199992153,40.73876300010343],[-74.8268679998608,40.73864799989602],[-74.82686600021096,40.73859200020835],[-74.8268610001881,40.73840499981596],[-74.82687200005876,40.738215999820625],[-74.82691300006664,40.737459999915],[-74.82697900018886,40.73693799998995],[-74.82696599977007,40.73675499999717],[-74.82687799990653,40.736375999716756],[-74.82686000036318,40.73629100011356],[-74.82686399966283,40.736210000038234],[-74.82689799999801,40.73608900003624],[-74.8270799995729,40.73566700021393],[-74.82720799961942,40.73543499994554],[-74.82731499974953,40.735295000002466],[-74.82743399957522,40.735167000224536],[-74.82762600009416,40.73497400016822],[-74.82782699993561,40.7347679997725],[-74.8280999997471,40.73446999999453],[-74.8282410002124,40.73435499985343],[-74.8285020003283,40.73417500006224],[-74.82872499991107,40.73405700026762],[-74.82887899989686,40.73401400004818],[-74.82908899995915,40.73399399984168],[-74.82935500009792,40.73398900012942],[-74.8297330003897,40.73399499978407],[-74.83011900017908,40.73394799975223],[-74.83041899975473,40.73389200019243],[-74.83056000022005,40.73385199970001],[-74.83063700021293,40.73380600019309],[-74.83067200037303,40.73376099991963],[-74.83070099978703,40.73367900022043],[-74.83074299961982,40.733449999678406],[-74.83078399962771,40.732964000137706],[-74.83077299975706,40.73263400028322],[-74.83079000037381,40.732493999891744],[-74.83081899978781,40.732386000185876],[-74.83086599964348,40.73228799998591],[-74.83093400031385,40.73217999994567],[-74.83116000026966,40.73195099969012],[-74.83153199981534,40.73160699988201],[-74.83165099964101,40.731456000267336],[-74.83172400033428,40.731313000172065],[-74.83179999960394,40.731146000128774],[-74.83190599990915,40.73082899997796],[-74.83197100020648,40.73072500025874],[-74.83199100029795,40.73069199984917],[-74.832127999667,40.73050599970975],[-74.83249000006525,40.73007399986123],[-74.83268599988384,40.72980200030782],[-74.83279300001395,40.72959600023657],[-74.83286499998398,40.72939700028913],[-74.83289799959594,40.7292469997575],[-74.83289299957306,40.72903799995971],[-74.83287400020481,40.728655999899985],[-74.83277399974737,40.72759199999242],[-74.8327829999682,40.72748299977828],[-74.83278600034126,40.727439000034764],[-74.83280600043275,40.7273410000372],[-74.83283599967166,40.72719399977036],[-74.83293299975604,40.72679199968857],[-74.83314000034359,40.72611900032777],[-74.83323400005492,40.72593599985068],[-74.83338300001783,40.725735999784234],[-74.83339399988849,40.72570900002537],[-74.83342300020081,40.725640000137915],[-74.83340700030728,40.72563699993403],[-74.83327199968976,40.725604999792765],[-74.8329379997789,40.72552599978241],[-74.83287500002972,40.72551100009732],[-74.832824999801,40.725498999938345],[-74.83275899967876,40.72548400024718],[-74.83256100021036,40.72543799972081],[-74.83193799969621,40.72529400023543],[-74.83184099961183,40.72527199998403],[-74.83141200016473,40.725142999910936],[-74.83036900042433,40.72401700009244],[-74.82976000015388,40.72336000017759],[-74.82971599977294,40.72331300012267],[-74.82970499990229,40.72330199967047],[-74.82966700026745,40.72326000009334],[-74.82962500043466,40.72321400007226],[-74.82961399966568,40.72320200017989],[-74.82901899963895,40.722563999838506],[-74.8288539997825,40.722386999818994],[-74.82760600000267,40.72105099984617],[-74.82747200010837,40.72093400006522],[-74.82738699971956,40.72085899983557],[-74.82670399982925,40.72011600007595],[-74.82653800014789,40.71993499974053],[-74.82620699971179,40.71953700002548],[-74.82563900034754,40.718841000330045],[-74.82561099986013,40.71880699998438],[-74.82553600041538,40.718714999883076],[-74.82454700020331,40.71766500027402],[-74.82450000034767,40.717611000324936],[-74.82446900038553,40.71757599984276],[-74.82443199967729,40.71753299986719],[-74.8243980002404,40.71749399994447],[-74.82219100038576,40.71497100023504],[-74.8232709999361,40.71471000006722],[-74.82465500015836,40.71437400019172],[-74.82622299960533,40.71399400020221],[-74.83061999959618,40.71363900016976],[-74.83098899966711,40.713609000205],[-74.83514399980864,40.712129999955906],[-74.83651600033535,40.71196100025576],[-74.8364490003882,40.71185100004325],[-74.83640300035745,40.7117519999689],[-74.8363799998929,40.71163500018654],[-74.83633700023519,40.711474999714845],[-74.83631899979355,40.711409999817704],[-74.83630000042528,40.71134299997258],[-74.83629600022732,40.71132999970005],[-74.8362889996563,40.711305999714114],[-74.83626600009008,40.711212000253305],[-74.83624299962555,40.71113000000684],[-74.83621699968627,40.71107600020454],[-74.83617400002859,40.710991000288345],[-74.8361820004245,40.71090100017874],[-74.83627299976278,40.71083300021195],[-74.83634899993076,40.71079300015897],[-74.83643400031958,40.710739000083414],[-74.83654800012238,40.71067600005337],[-74.83667799981873,40.71060900015063],[-74.83697499991966,40.71045099984872],[-74.83713599957812,40.71037499976819],[-74.83746299981627,40.71020899991786],[-74.83811899994241,40.70985799999158],[-74.83826500043058,40.709767999712454],[-74.83840199979961,40.70968799966486],[-74.83851599960242,40.70960199971084],[-74.83860799966395,40.70950799988736],[-74.8386610002657,40.709404000217845],[-74.83868399983191,40.70929199992065],[-74.83868399983191,40.709184000015014],[-74.83866899976331,40.70906200026406],[-74.8386539996947,40.70893100014303],[-74.8385919997704,40.708670000131725],[-74.8385619996332,40.708548000120054],[-74.83853900006699,40.70843100015558],[-74.83853200039427,40.708313999985585],[-74.83853099967105,40.70808899997141],[-74.83853200039427,40.70798500012861],[-74.83852399999836,40.70788599975416],[-74.83850899992974,40.70779099989614],[-74.83848600036353,40.70769700024017],[-74.83844000033278,40.707606999764224],[-74.8383790002334,40.7075249998451],[-74.83832499980672,40.707448999829936],[-74.83830300006541,40.7073540000295],[-74.83830200024049,40.7072599997567],[-74.83833300020265,40.70717000005207],[-74.83839400030202,40.70698499989905],[-74.83842500026415,40.70689899985905],[-74.83849399986113,40.70676400020572],[-74.83853099967105,40.70671499998646],[-74.83861600005987,40.7066250002263],[-74.83870700029645,40.7065440001339],[-74.83882199992419,40.7064540001427],[-74.838935999727,40.70637299984227],[-74.8390269999636,40.70627900022771],[-74.8391120003524,40.70618899987833],[-74.83916500005586,40.70609400032347],[-74.83922600015524,40.7060000003151],[-74.8392870002546,40.7058959999339],[-74.83936300042258,40.70580599974793],[-74.83945399976085,40.70572099991463],[-74.83953900014967,40.705635000285305],[-74.83963799988388,40.705563000272726],[-74.83983600025059,40.705427999954125],[-74.83995099987834,40.70537000016706],[-74.84007300007706,40.70531200032948],[-74.84021000034441,40.70524899993204],[-74.84037000017798,40.70518600015596],[-74.8406680001038,40.70505600027838],[-74.84081299986876,40.704987999790845],[-74.84095799963373,40.70491700013908],[-74.84107999983246,40.70484000017223],[-74.84119399963527,40.704749999921184],[-74.84129300026778,40.70465600005883],[-74.84140000039791,40.704560999679195],[-74.84149900013212,40.70447600029996],[-74.84159799986632,40.70439500031779],[-74.84168300025513,40.704314000237154],[-74.8417510000272,40.704228000153016],[-74.84182700019517,40.704134000234944],[-74.8418349996928,40.70403500026472],[-74.84185800015732,40.703931000220045],[-74.84187300022592,40.70381900025225],[-74.84190400018807,40.70369700020679],[-74.84194199982291,40.70357999989186],[-74.84199500042466,40.703468000014844],[-74.84205599962571,40.703363999765834],[-74.84212500012099,40.703269999990354],[-74.84218600022037,40.70318399992021],[-74.84226200038836,40.70312100023388],[-74.84236100012257,40.70307600032415],[-74.84246099968166,40.703044999960035],[-74.8425829998804,40.70301799985084],[-74.84274299971399,40.70298700014075],[-74.84287300030864,40.702942000140496],[-74.84299499960906,40.7028829998217],[-74.84310099991426,40.70280199994527],[-74.8432010003717,40.70272099997033],[-74.84327699964135,40.702626999968416],[-74.84333799974073,40.70253200009978],[-74.84339200016738,40.70243799983112],[-74.84343700037324,40.70233900006404],[-74.8434900000767,40.70224399978463],[-74.84355899967366,40.70215400011177],[-74.84365099973517,40.702073000029834],[-74.84375000036769,40.701983999868276],[-74.84383400003328,40.701888999763575],[-74.84389500013265,40.70178600019946],[-74.84394799983609,40.70167699995172],[-74.84398600036924,40.701593999793396],[-74.84404800029353,40.70146099978357],[-74.84410799966966,40.70135300011784],[-74.84415399970042,40.70124099990116],[-74.84420800012711,40.70113299987872],[-74.84425300033294,40.70102900007001],[-74.84434500039444,40.70086300007811],[-74.84438300002928,40.70079099967403],[-74.84443699955763,40.70071899987317],[-74.84463499992437,40.700448999756475],[-74.84471899958994,40.7003499997573],[-74.84488699981944,40.700160999969455],[-74.84497899988094,40.7000659999889],[-74.84506199972161,40.69997200032636],[-74.84514600028551,40.69987300029931],[-74.84523800034704,40.69978699992942],[-74.84532200001262,40.69969699966093],[-74.84540599967819,40.69962100024761],[-74.84548199984617,40.69953500023338],[-74.84555100034147,40.69946400021711],[-74.84561900011354,40.699396000149804],[-74.84567299964188,40.69933300028592],[-74.84571799984774,40.69928400004791],[-74.84577700029729,40.69920699969832],[-74.84580999990925,40.699161999868515],[-74.8458480004424,40.69912200029699],[-74.84599300020736,40.698960000152155],[-74.84610000033747,40.69873000022827],[-74.84611000038322,40.69867100026489],[-74.8461229999037,40.6985539999752],[-74.84614600036822,40.69829799982961],[-74.84614600036822,40.69812199979734],[-74.8461530000409,40.69802299974511],[-74.8461530000409,40.69791899984825],[-74.84616100043684,40.697810999888276],[-74.84616800010953,40.69769899984577],[-74.84617599960713,40.697595000124174],[-74.84619099967576,40.697378999659676],[-74.84619900007168,40.6972799998654],[-74.84619900007168,40.69719000029631],[-74.84620699956928,40.697103999867956],[-74.84620699956928,40.69701899982648],[-74.84621400014028,40.69692800008653]]]}},{"type":"Feature","properties":{"geoid":"3403974480","townId":"union-township","name":"Union township","county":"Union","status":""},"geometry":{"type":"Polygon","coordinates":[[[-74.311758,40.69007],[-74.308928,40.690757],[-74.306472,40.693983],[-74.307864,40.695956],[-74.306951,40.69874],[-74.311049,40.700864],[-74.309973,40.701648],[-74.307758,40.703305],[-74.301053,40.704618],[-74.302023,40.707752],[-74.296916,40.710673],[-74.296119,40.712298],[-74.297248,40.71398],[-74.297212,40.715189],[-74.297245,40.715532],[-74.296707,40.716443],[-74.294617,40.71752],[-74.293732,40.719961],[-74.290351,40.721198],[-74.287503,40.722176],[-74.285187,40.722152],[-74.277133,40.719582],[-74.275788,40.719201],[-74.273961,40.718672],[-74.271914,40.718093],[-74.271842,40.718071],[-74.266895,40.716653],[-74.259903,40.714576],[-74.256022,40.713418],[-74.255413,40.713281],[-74.251799,40.712621],[-74.248389,40.712004],[-74.245491,40.711488],[-74.244394,40.711294],[-74.245937,40.709798],[-74.247035,40.707249],[-74.247012,40.704231],[-74.249006,40.701119],[-74.247842,40.698395],[-74.246474,40.697823],[-74.245924,40.696905],[-74.242879,40.695893],[-74.239897,40.695717],[-74.238584,40.691751],[-74.237908,40.690827],[-74.237664,40.6898],[-74.236997,40.686298],[-74.234405,40.686183],[-74.231847,40.686583],[-74.232365,40.686023],[-74.229289,40.684685],[-74.229195,40.683865],[-74.229401,40.683454],[-74.227037,40.680936],[-74.225624,40.679532],[-74.226248,40.677002],[-74.224511,40.675501],[-74.2224,40.675125],[-74.222172,40.674994],[-74.226439,40.675523],[-74.225551,40.674859],[-74.22863,40.673728],[-74.229901,40.673776],[-74.231023,40.671674],[-74.234187,40.674165],[-74.233937,40.674428],[-74.235729,40.675464],[-74.234823,40.676636],[-74.235571,40.677034],[-74.236686,40.676023],[-74.237951,40.673783],[-74.238886,40.673216],[-74.241316,40.672379],[-74.244407,40.673089],[-74.246227,40.673234],[-74.249881,40.671951],[-74.254223,40.670165],[-74.258025,40.672096],[-74.25902,40.672565],[-74.261452,40.672224],[-74.268418,40.671271],[-74.271311,40.670876],[-74.274172,40.673319],[-74.271246,40.676674],[-74.269192,40.678122],[-74.270923,40.678832],[-74.271208,40.680275],[-74.275674,40.684093],[-74.277229,40.685976],[-74.27444,40.686628],[-74.276304,40.687871],[-74.276202,40.688976],[-74.273778,40.689795],[-74.273603,40.69061],[-74.278188,40.690395],[-74.279236,40.689182],[-74.277943,40.688414],[-74.279753,40.686591],[-74.284462,40.68596],[-74.285351,40.688034],[-74.288609,40.686367],[-74.289636,40.686081],[-74.291755,40.685791],[-74.292684,40.690228],[-74.294495,40.690049],[-74.294741,40.687972],[-74.298733,40.687503],[-74.29839,40.684744],[-74.300546,40.685157],[-74.305164,40.684388],[-74.305241,40.681393],[-74.306798,40.680606],[-74.30729,40.680304],[-74.308368,40.680928],[-74.307541,40.682718],[-74.310658,40.683829],[-74.311819,40.687823],[-74.311758,40.69007]]]}},{"type":"Feature","properties":{"geoid":"3401974420","townId":"union-township-hunterdon","name":"Union township","county":"Hunterdon","status":""},"geometry":{"type":"Polygon","coordinates":[[[-75.0458760004029,40.63110899976921],[-75.04576900027277,40.631046000133985],[-75.04567700021127,40.63096099972035],[-75.04559299964735,40.63086999979927],[-75.0455170003777,40.63076200029387],[-75.04537199971443,40.630546000077295],[-75.04528800004883,40.63043400019493],[-75.04519599998733,40.630320999989316],[-75.04510499975073,40.63021300027771],[-75.04500600001653,40.63009999969816],[-75.0448989998864,40.62998799974948],[-75.04478500008359,40.62988400006725],[-75.04466299988485,40.62978099968475],[-75.04454800025714,40.62967299978162],[-75.04430399985965,40.62946600010394],[-75.04418199966092,40.62936699967557],[-75.04406000036049,40.629262999707926],[-75.04367100019807,40.62893899968828],[-75.0435330001058,40.62882599967992],[-75.04340400023437,40.628714000321615],[-75.04312899987477,40.628489000196865],[-75.04285400041347,40.628245000244085],[-75.04257999987878,40.62799300008353],[-75.04243500011383,40.627871999825445],[-75.04229000034887,40.62774599984207],[-75.0421530000815,40.627624000324204],[-75.04157200029846,40.62713799970859],[-75.04142800035842,40.62702100000434],[-75.04113799993019,40.62677800033077],[-75.04099999983794,40.62666099999584],[-75.04086299957058,40.62653899985952],[-75.04072600020154,40.62642199978769],[-75.04058800010928,40.62631399990659],[-75.0403139995746,40.626088999877425],[-75.0400540001819,40.62587300022717],[-75.03980999978442,40.62567500016134],[-75.0396959999816,40.62558900020471],[-75.03958899985149,40.62549400031417],[-75.03948199972136,40.62540900033346],[-75.03929900032156,40.62525999971321],[-75.0392309996512,40.625197000014495],[-75.03915899968118,40.6251340002563],[-75.03904700042649,40.6250310000475],[-75.03900100039573,40.62499000009889],[-75.03894000029638,40.62493199986259],[-75.0388640001284,40.62486899985443],[-75.03866599976166,40.624693000285234],[-75.03855100013395,40.624594000281085],[-75.0384289999352,40.62448099973893],[-75.03830000006378,40.62436400015273],[-75.0381619999715,40.624243000137774],[-75.03802499970418,40.624120999675405],[-75.03788800033513,40.6239950001152],[-75.03775000024288,40.62387299988167],[-75.03754699985328,40.62369699973336],[-75.03745999981464,40.6236210002697],[-75.03731500004969,40.623503999858855],[-75.03717000028473,40.62339600003195],[-75.03700999955284,40.623297000150856],[-75.03684999971928,40.62321200010143],[-75.03677299972638,40.62317999985425],[-75.03667399999219,40.623143999984],[-75.03648400002137,40.62308100033484],[-75.03629300022567,40.62302299980441],[-75.03609499985895,40.622969000205714],[-75.03588899999464,40.62291499988155],[-75.03568999980301,40.62286499982027],[-75.03547700026598,40.62282500015341],[-75.03527100040165,40.62279299972082],[-75.03505700014142,40.62276599983397],[-75.03484299988116,40.622743999817104],[-75.03462199994824,40.62271699991045],[-75.03439299961939,40.622699000193904],[-75.0339359996849,40.62265399985854],[-75.03369899985842,40.62263199980478],[-75.03346299985687,40.62260499985281],[-75.03297400013533,40.622541999695265],[-75.03272999973785,40.622506000163],[-75.0324860002387,40.62246500002809],[-75.03224199984122,40.62243399967657],[-75.03199800034206,40.62239300017932],[-75.0317690000132,40.622348000319604],[-75.03156700034684,40.622302999747774],[-75.03131899975142,40.62223999998724],[-75.03109699999358,40.62216799989593],[-75.03087600006063,40.62210100033782],[-75.03066199980039,40.622024000162284],[-75.03044900026337,40.621951999838096],[-75.03023500000313,40.62187599975268],[-75.03003699963641,40.62180399995083],[-75.02981599970346,40.621735999763686],[-75.02961700041016,40.621686999766375],[-75.0293880000813,40.6216550001523],[-75.02916700014836,40.621632999769496],[-75.02895399971302,40.62161499976084],[-75.02873199995518,40.62160999979544],[-75.0283050001579,40.62160999979544],[-75.02809199972258,40.62160600009556],[-75.02790099992687,40.62158800007963],[-75.02769500006254,40.62156099970571],[-75.02728300033391,40.6214979999272],[-75.02706900007367,40.621476000174496],[-75.02686300020933,40.62146199983221],[-75.026657000345,40.62145800012353],[-75.02623700022043,40.621440000067714],[-75.02603200018103,40.621443999777476],[-75.0258260003167,40.62145800012353],[-75.02561899972916,40.62148499985723],[-75.02540600019213,40.62153000029835],[-75.02519199993188,40.62157100032531],[-75.02497099999894,40.62161600002657],[-75.0247569997387,40.621660999697575],[-75.02453599980576,40.62170600002007],[-75.02432999994146,40.621755000003446],[-75.02412400007712,40.6217959998923],[-75.02390999981688,40.62183199980722],[-75.02369700027987,40.62186400001836],[-75.02347499962369,40.621904000260706],[-75.02323899962215,40.62195399967771],[-75.0230100001916,40.622008000096926],[-75.02278099986273,40.62206699972226],[-75.02255999992981,40.62212499971912],[-75.02233899999688,40.62218800026998],[-75.02212499973662,40.62225100007961],[-75.02190399980368,40.62232400033663],[-75.02169000044175,40.622390999671005],[-75.0214839996791,40.62245899987319],[-75.0212710001421,40.622517000211566],[-75.02105699988185,40.6225669998515],[-75.02061500001598,40.62264799972061],[-75.02039400008304,40.622675000337],[-75.02016499975419,40.62269300006002],[-75.01994299999635,40.622697999944336],[-75.01981499994982,40.62268399985818],[-75.01971399966747,40.622675000337],[-75.01948500023693,40.62263499987451],[-75.01904300037106,40.62254499976909],[-75.0188140000422,40.62250000001177],[-75.01859300010926,40.62245000032167],[-75.01840800016134,40.62240499981856],[-75.01818100038062,40.62233299990511],[-75.01799800008251,40.62225700025315],[-75.01780700028681,40.6221759999099],[-75.01774000033966,40.62214399984823],[-75.01762399998869,40.62209000022075],[-75.01744099969058,40.62200000006285],[-75.01709000006132,40.621792999784894],[-75.01692900040283,40.62167600026298],[-75.0164409996079,40.621306000105726],[-75.01628099977431,40.62117600028266],[-75.01596100010718,40.62089700008093],[-75.01581600034223,40.62075200005597],[-75.01567800024996,40.62060400023732],[-75.01559399968606,40.62049099976343],[-75.01542700017978,40.62029300010739],[-75.01530499998107,40.620139999878226],[-75.01501399972791,40.61978599999669],[-75.01477799972638,40.61950000008999],[-75.01464899985493,40.61933400028344],[-75.01451099976266,40.61917599975581],[-75.01437400039363,40.61901399968134],[-75.0142370001263,40.61886099993216],[-75.01408399996541,40.618707999832516],[-75.01394599987314,40.61855500006439],[-75.01380199993311,40.61840100031379],[-75.013694999803,40.618284000305806],[-75.0135190000759,40.618109000068806],[-75.01338199980853,40.61796499976763],[-75.0132300003709,40.61782899969069],[-75.01307700021002,40.61769399966134],[-75.01292400004913,40.6175640003097],[-75.01275599981965,40.61743799997283],[-75.01266499958307,40.617366000160715],[-75.01259599998608,40.617312000080254],[-75.0124279997566,40.61719399987873],[-75.01226000042541,40.61708600007796],[-75.01208499962492,40.61699200002086],[-75.01191700029374,40.61691100011219],[-75.01172700032294,40.61683899973212],[-75.01152800013132,40.61676699995635],[-75.01132200026699,40.61669900009687],[-75.01112399990026,40.61663599982434],[-75.01092499970864,40.61657700017548],[-75.01073499973783,40.616527999803395],[-75.01054399994213,40.6164870000907],[-75.01016200035072,40.61644199966185],[-75.009963999984,40.616420000289764],[-75.00976599961729,40.61641099992466],[-75.00956700032395,40.616396999884664],[-75.00917099959052,40.6163880001983],[-75.0089720002972,40.6163880001983],[-75.00878200032642,40.616396999884664],[-75.00858300013478,40.616420000289764],[-75.00839200033907,40.61645599969241],[-75.00820200036827,40.616497000106094],[-75.00800300017664,40.616537000152746],[-75.00780499980992,40.616573000174256],[-75.00739300008128,40.616627000170176],[-75.00698800002533,40.616663000143205],[-75.00634799979274,40.61670799974128],[-75.0061419999284,40.6167350000311],[-75.00571500013113,40.61678099991881],[-75.0055080004419,40.61679400022227],[-75.00529500000657,40.61680299985393],[-75.004874999882,40.61680299985393],[-75.00466900001769,40.61679000023408],[-75.00446300015335,40.61676699995635],[-75.00426700033479,40.616739999679474],[-75.0041910001668,40.61672399971229],[-75.00405100042471,40.61669500010294],[-75.00363899979776,40.61660500017711],[-75.00344100032933,40.61655500016595],[-75.00325800003122,40.61648799975131],[-75.00307399990822,40.61641099992466],[-75.00289900000604,40.61632100029814],[-75.00271599970795,40.616230999868485],[-75.00254800037678,40.616140999999445],[-75.00236500007865,40.61605999974096],[-75.00216699971193,40.61598799980754],[-75.00195300035,40.61593800001648],[-75.00173200041708,40.61588400014558],[-75.00151800015682,40.61581200002248],[-75.00130399989659,40.61573100004699],[-75.00119699976646,40.615681000063645],[-75.00109899985716,40.61563700012914],[-75.00088499959692,40.61553699998425],[-75.00067899973261,40.61543800004797],[-75.00046500037068,40.6153439997179],[-75.00004600007101,40.615149999895216],[-74.99963400034237,40.61495200009293],[-74.9992219997154,40.614744999796194],[-74.99901599985108,40.6146460000502],[-74.99879499991816,40.61455100028001],[-74.99858099965792,40.614461000193664],[-74.99836700029597,40.61436600016042],[-74.99815399986063,40.61426699985281],[-74.99793999960039,40.614172999920974],[-74.99772700006338,40.61407400000932],[-74.99732200000743,40.613888999932854],[-74.9971160001431,40.6137990003186],[-74.99691000027877,40.61372200012057],[-74.99648299958321,40.61357799991054],[-74.99626099982535,40.61351500010466],[-74.99604800028834,40.61344699966302],[-74.99581899995948,40.613383999733614],[-74.99567599984434,40.61334000033218],[-74.9955670000644,40.61330800012941],[-74.9953770000936,40.61324900026937],[-74.99515500033576,40.61316799991435],[-74.99472799964018,40.61298799998622],[-74.99430099984292,40.61279900008532],[-74.99408699958265,40.61270000018367],[-74.99367499985402,40.612501000219986],[-74.9934689999897,40.61240699984944],[-74.99325599955436,40.6123259998376],[-74.99304200019245,40.61225399997194],[-74.9928210002595,40.61218100030361],[-74.99259899960333,40.61211400027626],[-74.9923860000663,40.61204200018216],[-74.99216500013338,40.61197000001048],[-74.99194300037553,40.61189799976121],[-74.99172999994019,40.61182600011633],[-74.99130200031803,40.61167199985769],[-74.99109599955538,40.61160500000191],[-74.99088300001837,40.61153300004131],[-74.99066899975813,40.61146999967115],[-74.9904560002211,40.61140199987609],[-74.99025000035677,40.61132999969676],[-74.99003600009652,40.61126699981716],[-74.98983000023222,40.61120399987822],[-74.9896240003679,40.611132000167444],[-74.98921199974093,40.611005999975546],[-74.9890059998766,40.61093799970831],[-74.9888080004082,40.61087500014109],[-74.98860900021658,40.610806999740554],[-74.98821300038145,40.61068100029966],[-74.9880059997939,40.61061400013221],[-74.9878729997245,40.610568000090296],[-74.98779699955651,40.610536999673606],[-74.98762500002738,40.610473999728335],[-74.98743400023169,40.61039699979033],[-74.9872590003295,40.610311999693714],[-74.9870760000314,40.610213000199124],[-74.98690799980189,40.6101130001198],[-74.98657200024122,40.60991499971228],[-74.98641999990528,40.60981199990551],[-74.9862600000717,40.60971199990813],[-74.98610699991082,40.60961300020658],[-74.98583199955121,40.609387999843406],[-74.98570299967979,40.6092660002118],[-74.98557999965614,40.60913999991123],[-74.98548099992193,40.60900500005629],[-74.98538200018774,40.60886499969131],[-74.98529799962384,40.60871700013617],[-74.98521399995825,40.60855899973323],[-74.98512299972164,40.60840599991079],[-74.98503300020828,40.60826600033689],[-74.9849009999638,40.60810399972346],[-74.98477899976507,40.60795999968202],[-74.98464200039602,40.60781600001232],[-74.98450500012868,40.60766699970536],[-74.98437500043234,40.60751399988668],[-74.98425300023361,40.60735600004953],[-74.98412299963896,40.60720300020081],[-74.9839939997675,40.60704600011234],[-74.98373400037484,40.60672599998889],[-74.98360399978017,40.606562999925195],[-74.98347499990874,40.60639700002917],[-74.98320000044745,40.60605400033474],[-74.98306999985279,40.60588300007809],[-74.98294099998135,40.605716999857066],[-74.98280299988909,40.60554500027781],[-74.98267300019276,40.6053789998993],[-74.9825359999254,40.60520700013221],[-74.98240600022906,40.60504100027827],[-74.98227700035764,40.60487400017762],[-74.98214000009028,40.60470699965964],[-74.98201000039394,40.60453600004871],[-74.98175000010295,40.60421200012458],[-74.9816279999042,40.6040539999834],[-74.98155500010928,40.60396499992933],[-74.98137699983403,40.603747999821906],[-74.98124700013769,40.60360399994321],[-74.98110200037274,40.60346399985846],[-74.98097199977808,40.60332900013229],[-74.98084299990666,40.60318900015354],[-74.98071300021032,40.60304100030535],[-74.98058299961565,40.60287700025673],[-74.98046899981284,40.60273000026626],[-74.98033900011649,40.602577000058055],[-74.98021699991776,40.60241900014419],[-74.98008700022142,40.602256999680655],[-74.97984299982396,40.60193199974348],[-74.97971399995251,40.60177000014577],[-74.97958400025618,40.601621000000776],[-74.97944600016392,40.60147300009102],[-74.97930200022387,40.60132900008547],[-74.97914900006299,40.60119799969731],[-74.97898900022943,40.60107600012023],[-74.97881299960402,40.60095500021348],[-74.97863799970183,40.60083799966698],[-74.97811899984305,40.600476999843885],[-74.97795099961357,40.600355000315005],[-74.97778300028239,40.600243000283136],[-74.97759999998429,40.60013899998807],[-74.97742599990703,40.6000490002711],[-74.9772409999591,40.59996800028577],[-74.97704299959237,40.599899999700234],[-74.97685199979666,40.59983699995867],[-74.97665400032827,40.599783000035494],[-74.97644799956564,40.59973799995247],[-74.97637700031883,40.59972000018362],[-74.97625000009722,40.59968399994932],[-74.97605099990558,40.59961599975696],[-74.97586099993478,40.59954000018234],[-74.97567799963669,40.599454000003036],[-74.9754950002369,40.599358999779476],[-74.97531899961149,40.59925999974746],[-74.9751510002803,40.599152000289415],[-74.97499899994435,40.5990400002882],[-74.97485400017938,40.59891800018302],[-74.97472399958473,40.59879200015369],[-74.9745870002157,40.59866599988694],[-74.97432699992471,40.59841300007406],[-74.97418200015976,40.59828699977501],[-74.9740449998924,40.59816099992058],[-74.97390799962504,40.59803000014496],[-74.9737779999287,40.59790399980614],[-74.97364800023236,40.59777300020903],[-74.9735169998128,40.597624999964815],[-74.9734189999035,40.597503000005645],[-74.97317500040435,40.59720600009134],[-74.97305300020562,40.597053000199296],[-74.97292299961096,40.596899000003404],[-74.97278600024191,40.59674600009089],[-74.97265599964726,40.59658400020308],[-74.97251900027823,40.59642599976597],[-74.97238899968357,40.59625999993199],[-74.97225999981214,40.59610200009335],[-74.9721300001158,40.59593500016892],[-74.97200000041947,40.595778000214835],[-74.97186300015211,40.59561500005492],[-74.97173299955746,40.595453000155096],[-74.97159600018841,40.59529599975127],[-74.97145100042346,40.59513299978045],[-74.97131400015611,40.594975999989465],[-74.97118399956146,40.594812999920634],[-74.97090900010016,40.59449799984174],[-74.97077900040382,40.594339999931904],[-74.97053400018142,40.59405200025823],[-74.97039000024138,40.59388499998813],[-74.97025999964673,40.59375000001635],[-74.9701080002091,40.593619999785915],[-74.9699550000482,40.593492999998894],[-74.96943700001434,40.593118999944515],[-74.96926100028725,40.59299799996052],[-74.96873499985747,40.5926189997776],[-74.96856699962798,40.59249300015531],[-74.96839099990089,40.59237099969923],[-74.9682159999987,40.59225899993449],[-74.96802500020299,40.5921459999573],[-74.96764899956104,40.59194300007409],[-74.96682799957848,40.59156500008413],[-74.96662900028518,40.59146500007228],[-74.96643799959115,40.59135700030075],[-74.96624799962034,40.591245000201866],[-74.96569000030182,40.59090199984065],[-74.96550700000371,40.59077999989255],[-74.96531700003293,40.59066299995692],[-74.9651670002451,40.59056900025099],[-74.96494299993911,40.590432999673276],[-74.9645689998453,40.590204000016705],[-74.96439399994311,40.590082000159505],[-74.9642099998201,40.58996000007973],[-74.96404199959062,40.58983899983664],[-74.96387500008434,40.58971199968998],[-74.96370699985485,40.58958600004731],[-74.9635470000213,40.58946000016727],[-74.96338700018772,40.58932899971542],[-74.9633019997989,40.58925700031599],[-74.96322599963094,40.58919400009568],[-74.96306599979735,40.58906399987582],[-74.96290599996378,40.58893700030381],[-74.96261600043385,40.588666999891295],[-74.96234100007425,40.58838799970693],[-74.9621960003093,40.588243000085484],[-74.96190599988108,40.587964000178765],[-74.96176899961372,40.58782400008528],[-74.96162399984875,40.587684999790234],[-74.96149499997735,40.58754499979495],[-74.96135699988507,40.58740500018874],[-74.96122700018873,40.58725700018889],[-74.9610980003173,40.58710299994279],[-74.96097600011856,40.58695000012674],[-74.96085399991982,40.586801999802205],[-74.96079899966824,40.58673400015175],[-74.96073900029211,40.586652999725416],[-74.96061700009336,40.586503999998904],[-74.96050300029056,40.586356000051765],[-74.96026599956576,40.586058000307816],[-74.96015199976297,40.58590899993794],[-74.96004499963284,40.585764999837345],[-74.95993800040104,40.585626000038374],[-74.9598160002023,40.58548599982615],[-74.95969400000355,40.58535099995304],[-74.95957900037584,40.5852159998075],[-74.95945700017708,40.585088999750276],[-74.95934300037426,40.58496300026635],[-74.95922799984822,40.58484599970456],[-74.9591059996495,40.58473800015888],[-74.95886200015035,40.584504000090206],[-74.9587399999516,40.58439099997094],[-74.9586260001488,40.58428700025991],[-74.95851900001867,40.58418399984886],[-74.95841199988854,40.584084999860664],[-74.95831300015433,40.58399000031305],[-74.95822100009283,40.58390399991685],[-74.95813800025216,40.58381900024159],[-74.95806899975688,40.58374200029805],[-74.9579929995889,40.5836699996593],[-74.95793200038783,40.583607000315986],[-74.95775699958733,40.583408999849425],[-74.95762600006609,40.58349400004572],[-74.95754200040051,40.583553000246894],[-74.9574589996615,40.58362000025032],[-74.95736699959998,40.583692000260655],[-74.9572829999344,40.58376900026175],[-74.95719900026882,40.58385900006209],[-74.95711499970491,40.583943999686525],[-74.95703100003932,40.584042999883415],[-74.95693999980273,40.584138000037996],[-74.95684799974124,40.58424199998065],[-74.95675700040294,40.58434099973646],[-74.95665699994552,40.584443999905744],[-74.95656599970891,40.58454800005484],[-74.9564589995788,40.58465999977217],[-74.95625299971448,40.584895000110535],[-74.95592499965142,40.585255000029115],[-74.9558109998486,40.58538500014889],[-74.95568899964987,40.58551600013995],[-74.95532999962467,40.58591200029206],[-74.95519999992831,40.58605200029479],[-74.95507799972958,40.586190999890626],[-74.95494800003324,40.58633099999149],[-74.95481099976588,40.58646599993308],[-74.95467400039686,40.586596999853384],[-74.95452100023599,40.58671799982261],[-74.95435300000649,40.58683100010364],[-74.95416999970838,40.58693899968057],[-74.95397899991268,40.587041999942144],[-74.95378100044427,40.587132000113655],[-74.95356700018402,40.58721799977028],[-74.9533460002511,40.58729900019446],[-74.95312500031815,40.58737100033758],[-74.95291100005791,40.58744700010136],[-74.95269000012496,40.58751900008515],[-74.95247699968965,40.58759099999137],[-74.9522630003277,40.58766800027912],[-74.95205699956507,40.58774000002497],[-74.95185099970074,40.5878250001747],[-74.95165300023235,40.58791100030453],[-74.95146200043663,40.58800099998881],[-74.95128599981123,40.588100000320225],[-74.95111099990905,40.58820300015806],[-74.95094299967954,40.588315999976516],[-74.95078299984598,40.58843299992539],[-74.95064999977659,40.588532000299544],[-74.95044700028531,40.58868499990723],[-74.95011199965126,40.58894600027607],[-74.94994299959686,40.58908099971427],[-74.94976799969466,40.58921600024433],[-74.94960000036349,40.58935099981966],[-74.949432000134,40.58949100012729],[-74.94926499972942,40.58962599982965],[-74.94910400007093,40.58976500018334],[-74.94895199973497,40.58990899985741],[-74.9487989995741,40.59004899967901],[-74.94864700013645,40.59019300010578],[-74.94850099964826,40.590337000222505],[-74.94834900021061,40.59047699983024],[-74.94820400044566,40.59061599977938],[-74.9480589997824,40.59076499989476],[-74.94792200041336,40.59091399967813],[-74.94777699975008,40.591066999975496],[-74.94764700005373,40.59121499972936],[-74.94751700035741,40.5913680000202],[-74.94739500015865,40.59152600013142],[-74.94728899985347,40.59168799999596],[-74.94719699979193,40.59185500029609],[-74.94712099962396,40.59202600028562],[-74.94706000042291,40.592196999837846],[-74.94692200033066,40.59255700001476],[-74.9468610002313,40.592733000335706],[-74.9467929995609,40.59291300024675],[-74.94673099963663,40.593089000312794],[-74.94661000016112,40.59344399975334],[-74.94650300003099,40.59380000003772],[-74.94646000037329,40.59393499990855],[-74.9464190003654,40.59413399990318],[-74.94640799959643,40.59420900017253],[-74.94639599990086,40.5942960002705],[-74.94638099983226,40.59446700015653],[-74.94638099983226,40.59462899971701],[-74.94638800040326,40.59480500004096],[-74.9464190003654,40.59497999991922],[-74.94647999956646,40.59515200008205],[-74.94653300016823,40.595326999734205],[-74.94671599956801,40.5958680002249],[-74.94677699966739,40.59603900018313],[-74.94683799976674,40.59621500020595],[-74.9468839997975,40.59638599995874],[-74.94690700026204,40.59656600026713],[-74.94690700026204,40.596742000266794],[-74.94689899986611,40.596922000298804],[-74.94687600029988,40.5970980000434],[-74.94683899959165,40.59727799979899],[-74.94677699966739,40.59745799975205],[-74.94670100039771,40.597637999902574],[-74.94659400026758,40.59781800025055],[-74.94648700013747,40.59799399968265],[-74.94638099983226,40.59817399975415],[-74.94627399970213,40.59834499995302],[-74.946166999572,40.598521000043895],[-74.9460600003402,40.598692000037204],[-74.94584699990487,40.599038999684474],[-74.94574700034576,40.599209999716905],[-74.94535999983316,40.59983099981781],[-74.94530100028193,40.59992999968624],[-74.94521300041838,40.60007399997726],[-74.94509899971725,40.60025399990483],[-74.94499199958712,40.600439000215765],[-74.94487799978431,40.60061899984252],[-74.94476300015658,40.60080800008846],[-74.94464900035376,40.60099300023034],[-74.94454200022365,40.601177999860155],[-74.9444269996976,40.60136199977315],[-74.9443210002907,40.60153800010559],[-74.94421400016058,40.601718000183254],[-74.94410700003046,40.601894000260415],[-74.94389299977021,40.60223600028649],[-74.94379400003601,40.60241099981055],[-74.94369500030182,40.60257399976962],[-74.9435959996693,40.60274000029438],[-74.94349699993509,40.602910999725964],[-74.9434049998736,40.60308200008413],[-74.94330600013939,40.603257999979995],[-74.94319900000926,40.60342900013246],[-74.94308500020644,40.603608999892124],[-74.94298599957392,40.6037799998286],[-74.94287900034213,40.60395100000967],[-74.942772000212,40.6041269996634],[-74.94266500008189,40.604298000320725],[-74.94255799995176,40.60446499981454],[-74.94245900021755,40.60463099973502],[-74.94235999958504,40.60479399973651],[-74.94226099985083,40.60495099965919],[-74.94216899978933,40.6051039998893],[-74.94207000005512,40.60525699976912],[-74.94198600038953,40.605405999993074],[-74.94189400032803,40.60555499988481],[-74.94171799970262,40.60587400033961],[-74.94164300025787,40.60600899969943],[-74.94155899969397,40.60615800029284],[-74.94130699979888,40.60661699982716],[-74.94122300013329,40.60677500004746],[-74.9411319998967,40.60693699979051],[-74.9410480002311,40.60709899982289],[-74.9408640001081,40.60743200028544],[-74.94078100026742,40.6075990001323],[-74.94050599990781,40.60808499969309],[-74.94041499967122,40.60825199995416],[-74.9403229996097,40.60842300028721],[-74.94014000020992,40.60877399967185],[-74.94004800014841,40.60894500003321],[-74.9399490004142,40.60912100017547],[-74.9398570003527,40.609296999854195],[-74.93975799972017,40.60947199998581],[-74.93957500032039,40.60982800016402],[-74.93947599968787,40.61000799973913],[-74.93938399962636,40.61018399980961],[-74.93918600015796,40.610543999966914],[-74.93908700042375,40.610719999989605],[-74.93899600018716,40.61089499980443],[-74.93889599972974,40.61107100026658],[-74.93879699999553,40.61125099990325],[-74.93870499993402,40.61143099973701],[-74.93860600019981,40.611610999767805],[-74.93842299990172,40.611967000143736],[-74.93823999960362,40.61230899977214],[-74.93815599993803,40.61247099973884],[-74.93807200027246,40.61264299990508],[-74.93798799970855,40.61280499974401],[-74.93790499986785,40.61296199994134],[-74.93775199970698,40.61326800019532],[-74.93759900044442,40.61356600004951],[-74.93751499988052,40.6137229998226],[-74.93741600014631,40.61388100029027],[-74.93734900019916,40.61398399996238],[-74.93732400008481,40.61403899970244],[-74.93724399971886,40.61420100024821],[-74.93670099957065,40.615315999869665],[-74.9364360001551,40.615778000297325],[-74.93639699979704,40.61585300014946],[-74.93635099976629,40.61592300020826],[-74.93632599965193,40.61598599978932],[-74.93628200016931,40.616063999772855],[-74.93621600004707,40.61616999984926],[-74.93617300038937,40.61628100012212],[-74.9361340000313,40.61635800009866],[-74.93573499982315,40.616895999840516],[-74.93552200028611,40.617052000319205],[-74.93538800039182,40.61715000025881],[-74.93537499997304,40.61715899984246],[-74.93478699961896,40.61755199980077],[-74.93473700028856,40.61758599998697],[-74.93469399973256,40.617614000247606],[-74.93464400040216,40.61764799972037],[-74.93436300019475,40.61783500026144],[-74.93391600030601,40.61813500015635],[-74.93350000037941,40.61832399996441],[-74.9332610000048,40.6184209997701],[-74.93301199958445,40.618551999811366],[-74.93299499986601,40.61856099988805],[-74.9327680000853,40.61865200021652],[-74.93263800038896,40.61864500009077],[-74.93259400000804,40.61869800014806],[-74.93245699974068,40.61886000030701],[-74.93232700004434,40.61902700023215],[-74.93231199997572,40.61904500025636],[-74.93218999977698,40.61918900027515],[-74.93206000008064,40.61935499976009],[-74.9319229998133,40.619521999811546],[-74.93178600044426,40.61968400001784],[-74.9316559998496,40.619859000220174],[-74.93151899958225,40.6200309997775],[-74.9313739998173,40.620196999897594],[-74.93096100026374,40.62070999992884],[-74.93082399999638,40.62087700000214],[-74.93068699972903,40.62103499991578],[-74.9306490000942,40.62108399970952],[-74.93055700003269,40.6212010002683],[-74.93042800016126,40.621359000097385],[-74.93016799987026,40.62168300007115],[-74.93004599967153,40.62184900017698],[-74.92991599997518,40.62201600013007],[-74.92977100021022,40.622182999665625],[-74.9296420003388,40.62235800013953],[-74.92951199974415,40.62252500018373],[-74.92937500037512,40.622691000242575],[-74.92924499978045,40.62285800013601],[-74.92897799981677,40.62318200033889],[-74.92884800012042,40.623348999686556],[-74.92858899965432,40.62367300023505],[-74.92846700035392,40.623821000072084],[-74.92834500015518,40.62396099978191],[-74.92812300039733,40.6242310001469],[-74.9280089996962,40.62435699994369],[-74.92781100022779,40.62458199967145],[-74.92738799973019,40.62504100014757],[-74.92721600020104,40.62523099971859],[-74.92714500005593,40.625307000077456],[-74.92701000033671,40.62545599991103],[-74.9269099998793,40.62556399981601],[-74.92680399957408,40.62568100002735],[-74.92669700034227,40.62578900025025],[-74.92659000021214,40.62590099974144],[-74.92648300008203,40.62600900029044],[-74.92636900027921,40.62612200029275],[-74.9263120003778,40.62617600006947],[-74.92625399975317,40.62622999980257],[-74.92613199955444,40.6263379998195],[-74.92606700015543,40.626401999999665],[-74.92601799975162,40.626449999753596],[-74.9259030001239,40.62655900028833],[-74.92579699981867,40.62666200018606],[-74.92568200019096,40.626778999837434],[-74.9255519995963,40.62689599996564],[-74.92543799979347,40.62701299988888],[-74.92531599959473,40.627130000288886],[-74.92519400029433,40.6272520000274],[-74.92496499996547,40.62748599978508],[-74.92484299976674,40.627607000060785],[-74.924728000139,40.62772400010195],[-74.92462600003175,40.62782499990271],[-74.9243699999387,40.62807099968292],[-74.92423199984646,40.62818400028704],[-74.92410299997502,40.62829599985248],[-74.92395800021006,40.628403999937284],[-74.92366799978183,40.628602000093686],[-74.92352300001687,40.62869700033562],[-74.92322500009105,40.62888100015434],[-74.92308100015102,40.628966999962465],[-74.92278300022518,40.629128000288475],[-74.92263000006432,40.62919999969465],[-74.92247799972833,40.629262999707926],[-74.92240800030645,40.629294999767666],[-74.92218800019842,40.62938500032216],[-74.92204300043348,40.62943900018762],[-74.92190600016613,40.62949300000935],[-74.92177599957147,40.629546999787465],[-74.92151600017878,40.629645999948934],[-74.92137899991143,40.629700000285105],[-74.92124800039016,40.62974700025174],[-74.92110399955182,40.62980800014457],[-74.92096700018277,40.62986100020744],[-74.92091000028138,40.62988500020916],[-74.92083800031135,40.62991499968793],[-74.9207150002877,40.62997799970842],[-74.92057100034766,40.6300590001344],[-74.92047900028615,40.63011300013655],[-74.92037200015602,40.63019399971705],[-74.92027699972147,40.63028999987535],[-74.92020399992654,40.63036499979649],[-74.92012799975855,40.63046400010878],[-74.9199829999936,40.63062699981428],[-74.91993000029015,40.63068999984482],[-74.9198840002594,40.63074799985283],[-74.91973100009852,40.630937000105305],[-74.9197009999613,40.63097100029595],[-74.91964700043295,40.63103199975249],[-74.91953399955672,40.63117300014936],[-74.91949500009697,40.63122099988289],[-74.91941800010407,40.63131499968728],[-74.91935000033202,40.63140099976948],[-74.91931699982175,40.63144199987274],[-74.91918999960012,40.63158799998617],[-74.91914000026972,40.63163499998742],[-74.91909400023897,40.63168099984059],[-74.9190409996372,40.63172799977642],[-74.9195749995646,40.63237400028508],[-74.92086300042571,40.631488999976796],[-74.92099800014493,40.63149700023781],[-74.92131100013935,40.63151900009842],[-74.92194399980096,40.63157399971832],[-74.9222640003664,40.63160100013486],[-74.92258400003355,40.631637000218845],[-74.92289700002799,40.63167399971678],[-74.92321800041836,40.631714000219674],[-74.9235459995831,40.631750999674935],[-74.92386600014856,40.631791000131656],[-74.92418699964063,40.631828000226],[-74.92451499970366,40.63186799995489],[-74.92483500026913,40.63190000012975],[-74.92515599976117,40.631940999926655],[-74.92579699981867,40.632012999708515],[-74.92678100000785,40.632136000178974],[-74.92743700013399,40.632207999750605],[-74.92776500019704,40.63225299978432],[-74.92812300039733,40.63229299994032],[-74.92842100032317,40.63232600001688],[-74.9287200000739,40.632362999814774],[-74.9289590004485,40.6323889998079],[-74.92898500038777,40.632575999984596],[-74.9291789996582,40.633984000057325],[-74.92918899970395,40.63406200015783],[-74.92934100003991,40.63516300006275],[-74.92956399962269,40.636792000122846],[-74.92950400024654,40.63679899971014],[-74.92934400041297,40.63679899971014],[-74.92918399968109,40.63681300024577],[-74.92902399984752,40.63683499971824],[-74.92894799967952,40.63683899986944],[-74.92885599961802,40.63684400005807],[-74.92882600037912,40.63684600013346],[-74.92868800028684,40.63685699986516],[-74.92852000005736,40.63686600020203],[-74.9283679997214,40.63688400019048],[-74.92821499956052,40.63689299984199],[-74.92806300012286,40.636910999823165],[-74.92778000026564,40.63693800012663],[-74.9276429999983,40.63693800012663],[-74.9273829997073,40.63696499973747],[-74.92726100040687,40.63697400005983],[-74.92713900020816,40.6369920000191],[-74.92701700000941,40.636990999983645],[-74.92689499981067,40.63700499979737],[-74.9266360002429,40.63702299974833],[-74.92650599964824,40.63703600020222],[-74.92638400034782,40.63704499983326],[-74.92613999995035,40.637072000082526],[-74.92602500032264,40.63707600021953],[-74.9259030001239,40.63709400015136],[-74.92578099992515,40.63709900032089],[-74.92565899972641,40.637107999943474],[-74.9255449999236,40.637120999699114],[-74.92543000029588,40.63712599986667],[-74.92531599959473,40.63713900030049],[-74.92511700030143,40.63715700021528],[-74.92502600006485,40.63716999996142],[-74.92485799983534,40.637187999867855],[-74.92465199997102,40.637202000321956],[-74.92214700019053,40.637416000080876],[-74.92209000028913,40.6377089997913],[-74.92108299963542,40.64292500001373],[-74.92101099966538,40.64330000006505],[-74.92090799973323,40.64383299987894],[-74.92078700025772,40.644459999908634],[-74.92071399956447,40.64483700003265],[-74.92070299969382,40.64489599993711],[-74.92047900028615,40.64605199970743],[-74.91749400010666,40.6453970001315],[-74.91732300040242,40.64536000005936],[-74.91699899963902,40.64528900026882],[-74.91704600039299,40.64533000002267],[-74.91716500021866,40.645378999712115],[-74.9173019995877,40.64545600022249],[-74.91745399992368,40.64550200009553],[-74.91752099987083,40.64554099990377],[-74.91749300028174,40.64561700032097],[-74.91636000012964,40.64868500007013],[-74.91653500003183,40.649105999907135],[-74.91676900038355,40.6507570001474],[-74.91718799978489,40.651080000102255],[-74.91701000040797,40.651280999947566],[-74.91634599988595,40.65127200019121],[-74.91603299989148,40.65161400030167],[-74.91650200041985,40.65259600021838],[-74.91683399978255,40.652761999807616],[-74.91742899980933,40.65268099966551],[-74.91802499966099,40.65247999994828],[-74.91909099986592,40.65266299984778],[-74.92036899978298,40.652556999762325],[-74.92073000035631,40.65248099975173],[-74.92152899969925,40.65229700022843],[-74.92204900028125,40.65218400022528],[-74.92228699993262,40.652530000324475],[-74.92220900011482,40.65301799971126],[-74.92197300011328,40.65358199982417],[-74.9216650001417,40.6542790003314],[-74.92192700008252,40.65484800021065],[-74.92209000028913,40.655226999785185],[-74.92178200031756,40.65587500002039],[-74.92123099977341,40.6567150001959],[-74.9214330003381,40.65747400024214],[-74.92157200025527,40.658448000021345],[-74.9212280002987,40.65880699996769],[-74.9208840003421,40.66004899996523],[-74.92124500001714,40.660923999659815],[-74.92162699960855,40.661724999768],[-74.92316300016678,40.66477700023287],[-74.92277499982927,40.66579600026474],[-74.92321500004532,40.66621800007284],[-74.92295099955636,40.6670630001212],[-74.9225589999192,40.66782599996054],[-74.92136800004077,40.66898900001028],[-74.91966900017424,40.66877000012788],[-74.91945999993688,40.668978999679766],[-74.9186309995584,40.66942100032037],[-74.9178280000175,40.67030500030744],[-74.91748099968785,40.670846000030636],[-74.91735500018947,40.670902999685445],[-74.9173019995877,40.67101600000458],[-74.9172859996942,40.67103199990763],[-74.91713000005858,40.67135899993909],[-74.91723800001361,40.671757000047315],[-74.91723499964056,40.67177399996821],[-74.91720700005146,40.67186099989639],[-74.91717699991425,40.671927999935996],[-74.91717199989138,40.67195199980155],[-74.91718000028729,40.671975000147306],[-74.91719600018082,40.67203200019964],[-74.91721100024944,40.67208200022938],[-74.91720399967843,40.67213500011093],[-74.91716799969342,40.67219399972386],[-74.91710199957116,40.67226599968885],[-74.91697500024787,40.672421000068866],[-74.91694699976047,40.67247799973994],[-74.91693500006491,40.67254600002492],[-74.91692599984407,40.67261800029114],[-74.91692500001918,40.67284099983701],[-74.91692800039222,40.67291900017425],[-74.91693900026287,40.67303400015564],[-74.91698100009566,40.673208000016984],[-74.91709300024866,40.67359699983844],[-74.9171740004395,40.67387800019971],[-74.91719600018082,40.67393299966145],[-74.9172150004474,40.673978999659546],[-74.91722100029519,40.67399599969525],[-74.91722999961767,40.674013999888615],[-74.91725899993001,40.67405099974098],[-74.91726800015083,40.67406099999215],[-74.91733500009798,40.67414200006381],[-74.91739799984718,40.67423099994502],[-74.91742600033459,40.67427399994458],[-74.91750199960426,40.6744150002872],[-74.91752000004591,40.6744580001681],[-74.91752599989368,40.67446899983209],[-74.91754400033535,40.674499999866526],[-74.91755600003093,40.67453499982209],[-74.91755799968074,40.67456800013323],[-74.91755199983297,40.6746189997768],[-74.91754099996231,40.674667999758235],[-74.91752300041897,40.67472599970371],[-74.9174899999087,40.67480399987966],[-74.91745200027385,40.67487099968718],[-74.91740200004513,40.674931999900814],[-74.91728999989215,40.675046999816665],[-74.91711800036302,40.67521199994194],[-74.91707900000495,40.67526699966588],[-74.91701999955542,40.67533099994401],[-74.91693500006491,40.6753979999032],[-74.9168289997597,40.67547800025444],[-74.91680100017061,40.67549399976809],[-74.91666100042852,40.67560299992969],[-74.91656900036703,40.675695999770404],[-74.91655099992535,40.67571500032264],[-74.91653199965877,40.675746999913734],[-74.91650300024477,40.67580500028304],[-74.91646700025976,40.67584699981423],[-74.91641899968087,40.6759620001957],[-74.91633199964224,40.67606400003632],[-74.91623999958072,40.676160000304776],[-74.91617600000663,40.67623800016563],[-74.91618500022746,40.67626299997072],[-74.91622899971009,40.67634900004612],[-74.91628399996165,40.676431000189],[-74.91634900025899,40.67652800005332],[-74.91647499975737,40.67671200018777],[-74.91659100010831,40.676866000332026],[-74.91666999975104,40.67694400004812],[-74.91675900033782,40.677041999963905],[-74.91695000013353,40.67719299968422],[-74.91710300029439,40.67731100012546],[-74.91717899956407,40.67737900025024],[-74.91719299980777,40.67739100022497],[-74.91733500009798,40.67756099986216],[-74.91748200041108,40.67771099966295],[-74.91753900031249,40.677770999897504],[-74.91757399957427,40.67780600017973],[-74.9175960002139,40.67783599992037],[-74.9176039997115,40.67786300001606],[-74.9176110002825,40.67789899967243],[-74.91761499958216,40.67794799996832],[-74.91762499962789,40.677978999747566],[-74.9176380000467,40.67801199971656],[-74.91765599959004,40.67804599977071],[-74.9177159998645,40.678119000329374],[-74.91774400035192,40.67814899992916],[-74.91778600018469,40.67819400032546],[-74.91786200035267,40.67825600032209],[-74.91798899967597,40.67834199987031],[-74.91819399971538,40.67843700016917],[-74.9184620004023,40.67858599994927],[-74.91887300030604,40.67874500030743],[-74.91917000040696,40.678876999931056],[-74.91927800036198,40.678914999898126],[-74.91949400027205,40.67897499973035],[-74.91969199974046,40.679036999681884],[-74.91973299974833,40.67905100021232],[-74.91987900023653,40.67911300009316],[-74.9199200002444,40.67913700009748],[-74.91996499955195,40.679163000262726],[-74.91999899988713,40.679165999835725],[-74.92005099976566,40.679165999835725],[-74.92010299964419,40.679165999835725],[-74.92014000035245,40.67917100025913],[-74.92016100026885,40.67917600000094],[-74.92019399988081,40.67918399999578],[-74.92024599975933,40.67920599980632],[-74.92029599998804,40.67923999993278],[-74.92035600026252,40.67929000000709],[-74.92040899996596,40.679342000208045],[-74.92046300039263,40.67943400020227],[-74.92052799979164,40.67951900019515],[-74.9205749996473,40.67958499995459],[-74.9206590002112,40.67966999975497],[-74.92070199986892,40.67969699978907],[-74.92078700025772,40.67973800019843],[-74.92085300037996,40.679764000129275],[-74.9210020003429,40.67980200027197],[-74.92110699992487,40.679817000035456],[-74.92123099977341,40.67981499988552],[-74.92137300006365,40.679820000260285],[-74.9215189996535,40.67983900031836],[-74.9216369996543,40.6798679997512],[-74.92169899957855,40.67988100003315],[-74.92175499965506,40.67990499976097],[-74.92180200040904,40.67993199969988],[-74.92187500020398,40.67995700016349],[-74.92190399961798,40.67997099981949],[-74.92194399980096,40.67998199993641],[-74.92196700026548,40.67998400008134],[-74.9220040000754,40.67998199993641],[-74.92203099983958,40.67996999974681],[-74.92204799955802,40.67995800023632],[-74.92209899961165,40.67994000028526],[-74.92221999998547,40.67991900010915],[-74.9223339997883,40.67989300023877],[-74.9224390002686,40.67985700029669],[-74.92252299993419,40.67980200027197],[-74.92255100042158,40.67979200020066],[-74.92259300025438,40.67978100005234],[-74.92264900033088,40.6797779998258],[-74.92272600032376,40.67978100005234],[-74.92280999998935,40.6797859997484],[-74.92294300005875,40.67981299973552],[-74.92303500012027,40.67983199979563],[-74.9231010002425,40.67984099978632],[-74.92314200025038,40.67984099978632],[-74.92318999993095,40.679839999711746],[-74.92323199976374,40.67983800024375],[-74.92327199994672,40.6798300003274],[-74.92330700010682,40.6798300003274],[-74.92332499965015,40.6798300003274],[-74.92333899989387,40.67983399994507],[-74.92336099963516,40.679850999850274],[-74.92339300032054,40.679890000017224],[-74.92343400032844,40.679943999896324],[-74.92350399975031,40.68003799988429],[-74.92352700021483,40.680074999799686],[-74.92353300006262,40.680086999970385],[-74.92438199963428,40.67974800027784],[-74.9267979997263,40.67878299966852],[-74.93017200006823,40.67743400023028],[-74.93691099963294,40.674739999776946],[-74.93726999965814,40.67459599966184],[-74.94064800019804,40.67324599980882],[-74.94521500006819,40.67141999995918],[-74.94623900044034,40.67101100033216],[-74.9509820000376,40.66911400026789],[-74.95332899963434,40.66817600033555],[-74.9610139997534,40.66510199968244],[-74.96167999992525,40.66483400030533],[-74.97161799992972,40.66085900018621],[-74.9767060002068,40.658820999975845],[-74.9791559997357,40.65784099980797],[-74.97942900044548,40.65773199991558],[-74.98233699973377,40.65656800009383],[-74.98333299961851,40.65616999997669],[-74.99014800024952,40.65344099973172],[-74.99038000005312,40.65334800020373],[-74.99321100024684,40.65221399990703],[-75.00126299988871,40.64898899984819],[-75.00430099977164,40.64777200005024],[-75.00443600038919,40.64771800001766],[-75.00677600031322,40.64678200023476],[-75.0071620001026,40.646625999676225],[-75.007663000418,40.64642400022885],[-75.01396599996464,40.64389900019528],[-75.0162020001316,40.64300299989257],[-75.01880099962341,40.64196100022601],[-75.01974800000266,40.64158200028316],[-75.02109899971465,40.64103999976232],[-75.02175599966569,40.64077699972722],[-75.02482299986094,40.63954700018473],[-75.02773100004755,40.638382000094374],[-75.02943499993697,40.63769800019998],[-75.03169899969302,40.63681899979279],[-75.03172999965514,40.6368059999783],[-75.03254300014011,40.63647800025631],[-75.03546200019737,40.635300999734405],[-75.03946099980496,40.63368900019031],[-75.03952299972926,40.63366400010702],[-75.03998100038696,40.633478999745044],[-75.04002499986957,40.63346200029037],[-75.04190500038439,40.63270399991664],[-75.04216300012723,40.6325999996923],[-75.04262799955936,40.632412000160485],[-75.0428130004056,40.632336999811535],[-75.04337999994493,40.63210899997871],[-75.04340900025724,40.632097000037696],[-75.04347399965626,40.632070999930875],[-75.0437010003353,40.631980000159],[-75.04384699992518,40.6319200003165],[-75.0443420003928,40.63172100033928],[-75.04489399986355,40.63149799967385],[-75.04534400012533,40.631316999928245],[-75.0458760004029,40.63110899976921]]]}},{"type":"Feature","properties":{"geoid":"3403576940","townId":"warren-township","name":"Warren township","county":"Somerset","status":""},"geometry":{"type":"Polygon","coordinates":[[[-74.57617,40.654412],[-74.574425,40.655997],[-74.573256,40.656059],[-74.569938,40.654994],[-74.568991,40.652766],[-74.569272,40.649982],[-74.566078,40.648472],[-74.562046,40.648165],[-74.559755,40.648682],[-74.558646,40.649831],[-74.556898,40.65046],[-74.554767,40.649746],[-74.5503,40.65021],[-74.548656,40.651454],[-74.546149,40.651473],[-74.5413,40.651564],[-74.539967,40.651816],[-74.537701,40.650133],[-74.532402,40.649607],[-74.530546,40.64796],[-74.523476,40.648976],[-74.523229,40.649157],[-74.519427,40.64961],[-74.518065,40.648594],[-74.517875,40.650178],[-74.516217,40.650105],[-74.515256,40.651091],[-74.513088,40.649563],[-74.51035,40.650458],[-74.509929,40.651811],[-74.507701,40.652583],[-74.506445,40.655284],[-74.504945,40.656878],[-74.506004,40.65851],[-74.5037,40.65963],[-74.501072,40.658816],[-74.498683,40.659549],[-74.498933,40.661382],[-74.49737,40.66119],[-74.495439,40.662013],[-74.494022,40.661042],[-74.49193,40.661431],[-74.490718,40.663413],[-74.489077,40.663647],[-74.48538,40.662437],[-74.48413,40.663331],[-74.484808,40.665451],[-74.482307,40.666048],[-74.480425,40.666216],[-74.476412,40.666471],[-74.473768,40.669308],[-74.469656,40.667927],[-74.462135,40.671628],[-74.461035,40.673504],[-74.457083,40.666485],[-74.450846,40.654148],[-74.449362,40.655052],[-74.44869,40.655231],[-74.448387,40.653629],[-74.453541,40.648738],[-74.464284,40.638323],[-74.48232,40.621179],[-74.492003,40.611901],[-74.517724,40.587252],[-74.525569,40.591619],[-74.531676,40.595324],[-74.532947,40.598878],[-74.532616,40.600522],[-74.534354,40.602599],[-74.53522,40.603465],[-74.535269,40.605626],[-74.544805,40.604046],[-74.554237,40.605138],[-74.55861,40.607553],[-74.563225,40.610508],[-74.562841,40.6121],[-74.563765,40.615289],[-74.56259,40.618696],[-74.565377,40.622675],[-74.568983,40.625102],[-74.57173,40.628531],[-74.573081,40.631651],[-74.572857,40.634446],[-74.574243,40.641897],[-74.57561,40.645292],[-74.574933,40.649416],[-74.57556,40.652436],[-74.577036,40.65303],[-74.57617,40.654412]]]}},{"type":"Feature","properties":{"geoid":"3403577600","townId":"watchung-borough","name":"Watchung borough","county":"Somerset","status":""},"geometry":{"type":"Polygon","coordinates":[[[-74.48232,40.621179],[-74.464284,40.638323],[-74.453541,40.648738],[-74.448387,40.653629],[-74.44869,40.655231],[-74.443084,40.657651],[-74.43592,40.663464],[-74.432919,40.664526],[-74.429756,40.664968],[-74.428023,40.663178],[-74.425473,40.662155],[-74.422386,40.658923],[-74.419781,40.657718],[-74.419091,40.658479],[-74.417062,40.66009],[-74.416716,40.66125],[-74.413022,40.662134],[-74.409493,40.665589],[-74.405002,40.667734],[-74.403587,40.666687],[-74.403486,40.666657],[-74.401751,40.66428],[-74.402752,40.661425],[-74.402744,40.656431],[-74.403596,40.655158],[-74.40352,40.654656],[-74.403704,40.653578],[-74.404685,40.653255],[-74.406739,40.649316],[-74.406503,40.647321],[-74.40853,40.644346],[-74.408194,40.643086],[-74.412044,40.642378],[-74.413802,40.64101],[-74.414485,40.641382],[-74.424958,40.636917],[-74.432968,40.633306],[-74.441682,40.629378],[-74.443172,40.631037],[-74.443401,40.631446],[-74.446547,40.633824],[-74.451613,40.628749],[-74.45053,40.627999],[-74.459038,40.619882],[-74.468641,40.618379],[-74.479475,40.61748],[-74.48232,40.621179]]]}},{"type":"Feature","properties":{"geoid":"3401379800","townId":"west-orange-township","name":"West Orange township","county":"Essex","status":""},"geometry":{"type":"Polygon","coordinates":[[[-74.30405500022106,40.75935500003105],[-74.30472100039292,40.75787599983204],[-74.30219099959977,40.75783800000201],[-74.3000950000732,40.757806999963435],[-74.29814900033448,40.7577779997606],[-74.29704499959638,40.75766799974442],[-74.29561900043961,40.757631000063036],[-74.29375800019137,40.757576999884165],[-74.29173399973654,40.757520000214846],[-74.29111600014356,40.75750200013004],[-74.29081099964672,40.75749400001518],[-74.29053299981237,40.75748700016904],[-74.29021399997015,40.757477000193184],[-74.28932900041347,40.75767000027834],[-74.28842100039228,40.75786900002618],[-74.27681899978307,40.76041000021392],[-74.27503799990079,40.760785000105294],[-74.2723509996471,40.76135099977795],[-74.26944199963559,40.761962999872146],[-74.26894299986832,40.76206799994237],[-74.2687529998975,40.76210799979586],[-74.2678859998842,40.76228999991405],[-74.26782899998278,40.76230299975762],[-74.26778499960186,40.762288000199604],[-74.2675620000191,40.762215000034146],[-74.26564499969436,40.76158499987898],[-74.26477799968106,40.76129999985593],[-74.26346299995407,40.76086799994769],[-74.26327899983104,40.76080799971949],[-74.26322600012762,40.760792000284525],[-74.26166500035335,40.760332000253804],[-74.26046699990393,40.75997799996481],[-74.25954399981411,40.75970499997094],[-74.25899700036624,40.759500000200596],[-74.25700700024657,40.75875199995498],[-74.25692000020794,40.75871700001842],[-74.25648400018984,40.75855399970187],[-74.25643999980892,40.75853799972436],[-74.25633799970167,40.75850000027276],[-74.25609199965437,40.75840499984762],[-74.25564700031376,40.75823900003228],[-74.25532400027357,40.75811900021913],[-74.25514400034852,40.75837500032975],[-74.2551359999526,40.758385999746295],[-74.2550999999676,40.75845200028978],[-74.25498399961663,40.75866199978932],[-74.25486899998891,40.758870000168976],[-74.25484999972232,40.75890500002498],[-74.25479000034619,40.75901300022258],[-74.2546849998659,40.75920400012364],[-74.25448300019953,40.75952600029608],[-74.2544320001459,40.75965899997128],[-74.25429099968059,40.76005699989093],[-74.25422299990854,40.76007300018325],[-74.25408800018931,40.76003500024823],[-74.25405999970191,40.76002699975781],[-74.25340299975088,40.76022599993444],[-74.25294900018945,40.760948999931706],[-74.25289899996072,40.761013000218924],[-74.25242899960745,40.76153299992769],[-74.25239699982039,40.761612000046966],[-74.2523750000791,40.76166500014328],[-74.25234999996471,40.76190700008439],[-74.25234499994185,40.76195999994548],[-74.2520949996966,40.762486000216754],[-74.25208600037408,40.762577999673475],[-74.25207799997817,40.762644000137165],[-74.25195199958146,40.762896999946754],[-74.25193300021321,40.76293599979407],[-74.25181799968716,40.763307999856835],[-74.2517649999837,40.763441000129376],[-74.25171200028026,40.763574000135776],[-74.25171899995296,40.7636710003307],[-74.25169499966351,40.76374800027944],[-74.25166600024951,40.763840000030534],[-74.25156699961701,40.7640559998627],[-74.25134800023218,40.764523999925714],[-74.25131399989701,40.76465299983911],[-74.25119500007132,40.765067999718596],[-74.25112499975113,40.76515199981005],[-74.25102699984183,40.765221000218794],[-74.25097699961313,40.76524999989591],[-74.2509049996431,40.765292000180075],[-74.25079800041128,40.76535500021635],[-74.25051800002882,40.765519000333114],[-74.25035300017235,40.7657889998263],[-74.25031299998939,40.76585399967904],[-74.25012200019368,40.76616399998625],[-74.25004799967553,40.76628400024372],[-74.24999199959903,40.76641200000736],[-74.24990100026075,40.76660399987091],[-74.24976900001627,40.76688700002618],[-74.24963500012197,40.76681699985714],[-74.24851299984053,40.768062000167255],[-74.24829000025777,40.767986999997305],[-74.2473289996348,40.767660000090565],[-74.2461810003124,40.76722400020658],[-74.24615700002296,40.76721499977778],[-74.2456809998219,40.766923999998255],[-74.24549500004906,40.76681099976147],[-74.24516399961294,40.767077999752786],[-74.24498200003806,40.76724799975649],[-74.24494299968,40.767285000207956],[-74.24468499993715,40.76749699993351],[-74.24467599971632,40.76750600032412],[-74.2446110003173,40.76757199997611],[-74.24450099981412,40.76768199993092],[-74.24422700017774,40.76795700004167],[-74.24421100028422,40.7679729997929],[-74.24398699997823,40.76827099981325],[-74.24386800015255,40.76848500000341],[-74.24383899984024,40.76853100001786],[-74.24379799983235,40.76861100008549],[-74.24379199998457,40.76862199984916],[-74.24347599961708,40.76901199975562],[-74.24324299998857,40.76925300006601],[-74.24309099965261,40.769432000078126],[-74.24298500024571,40.76952799979852],[-74.24284600032853,40.76964200026436],[-74.24276400031276,40.76974099993735],[-74.24223000038539,40.770291999744714],[-74.24222299981437,40.77035499980324],[-74.24221299976863,40.77045000015654],[-74.24191999986567,40.77079100023436],[-74.24173400009283,40.77100499979244],[-74.2416899997119,40.771055999750736],[-74.24154599977186,40.771223000274006],[-74.2413800000905,40.771415999903695],[-74.24127299996039,40.77153999975423],[-74.24123000030269,40.77157799991447],[-74.24120500018832,40.771620000281104],[-74.24114099971591,40.77169399969629],[-74.24104799982948,40.7718179997083],[-74.24080299960711,40.77214500024319],[-74.24073599965996,40.77223399979186],[-74.24071399991864,40.772263999857465],[-74.24063699992575,40.772353999973],[-74.24054099966628,40.77246799967218],[-74.24038099983271,40.772658000323595],[-74.24032499975621,40.77272499966106],[-74.24019500005988,40.77287600014383],[-74.23996200043138,40.77315299991652],[-74.23989200011117,40.77323599996004],[-74.23963500019323,40.773539999676565],[-74.23957400009385,40.7736130003278],[-74.23949799992587,40.77377899984206],[-74.23929299988647,40.77422799980656],[-74.2391189998092,40.774610000047865],[-74.23869700003479,40.77553399995159],[-74.2386200000419,40.77569800011712],[-74.2384429995916,40.77608699999811],[-74.23838900006324,40.77617899967364],[-74.23833800000959,40.776262000018406],[-74.23766000014217,40.77734900027251],[-74.23706500011542,40.778303000234494],[-74.23694600028972,40.77849499975156],[-74.23672700000662,40.778425000246976],[-74.23522899998154,40.779353999850976],[-74.23498499958406,40.779505000232206],[-74.23436299979313,40.779890999790666],[-74.23423599957152,40.77997300032793],[-74.23406800024036,40.78007999969045],[-74.23341200011424,40.780504999728606],[-74.2314539997816,40.78177199993915],[-74.2311630004268,40.781960000027055],[-74.2310239996113,40.782049999931424],[-74.23092700042524,40.78211299972392],[-74.23081500027226,40.78218400000148],[-74.23066100028646,40.78228399992835],[-74.23062100010348,40.782309999952716],[-74.23055499998125,40.782349999865644],[-74.23048499966104,40.78232900001637],[-74.23035099976676,40.78247299982113],[-74.23009200019897,40.7826309998334],[-74.22996900017533,40.78270499990791],[-74.22989300000735,40.78275100028036],[-74.22968799996794,40.78287500006098],[-74.22959199970846,40.78293300031777],[-74.22904100006264,40.783281000114556],[-74.22832200018735,40.78373599972332],[-74.22677599958337,40.78471399982295],[-74.22672999955262,40.784655999761135],[-74.22492799975392,40.78628700024378],[-74.22481099957804,40.78622500016671],[-74.22332599997176,40.78746500023194],[-74.22319700010034,40.78757199976786],[-74.22056400027336,40.78977899966947],[-74.22376799983763,40.792241999892674],[-74.22397700007502,40.79240400012384],[-74.22406300028874,40.79247099994854],[-74.22447400019249,40.79279000020671],[-74.22462700035335,40.79290900024313],[-74.22529799964977,40.79342999966303],[-74.22539300008434,40.79350399994609],[-74.225840999798,40.79385200011625],[-74.22601300022544,40.793984999775724],[-74.22662400014572,40.794459999882065],[-74.22677200028373,40.794579000325655],[-74.22817300022442,40.79572400000841],[-74.22948100027868,40.796792999696365],[-74.22954700040094,40.79684600029222],[-74.22957800036308,40.79687099969892],[-74.2299950001146,40.797202999713285],[-74.2306789998298,40.79774899987468],[-74.23402499968434,40.80044499986603],[-74.23419399973874,40.80058100014056],[-74.23449900023559,40.80082700028929],[-74.23539300001308,40.80160600018542],[-74.23643999995144,40.802437999989905],[-74.23657200019593,40.80254300001363],[-74.23683499996164,40.80277000004106],[-74.2372900002463,40.80315300026549],[-74.237373000087,40.80322500006798],[-74.23772899973915,40.803527000050906],[-74.237633000378,40.80398900003596],[-74.23751700002704,40.80454499983081],[-74.23729899956884,40.80558799983866],[-74.23692000035047,40.80631900021155],[-74.23671600013597,40.806712999929466],[-74.23604199956819,40.807625999819926],[-74.23594000035924,40.80781999993538],[-74.23564400008323,40.80838399969944],[-74.23549699977013,40.80907800028109],[-74.23537700011954,40.8096439998807],[-74.23483800016929,40.81056299978379],[-74.23478499956752,40.810739999679456],[-74.23433400037912,40.812261999935096],[-74.23281399971444,40.81286100000471],[-74.2323740003967,40.81346700017355],[-74.23229400003076,40.81432900027433],[-74.23948200003235,40.818204999691574],[-74.23957800029181,40.818257000150076],[-74.23965699993452,40.818300000263164],[-74.24389499991672,40.82058399967556],[-74.24898400001871,40.823327999983654],[-74.2502009998364,40.82398399985726],[-74.25086600018335,40.82434200007117],[-74.25100299955237,40.82441599987817],[-74.25206799993241,40.82448599984009],[-74.25296900028091,40.82452800005366],[-74.25657200005338,40.82469000033704],[-74.26034899990313,40.82487899982758],[-74.26155400002527,40.82493099981233],[-74.26353699957392,40.82502999999736],[-74.26371599967406,40.825021999857434],[-74.26476400033567,40.82506900007089],[-74.26728900020761,40.82610099990585],[-74.26897300000554,40.826788999937186],[-74.27370700028028,40.81917899978547],[-74.2739690002211,40.8187549998621],[-74.27527100042761,40.81665999981509],[-74.27623200015225,40.81493800020597],[-74.27642600032101,40.81456799982325],[-74.27665399992664,40.814134000055795],[-74.27722999968681,40.8130590002244],[-74.27738200002278,40.81277099970954],[-74.27762800007007,40.81230999979602],[-74.27783999978217,40.81190899976329],[-74.27895200001788,40.809817999702766],[-74.27910699982857,40.80951900028959],[-74.27956799996103,40.80865200003382],[-74.27979200026701,40.80823200020591],[-74.28002700044367,40.80779000029106],[-74.2800669997283,40.80771399990751],[-74.28025099985132,40.807363999934466],[-74.28034299991283,40.8071890002756],[-74.28058399993726,40.80673799969979],[-74.28226699991026,40.803509000189486],[-74.28237200039055,40.80328500007042],[-74.282713999799,40.8024990002959],[-74.28376999995821,40.80049399973707],[-74.28439099992423,40.79931599968934],[-74.28463600014662,40.79885199984403],[-74.2850289996087,40.798111999869356],[-74.28528300005192,40.797631000018455],[-74.28669400003835,40.79504100002609],[-74.28703600034511,40.794419999782214],[-74.28709499989634,40.79430400024056],[-74.28723100033878,40.79403099981579],[-74.28886200043326,40.790756000103364],[-74.29236700029642,40.78372399986633],[-74.29438800037823,40.77963999993108],[-74.29464100009824,40.779135000255835],[-74.29519599994201,40.77803199992929],[-74.29619799967453,40.77603199985763],[-74.296666000378,40.77509400001287],[-74.29772699966176,40.77301599988843],[-74.29809200043306,40.77230000019043],[-74.29837100009232,40.77164000005764],[-74.29899000040851,40.770368000110274],[-74.29914199984616,40.770039000193044],[-74.30005800026328,40.76806900026042],[-74.30296700027479,40.76177299993908],[-74.30304099989465,40.761603999746356],[-74.30350500040014,40.76057799981717],[-74.30405500022106,40.75935500003105]]]}},{"type":"Feature","properties":{"geoid":"3403979040","townId":"westfield-town","name":"Westfield town","county":"Union","status":""},"geometry":{"type":"Polygon","coordinates":[[[-74.375128,40.668625],[-74.371425,40.665777],[-74.368324,40.668506],[-74.360213,40.669685],[-74.35747,40.668121],[-74.359625,40.66622],[-74.356868,40.664826],[-74.353229,40.667614],[-74.350928,40.666419],[-74.349697,40.665778],[-74.345868,40.668474],[-74.345915,40.671276],[-74.348274,40.672495],[-74.336848,40.676607],[-74.334461,40.677805],[-74.331293,40.678409],[-74.331603,40.679534],[-74.331311,40.682337],[-74.322478,40.676849],[-74.323612,40.675016],[-74.323177,40.672185],[-74.324239,40.669779],[-74.32614,40.66781],[-74.327434,40.662533],[-74.32628,40.657464],[-74.328846,40.657148],[-74.329727,40.655795],[-74.331283,40.65335],[-74.331923,40.652342],[-74.332433,40.650817],[-74.333611,40.649514],[-74.331211,40.648282],[-74.327962,40.647259],[-74.326552,40.646412],[-74.32554,40.645805],[-74.319721,40.642334],[-74.317316,40.640928],[-74.312849,40.638307],[-74.315403,40.635552],[-74.318438,40.632295],[-74.322696,40.627695],[-74.325063,40.625156],[-74.329199,40.62514],[-74.334329,40.627206],[-74.337446,40.624242],[-74.343601,40.627775],[-74.344202,40.628127],[-74.351721,40.633405],[-74.351308,40.634772],[-74.35451,40.635862],[-74.360986,40.639311],[-74.365276,40.647034],[-74.365662,40.647749],[-74.367929,40.651921],[-74.369747,40.655211],[-74.378911,40.667699],[-74.375128,40.668625]]]}},{"type":"Feature","properties":{"geoid":"3403981650","townId":"winfield-township","name":"Winfield township","county":"Union","status":""},"geometry":{"type":"Polygon","coordinates":[[[-74.29735799959082,40.62913399984428],[-74.29736400033691,40.62906600030206],[-74.29734300042051,40.62901600007311],[-74.2973219996058,40.62896900027377],[-74.29728800016893,40.628908999771056],[-74.29722799989449,40.62884700026309],[-74.2971230003125,40.628765999730504],[-74.29706200021313,40.6287260001888],[-74.29692499994576,40.62865300011118],[-74.29683299988427,40.62861500014191],[-74.29676799958693,40.62859400016762],[-74.29669399996709,40.6285780003126],[-74.296630000393,40.6285780003126],[-74.29655900024787,40.628578999792275],[-74.2964909995775,40.62859000020422],[-74.2964139995846,40.628612000340794],[-74.29632499989614,40.62864500019122],[-74.29622600016194,40.628710999843165],[-74.29614499997109,40.62878399985731],[-74.29604899971162,40.628889000046016],[-74.29581000023533,40.62913399984428],[-74.29559599997509,40.629351000005755],[-74.29541600005004,40.62952499995887],[-74.2953359996841,40.6295960001543],[-74.29526299988916,40.62965600003975],[-74.2952100001857,40.629692999953576],[-74.29512999981976,40.62974799971396],[-74.29504600015419,40.62980800014457],[-74.29486200003117,40.62992900030362],[-74.294759000099,40.62999000003024],[-74.29468600030407,40.630029000038604],[-74.2945470003869,40.63010199997554],[-74.29438599983011,40.63017599997025],[-74.29416400007226,40.63025200015588],[-74.29407700003361,40.630274999881024],[-74.29397300027655,40.63030200014111],[-74.29386799979623,40.63032599998437],[-74.29367500035072,40.630352000088884],[-74.29346600011334,40.6303799997706],[-74.29334300008969,40.63039800014413],[-74.2931740000353,40.63043099979376],[-74.29300900017884,40.63047900006065],[-74.29291999959207,40.63050600023825],[-74.29279800029165,40.63055200018741],[-74.29271999957554,40.63059300013025],[-74.2926459999557,40.630634000047856],[-74.29255300006928,40.63068899971493],[-74.29247299970334,40.63075100023976],[-74.29238999986265,40.630830000154305],[-74.29229199995336,40.63093999980204],[-74.29217700032562,40.63107699989698],[-74.29207199984533,40.63121700007685],[-74.29182199960007,40.631533999813314],[-74.29164800042112,40.631768000246915],[-74.29150500030599,40.631937000163695],[-74.2913150003352,40.63215000032899],[-74.29118700028867,40.632271000334704],[-74.29105800041724,40.632387999703454],[-74.2909570001349,40.632472000242636],[-74.29085000000477,40.63255499989244],[-74.29070100004186,40.63266600020743],[-74.29052899961441,40.63277500014059],[-74.28994899965627,40.633081000309346],[-74.28975700003565,40.63316199969819],[-74.28948599987402,40.6332700000939],[-74.28923700035196,40.63335500029515],[-74.28909500006176,40.633398000059024],[-74.28888599982439,40.633450999999326],[-74.2887679998236,40.633477000250515],[-74.28864700034808,40.63350299980986],[-74.28848099976844,40.6335339997956],[-74.28829900019355,40.633564999767],[-74.28807599971249,40.6335930001466],[-74.28778000033478,40.633632000095815],[-74.28752199969361,40.63366600027762],[-74.28725899992787,40.63372100017419],[-74.2870000003601,40.63378600017946],[-74.28675900033566,40.63386100026428],[-74.28654800044848,40.633938999826746],[-74.28653800040274,40.63394400023262],[-74.28641100018113,40.63400200014105],[-74.28635299955651,40.63403000033738],[-74.28623299990589,40.63409299988409],[-74.28610900005734,40.63416800030573],[-74.28598900040673,40.634247000267905],[-74.28578699984207,40.63439499985053],[-74.285346999626,40.63471000003957],[-74.28516500005114,40.63484200024174],[-74.2844090003659,40.63538199983861],[-74.2837969997224,40.63582200006813],[-74.28376099973738,40.635851000235505],[-74.28383100005759,40.6359499999127],[-74.2839089998754,40.63607099984897],[-74.28395400008122,40.63613500024495],[-74.28399000006624,40.636187000010196],[-74.28402699987615,40.63623899973495],[-74.28449999970418,40.63691900011622],[-74.28532300023488,40.63809900011899],[-74.28547100037288,40.638242999957676],[-74.28557900032793,40.63831199971353],[-74.28577799962123,40.63843700019602],[-74.28697699989557,40.63908699988648],[-74.28716600004145,40.63918800022352],[-74.2873669998829,40.6393159997495],[-74.2875150000209,40.63943899971779],[-74.28766099961078,40.63959900001901],[-74.28767099965653,40.639613999963665],[-74.28774299962654,40.639719000163666],[-74.2878730002212,40.63963599987645],[-74.28802800003189,40.639699000268145],[-74.28818600021565,40.63975699994867],[-74.28834799969903,40.639808000307745],[-74.28851299955548,40.6398529999908],[-74.28868199960989,40.639891999691535],[-74.28886800028103,40.63992700008523],[-74.28919799999393,40.639970999697205],[-74.2895279997068,40.639968999715435],[-74.28955199999623,40.63996799972459],[-74.28957899976041,40.639817000246815],[-74.28958299995837,40.63977099986402],[-74.28961100044579,40.639661999763995],[-74.28963499983693,40.63957000011642],[-74.28965599975332,40.63951500026653],[-74.28970199978409,40.63935799976414],[-74.28976200005853,40.63920800027214],[-74.28982900000568,40.639059999770474],[-74.28990500017366,40.63891400031743],[-74.28998200016655,40.638784000003426],[-74.29019100040394,40.63850199970003],[-74.29064800033842,40.63799700015892],[-74.29092799982257,40.637703999667416],[-74.29107400031077,40.63754300025053],[-74.29112899966402,40.637405999788875],[-74.29118700028867,40.63725399993783],[-74.29122999994638,40.6370799996746],[-74.29124800038805,40.63695199995146],[-74.29124800038805,40.63687900000479],[-74.29124199964195,40.63678199973737],[-74.29122999994638,40.63665400012459],[-74.29119300013645,40.636416000277414],[-74.29114999958043,40.63617300002494],[-74.29111699996847,40.63593499982643],[-74.29110799974762,40.63578300003475],[-74.29112899966402,40.63569800019773],[-74.29113500041015,40.635581999868585],[-74.29118700028867,40.63541799992913],[-74.2912600000836,40.63522299971791],[-74.29133299987853,40.63510100022605],[-74.29143699963561,40.63493999998545],[-74.29150100010803,40.63485699989181],[-74.29160700041325,40.63474200021584],[-74.29187199982879,40.63447699976367],[-74.29220200043999,40.6341639999945],[-74.29276899997934,40.63367400027779],[-74.29293399983578,40.63353499988288],[-74.29308600017174,40.63341899988604],[-74.29320199962437,40.63333100017713],[-74.29332600037125,40.63324900022002],[-74.29345500024269,40.63317199994415],[-74.29358800031207,40.633098999954775],[-74.2937249996811,40.633030999678034],[-74.29386600014642,40.63296799981102],[-74.29401000008646,40.63289799988907],[-74.29436499991371,40.6327140002312],[-74.29452499974727,40.63261900025009],[-74.2947160004413,40.632510000062254],[-74.29491100043498,40.63237300018041],[-74.2950899996368,40.632232999697315],[-74.29522199988128,40.632127999994516],[-74.2954479998371,40.631910999994574],[-74.29560799967066,40.63174200001198],[-74.2957370004404,40.63158400020212],[-74.29584899969508,40.631435999842594],[-74.29592300021325,40.63131800004873],[-74.295997999658,40.631191999749745],[-74.29607200017617,40.63104500000943],[-74.296145999796,40.63086899967207],[-74.29624700007834,40.63063900001948],[-74.29643500039933,40.63029499987273],[-74.29649999979834,40.63019599999161],[-74.29660799975336,40.63003799993238],[-74.29671300023365,40.62990500031766],[-74.29693300034168,40.62965200013997],[-74.29706700023598,40.629522999664225],[-74.29723999959003,40.629345999937684],[-74.29731199956005,40.62926399985917],[-74.29734000004747,40.62918399998483],[-74.29735799959082,40.62913399984428]]]}},{"type":"Feature","properties":{"geoid":"3402382000","townId":"woodbridge-township","name":"Woodbridge township","county":"Middlesex","status":""},"geometry":{"type":"Polygon","coordinates":[[[-74.33847200008961,40.60573500005711],[-74.3384439996022,40.60522300012923],[-74.33838699970079,40.604260000136684],[-74.33833499982225,40.60336800002055],[-74.33829100033964,40.60261499983484],[-74.33824500030889,40.601844000153875],[-74.33820000010304,40.60107400033774],[-74.33815599972212,40.60030900003231],[-74.33811100041459,40.5995490000916],[-74.33806600020874,40.598768999819605],[-74.3380150001551,40.5979070003042],[-74.33800799958412,40.597783000296666],[-74.33795599970557,40.596855999934085],[-74.33793300013936,40.59647699979248],[-74.33787700006286,40.59551100006328],[-74.33783699987988,40.59483100032855],[-74.33780400026792,40.59427899971139],[-74.33773499977264,40.59305399992958],[-74.33769899978762,40.592300000186846],[-74.33768999956679,40.59216599976797],[-74.33765600012993,40.591648000082756],[-74.33765399958178,40.59153599978912],[-74.33765299975687,40.591442999981375],[-74.33762299961964,40.590914999721335],[-74.337611999749,40.590798000021906],[-74.33760099987833,40.59068699971554],[-74.33759599985545,40.59063600004767],[-74.33757999996195,40.59046199976448],[-74.33750600034209,40.58963699983384],[-74.33743199982393,40.588847999906775],[-74.33742000012836,40.58871400007434],[-74.33741799958023,40.58868499990723],[-74.33741099990753,40.58860900018599],[-74.33735599965595,40.58795500007434],[-74.33734999980815,40.5878880003203],[-74.33725500027192,40.58675099990028],[-74.33723600000535,40.586518000161306],[-74.33717499990598,40.58577599979439],[-74.33711600035475,40.58508499991107],[-74.33706500030112,40.58447199972562],[-74.33705799973012,40.58438999983018],[-74.33704699985947,40.58425499979152],[-74.33700099982872,40.58370699979824],[-74.3369439999273,40.58302599993669],[-74.33691799998802,40.58270700029478],[-74.33688700002588,40.582331999781964],[-74.33682699975144,40.581622999930026],[-74.3367899999415,40.58118000032351],[-74.3367690000251,40.580932000123774],[-74.33671399977354,40.58027299966182],[-74.3366560000472,40.57957600032616],[-74.33650399971125,40.5776020001578],[-74.33647500029724,40.57723200023978],[-74.33646100005355,40.57699999966042],[-74.33643199974122,40.5764960000763],[-74.33640199960399,40.57610599966878],[-74.33637900003777,40.57584599995355],[-74.3363520002736,40.57563400000482],[-74.33630200004488,40.57515499983564],[-74.33626900043292,40.57483899967279],[-74.33626600005987,40.574810999914625],[-74.33626400041005,40.57479899991715],[-74.33618900006698,40.573977000087325],[-74.33616399995263,40.57368200000022],[-74.33611000042426,40.57303300014331],[-74.33610700005121,40.572991000050315],[-74.33609700000548,40.5728750000139],[-74.33585000013326,40.571746999832904],[-74.33573100030758,40.57120400005245],[-74.3355849998194,40.57051400010819],[-74.33549299975788,40.570058000115054],[-74.33547600003946,40.569979999670345],[-74.33543599985649,40.569787999920464],[-74.33541599976499,40.569688999780894],[-74.33531299983282,40.569190999876405],[-74.33524199968771,40.5689080002168],[-74.3351909996341,40.56875899985967],[-74.3351200003873,40.56862799980746],[-74.33505000006711,40.56851300009199],[-74.33496800005135,40.56838200024059],[-74.33490500030216,40.568301000110424],[-74.33485199970039,40.568231999694774],[-74.33472700002692,40.568094000014746],[-74.33466099990467,40.568020999890926],[-74.33440300016181,40.567731999768945],[-74.33413600019811,40.56746399984865],[-74.33383099970128,40.56718600033526],[-74.33366400019501,40.5670370002386],[-74.33351299968396,40.56692600007916],[-74.33339300003335,40.566841999707044],[-74.33325199956806,40.56676400029071],[-74.33322700035201,40.566752000215],[-74.33306699962013,40.566676999863375],[-74.33274500030315,40.56655500008549],[-74.33269400024955,40.56653500012307],[-74.3324740001415,40.56644399980906],[-74.33242899993567,40.566425000222836],[-74.33241399986704,40.566418000086614],[-74.33208599980398,40.56628000007812],[-74.33176399958873,40.56614399992989],[-74.33117399958483,40.56591000033259],[-74.3309440003294,40.565812000334006],[-74.33085499974261,40.5657760002706],[-74.33080100021425,40.56524899981814],[-74.3307839995975,40.565086000318075],[-74.33074000011489,40.564683000084536],[-74.33048099964878,40.56213999990718],[-74.3299240001552,40.556723000010585],[-74.32950499985554,40.55262399983403],[-74.32947899991628,40.552401000053536],[-74.32939900044863,40.55160999995451],[-74.32931900008269,40.55083200022924],[-74.32923399969388,40.550010000214904],[-74.32915800042421,40.54926499978517],[-74.32906999966235,40.548409999788745],[-74.32892099969943,40.54697799976226],[-74.32853999993293,40.54645200015751],[-74.3284389996506,40.54631399994569],[-74.32778599989751,40.54539299987238],[-74.32640300039849,40.543459999803126],[-74.32637300026126,40.543413999984665],[-74.32234000031848,40.53776600005611],[-74.3221879999825,40.53754999969757],[-74.32208699970016,40.5373969999041],[-74.32197700009532,40.53725699982707],[-74.3218699999652,40.53710800002353],[-74.32162800011585,40.53676700032583],[-74.3200909997327,40.534614999669536],[-74.31961999955452,40.533955999884526],[-74.31903700012165,40.533136000071906],[-74.31889900002939,40.532948000019616],[-74.31825100029918,40.53203899998889],[-74.31802199997034,40.53171700031993],[-74.31740100000432,40.53084600024089],[-74.31665700001464,40.52980499987107],[-74.31607200003363,40.52898499978738],[-74.31672300013689,40.528276000150136],[-74.31703699995624,40.527925999901186],[-74.31707100029143,40.52788299988303],[-74.31709899988053,40.52784600028997],[-74.31732300018652,40.52755500024996],[-74.31745500043098,40.52736999980924],[-74.31774800033394,40.527015000080034],[-74.3177940003647,40.526944000181686],[-74.31792300023614,40.526744999729075],[-74.3180479999096,40.526544000089245],[-74.31806499962804,40.526517000254756],[-74.3180820002448,40.52649400033659],[-74.31813099975028,40.526399000294134],[-74.31820100007047,40.52630200014771],[-74.31822500035992,40.526262000067604],[-74.31827200021559,40.52618900008175],[-74.31836199972896,40.526034999963045],[-74.31852999995844,40.525838999858834],[-74.31867600044663,40.52570700016248],[-74.31871800027942,40.5256700000509],[-74.31889700037958,40.525547999981264],[-74.31892599979358,40.525528000060554],[-74.31906800008379,40.52543100001929],[-74.31909800022103,40.52540999972434],[-74.31938600010112,40.52520900017783],[-74.31955199978245,40.52509499997347],[-74.31975900037003,40.52499500031745],[-74.3198780001957,40.524945999755516],[-74.32013099991568,40.524859999964725],[-74.32045099958283,40.524765000337474],[-74.32076399957728,40.52468600003459],[-74.32094500022555,40.52464999971009],[-74.3211739996561,40.52461299969786],[-74.32142399990136,40.52459700022146],[-74.3217439995685,40.52458700011997],[-74.32201499973013,40.52457200030638],[-74.32230000013551,40.5245399999645],[-74.32248799955815,40.52448800005915],[-74.3227029996433,40.5244449998837],[-74.32290500020798,40.52442500031677],[-74.32311000024741,40.52440100000911],[-74.32341800021898,40.52438000007433],[-74.32374899975677,40.52436500021437],[-74.32409400043659,40.52435199969576],[-74.32449000027171,40.524336999829586],[-74.32480999993884,40.524332000101076],[-74.32514300002478,40.524332000101076],[-74.3255179999435,40.52434400026831],[-74.32592999967214,40.524355000078316],[-74.32626399958299,40.52436500021437],[-74.32644799970602,40.52069500030052],[-74.32664600007273,40.51954400025332],[-74.32675300020284,40.51943299989454],[-74.32709899980925,40.518980999968534],[-74.32770999972954,40.518161999702784],[-74.32835300033518,40.517299999696846],[-74.32851999984145,40.51707599999789],[-74.32891999987451,40.51669799983327],[-74.32988999982,40.51552600015999],[-74.33001500039178,40.51513099995513],[-74.33029999989883,40.514217000229074],[-74.33052099983176,40.513652999769555],[-74.33100299988062,40.51296400007346],[-74.3312559996006,40.51223400001922],[-74.33137899962423,40.511871999660556],[-74.33137199995157,40.511836999826],[-74.3312559996006,40.51122800032716],[-74.33101700012432,40.51000999976271],[-74.3307839995975,40.50882300005707],[-74.33050199956519,40.50654599995815],[-74.33043600034128,40.506045999810325],[-74.3302970004241,40.50488899986272],[-74.33016900037757,40.50386399969851],[-74.33002700008736,40.50272000029731],[-74.32958799969622,40.499157999826025],[-74.32956500012999,40.498991999855],[-74.32954000001564,40.49877300006317],[-74.32941500034217,40.4977590001027],[-74.32932300028065,40.497032000095174],[-74.32893999996602,40.493919000279426],[-74.32885100027755,40.49319799979015],[-74.32840600003863,40.48959999997747],[-74.32837199970345,40.489332000328616],[-74.32836300038092,40.48925499966055],[-74.32819099995348,40.4878870003299],[-74.32799199976185,40.48800499974794],[-74.3260309999545,40.48924000014125],[-74.3252919999877,40.489705000078374],[-74.32439200036242,40.49080500001048],[-74.32209199972304,40.493705000287015],[-74.31949099968308,40.49850500016244],[-74.3194210002612,40.49862800031604],[-74.31829099958384,40.50060499966623],[-74.31791099964224,40.50090200001817],[-74.31665299981668,40.501883000053525],[-74.31591999969767,40.50245499976761],[-74.3143239997633,40.50370099970164],[-74.314189999869,40.50380500029852],[-74.31089099987014,40.50550499990936],[-74.31069900024951,40.505591999892424],[-74.30991000005402,40.50595000021327],[-74.30912199968341,40.506308999930646],[-74.30649100040455,40.50750499973219],[-74.30419099976517,40.50830500003716],[-74.30145800037906,40.50887499981962],[-74.30114899968427,40.50893899973477],[-74.3009679999343,40.50897700010367],[-74.30083200039019,40.50900500007411],[-74.30062700035077,40.50900599997531],[-74.30034799979319,40.50900799977754],[-74.29666899985273,40.50930700028108],[-74.29222599983113,40.50818199986919],[-74.29169699992661,40.507825999688684],[-74.29155399981148,40.509109999859305],[-74.29139499980282,40.510669000061576],[-74.29134899977207,40.51110599992631],[-74.29113600023504,40.51314000005945],[-74.29111399959544,40.51334399979115],[-74.29093799986832,40.51501299975546],[-74.29080700034709,40.51626700034054],[-74.29076799998903,40.516623999887635],[-74.29075700011836,40.51673299986218],[-74.29061999985102,40.51801100024653],[-74.29057899984313,40.51841000028323],[-74.29048599995672,40.51930599997844],[-74.29046099984235,40.5195260000784],[-74.29042999988022,40.51977399971037],[-74.29041099961364,40.51991499986026],[-74.2903739998037,40.520145999828195],[-74.29030799968147,40.520550999872746],[-74.29023700043469,40.52106599968346],[-74.29022599966571,40.52115799993055],[-74.29021300014523,40.521294999663695],[-74.2901610002667,40.52178199981791],[-74.29014399964996,40.52189600019409],[-74.29010799966494,40.5221480001221],[-74.29006099980927,40.522524000204314],[-74.29004599974066,40.522651000169645],[-74.2899439996334,40.52315700029319],[-74.28983599967837,40.52368600021799],[-74.28977399975409,40.52399300029293],[-74.28969099991342,40.524403999706614],[-74.28964300023284,40.5246389999485],[-74.28959300000413,40.52488400010798],[-74.2895279997068,40.52520399983148],[-74.28960499969969,40.5257629997757],[-74.28962899998913,40.52590699993205],[-74.28965599975332,40.526077999801224],[-74.28975899968546,40.526710000147666],[-74.28988400025726,40.5274409999391],[-74.28989000010505,40.52747500019588],[-74.2899009999757,40.52753999973497],[-74.28994600018153,40.5278379999139],[-74.28998299999147,40.528036000234934],[-74.28999499968704,40.528120999748396],[-74.29000999975565,40.52822300011479],[-74.2900919997714,40.52866999976891],[-74.2901400003503,40.52879400019565],[-74.29020200027458,40.52895599968061],[-74.29027199969646,40.52907700008995],[-74.29038800004741,40.52925699987143],[-74.29058899988887,40.52960099970202],[-74.29069799966882,40.52977499984496],[-74.29075700011836,40.52986999988145],[-74.29081999986755,40.5299870002876],[-74.2908580004007,40.53007300032741],[-74.29086500007338,40.53013300009933],[-74.29086800044644,40.53022800031111],[-74.29086599989832,40.53024899977914],[-74.29085699967747,40.53035600028285],[-74.29082599971534,40.53055599983456],[-74.29077300001188,40.53077700014024],[-74.29060599960732,40.531430000334964],[-74.29059999975952,40.531451999675504],[-74.29057600036839,40.53155199993877],[-74.2903949997201,40.53191399986223],[-74.29034100019176,40.532260000183015],[-74.29031000022961,40.5324740000595],[-74.29030100000878,40.53254899980978],[-74.29028400029034,40.532657000285866],[-74.29023099968857,40.532853999795705],[-74.29018499965782,40.532991999745015],[-74.2901400003503,40.53312599987899],[-74.29008699974854,40.53323100012283],[-74.29002300017444,40.533360000041085],[-74.28991699986922,40.533529000256806],[-74.28985599976986,40.533632000118615],[-74.28976200005853,40.53380799978127],[-74.28974000031722,40.53385100009404],[-74.28970599998205,40.53397700023249],[-74.28969099991342,40.534088999929075],[-74.28968300041582,40.534219999976706],[-74.28970000013425,40.534339000027316],[-74.2897110000049,40.53441900008018],[-74.28971600002778,40.534452000005935],[-74.28977499957901,40.534605999899505],[-74.28985400012004,40.53475400028835],[-74.28987400021153,40.53479899970977],[-74.28993199993785,40.53492399991636],[-74.28998800001433,40.53506400008935],[-74.29002099962631,40.53518499971064],[-74.29003200039526,40.535312999771755],[-74.29001300012868,40.535459000268354],[-74.28997399977064,40.53559700031436],[-74.28992899956478,40.53571599996751],[-74.28987000001356,40.53582199975014],[-74.28984999992208,40.53585599985105],[-74.2897670000814,40.53595900023201],[-74.28965800030146,40.53605000033749],[-74.28959700020208,40.536099000290534],[-74.28951799966106,40.53615699977065],[-74.28950799961531,40.53616400034018],[-74.2894640001327,40.536189000027356],[-74.28941800010195,40.536216000061394],[-74.28929400025338,40.53627500030012],[-74.28922200028335,40.536307999994435],[-74.2888809998015,40.536446000339886],[-74.2887119997471,40.536523000087506],[-74.28843100043802,40.53668600017461],[-74.28817199997194,40.536842000049866],[-74.28808199956026,40.536899000084375],[-74.28783100038841,40.537057999960226],[-74.28747700038608,40.53726999989044],[-74.28721399972201,40.53741500005859],[-74.2869440002836,40.53755800027957],[-74.28674900028993,40.53766299972231],[-74.28652300033413,40.537785999738055],[-74.2864379999453,40.53782800007466],[-74.28635599992954,40.53786900023156],[-74.28599799972926,40.53805099990922],[-74.28570099962835,40.53819599975244],[-74.285422999794,40.53834099996449],[-74.28515300035556,40.53847800007423],[-74.28488999969152,40.538608999732766],[-74.2846910003982,40.53870000033497],[-74.28459799961347,40.53874599997716],[-74.28444399962768,40.53879100013086],[-74.28433300019792,40.53881000005014],[-74.28415099972472,40.538827999825],[-74.28400099993691,40.53881899993818],[-74.2838329997074,40.538805000035985],[-74.28369399979023,40.53878399983587],[-74.28337999997088,40.53873499979846],[-74.28312600042598,40.53870099979328],[-74.2828269997769,40.53866900005369],[-74.28274599958606,40.5386650001705],[-74.28250299991181,40.53865299983684],[-74.28226699991026,40.53865900000393],[-74.28204900035038,40.538680999701825],[-74.28192999962639,40.5387099996959],[-74.28154800003496,40.53884500013887],[-74.28014500044443,40.53934000011822],[-74.28001200037504,40.539388999713076],[-74.27910000015588,40.539722000078804],[-74.27894199997213,40.53977600001901],[-74.27885199956046,40.539806999788084],[-74.27869799957466,40.53984099991463],[-74.27846999996903,40.53989300019532],[-74.27809800042336,40.539968999955306],[-74.27795899960788,40.53999400027066],[-74.277813000018,40.54002600006004],[-74.2776859997964,40.54005699971338],[-74.27761399982637,40.540073000277594],[-74.27754299968126,40.54009000027552],[-74.27748900015291,40.54010100023172],[-74.2772630001971,40.540171999843594],[-74.27703200021841,40.54024099982696],[-74.2769329995859,40.540272000063496],[-74.27567800013338,40.54073400019278],[-74.27565399984393,40.54074600015367],[-74.27525899983371,40.540941999665904],[-74.27435199963743,40.5414070002548],[-74.27425200007832,40.5414169998943],[-74.27416599986459,40.54139900013246],[-74.27411999983384,40.54136199981033],[-74.27403500034335,40.541293999718576],[-74.2740179997266,40.54128000033361],[-74.27397300041906,40.54130899988527],[-74.27376599983151,40.54140299985241],[-74.2737430002653,40.54141499969345],[-74.27371999980076,40.541435000334026],[-74.27367600031815,40.54147500023185],[-74.27366000042463,40.541501000084374],[-74.27365399967852,40.54152400031308],[-74.27365100020378,40.541594999782035],[-74.27364199998294,40.54164299967847],[-74.27362899956415,40.541666999955154],[-74.27360199979998,40.54169600002195],[-74.27357900023375,40.541708999906554],[-74.27355800031737,40.54171699999188],[-74.27352099960913,40.541726000171984],[-74.27349499966986,40.54173099996813],[-74.27346500043096,40.54172999987241],[-74.27343399957049,40.54172700026781],[-74.27336900017148,40.54171599989594],[-74.27330999972193,40.54170300001263],[-74.27328799998064,40.5416990003106],[-74.27326399969118,40.54170099982034],[-74.27324600014784,40.54170099982034],[-74.27322500023145,40.54170699971444],[-74.27320900033791,40.54171200019468],[-74.27319599991912,40.5417219997887],[-74.27318800042153,40.54174200033755],[-74.2731740001778,40.54180699969085],[-74.27316199958393,40.54184200026176],[-74.2731440000406,40.54188799979443],[-74.27312499977401,40.54192200023011],[-74.2731020002078,40.541945999724156],[-74.2730750004436,40.54196600020612],[-74.27305199997907,40.541976999854334],[-74.27300299957528,40.541996000235294],[-74.27296999996331,40.5419999999196],[-74.27295200041996,40.54200100001129],[-74.27290300001616,40.54199700032705],[-74.27285000031272,40.5419880001833],[-74.27282500019837,40.541985999999504],[-74.27279599988603,40.5419880001833],[-74.27276900012185,40.54199099977625],[-74.27274300018259,40.54199700032705],[-74.27271300004537,40.54200799997011],[-74.27268999958082,40.54201900029404],[-74.27263500022755,40.542052999980555],[-74.27259400021967,40.542079999699254],[-74.27254999983874,40.54210200032165],[-74.27251800005169,40.54211299994748],[-74.27248399971651,40.54212099998454],[-74.27240900027175,40.54213499987636],[-74.27227000035457,40.54216499982985],[-74.27209000042951,40.542216999671794],[-74.27194599959117,40.542265999892926],[-74.27176400001628,40.542343999864464],[-74.27165400041143,40.54239400007851],[-74.27161199968033,40.54240899999893],[-74.27156099962669,40.54242299983062],[-74.27149299985462,40.542434000086345],[-74.27147299976315,40.54243600025681],[-74.27142000005969,40.542442000085074],[-74.2713780002269,40.542445000340315],[-74.27130100023402,40.54246199973633],[-74.27122900026399,40.54248500031773],[-74.27118200040832,40.54250100030195],[-74.27116999981443,40.54250199970356],[-74.27102300039968,40.54253000000774],[-74.27094100038391,40.54254599998126],[-74.27088299975927,40.542542999730486],[-74.27082000001008,40.54259100031293],[-74.2708080003145,40.542594999961665],[-74.27079599972063,40.54259900029287],[-74.27078400002506,40.54260299994116],[-74.27077200032949,40.542606000189195],[-74.2707589999107,40.54260899975448],[-74.27074700021514,40.54261200000224],[-74.27072100027587,40.542616999732246],[-74.27070899968199,40.54261899989725],[-74.2706669998492,40.542624999709126],[-74.2706250000164,40.54263299968499],[-74.27058400000853,40.54264099965995],[-74.27056599956686,40.542643999906275],[-74.27053999962759,40.54264800023456],[-74.27052299990916,40.54264900031657],[-74.2705050003658,40.54264900031657],[-74.27048699992415,40.54264800023456],[-74.2704700002057,40.54264600007047],[-74.27045299958895,40.54264299982418],[-74.27043599987051,40.542640000260434],[-74.27041900015207,40.54263499984951],[-74.27040800028144,40.54263100020312],[-74.2703920003879,40.54262400030941],[-74.27037999979403,40.54261400016738],[-74.27037200029642,40.542606000189195],[-74.2703489998319,40.54257400026704],[-74.27032399971753,40.542542999730486],[-74.27029699995335,40.542512999946354],[-74.27028299970964,40.54249900013348],[-74.27026699981612,40.54248699980396],[-74.2702529995724,40.542478999810655],[-74.27024199970177,40.542474000070335],[-74.27023099983111,40.54246800024489],[-74.27021900013554,40.54246299982113],[-74.27020700043997,40.54245900016446],[-74.2701949998461,40.54245399974],[-74.27018300015052,40.542450000082795],[-74.27017099955665,40.542445999742746],[-74.27015800003618,40.54244300017017],[-74.27014499961737,40.54243999991484],[-74.27013200009691,40.54243699965932],[-74.27012000040133,40.54243500017161],[-74.27010299978458,40.542434000086345],[-74.27008799971597,40.54243500017161],[-74.27007500019549,40.54243699965932],[-74.2700609999518,40.54243999991484],[-74.27004900025622,40.542444000255244],[-74.27003199963947,40.54245200025278],[-74.27001800029409,40.54245900016446],[-74.2700059997002,40.542467000160165],[-74.26999400000464,40.54247500015496],[-74.26998200030907,40.542484000233216],[-74.2699349995551,40.542527999840075],[-74.26989500027044,40.54256799976793],[-74.26985599991238,40.54261099991966],[-74.26982099975227,40.54265199987993],[-74.26978700031542,40.542694999977726],[-74.26978099956929,40.54270299994529],[-74.26977100042188,40.54271300007403],[-74.26975600035325,40.5427249996804],[-74.2697389997365,40.54273499980586],[-74.26972000036827,40.54274399984919],[-74.26970799977437,40.54274800017149],[-74.26969199988086,40.542752999891356],[-74.26967699981223,40.54275600013267],[-74.26965300042112,40.54275999977159],[-74.26963599980436,40.542761999932274],[-74.26961999991083,40.54276300001264],[-74.26960400001731,40.54276300001264],[-74.26958700029887,40.542761999932274],[-74.26957100040535,40.54275999977159],[-74.26955499961349,40.54275700021308],[-74.26954000044319,40.542752999891356],[-74.26952399965135,40.54274900025202],[-74.26950899958274,40.54274399984919],[-74.26945900025235,40.54272400028213],[-74.26940800019872,40.54270299994529],[-74.26938700028232,40.54269299981505],[-74.26936600036592,40.54268299968332],[-74.26934499955121,40.5426720001511],[-74.26932500035805,40.54266099993441],[-74.26930600009148,40.54264900031657],[-74.2692869998249,40.54263700001392],[-74.26926799955832,40.54262400030941],[-74.26925500003784,40.5426150002499],[-74.26922700044875,40.5425980002101],[-74.26919800013643,40.542582000249],[-74.26916700017429,40.54256799976793],[-74.26915100028077,40.54256099986758],[-74.26913799986198,40.542557000216824],[-74.26911699994558,40.542552999883114],[-74.26909600002918,40.542552999883114],[-74.26907199973974,40.542557000216824],[-74.2690550000213,40.542561999950955],[-74.26904300032574,40.54256799976793],[-74.26902800025711,40.5425789999999],[-74.2690199998612,40.542585999898314],[-74.2690039999677,40.5425980002101],[-74.26898700024924,40.54260899975448],[-74.26897800002841,40.5426150002499],[-74.26896700015776,40.542621000062134],[-74.26895299991405,40.54262900003853],[-74.2689420000434,40.54263499984951],[-74.26892699997478,40.54264600007047],[-74.26891699992903,40.54265500012576],[-74.26890799970822,40.542663000098095],[-74.2689000002106,40.5426720001511],[-74.2688929996396,40.542682000284465],[-74.2688859999669,40.54269199973369],[-74.26888099994402,40.542700999782795],[-74.26887400027134,40.542721000039386],[-74.2688719997232,40.542738000047976],[-74.26887300044642,40.54275500005225],[-74.26887500009624,40.542767000333754],[-74.26889699983757,40.54282400010561],[-74.26891799975395,40.542872999882704],[-74.26894100021849,40.54292100022867],[-74.26895200008914,40.542940999736864],[-74.26896499960961,40.542963000076476],[-74.26897600037859,40.54297899994657],[-74.26898899989907,40.5429969999665],[-74.26899599957177,40.543010000281285],[-74.26899999976973,40.54301999968153],[-74.2690039999677,40.54303199991557],[-74.26900499979259,40.54304500022361],[-74.2690039999677,40.54305799984641],[-74.26899899994481,40.543073999693824],[-74.26899200027212,40.543086999993655],[-74.26898300005128,40.54309800014039],[-74.26896999963249,40.54311299990316],[-74.26895899976184,40.54312600019543],[-74.26894799989117,40.543138999802515],[-74.26893899967035,40.54315200008979],[-74.2689279997997,40.543166999840416],[-74.268921000127,40.543174999751606],[-74.26890799970822,40.54318599988388],[-74.2688929996396,40.54319399979275],[-74.26888199976894,40.54319800008818],[-74.26887000007339,40.54320100030955],[-74.26885400017984,40.543201999700706],[-74.26884199958597,40.543201999700706],[-74.26882999989041,40.54320100030955],[-74.26878600040779,40.543189000105805],[-74.26875399972242,40.54317900004811],[-74.26872100011047,40.54316799991474],[-74.26868900032342,40.543155999705014],[-74.26865699963804,40.54314300010123],[-74.2686259996759,40.54312999981226],[-74.26860599958441,40.54311800027844],[-74.26859600043699,40.54311099975292],[-74.26858600039125,40.54310000029097],[-74.26857799999533,40.54308800006912],[-74.26856999959942,40.5430730003008],[-74.26856700012468,40.543059999998206],[-74.26856600029977,40.543046999693125],[-74.26856600029977,40.543007000051354],[-74.26856399975162,40.54296799978029],[-74.26856100027689,40.54292900016919],[-74.26855600025401,40.54288999985271],[-74.26855000040624,40.542851000196194],[-74.26854600020827,40.54283699977135],[-74.2685400003605,40.54282400010561],[-74.2685339996144,40.54281500007303],[-74.26852500029187,40.54280299980012],[-74.26850900039837,40.542791000207664],[-74.26845499997168,40.54275800029352],[-74.26840700029109,40.54273000008465],[-74.2683570000624,40.54270400002648],[-74.26830600000876,40.54267900003979],[-74.26825400013023,40.542656000207664],[-74.26820100042679,40.54263399976723],[-74.26807800040314,40.542588000064185],[-74.26801499975564,40.54256799976793],[-74.26795100018153,40.54254900023183],[-74.26793799976274,40.54254599998126],[-74.26792400041735,40.542542999730486],[-74.26791099999856,40.542541000245926],[-74.26789699975484,40.54254000016225],[-74.26788199968625,40.54254000016225],[-74.26786800034084,40.54254000016225],[-74.26783300018074,40.54254200032955],[-74.26780600041657,40.54254399981407],[-74.26777899975409,40.54254399981407],[-74.26776100021071,40.54254499989764],[-74.26774299976907,40.54254700006479],[-74.26772500022571,40.54255000031533],[-74.26770699978405,40.542552999883114],[-74.26769000006561,40.54255800030021],[-74.2676740001721,40.54256300003426],[-74.26765699955534,40.54256899985115],[-74.26762499976829,40.54258399973238],[-74.26759100033142,40.54259999969295],[-74.26756100019419,40.5426150002499],[-74.26753000023204,40.542632000285394],[-74.26750000009483,40.54264900031657],[-74.2674709997825,40.54266699974252],[-74.26744300019341,40.542687000009266],[-74.26741600042924,40.54270600018883],[-74.26739700016266,40.542721000039386],[-74.26737799989608,40.54273599988658],[-74.26736600020052,40.54274800017149],[-74.26735699997968,40.54276099985194],[-74.26735000030699,40.54277500029272],[-74.26734500028414,40.542789000047854],[-74.26734299973597,40.54280399987982],[-74.26734299973597,40.54281800031156],[-74.26734600010903,40.54283300013704],[-74.26736200000255,40.5428889997743],[-74.2673729998732,40.542934999953296],[-74.26738200009405,40.54298200017775],[-74.26738899976674,40.54303700029689],[-74.2673939997896,40.54308200029872],[-74.26739600033774,40.54313199996189],[-74.26739600033774,40.54314300010123],[-74.26739499961452,40.54315300016428],[-74.2673929999647,40.54316300022584],[-74.26738999959164,40.543173999677435],[-74.267386000292,40.54318399973582],[-74.26738100026913,40.54319399979275],[-74.26737600024627,40.54320299977446],[-74.26736899967526,40.54321199975491],[-74.26736200000255,40.543220999734196],[-74.26735299978172,40.543229999712274],[-74.2673439995609,40.543238000298544],[-74.26727699961374,40.54329599974195],[-74.26721200021473,40.543354999889274],[-74.26719499959798,40.54337000027714],[-74.26717600022971,40.543384999979004],[-74.26715799978807,40.543398000218474],[-74.2671479997423,40.543403999960574],[-74.2671269998259,40.54341500005525],[-74.26711599995527,40.54342099979583],[-74.2671050000846,40.54342600014811],[-74.26709300038905,40.543430999817375],[-74.2670699999245,40.54343899969698],[-74.26704599963506,40.543447000258325],[-74.2670339999395,40.5434499997859],[-74.26701999969578,40.54345299999604],[-74.26690900026603,40.54347999983304],[-74.26679899976286,40.543508999797616],[-74.26678600024238,40.543512000005066],[-74.2667739996485,40.54351400014329],[-74.26676100012803,40.54351600028151],[-74.26674799970924,40.54351699966791],[-74.26673600001367,40.54351699966791],[-74.26672299959488,40.54351699966791],[-74.2667100000744,40.54351600028151],[-74.26669800037884,40.54351400014329],[-74.26668499996003,40.543512000005066],[-74.26667300026448,40.543508999797616],[-74.26666099967058,40.543505000203425],[-74.26664999979994,40.54350099992632],[-74.26663899992928,40.543496000262294],[-74.26662300003576,40.54348700032],[-74.26660200011936,40.543473000028044],[-74.26658600022583,40.5434619999429],[-74.26657000033231,40.5434499997859],[-74.2665550002637,40.54343800030941],[-74.26654100002,40.5434250000777],[-74.26652699977629,40.54341199984346],[-74.2665130004309,40.5433990002893],[-74.26650000001212,40.543384999979004],[-74.26647599972267,40.54335700003222],[-74.2663729997905,40.54321999966072],[-74.2662740000563,40.5430800001476],[-74.26626800020853,40.54307200022506],[-74.26626099963751,40.5430630002258],[-74.26624700029213,40.5430460002997],[-74.2662310003986,40.54302999976295],[-74.26622300000267,40.54302299991094],[-74.26621399978185,40.543014999981594],[-74.26620499956103,40.54300800012801],[-74.26618600019276,40.542993999735984],[-74.26617600014703,40.54298799995716],[-74.26616299972822,40.54298000002365],[-74.26615000020774,40.542973000166405],[-74.26613599996405,40.54296699970303],[-74.26612099989542,40.54296199999914],[-74.2661059998268,40.54295700029487],[-74.2660909997582,40.542952999985054],[-74.26606700036707,40.54294899967505],[-74.26605099957523,40.54294700020256],[-74.26603499968171,40.54294600012499],[-74.26601799996327,40.54294600012499],[-74.26600200006975,40.54294700020256],[-74.26598600017621,40.54294899967505],[-74.26597000028269,40.54295099983008],[-74.26588300024405,40.54296799978029],[-74.26579600020541,40.54298699988015],[-74.26571099981659,40.54300800012801],[-74.2656260003261,40.54303099983927],[-74.26560600023461,40.543036000220674],[-74.26558600014313,40.54304099991905],[-74.26556500022674,40.5430460002997],[-74.26554500013523,40.543048999845226],[-74.26552400021885,40.543053000149314],[-74.26550300030245,40.543055000301244],[-74.26548200038604,40.543056999770506],[-74.26546099957133,40.54305899992231],[-74.26543899983004,40.543059999998206],[-74.26541799991364,40.543059999998206],[-74.26539699999724,40.543059999998206],[-74.26537600008085,40.543059999998206],[-74.26535500016445,40.54305899992231],[-74.26525600043024,40.54304999992131],[-74.26515799962264,40.543039999842875],[-74.26505999971336,40.54302600014015],[-74.26496299962898,40.54301099967528],[-74.26475699976466,40.54295400006257],[-74.26459299973311,40.54288199990754],[-74.26464299996184,40.54269700014039],[-74.26471499993187,40.54245399974],[-74.26473599984826,40.54231899974347],[-74.2647240001527,40.54217700021706],[-74.26463700011405,40.54193899975886],[-74.26453599983171,40.54178699984407],[-74.26442500040194,40.54164999967475],[-74.2643030002032,40.541544000238424],[-74.26420699994374,40.5414379999517],[-74.26401500032313,40.54130099975128],[-74.26388399990356,40.54122600024042],[-74.26370200032866,40.54111900002831],[-74.26355500001559,40.54101800028377],[-74.2634079997025,40.54090200013244],[-74.26320600003612,40.540724999879345],[-74.26308999968518,40.54061399978283],[-74.26300900039263,40.540503000185076],[-74.26293300022463,40.54041199998404],[-74.26285200003379,40.54025500011175],[-74.26275699959923,40.54001700033416],[-74.26265000036743,40.539718999701606],[-74.2625289999936,40.539507000011525],[-74.26220099993054,40.53912100033438],[-74.26121099989358,40.53871499971716],[-74.26028500032905,40.53831900015494],[-74.25925000008624,40.5376920001571],[-74.25899999984098,40.53744600023743],[-74.2585930001352,40.53723199985568],[-74.25833700004216,40.53716800032336],[-74.25806500005561,40.537160999858735],[-74.25788000010768,40.537202999904494],[-74.25775899973384,40.53734599989526],[-74.25768699976383,40.53749600001115],[-74.25763700043343,40.53761700001922],[-74.25762999986243,40.53780300031635],[-74.25771600007614,40.5380099998637],[-74.25775100023624,40.53813799998935],[-74.25781599963526,40.538237999832006],[-74.25792000029065,40.53853799982977],[-74.25809400036792,40.53922200020826],[-74.2580080001542,40.53959300012124],[-74.25768699976383,40.53997100019932],[-74.25735200002806,40.54013600032865],[-74.25700200022371,40.54022800034009],[-74.25658899977184,40.54022800034009],[-74.25647400014411,40.54022800034009],[-74.25620999965516,40.54005699971338],[-74.25568199957554,40.53983999979069],[-74.25509099974676,40.539693999966254],[-74.25442999959776,40.539530999688104],[-74.25445899991007,40.53968199981687],[-74.25462700013956,40.54022800034009],[-74.25452800040536,40.540339999827374],[-74.2541919999464,40.54028500022445],[-74.25082400035056,40.53972999971873],[-74.24973499968107,40.53955100020848],[-74.24993700024577,40.540559999835445],[-74.25028399967708,40.54230000013674],[-74.24919200043118,40.545061999802265],[-74.2489820003689,40.5455920002367],[-74.24752700000151,40.549269999701124],[-74.24748400034382,40.549376999861444],[-74.23964000021608,40.55416599969077],[-74.23913499970271,40.55447200013236],[-74.23213400019718,40.55874300007757],[-74.23141500032189,40.559182000119634],[-74.2283060002938,40.55869000025708],[-74.22804199980484,40.561889999835046],[-74.22784699981118,40.562051999819],[-74.22771299991687,40.56216299987239],[-74.22767500028205,40.56220199988431],[-74.22764099994686,40.56224399992423],[-74.22761500000759,40.562286999726595],[-74.22760099976388,40.56231899978375],[-74.22758599969528,40.562350000037846],[-74.22755800010619,40.56243399990565],[-74.22754399986248,40.56245099968731],[-74.22752899979386,40.56246500010643],[-74.22752100029626,40.562471999973695],[-74.22751600027338,40.56248199988026],[-74.22751600027338,40.5624919997853],[-74.22752100029626,40.56250099990334],[-74.22752299994609,40.56251099980559],[-74.22751600027338,40.56254299975569],[-74.2275170000983,40.56255899972499],[-74.22752100029626,40.56257300012153],[-74.22752700014405,40.5625860000484],[-74.22753499964165,40.56259800018865],[-74.22758300022053,40.562661000207186],[-74.22759200044138,40.562674000116964],[-74.22759999993897,40.56268799980699],[-74.22760400013694,40.56270200017655],[-74.22760499996186,40.562718999890194],[-74.2276019995888,40.56273499981742],[-74.22759599974101,40.56275099974083],[-74.22758599969528,40.5627650000972],[-74.2275730001748,40.562777999986785],[-74.22750399967951,40.562840999835906],[-74.22749100015903,40.562855000173464],[-74.22748399958802,40.56287000028814],[-74.22748399958802,40.562884999717056],[-74.22749000033411,40.562899999825014],[-74.22750000037988,40.56291199990897],[-74.22752100029626,40.56292600023167],[-74.22754300003756,40.56293600007042],[-74.22758400004545,40.562948999926796],[-74.22762699970316,40.5629570002046],[-74.2276579996653,40.562955999743394],[-74.22768899962743,40.56295299972459],[-74.22770399969605,40.562955999743394],[-74.22771299991687,40.56296499979904],[-74.22771799993976,40.56297699987134],[-74.22771999958957,40.562994999975736],[-74.22771799993976,40.56301099983704],[-74.2276860001527,40.56309200022762],[-74.22729699999027,40.56355499966885],[-74.22736099956438,40.564078999842565],[-74.2273840000289,40.5642690000747],[-74.2282920000501,40.56448699976278],[-74.2291439999948,40.56468999971984],[-74.22915800023851,40.56469700003681],[-74.2291719995839,40.56470700029341],[-74.22921000011705,40.564751000312754],[-74.22921699978974,40.56476200031308],[-74.22922000016278,40.56477400006317],[-74.22921900033786,40.564787000245005],[-74.22921400031501,40.56479899999066],[-74.22920900029213,40.56480900023202],[-74.22920500009418,40.56482499965965],[-74.22920400026926,40.56483900026466],[-74.22920599991907,40.56485000025052],[-74.22921000011705,40.56486100023454],[-74.22921400031501,40.56487200021679],[-74.22922299963751,40.56489299974361],[-74.22923400040649,40.56491399994623],[-74.22924000025426,40.56492499991977],[-74.22925399959968,40.56494499968087],[-74.22926199999559,40.56495400015151],[-74.2293120002243,40.565016000251816],[-74.22932399991986,40.56502899970421],[-74.22933200031576,40.56504400001413],[-74.22933599961542,40.565057000143526],[-74.22933700033865,40.56507300019431],[-74.22933300014068,40.56508799981194],[-74.22932499974478,40.56510500028441],[-74.22931600042226,40.565124999991774],[-74.22930999967616,40.5651449996931],[-74.22930499965328,40.5651650000709],[-74.22930200017856,40.56518499976033],[-74.22930100035363,40.56520500012618],[-74.22930100035363,40.56521600005189],[-74.22930300000347,40.565235999726035],[-74.22930700020143,40.565256000076644],[-74.2293120002243,40.56527599973888],[-74.22931800007207,40.565296000077524],[-74.22932100044514,40.56531499998425],[-74.22932300009495,40.56532500014852],[-74.22932200027003,40.56533399988563],[-74.22931600042226,40.56534499979009],[-74.22930700020143,40.56535299978157],[-74.22929600033078,40.56536000002919],[-74.22927899971403,40.565368000018864],[-74.22926000034576,40.56537500026492],[-74.22911300003267,40.56541899984512],[-74.22909799996405,40.5654239999197],[-74.2290870000934,40.56542999973567],[-74.22907200002477,40.56544100030683],[-74.22906000032923,40.565453999676684],[-74.22905100010838,40.56547399996214],[-74.22905100010838,40.56549400024162],[-74.22906000032923,40.56550700028361],[-74.22907299984969,40.56551500025567],[-74.22909200011628,40.56552100006353],[-74.22910800000979,40.56552399996723],[-74.22912499972823,40.56552800029358],[-74.22914099962176,40.565529999774284],[-74.22915900006343,40.56553499984052],[-74.22917099975898,40.56554299980923],[-74.22917999997982,40.565555000101774],[-74.22918199962965,40.565571000033515],[-74.22917499995694,40.56558499980004],[-74.22916599973613,40.565594000184625],[-74.22912100042858,40.56561300000675],[-74.22906399962886,40.56564699999825],[-74.22900799955237,40.56568500028945],[-74.22897300029058,40.56572400029655],[-74.22892200023696,40.56576999980322],[-74.22890499962021,40.56579200014951],[-74.22888000040417,40.56582600005013],[-74.22885299974166,40.565885999872705],[-74.22872300004533,40.56634500018184],[-74.22805299967551,40.56687000007029],[-74.22788399962111,40.56705099969848],[-74.22795300011639,40.567390000007514],[-74.2286429996794,40.56727700032273],[-74.22955300024871,40.57077699974033],[-74.22956800031734,40.57084499991813],[-74.22908200007053,40.570927000040605],[-74.22884500024408,40.570963999721755],[-74.22913899997192,40.57112499992206],[-74.2293619995547,40.571245000247494],[-74.22969899983858,40.57142699997773],[-74.22985899967215,40.571513000038046],[-74.23087399982347,40.57206199994417],[-74.23108300006086,40.57217499973752],[-74.23120100006163,40.57223899993437],[-74.23136400026824,40.5723270002757],[-74.23187399990618,40.57260199999933],[-74.23286200029332,40.573134999674586],[-74.23300600023336,40.57321299985342],[-74.23410800042332,40.57381000017927],[-74.23486699958328,40.57422000004251],[-74.23556999956507,40.57459999970277],[-74.23669000019669,40.5752059997091],[-74.23700800021402,40.57537699996438],[-74.23960699970583,40.576781999794534],[-74.24241899963296,40.578302000287394],[-74.24296099995628,40.5785939997906],[-74.24416500025347,40.57924500004143],[-74.24439500040724,40.57936999984673],[-74.24457699998212,40.57946899999073],[-74.24480200011301,40.57959100010446],[-74.24532599999465,40.57986599999225],[-74.24568500001986,40.58006699996424],[-74.25046500032536,40.58029999966129],[-74.25052200022677,40.58012699998135],[-74.25253499991264,40.58017400002544],[-74.25476900042979,40.58022599968734],[-74.25433500006152,40.58123499976729],[-74.25388800017276,40.582315000274754],[-74.2537709999969,40.58263300025459],[-74.25374699970747,40.5827279996828],[-74.25369999985179,40.58290100014063],[-74.25361600018621,40.58328400008692],[-74.25349099961443,40.58384100011169],[-74.25346899987312,40.58394899974133],[-74.25337599998669,40.58437599990451],[-74.25333400015391,40.584573000099354],[-74.25332099973512,40.58463300016814],[-74.25315500005377,40.585363000104415],[-74.25293099974778,40.586370999674145],[-74.25282100014292,40.5868799997375],[-74.25274499997494,40.58724099998493],[-74.25273699957901,40.58727800019498],[-74.25271999986057,40.587347000071084],[-74.2526999997691,40.5874499997043],[-74.25268100040084,40.58754499979495],[-74.25267300000492,40.58762300022805],[-74.25267200018,40.58775199974765],[-74.25266899980694,40.5878880003203],[-74.25267899985269,40.588005999740325],[-74.25270499979196,40.588140999711705],[-74.25275300037084,40.588334000086924],[-74.25284000040949,40.588617000124785],[-74.25286999964841,40.58870999976974],[-74.2529679995577,40.58902299968583],[-74.25304700009872,40.58928999982295],[-74.25308100043391,40.58943199970693],[-74.25310599964995,40.58953500022193],[-74.25312099971858,40.58966899977364],[-74.25312800028958,40.58980100030146],[-74.2531230002667,40.589926000163224],[-74.25310900002302,40.590046000192665],[-74.25307899988577,40.590215999979435],[-74.25304100025095,40.590429000153684],[-74.25298400034953,40.590668000191584],[-74.25290999983139,40.59088399973928],[-74.25283399966341,40.59107799974261],[-74.25270899998992,40.591334000137415],[-74.25254900015636,40.59168299983761],[-74.25251800019421,40.591770999841906],[-74.25243700000337,40.59199600016351],[-74.25233200042138,40.59228999996124],[-74.25223600016191,40.59253500028318],[-74.25217699971238,40.59271700007762],[-74.25216699966663,40.59274799989204],[-74.25209700024473,40.5929610001867],[-74.25206499955937,40.59312600001579],[-74.25204899966585,40.59332799971114],[-74.25206299990954,40.59356600029804],[-74.25208899984882,40.59372599999284],[-74.25213099968161,40.59389999996818],[-74.25220100000182,40.59419000028508],[-74.25247399981328,40.59528200006231],[-74.25250599960033,40.59546099995724],[-74.25254999998127,40.59570800019903],[-74.25221199987246,40.59561000019019],[-74.25201699987879,40.5969570000214],[-74.25198900028971,40.59714700033938],[-74.25185399967218,40.59717700019662],[-74.25174300024241,40.59719499996812],[-74.25168299996794,40.597211999785706],[-74.25158699970848,40.597236999870766],[-74.25146200003502,40.59725399967767],[-74.25138099984416,40.59726199994647],[-74.25134900005712,40.597264999791186],[-74.25130700022432,40.597264999791186],[-74.25124699994986,40.597259000101566],[-74.25112800012417,40.597249999884006],[-74.2510090002985,40.59724799998707],[-74.25088600027483,40.59725500030816],[-74.25086799983318,40.597256000256536],[-74.2508279996502,40.5972570002049],[-74.25079500003824,40.59726199994647],[-74.25076200042626,40.59727100016241],[-74.25074800018257,40.59727799979899],[-74.2507359995887,40.597284000169],[-74.25072999974093,40.5972919997521],[-74.25071399984738,40.59731300001731],[-74.25070399980164,40.597327999910334],[-74.25066899964155,40.59739700033005],[-74.25065399957293,40.597408999684006],[-74.25063900040263,40.59741500004226],[-74.25062099996097,40.5974189998261],[-74.2505959998466,40.59742500018345],[-74.25056999990734,40.5974230002918],[-74.2505039997851,40.5974240002376],[-74.25045699992944,40.59742600012929],[-74.25038599978433,40.5974339996954],[-74.25034499977644,40.59744299988818],[-74.25031100033956,40.597452000079755],[-74.2502860002252,40.59746300016068],[-74.25026199993577,40.59747500018491],[-74.25022699977566,40.5974970003374],[-74.25020300038454,40.59751599996718],[-74.25017400007222,40.5975449997148],[-74.25015499980566,40.597566999844254],[-74.25009600025442,40.59765700017443],[-74.2500600002694,40.5977209998656],[-74.25003000013217,40.59775699979282],[-74.24999999999494,40.597775000090216],[-74.24996200036011,40.597791999760375],[-74.24990499956039,40.597810000048334],[-74.24987799979621,40.59781599968855],[-74.24978699955962,40.597817000310584],[-74.24956899999972,40.597828000331454],[-74.24948500033413,40.59783000021105],[-74.24940099977023,40.59782499982991],[-74.24931200008177,40.597817000310584],[-74.24924000011175,40.59781099998841],[-74.24909199997374,40.59780700022803],[-74.24907299970717,40.59780700022803],[-74.2490469997679,40.59781399980854],[-74.24903699972216,40.59782299995017],[-74.24903500007235,40.597832000090584],[-74.24903599989725,40.597841000229785],[-74.2490400000952,40.59785300018616],[-74.24905199979078,40.597866000079634],[-74.2491020000195,40.59789099992007],[-74.24927400044695,40.59795899982086],[-74.24930799988381,40.597979999876536],[-74.24935899993744,40.59802499977877],[-74.24937700037911,40.59804200006741],[-74.24938900007467,40.598056999796924],[-74.24939900012042,40.59808300018405],[-74.24940099977023,40.59809500009698],[-74.24940199959515,40.598108999879],[-74.24939599974735,40.598121999722636],[-74.24938300022689,40.598132999693334],[-74.2493699998081,40.59813899998665],[-74.24934300004392,40.59814399966221],[-74.24932399977735,40.59814500027938],[-74.24915899992088,40.59813400031067],[-74.24910899969218,40.59812600014627],[-74.24907899955495,40.59811700004543],[-74.24904299956995,40.59810200032937],[-74.248969999775,40.598062000160716],[-74.2489349996149,40.59804799968674],[-74.2489060002009,40.5980390002575],[-74.24887400041385,40.59803599976543],[-74.24885099994933,40.59803599976543],[-74.24883000003292,40.59803800032084],[-74.24880800029162,40.59804100013079],[-74.24878999984995,40.59804900030536],[-74.24877899997931,40.59805799973325],[-74.24874499964412,40.598107000007765],[-74.2487229999028,40.59813500024589],[-74.24870299981133,40.598152999759414],[-74.24864900028297,40.59819700029301],[-74.24855800004637,40.59826799968225],[-74.24854200015282,40.59828000024408],[-74.24852799990913,40.59828799970795],[-74.24851000036578,40.59829599985296],[-74.24848500025145,40.59830300006437],[-74.2484619997869,40.59830699979502],[-74.24844099987051,40.59830899966028],[-74.24841099973328,40.598310000274985],[-74.24838200031928,40.59830799972766],[-74.24836300005269,40.59830300006437],[-74.24833999958817,40.59829200012165],[-74.24831299982398,40.59827499989654],[-74.24819099962525,40.59814800008452],[-74.24817800010476,40.5981360001811],[-74.2481670002341,40.59811899991639],[-74.24814399976958,40.59807799982182],[-74.24811500035557,40.59803800032084],[-74.24810100011187,40.59802700033452],[-74.24808799969308,40.5980210000312],[-74.24806099992891,40.59801599966434],[-74.24804900023334,40.598018000220364],[-74.24803800036268,40.59802299990501],[-74.2480269995937,40.598032000018506],[-74.24802099974593,40.598044999877175],[-74.2480049998524,40.59812600014627],[-74.24799599963158,40.59814800008452],[-74.24798800013397,40.59816099992058],[-74.24796800004249,40.59817800017468],[-74.24794499957795,40.598191000004945],[-74.24792799985951,40.5981980002273],[-74.24775999963002,40.59823599976511],[-74.24771899962215,40.598253999933526],[-74.2477029997286,40.598266999749015],[-74.24768900038323,40.598283999976154],[-74.24767599996444,40.59831699980278],[-74.24767199976648,40.59833499994945],[-74.2476729995914,40.59837400002313],[-74.24767900033748,40.59840000028696],[-74.24771100012454,40.59848299998598],[-74.24771799979723,40.59850499980676],[-74.24772000034537,40.598529000161015],[-74.24772000034537,40.59856399972439],[-74.24771699997233,40.598582999733026],[-74.24770899957639,40.59859800002325],[-74.24769600005592,40.59861199969989],[-74.24767199976648,40.59862999976712],[-74.2476450000023,40.598645000046744],[-74.2475739998572,40.598673000059556],[-74.24749699986431,40.59869900020714],[-74.24738200023656,40.59872700019733],[-74.24729699984775,40.598741999773104],[-74.24714200003706,40.598766000042325],[-74.24709799965613,40.59877599998143],[-74.24704199957961,40.59879200015369],[-74.24700999979258,40.59880699971494],[-74.2469560002642,40.598774000130135],[-74.24693100014986,40.59875700002765],[-74.24688900031705,40.59871900010389],[-74.24687300042353,40.598690000183396],[-74.24683499989038,40.598617000022216],[-74.24681099960094,40.5985780000903],[-74.24678499966167,40.59854499971036],[-74.24676499957019,40.59852700030238],[-74.24671199986675,40.59851000013704],[-74.24668900030052,40.5985129999258],[-74.24667099985885,40.59852199997333],[-74.24665900016329,40.59853700027724],[-74.24665599979025,40.598549000108626],[-74.24665599979025,40.5985780000903],[-74.24666099981312,40.59862300027204],[-74.24666400018617,40.5986689996687],[-74.24666800038412,40.59872700019733],[-74.24666800038412,40.59880800032219],[-74.246665999836,40.59886199966878],[-74.24663200039912,40.598975999813526],[-74.246589999668,40.59908799992198],[-74.24654000033762,40.599198999923416],[-74.24648199971297,40.599306999987625],[-74.24641599959074,40.59941300004515],[-74.2463419999709,40.59951600019105],[-74.24626099978005,40.59961499984389],[-74.2461729999165,40.59971100029738],[-74.24607900020514,40.599803000290024],[-74.24653100011678,40.59991900001123],[-74.24692600012699,40.60002800018328],[-74.24849299974903,40.60044299981862],[-74.24999999999494,40.60065399967575],[-74.25081400030483,40.60071400032167],[-74.25214300027548,40.60074399994237],[-74.25227100032201,40.60074100025371],[-74.2525590002021,40.600732999719234],[-74.25270999981484,40.600744999838504],[-74.2529679995577,40.60076800017485],[-74.25313499996227,40.60079699987592],[-74.25329200032112,40.600843999717505],[-74.25346899987312,40.600938999876846],[-74.25357699982816,40.60100199994398],[-74.25380000030923,40.601190999789104],[-74.25394300042436,40.60132900008547],[-74.25408800018931,40.60146899986773],[-74.25430400009938,40.60163800005699],[-74.25457500026103,40.60181600010514],[-74.25488700043057,40.60199500023878],[-74.25498500033986,40.60204100004331],[-74.25506499980747,40.60206800012141],[-74.25516199989187,40.602091000002495],[-74.25537199995414,40.60211200012427],[-74.25550699967336,40.60211200012427],[-74.25566900005506,40.60210500031174],[-74.25598100022461,40.602074999937784],[-74.25641200021983,40.602032999664424],[-74.25655500033496,40.60202699972067],[-74.25675600017641,40.602030000033615],[-74.25688400022293,40.60204000016651],[-74.25703300018584,40.602064999810125],[-74.25721899995868,40.602111000248534],[-74.25730900037037,40.60214099992427],[-74.25740700027966,40.60217700019948],[-74.25755700006748,40.60224599970652],[-74.25760499974807,40.602271999828474],[-74.25768900031197,40.602276000003705],[-74.25775899973384,40.602091000002495],[-74.25780099956664,40.60198000002881],[-74.2578740002599,40.60178600028348],[-74.25796200012346,40.601552999732704],[-74.25798999971254,40.601478000199336],[-74.25820700034582,40.60090300029902],[-74.25836800000431,40.60047400014325],[-74.25844300034737,40.6002759998248],[-74.25877499971007,40.59939099984116],[-74.25887199979447,40.59913299976042],[-74.25946799964612,40.59755000011693],[-74.25955899988271,40.59731300001731],[-74.26019499991735,40.59723200012732],[-74.26036399997176,40.597202000294764],[-74.26038999991103,40.59719699986665],[-74.26050600026198,40.59717700019662],[-74.26193399996687,40.59692500015878],[-74.26222299967186,40.59687199988377],[-74.26243600010719,40.59683300029808],[-74.26248100031303,40.59682599993275],[-74.26253400001649,40.59681599970196],[-74.26282000024673,40.59676399997838],[-74.26445399981594,40.5964840001943],[-74.26478400042714,40.59640999970955],[-74.26506100043657,40.59636300016105],[-74.26519100013293,40.59633999967334],[-74.26610300035209,40.59619500024216],[-74.26690000004521,40.59604699991515],[-74.26771600000488,40.59592399983657],[-74.27137300020404,40.59530300027676],[-74.27285399961237,40.59505899984669],[-74.27292499975748,40.59504500010811],[-74.27307899974326,40.59501399999443],[-74.27320699978978,40.5949899997425],[-74.2732710002622,40.59497400002449],[-74.27333200036156,40.59495600033716],[-74.27340000013363,40.594941999894935],[-74.27347100027873,40.59492700014865],[-74.27352800018015,40.5949129997003],[-74.27359799960202,40.594896999963865],[-74.27365600022667,40.59488300019136],[-74.2737149997779,40.59486899973384],[-74.27377400022743,40.594853999971185],[-74.27383600015172,40.59484000018966],[-74.27391399996954,40.594822999768894],[-74.27397400024397,40.59480899998089],[-74.27403500034335,40.59479600017512],[-74.27409600044271,40.59478399967005],[-74.27416400021477,40.594769999873876],[-74.27423799983463,40.59475800004626],[-74.27529499981873,40.5946109999368],[-74.2759040000892,40.594505999758155],[-74.27955500044055,40.5938859999869],[-74.28041900008083,40.59373800000567],[-74.28286299976192,40.593315000299526],[-74.28494800031616,40.59295800014881],[-74.28605200015593,40.592764000142715],[-74.29084900017988,40.591950000268476],[-74.29098999974687,40.59192500025295],[-74.29104800037149,40.59197000013776],[-74.29144099983357,40.59226099998066],[-74.29222800037927,40.59282299966968],[-74.29251999955898,40.593032999690905],[-74.29340099981601,40.59366699989843],[-74.29459400024257,40.59453400014025],[-74.29493900002407,40.594782999684696],[-74.29490899988684,40.594853999971185],[-74.29507999959105,40.59495299970671],[-74.29512300014709,40.59497799995437],[-74.2955399998986,40.59522199999791],[-74.2957230001967,40.595328999688604],[-74.29624600025343,40.595634000219555],[-74.29674099982276,40.595965999855565],[-74.29772199963888,40.59662499984965],[-74.29908599976966,40.597541999882644],[-74.29980899984292,40.59802700033452],[-74.29994799976011,40.59811999985178],[-74.30015799982239,40.59823000016264],[-74.30030099993752,40.59828499990909],[-74.30047199964173,40.59835100022726],[-74.30109900035387,40.598530000090335],[-74.3017920002899,40.598728000123685],[-74.30194999957534,40.59878499999355],[-74.30198999975832,40.5988000002384],[-74.30216200018576,40.59886400019953],[-74.30228699985922,40.59893199979265],[-74.30278999982448,40.59920500012106],[-74.30342900023216,40.59955299974776],[-74.30358900006574,40.59963999971241],[-74.30415300013034,40.5999470001725],[-74.3053259995671,40.600585999788095],[-74.30501400029588,40.601286000137364],[-74.30500699972487,40.60130099982106],[-74.3047699998984,40.60183300011176],[-74.30468399968467,40.60202499996663],[-74.30456700040712,40.602287999846034],[-74.30438400010902,40.602725000251596],[-74.30425100003963,40.60304200016718],[-74.30417300022182,40.603229999841524],[-74.30346299966904,40.60492599973094],[-74.30339400007206,40.605091000039344],[-74.30313399978107,40.605711000244014],[-74.30349299980625,40.60588200025877],[-74.3041220001682,40.60614899990939],[-74.30427600015399,40.606214000150764],[-74.30433399988031,40.60625599984296],[-74.30442299956876,40.606354999743616],[-74.30461099988975,40.6065580001973],[-74.30469200008059,40.60661200010327],[-74.30472200021784,40.6066290002541],[-74.30476400005062,40.60665400022736],[-74.30479900021072,40.60666999987792],[-74.30424699984167,40.60685100026208],[-74.3037339998307,40.60701899999915],[-74.30296200025192,40.60727599985138],[-74.30293799996248,40.6078870000966],[-74.30292100024404,40.608683000210505],[-74.30336800013279,40.608647999807594],[-74.30360699960907,40.6086280001537],[-74.30426699993316,40.60857200027255],[-74.30458199957741,40.60854599987337],[-74.30528600028244,40.60848900014324],[-74.3055649999417,40.60846599973581],[-74.30688800006459,40.60835699968407],[-74.30788499977423,40.608274999753256],[-74.30818000022535,40.60825100017028],[-74.30852699965666,40.608222000293296],[-74.30912599988137,40.60817299993167],[-74.31004200029848,40.608098000324624],[-74.31043300011075,40.60806199982867],[-74.31199499970991,40.60795999968202],[-74.31299700034077,40.607874000106015],[-74.31360099969004,40.60781399974949],[-74.31408000026413,40.607766000243856],[-74.31665299981668,40.60755500033156],[-74.3205329995986,40.60723700019749],[-74.32215399964731,40.60710199990821],[-74.32353899969449,40.606984999891544],[-74.32745799983445,40.606641999804864],[-74.32846899978782,40.60655999981572],[-74.33168499994599,40.60629900000384],[-74.33788100026081,40.605784000160234],[-74.33820900032389,40.605757000219164],[-74.33847200008961,40.60573500005711]]]}}]}