{"type":"FeatureCollection","features":[{"type":"Feature","properties":{"zip":"07111","name":"07111"},"geometry":{"type":"Polygon","coordinates":[[[-74.226879,40.737629],[-74.226621,40.737943],[-74.226306,40.737799],[-74.226235,40.737777],[-74.225686,40.737596],[-74.22537,40.737491],[-74.224983,40.738049],[-74.224664,40.737923],[-74.224576,40.737931],[-74.224446,40.737945],[-74.224124,40.737818],[-74.223948,40.73807],[-74.223936,40.738144],[-74.223913,40.738256],[-74.223805,40.738518],[-74.223775,40.738569],[-74.223344,40.738467],[-74.222922,40.738367],[-74.222685,40.738961],[-74.222248,40.738849],[-74.221895,40.738751],[-74.221829,40.738738],[-74.221788,40.738834],[-74.22169,40.739087],[-74.221647,40.739188],[-74.221616,40.739262],[-74.221187,40.739164],[-74.221088,40.73942],[-74.22081,40.739355],[-74.220653,40.739318],[-74.220515,40.739647],[-74.220076,40.739554],[-74.22008,40.739541],[-74.219653,40.739438],[-74.219457,40.739911],[-74.219372,40.740123],[-74.218935,40.740023],[-74.218268,40.739874],[-74.218211,40.739947],[-74.218075,40.740113],[-74.217209,40.741183],[-74.217187,40.741173],[-74.216882,40.741029],[-74.216671,40.740931],[-74.216518,40.740858],[-74.216105,40.740666],[-74.21601,40.740792],[-74.215964,40.740846],[-74.215646,40.741239],[-74.215372,40.741579],[-74.215268,40.741531],[-74.215203,40.7415],[-74.214799,40.741314],[-74.21446,40.74116],[-74.21439,40.741153],[-74.214366,40.741184],[-74.214112,40.741506],[-74.213788,40.74191],[-74.213669,40.741856],[-74.213548,40.741802],[-74.213419,40.741966],[-74.213309,40.742107],[-74.213049,40.742425],[-74.212926,40.742367],[-74.212276,40.742065],[-74.21217,40.74219],[-74.212091,40.742302],[-74.212065,40.742364],[-74.211831,40.742808],[-74.21127,40.74265],[-74.21118,40.742634],[-74.210872,40.742525],[-74.210435,40.74327],[-74.210005,40.743137],[-74.209581,40.742986],[-74.209375,40.742908],[-74.210137,40.741087],[-74.210144,40.741086],[-74.210754,40.739466],[-74.211461,40.737643],[-74.212198,40.735699],[-74.21266,40.735801],[-74.213387,40.733887],[-74.214002,40.732274],[-74.214323,40.731434],[-74.214902,40.729919],[-74.214981,40.729867],[-74.215065,40.729894],[-74.214973,40.72961],[-74.215042,40.729488],[-74.215173,40.729312],[-74.215085,40.729054],[-74.215243,40.729015],[-74.215303,40.728842],[-74.215378,40.728728],[-74.215452,40.728605],[-74.215539,40.728353],[-74.215609,40.728354],[-74.2158,40.728129],[-74.215739,40.728089],[-74.215861,40.727911],[-74.215483,40.727714],[-74.215529,40.727661],[-74.216196,40.726882],[-74.216002,40.726798],[-74.216229,40.726509],[-74.216234,40.726452],[-74.216417,40.72598],[-74.216504,40.725847],[-74.216725,40.725545],[-74.216608,40.725517],[-74.216701,40.725225],[-74.21675,40.725147],[-74.216795,40.725059],[-74.216903,40.724764],[-74.216981,40.724443],[-74.217357,40.723658],[-74.217633,40.723256],[-74.217662,40.723212],[-74.217258,40.723056],[-74.217396,40.722855],[-74.217577,40.722649],[-74.217832,40.722334],[-74.21761,40.722236],[-74.217377,40.722116],[-74.217548,40.72191],[-74.217584,40.72184],[-74.218172,40.721254],[-74.218318,40.721174],[-74.218511,40.720943],[-74.218643,40.721007],[-74.219091,40.720372],[-74.21893,40.720297],[-74.218849,40.720259],[-74.219073,40.719979],[-74.219032,40.719962],[-74.219151,40.719837],[-74.219308,40.719618],[-74.220298,40.718577],[-74.220354,40.718551],[-74.22048,40.718492],[-74.220816,40.717998],[-74.220862,40.717961],[-74.220939,40.717878],[-74.221151,40.717656],[-74.22115,40.717655],[-74.221554,40.717236],[-74.221859,40.716922],[-74.222341,40.716414],[-74.222421,40.716365],[-74.222525,40.716311],[-74.223461,40.715339],[-74.223591,40.715415],[-74.223838,40.715574],[-74.224143,40.715327],[-74.2242,40.715253],[-74.224278,40.715118],[-74.225762,40.713497],[-74.225937,40.713306],[-74.226527,40.712649],[-74.226576,40.712602],[-74.226809,40.71234],[-74.226862,40.712262],[-74.226941,40.712136],[-74.227064,40.712013],[-74.227812,40.711255],[-74.227558,40.7111],[-74.227149,40.710855],[-74.226641,40.710644],[-74.226861,40.710423],[-74.227398,40.709918],[-74.227621,40.70969],[-74.228044,40.709259],[-74.228073,40.709221],[-74.228482,40.708813],[-74.228535,40.708737],[-74.228559,40.708664],[-74.228552,40.708485],[-74.228552,40.708321],[-74.228571,40.70829],[-74.228747,40.708323],[-74.229301,40.708416],[-74.22957,40.708462],[-74.230127,40.708558],[-74.230421,40.708608],[-74.230689,40.708651],[-74.231732,40.708837],[-74.232676,40.709002],[-74.235035,40.709386],[-74.235242,40.709418],[-74.236521,40.709614],[-74.236767,40.70965],[-74.238447,40.709963],[-74.238844,40.710024],[-74.239249,40.710087],[-74.239995,40.710199],[-74.240755,40.710513],[-74.240991,40.710603],[-74.241672,40.71072],[-74.242088,40.710798],[-74.24307,40.711026],[-74.243089,40.711028],[-74.243409,40.711088],[-74.243702,40.711143],[-74.243802,40.711137],[-74.243856,40.711139],[-74.243982,40.711142],[-74.244013,40.711143],[-74.24411,40.711157],[-74.244168,40.711165],[-74.244245,40.711176],[-74.244311,40.71119],[-74.24453,40.711237],[-74.24463,40.711263],[-74.244736,40.71129],[-74.244742,40.711291],[-74.244877,40.711322],[-74.24514,40.711408],[-74.245416,40.711567],[-74.245433,40.711577],[-74.246086,40.711606],[-74.246172,40.711606],[-74.24729,40.711601],[-74.248494,40.711907],[-74.248891,40.712001],[-74.249593,40.71213],[-74.249815,40.712171],[-74.249822,40.712172],[-74.250055,40.712216],[-74.251884,40.71255],[-74.253244,40.712764],[-74.253494,40.712799],[-74.254834,40.713069],[-74.254995,40.713101],[-74.255502,40.713229],[-74.255793,40.713301],[-74.25629,40.7133],[-74.25539,40.713696],[-74.255317,40.713728],[-74.254625,40.714166],[-74.254573,40.714199],[-74.253902,40.714567],[-74.252871,40.715298],[-74.252815,40.715336],[-74.252882,40.715408],[-74.252747,40.715534],[-74.252519,40.715754],[-74.252768,40.715999],[-74.252335,40.71638],[-74.252418,40.716507],[-74.252211,40.71695],[-74.251299,40.718968],[-74.250013,40.722142],[-74.249989,40.722167],[-74.250201,40.722281],[-74.250049,40.72251],[-74.250351,40.72263],[-74.250148,40.722896],[-74.249909,40.722871],[-74.249537,40.723371],[-74.249581,40.723498],[-74.248185,40.725936],[-74.247898,40.725926],[-74.247823,40.726113],[-74.247785,40.726187],[-74.247216,40.727384],[-74.247046,40.727342],[-74.246822,40.727288],[-74.246695,40.727725],[-74.246194,40.727638],[-74.24597,40.728346],[-74.245847,40.728313],[-74.245754,40.728539],[-74.245536,40.728696],[-74.245375,40.728913],[-74.244604,40.729947],[-74.2441,40.730622],[-74.244082,40.730648],[-74.243934,40.73054],[-74.243722,40.730831],[-74.243346,40.730717],[-74.243227,40.730701],[-74.24313,40.730689],[-74.242778,40.730582],[-74.242379,40.731331],[-74.242347,40.731395],[-74.241998,40.731292],[-74.241896,40.731292],[-74.241764,40.731283],[-74.241737,40.731275],[-74.241413,40.731176],[-74.24139,40.73122],[-74.240932,40.732096],[-74.240897,40.732082],[-74.240775,40.732047],[-74.240562,40.731983],[-74.240429,40.732],[-74.240304,40.732013],[-74.239967,40.731917],[-74.239772,40.731862],[-74.239324,40.732707],[-74.239196,40.73287],[-74.239111,40.733042],[-74.238488,40.73285],[-74.238242,40.733314],[-74.238068,40.733641],[-74.237631,40.733512],[-74.237599,40.733572],[-74.237367,40.734014],[-74.237343,40.734052],[-74.237017,40.733954],[-74.236921,40.7339],[-74.236819,40.733844],[-74.236685,40.733808],[-74.236494,40.733749],[-74.236214,40.734278],[-74.235872,40.734927],[-74.235773,40.735113],[-74.235335,40.734977],[-74.234898,40.734843],[-74.234861,40.734921],[-74.234456,40.73568],[-74.234334,40.735648],[-74.234199,40.735599],[-74.233413,40.735378],[-74.232017,40.734988],[-74.23202,40.734974],[-74.231882,40.734945],[-74.23177,40.734923],[-74.231634,40.734948],[-74.231505,40.734971],[-74.231037,40.735238],[-74.230972,40.735271],[-74.230271,40.735671],[-74.229601,40.736056],[-74.228968,40.736447],[-74.228908,40.736459],[-74.228635,40.736565],[-74.228516,40.736531],[-74.228329,40.736479],[-74.227905,40.73666],[-74.227443,40.736919],[-74.226879,40.737629]]]}},{"type":"Feature","properties":{"zip":"08853","name":"08853"},"geometry":{"type":"Polygon","coordinates":[[[-74.782963,40.511553],[-74.782944,40.511569],[-74.782867,40.511618],[-74.782791,40.511659],[-74.782707,40.511708],[-74.782624,40.511762],[-74.782517,40.511834],[-74.782387,40.511919],[-74.782234,40.512013],[-74.782082,40.512112],[-74.781914,40.512216],[-74.781418,40.512507],[-74.781265,40.512602],[-74.781128,40.512696],[-74.780991,40.512795],[-74.780853,40.512898],[-74.780731,40.513002],[-74.780617,40.513109],[-74.780518,40.513222],[-74.780441,40.513348],[-74.780365,40.513483],[-74.780227,40.513757],[-74.780151,40.513901],[-74.780083,40.514045],[-74.77993,40.514347],[-74.779854,40.514504],[-74.779686,40.514819],[-74.77961,40.514977],[-74.779533,40.51513],[-74.779457,40.515278],[-74.779381,40.515422],[-74.779312,40.515562],[-74.779244,40.515688],[-74.779121,40.51594],[-74.779014,40.516165],[-74.778954,40.516268],[-74.778892,40.516363],[-74.778809,40.516439],[-74.778717,40.516493],[-74.778595,40.516534],[-74.77845,40.516547],[-74.778275,40.516555],[-74.778076,40.516546],[-74.77787,40.516532],[-74.777664,40.516514],[-74.777458,40.516482],[-74.77726,40.516454],[-74.777054,40.516413],[-74.776863,40.516382],[-74.776665,40.516341],[-74.776474,40.516309],[-74.776283,40.516272],[-74.776108,40.516245],[-74.77594,40.516213],[-74.77578,40.516181],[-74.775642,40.516158],[-74.77552,40.51614],[-74.775421,40.516136],[-74.77533,40.516153],[-74.77532,40.516159],[-74.775269,40.516189],[-74.775223,40.516248],[-74.775177,40.516329],[-74.775116,40.516428],[-74.775047,40.516549],[-74.774956,40.516698],[-74.774857,40.516855],[-74.774658,40.517197],[-74.774444,40.517548],[-74.774338,40.517724],[-74.774239,40.517899],[-74.774132,40.51807],[-74.774033,40.518241],[-74.773933,40.518407],[-74.773834,40.518578],[-74.773727,40.518745],[-74.773628,40.518911],[-74.773529,40.519082],[-74.773232,40.519582],[-74.773132,40.519748],[-74.773041,40.519919],[-74.772989,40.52],[-74.772934,40.52009],[-74.772835,40.520261],[-74.772736,40.520428],[-74.772629,40.520594],[-74.772537,40.520753],[-74.772431,40.520936],[-74.772232,40.52126],[-74.772175,40.52136],[-74.772041,40.521593],[-74.771942,40.521755],[-74.771843,40.521921],[-74.771644,40.522245],[-74.771553,40.522398],[-74.77137,40.522713],[-74.771278,40.522866],[-74.771187,40.523024],[-74.771088,40.523177],[-74.771046,40.523244],[-74.770905,40.523487],[-74.770805,40.523644],[-74.770714,40.523802],[-74.770622,40.523955],[-74.770531,40.524112],[-74.770348,40.524418],[-74.77018,40.524706],[-74.770096,40.524855],[-74.77002,40.524985],[-74.769936,40.525116],[-74.769707,40.525494],[-74.769569,40.525737],[-74.769493,40.525863],[-74.769417,40.525984],[-74.769341,40.52611],[-74.769264,40.52624],[-74.769188,40.526366],[-74.769035,40.526609],[-74.768967,40.526731],[-74.76889,40.526848],[-74.768822,40.52696],[-74.768761,40.527073],[-74.7684,40.527658],[-74.768478,40.527685],[-74.768662,40.527757],[-74.768837,40.52783],[-74.769012,40.527898],[-74.769188,40.527961],[-74.769524,40.528097],[-74.769676,40.528151],[-74.769837,40.528219],[-74.769981,40.528269],[-74.770134,40.528328],[-74.770271,40.528382],[-74.770424,40.528436],[-74.770561,40.528495],[-74.770698,40.528545],[-74.770813,40.528595],[-74.770927,40.52864],[-74.771027,40.528681],[-74.771133,40.528731],[-74.771225,40.528771],[-74.771316,40.528803],[-74.771419,40.528844],[-74.771515,40.528876],[-74.77163,40.528921],[-74.771713,40.528948],[-74.77182,40.528993],[-74.771958,40.529039],[-74.77211,40.529097],[-74.772301,40.529174],[-74.772499,40.529256],[-74.772726,40.529347],[-74.772873,40.529401],[-74.773255,40.529546],[-74.77343,40.529614],[-74.773605,40.529677],[-74.773773,40.529745],[-74.773941,40.529804],[-74.774109,40.529867],[-74.774269,40.529931],[-74.774437,40.529994],[-74.774605,40.530062],[-74.774765,40.530125],[-74.774933,40.530193],[-74.775129,40.530279],[-74.775261,40.530347],[-74.775581,40.530537],[-74.775726,40.530641],[-74.775879,40.530744],[-74.776024,40.530853],[-74.776176,40.530961],[-74.776337,40.531074],[-74.776489,40.531187],[-74.776649,40.531309],[-74.77681,40.531426],[-74.77697,40.531548],[-74.77713,40.531666],[-74.777298,40.531788],[-74.777619,40.532023],[-74.777779,40.532145],[-74.777931,40.532257],[-74.778044,40.532339],[-74.77816,40.532501],[-74.778351,40.532565],[-74.778425,40.532614],[-74.778573,40.532723],[-74.778343,40.532817],[-74.77811,40.532906],[-74.777751,40.533054],[-74.777664,40.53309],[-74.777435,40.533175],[-74.776978,40.533364],[-74.776741,40.533453],[-74.776497,40.533552],[-74.776229,40.533657],[-74.775921,40.533777],[-74.775741,40.533848],[-74.775498,40.533951],[-74.775253,40.53405],[-74.77503,40.534137],[-74.775001,40.534148],[-74.774757,40.534247],[-74.774506,40.534345],[-74.774262,40.534449],[-74.773766,40.534641],[-74.773522,40.534744],[-74.77327,40.534838],[-74.772781,40.535036],[-74.772529,40.535134],[-74.772041,40.535332],[-74.77179,40.535426],[-74.771545,40.535524],[-74.771301,40.535627],[-74.771057,40.535726],[-74.770554,40.535923],[-74.770294,40.536022],[-74.770042,40.536134],[-74.769791,40.536237],[-74.769539,40.536336],[-74.769287,40.53643],[-74.769035,40.536528],[-74.768776,40.536631],[-74.768524,40.536734],[-74.768265,40.536838],[-74.768013,40.536941],[-74.767235,40.53725],[-74.766983,40.537348],[-74.766723,40.537452],[-74.766472,40.537555],[-74.765968,40.537752],[-74.765716,40.537855],[-74.765465,40.537954],[-74.764961,40.53816],[-74.764255,40.538436],[-74.764206,40.538455],[-74.763962,40.538554],[-74.76371,40.538653],[-74.763458,40.538756],[-74.763214,40.538854],[-74.762962,40.538953],[-74.762711,40.539056],[-74.762466,40.53915],[-74.762215,40.539253],[-74.761963,40.539352],[-74.761711,40.539446],[-74.761207,40.539652],[-74.760956,40.539751],[-74.760704,40.539854],[-74.760445,40.539952],[-74.759941,40.540158],[-74.759682,40.540261],[-74.75943,40.540365],[-74.75917,40.540468],[-74.758759,40.540629],[-74.758667,40.540665],[-74.758283,40.540822],[-74.758163,40.540866],[-74.758141,40.540961],[-74.758156,40.541029],[-74.758186,40.541083],[-74.75824,40.541128],[-74.758301,40.541177],[-74.758377,40.541236],[-74.758453,40.541299],[-74.758537,40.541363],[-74.758645,40.541448],[-74.758774,40.541552],[-74.759026,40.541765],[-74.759132,40.54185],[-74.759239,40.541941],[-74.759268,40.541967],[-74.759346,40.54204],[-74.759453,40.542135],[-74.759575,40.54223],[-74.759607,40.542257],[-74.759697,40.542334],[-74.759811,40.542451],[-74.759934,40.542568],[-74.760048,40.542695],[-74.760162,40.542825],[-74.760277,40.54297],[-74.760399,40.54311],[-74.76049,40.543229],[-74.760513,40.543259],[-74.760628,40.543403],[-74.760849,40.543683],[-74.760948,40.543814],[-74.761048,40.54394],[-74.761146,40.544071],[-74.761246,40.544197],[-74.761304,40.544265],[-74.761352,40.544323],[-74.761459,40.544441],[-74.761574,40.544558],[-74.761703,40.544671],[-74.761841,40.544775],[-74.761993,40.544874],[-74.762154,40.544969],[-74.762322,40.545064],[-74.762497,40.545141],[-74.762687,40.545214],[-74.76274,40.545232],[-74.762894,40.545286],[-74.763092,40.545368],[-74.763306,40.545445],[-74.763733,40.545608],[-74.764175,40.54578],[-74.764633,40.545952],[-74.76487,40.546038],[-74.765106,40.546133],[-74.765343,40.546223],[-74.765587,40.546319],[-74.765839,40.546409],[-74.766083,40.546504],[-74.766586,40.546694],[-74.766846,40.546794],[-74.767097,40.546894],[-74.767357,40.546989],[-74.767431,40.547017],[-74.767411,40.547047],[-74.767393,40.547099],[-74.767401,40.547146],[-74.76743,40.547225],[-74.767441,40.547275],[-74.767441,40.54736],[-74.767413,40.547492],[-74.767334,40.547591],[-74.767291,40.547637],[-74.767226,40.547684],[-74.767162,40.547709],[-74.767101,40.547764],[-74.767018,40.547833],[-74.766932,40.547866],[-74.766849,40.547902],[-74.766806,40.547962],[-74.766756,40.548028],[-74.766695,40.548061],[-74.766595,40.548097],[-74.766534,40.548128],[-74.766451,40.548218],[-74.766408,40.548268],[-74.766376,40.548334],[-74.766312,40.548397],[-74.766229,40.548425],[-74.766135,40.548431],[-74.766035,40.548453],[-74.765941,40.548458],[-74.765876,40.548475],[-74.765801,40.548486],[-74.765711,40.548522],[-74.765535,40.548566],[-74.765427,40.548602],[-74.765334,40.548636],[-74.765211,40.548674],[-74.765111,40.548724],[-74.76501,40.548757],[-74.764931,40.54879],[-74.76487,40.548837],[-74.764798,40.548884],[-74.764673,40.54895],[-74.764604,40.548983],[-74.764543,40.549],[-74.764464,40.549027],[-74.764375,40.549077],[-74.764227,40.54914],[-74.764134,40.549187],[-74.764073,40.549234],[-74.763987,40.549284],[-74.763929,40.549325],[-74.763814,40.549391],[-74.763746,40.549441],[-74.763667,40.549504],[-74.763592,40.549573],[-74.763491,40.549633],[-74.763427,40.549741],[-74.763363,40.549842],[-74.763266,40.550032],[-74.763216,40.550134],[-74.763141,40.550249],[-74.763091,40.550362],[-74.763034,40.550472],[-74.763006,40.550535],[-74.762974,40.550653],[-74.762927,40.550749],[-74.762877,40.550837],[-74.762834,40.550903],[-74.762806,40.550944],[-74.76277,40.551019],[-74.762727,40.551074],[-74.762698,40.551134],[-74.762674,40.551228],[-74.762663,40.551359],[-74.762649,40.551425],[-74.762639,40.551502],[-74.762628,40.55156],[-74.762596,40.55167],[-74.762532,40.55178],[-74.762471,40.551873],[-74.762367,40.552013],[-74.762378,40.55209],[-74.762389,40.552142],[-74.762426,40.55223],[-74.762426,40.552326],[-74.762423,40.552411],[-74.762391,40.552518],[-74.762377,40.552587],[-74.76233,40.552744],[-74.762306,40.552831],[-74.762277,40.552919],[-74.762252,40.553048],[-74.762235,40.553142],[-74.762231,40.55321],[-74.76224,40.553455],[-74.762225,40.553515],[-74.762208,40.553617],[-74.762201,40.55374],[-74.762205,40.55379],[-74.762166,40.55404],[-74.762141,40.554112],[-74.759188,40.556119],[-74.753282,40.553141],[-74.751147,40.549358],[-74.745915,40.549042],[-74.74317,40.553136],[-74.743089,40.553257],[-74.74296,40.553228],[-74.741844,40.552789],[-74.741618,40.552674],[-74.741513,40.552609],[-74.741401,40.552545],[-74.741283,40.552462],[-74.740299,40.553119],[-74.740224,40.553175],[-74.73984,40.553461],[-74.739583,40.553365],[-74.739054,40.553167],[-74.738465,40.552961],[-74.738296,40.552881],[-74.73798,40.552708],[-74.737908,40.552653],[-74.7376,40.552307],[-74.737387,40.552043],[-74.738512,40.550058],[-74.739335,40.54861],[-74.738864,40.548442],[-74.738607,40.54835],[-74.738367,40.548248],[-74.738172,40.548165],[-74.73782,40.548289],[-74.733471,40.549822],[-74.730726,40.550809],[-74.728986,40.551435],[-74.72824,40.5517],[-74.727946,40.551814],[-74.72657,40.552294],[-74.725235,40.552766],[-74.72404,40.5532],[-74.723426,40.553418],[-74.720913,40.554311],[-74.720385,40.554008],[-74.720111,40.553894],[-74.719553,40.553693],[-74.719384,40.553823],[-74.718917,40.554128],[-74.71794,40.554828],[-74.717117,40.555665],[-74.716993,40.55571],[-74.716905,40.555738],[-74.714689,40.55654],[-74.714376,40.556299],[-74.713914,40.555946],[-74.713357,40.555483],[-74.712976,40.555213],[-74.712771,40.555107],[-74.71265,40.555062],[-74.712508,40.555031],[-74.712287,40.555024],[-74.710926,40.555026],[-74.710607,40.55504],[-74.710382,40.555074],[-74.71016,40.555126],[-74.709409,40.55538],[-74.707827,40.555936],[-74.707366,40.556123],[-74.7072,40.55623],[-74.70707,40.556377],[-74.706656,40.555689],[-74.706528,40.55552],[-74.706445,40.555464],[-74.706386,40.55544],[-74.706189,40.555409],[-74.705161,40.555279],[-74.704998,40.555265],[-74.704884,40.555272],[-74.704683,40.555328],[-74.704447,40.555421],[-74.704312,40.555501],[-74.704215,40.555615],[-74.703906,40.556403],[-74.703676,40.556319],[-74.70326,40.556101],[-74.702911,40.55589],[-74.702457,40.555591],[-74.70239,40.555544],[-74.701975,40.555251],[-74.701588,40.554958],[-74.701366,40.554726],[-74.700975,40.554188],[-74.70084,40.553972],[-74.700677,40.553608],[-74.700515,40.55307],[-74.700348,40.552516],[-74.700209,40.552004],[-74.700029,40.551414],[-74.699503,40.549809],[-74.699486,40.549695],[-74.699486,40.549518],[-74.6995,40.549359],[-74.699538,40.549231],[-74.699663,40.548954],[-74.699951,40.548457],[-74.699406,40.548221],[-74.697997,40.547687],[-74.697439,40.547446],[-74.697193,40.547315],[-74.696289,40.546781],[-74.696228,40.546746],[-74.69617,40.546714],[-74.696229,40.546686],[-74.696352,40.546628],[-74.696543,40.546537],[-74.696593,40.546508],[-74.696661,40.546469],[-74.696715,40.546438],[-74.696833,40.546393],[-74.697048,40.546288],[-74.697262,40.546136],[-74.697334,40.54603],[-74.697441,40.545886],[-74.697619,40.545407],[-74.697778,40.545142],[-74.69792,40.544975],[-74.698139,40.544702],[-74.69814,40.544702],[-74.698247,40.544535],[-74.698329,40.544395],[-74.698354,40.544343],[-74.698354,40.544121],[-74.698354,40.544056],[-74.698354,40.544001],[-74.698332,40.543835],[-74.698327,40.5438],[-74.698346,40.543588],[-74.698373,40.543374],[-74.698393,40.543017],[-74.698296,40.542507],[-74.698273,40.542309],[-74.698322,40.542139],[-74.69848,40.542028],[-74.698954,40.541818],[-74.699306,40.541707],[-74.699845,40.541502],[-74.700247,40.541331],[-74.700641,40.541044],[-74.701078,40.540795],[-74.701567,40.540508],[-74.701904,40.540342],[-74.702233,40.540083],[-74.702685,40.539774],[-74.702749,40.539735],[-74.703201,40.539525],[-74.703576,40.539413],[-74.704129,40.539313],[-74.704546,40.539256],[-74.704978,40.539117],[-74.705166,40.539024],[-74.705394,40.538913],[-74.705666,40.538769],[-74.705953,40.538598],[-74.706319,40.538399],[-74.706592,40.53826],[-74.706915,40.538188],[-74.707332,40.538082],[-74.707742,40.537949],[-74.708158,40.537859],[-74.708461,40.537787],[-74.708734,40.537704],[-74.709028,40.537538],[-74.709221,40.537384],[-74.709328,40.537219],[-74.709414,40.537015],[-74.709448,40.536784],[-74.709532,40.536504],[-74.709632,40.536339],[-74.709643,40.536217],[-74.709656,40.536179],[-74.709648,40.536158],[-74.709658,40.536054],[-74.709579,40.535838],[-74.709557,40.535779],[-74.709324,40.535467],[-74.709027,40.535183],[-74.708565,40.534948],[-74.707951,40.534709],[-74.706855,40.534318],[-74.706435,40.534122],[-74.706045,40.533859],[-74.705923,40.533694],[-74.705769,40.533487],[-74.705674,40.533229],[-74.705579,40.533043],[-74.705318,40.532572],[-74.705258,40.532265],[-74.705284,40.531902],[-74.705326,40.531616],[-74.705504,40.531418],[-74.705664,40.531357],[-74.705925,40.531231],[-74.706123,40.531159],[-74.706472,40.531095],[-74.706724,40.531059],[-74.707009,40.530994],[-74.707325,40.53093],[-74.707352,40.530913],[-74.707518,40.530804],[-74.707684,40.53063],[-74.707784,40.530415],[-74.707803,40.530351],[-74.70785,40.530191],[-74.70785,40.53],[-74.70787,40.529872],[-74.707875,40.529772],[-74.707889,40.529493],[-74.707814,40.529044],[-74.707696,40.528528],[-74.707542,40.528029],[-74.707264,40.527492],[-74.706982,40.527125],[-74.706656,40.526835],[-74.706316,40.526562],[-74.705976,40.526316],[-74.705643,40.52613],[-74.7056,40.526106],[-74.705506,40.526054],[-74.70505,40.525715],[-74.704088,40.525016],[-74.703604,40.524705],[-74.703243,40.524399],[-74.703177,40.524289],[-74.703111,40.524152],[-74.703194,40.523642],[-74.703327,40.522971],[-74.703404,40.522735],[-74.703553,40.522405],[-74.70376,40.522053],[-74.703916,40.521679],[-74.704014,40.52125],[-74.704048,40.520932],[-74.704168,40.520679],[-74.704441,40.520464],[-74.704857,40.52022],[-74.705423,40.519873],[-74.705868,40.519651],[-74.706486,40.519407],[-74.707125,40.519208],[-74.708527,40.518944],[-74.709026,40.518909],[-74.709498,40.518875],[-74.709858,40.518808],[-74.710209,40.518658],[-74.710604,40.518421],[-74.710983,40.518167],[-74.711219,40.518],[-74.711313,40.517935],[-74.711679,40.517714],[-74.712073,40.517554],[-74.712497,40.517426],[-74.713173,40.517341],[-74.713935,40.517278],[-74.714857,40.517302],[-74.715727,40.517342],[-74.716564,40.517444],[-74.718666,40.517688],[-74.720423,40.517841],[-74.72126,40.518002],[-74.721345,40.518032],[-74.721379,40.518044],[-74.721492,40.518083],[-74.72162,40.518128],[-74.722248,40.518433],[-74.722668,40.518689],[-74.722929,40.518968],[-74.723305,40.519263],[-74.723688,40.519591],[-74.724078,40.519837],[-74.72444,40.520038],[-74.724916,40.520229],[-74.72537,40.52037],[-74.725796,40.520473],[-74.72612,40.520576],[-74.726336,40.520608],[-74.726503,40.520657],[-74.726675,40.520678],[-74.726862,40.520661],[-74.727121,40.520583],[-74.727385,40.520373],[-74.727658,40.520076],[-74.727907,40.519784],[-74.728121,40.519464],[-74.72861,40.51837],[-74.728831,40.518007],[-74.728971,40.5178],[-74.729102,40.517605],[-74.729194,40.517391],[-74.729328,40.516989],[-74.729376,40.51666],[-74.729393,40.515918],[-74.729347,40.515543],[-74.729341,40.515493],[-74.729333,40.515363],[-74.729306,40.51487],[-74.729195,40.514415],[-74.729069,40.513833],[-74.728894,40.513422],[-74.728689,40.512846],[-74.728563,40.512468],[-74.728396,40.51215],[-74.727829,40.511345],[-74.727648,40.511149],[-74.727424,40.510902],[-74.727398,40.510854],[-74.727327,40.510724],[-74.727306,40.510686],[-74.727278,40.510634],[-74.727194,40.510124],[-74.727107,40.509844],[-74.726903,40.509537],[-74.72688,40.50949],[-74.726864,40.509458],[-74.726802,40.509333],[-74.726735,40.509197],[-74.726578,40.50892],[-74.726424,40.508654],[-74.726182,40.508327],[-74.725848,40.507916],[-74.725594,40.507516],[-74.725491,40.507122],[-74.725481,40.506792],[-74.725487,40.506473],[-74.725556,40.506226],[-74.725626,40.506083],[-74.725716,40.505969],[-74.725892,40.505814],[-74.726042,40.505725],[-74.726265,40.505675],[-74.726423,40.505635],[-74.72656,40.50558],[-74.72676,40.505404],[-74.727039,40.505035],[-74.727331,40.504616],[-74.727753,40.504214],[-74.72824,40.503938],[-74.728986,40.503556],[-74.729883,40.503294],[-74.730616,40.503165],[-74.732601,40.502856],[-74.734469,40.50253],[-74.735245,40.502384],[-74.736013,40.502189],[-74.736553,40.502088],[-74.736941,40.50201],[-74.737934,40.502067],[-74.738535,40.502069],[-74.738875,40.502057],[-74.739379,40.502039],[-74.740229,40.502003],[-74.74115,40.501955],[-74.741882,40.501925],[-74.74232,40.501907],[-74.742378,40.501911],[-74.743546,40.502],[-74.744108,40.502081],[-74.745095,40.50228],[-74.745658,40.502503],[-74.746033,40.502677],[-74.746351,40.502758],[-74.746811,40.502811],[-74.746874,40.502846],[-74.747092,40.503024],[-74.74713,40.50308],[-74.747215,40.503204],[-74.747277,40.503486],[-74.747401,40.50388],[-74.747525,40.504092],[-74.747615,40.504221],[-74.747619,40.504254],[-74.747643,40.504433],[-74.747681,40.5045],[-74.747653,40.504788],[-74.747715,40.50508],[-74.747838,40.505294],[-74.748147,40.505473],[-74.74864,40.505652],[-74.74901,40.505796],[-74.749381,40.505867],[-74.749688,40.505866],[-74.749793,40.505907],[-74.750024,40.506017],[-74.75028,40.506161],[-74.75074,40.506354],[-74.750925,40.506407],[-74.751132,40.506451],[-74.7515,40.506547],[-74.751891,40.506589],[-74.752236,40.506588],[-74.75242,40.506575],[-74.752535,40.506549],[-74.752696,40.506457],[-74.752834,40.506534],[-74.753715,40.506794],[-74.754365,40.506913],[-74.755079,40.506972],[-74.755872,40.506871],[-74.756113,40.506794],[-74.756339,40.506721],[-74.757036,40.506401],[-74.757524,40.506076],[-74.757999,40.505883],[-74.758906,40.505766],[-74.759503,40.505622],[-74.760095,40.505471],[-74.760309,40.505416],[-74.76082,40.505218],[-74.761265,40.505068],[-74.761741,40.504973],[-74.762181,40.504989],[-74.762778,40.504971],[-74.76324,40.504948],[-74.763618,40.504898],[-74.76383,40.50487],[-74.764091,40.504836],[-74.764302,40.504793],[-74.764567,40.504793],[-74.764829,40.504755],[-74.764949,40.50469],[-74.765018,40.504642],[-74.765287,40.50458],[-74.7656,40.504598],[-74.765727,40.504587],[-74.765784,40.504565],[-74.765876,40.504506],[-74.765996,40.504441],[-74.76606,40.504414],[-74.766109,40.504371],[-74.766144,40.504257],[-74.766151,40.504192],[-74.766271,40.504079],[-74.766498,40.503906],[-74.766893,40.503615],[-74.767093,40.503527],[-74.767358,40.503449],[-74.767632,40.503415],[-74.768129,40.503469],[-74.768525,40.503483],[-74.769267,40.503557],[-74.769835,40.50356],[-74.770081,40.503592],[-74.77044,40.503613],[-74.77088,40.503661],[-74.77106,40.503649],[-74.771384,40.503708],[-74.771773,40.503728],[-74.772392,40.503775],[-74.772681,40.503818],[-74.77307,40.503899],[-74.77326,40.5039],[-74.773362,40.503828],[-74.773486,40.503771],[-74.773611,40.503728],[-74.773811,40.503713],[-74.773911,40.50371],[-74.774211,40.503738],[-74.774336,40.503738],[-74.774467,40.503754],[-74.774581,40.503739],[-74.774591,40.503756],[-74.774652,40.503896],[-74.774712,40.504037],[-74.774757,40.504177],[-74.774833,40.504102],[-74.774909,40.504028],[-74.775112,40.503974],[-74.775377,40.504023],[-74.775434,40.503898],[-74.775363,40.503838],[-74.775296,40.503753],[-74.775284,40.503739],[-74.775377,40.503593],[-74.77539,40.503566],[-74.775425,40.503488],[-74.77546,40.503478],[-74.775653,40.503422],[-74.775983,40.503283],[-74.776464,40.503252],[-74.776699,40.503307],[-74.776792,40.503435],[-74.776922,40.50348],[-74.777052,40.503555],[-74.777241,40.503579],[-74.777496,40.503662],[-74.777632,40.503697],[-74.777769,40.503735],[-74.778077,40.503892],[-74.778187,40.503937],[-74.778376,40.503956],[-74.77846,40.503914],[-74.77851,40.503894],[-74.77856,40.503904],[-74.778621,40.503956],[-74.778609,40.50405],[-74.778741,40.50407],[-74.778951,40.504079],[-74.779141,40.50416],[-74.779319,40.504267],[-74.779446,40.504252],[-74.779661,40.5044],[-74.78,40.504491],[-74.780009,40.504493],[-74.780227,40.504541],[-74.78042,40.504539],[-74.780533,40.504511],[-74.780542,40.504509],[-74.780555,40.504506],[-74.780604,40.504501],[-74.780691,40.504489],[-74.780966,40.504581],[-74.781161,40.504693],[-74.781329,40.5048],[-74.781531,40.504958],[-74.781746,40.505259],[-74.781847,40.505437],[-74.781995,40.505585],[-74.782143,40.505723],[-74.782284,40.505809],[-74.782305,40.505826],[-74.782372,40.50588],[-74.782409,40.50591],[-74.782587,40.506054],[-74.782755,40.506176],[-74.78295,40.506375],[-74.783132,40.506599],[-74.783298,40.506777],[-74.783446,40.506935],[-74.783571,40.507051],[-74.783691,40.507151],[-74.783956,40.507376],[-74.784068,40.507419],[-74.784182,40.507543],[-74.784626,40.507769],[-74.784633,40.507774],[-74.784653,40.507792],[-74.784716,40.507846],[-74.784728,40.507856],[-74.784869,40.507962],[-74.784938,40.508077],[-74.785006,40.508177],[-74.785206,40.508393],[-74.785203,40.508458],[-74.785194,40.508632],[-74.785193,40.508747],[-74.785177,40.508934],[-74.785167,40.509063],[-74.785165,40.509085],[-74.785153,40.50924],[-74.78515,40.509285],[-74.78515,40.509303],[-74.785076,40.509376],[-74.785034,40.509406],[-74.78492,40.509491],[-74.784615,40.509712],[-74.784546,40.509775],[-74.78447,40.509837],[-74.784403,40.509894],[-74.784386,40.509909],[-74.784195,40.510107],[-74.784088,40.51022],[-74.783974,40.510337],[-74.783859,40.510458],[-74.783516,40.510836],[-74.783417,40.510971],[-74.783318,40.511092],[-74.783157,40.511326],[-74.783081,40.511425],[-74.783012,40.51151],[-74.782963,40.511553]]]}},{"type":"Feature","properties":{"zip":"07940","name":"07940"},"geometry":{"type":"Polygon","coordinates":[[[-74.427532,40.745449],[-74.430019,40.746001],[-74.429865,40.746443],[-74.429545,40.747253],[-74.429499,40.747357],[-74.429472,40.747417],[-74.429141,40.748163],[-74.429059,40.748359],[-74.429006,40.748519],[-74.428946,40.748762],[-74.428827,40.749474],[-74.432271,40.751089],[-74.433267,40.750069],[-74.433626,40.750266],[-74.435446,40.751265],[-74.436024,40.751602],[-74.435807,40.751739],[-74.435348,40.75208],[-74.435467,40.752146],[-74.43534,40.752234],[-74.435314,40.752306],[-74.435435,40.752356],[-74.436616,40.752849],[-74.436685,40.752829],[-74.437275,40.75262],[-74.437624,40.752502],[-74.438198,40.752308],[-74.438414,40.752582],[-74.438509,40.752784],[-74.438532,40.752905],[-74.438528,40.753088],[-74.43849,40.75332],[-74.438505,40.753384],[-74.438501,40.753471],[-74.438258,40.753522],[-74.438234,40.753529],[-74.438268,40.753552],[-74.438451,40.753671],[-74.438988,40.754019],[-74.439967,40.754653],[-74.439844,40.755025],[-74.439062,40.757533],[-74.439007,40.757706],[-74.438976,40.757805],[-74.438718,40.758626],[-74.438415,40.759591],[-74.437981,40.760971],[-74.437574,40.762266],[-74.437057,40.763909],[-74.436439,40.765874],[-74.436383,40.76605],[-74.436838,40.766407],[-74.436982,40.766519],[-74.437062,40.766582],[-74.438353,40.767594],[-74.440025,40.768905],[-74.441137,40.769777],[-74.442108,40.768729],[-74.44252,40.768324],[-74.442587,40.768258],[-74.443004,40.767996],[-74.443772,40.767548],[-74.444261,40.767091],[-74.444842,40.76653],[-74.445309,40.766094],[-74.445592,40.765823],[-74.445813,40.765596],[-74.446041,40.765785],[-74.446251,40.765931],[-74.445893,40.766765],[-74.445808,40.766963],[-74.444606,40.769763],[-74.44358,40.771694],[-74.44189,40.774875],[-74.441924,40.774896],[-74.442447,40.775201],[-74.44159,40.775875],[-74.441581,40.777875],[-74.440684,40.777298],[-74.440553,40.777214],[-74.439325,40.776424],[-74.438897,40.776142],[-74.438712,40.776028],[-74.438433,40.775855],[-74.43799,40.775598],[-74.437521,40.775342],[-74.437301,40.77523],[-74.437229,40.775316],[-74.437018,40.775564],[-74.436946,40.775626],[-74.436863,40.775678],[-74.436738,40.775733],[-74.436621,40.77577],[-74.436499,40.775795],[-74.436392,40.775803],[-74.436248,40.775795],[-74.436072,40.775765],[-74.435756,40.775677],[-74.435497,40.775595],[-74.435497,40.775712],[-74.435522,40.77582],[-74.435573,40.775937],[-74.43575,40.776216],[-74.435875,40.776395],[-74.436045,40.776613],[-74.436382,40.77698],[-74.436417,40.777031],[-74.436441,40.777111],[-74.436434,40.777152],[-74.43641,40.777189],[-74.436362,40.77723],[-74.436215,40.777296],[-74.435998,40.777404],[-74.435838,40.777503],[-74.433907,40.778742],[-74.433777,40.778816],[-74.43368,40.778853],[-74.433545,40.778891],[-74.433456,40.778903],[-74.433348,40.778904],[-74.433204,40.778894],[-74.4331,40.778872],[-74.432934,40.778814],[-74.432791,40.778758],[-74.432688,40.778703],[-74.432598,40.778635],[-74.43248,40.778525],[-74.432387,40.778561],[-74.432299,40.778577],[-74.432196,40.778601],[-74.432136,40.778632],[-74.432091,40.778675],[-74.432068,40.778727],[-74.431996,40.778822],[-74.431936,40.778873],[-74.431849,40.778922],[-74.431768,40.778951],[-74.431664,40.778975],[-74.431539,40.778989],[-74.43145,40.778978],[-74.431329,40.77895],[-74.431232,40.778913],[-74.431146,40.778863],[-74.431072,40.778803],[-74.431001,40.778724],[-74.430745,40.778308],[-74.430685,40.77824],[-74.430607,40.778183],[-74.430532,40.778146],[-74.430432,40.778113],[-74.43031,40.77809],[-74.430202,40.778084],[-74.430094,40.77809],[-74.429989,40.77811],[-74.429906,40.778137],[-74.429829,40.778173],[-74.429748,40.778228],[-74.429683,40.778293],[-74.429631,40.778365],[-74.429573,40.778481],[-74.429532,40.778541],[-74.429473,40.778593],[-74.429401,40.778634],[-74.429335,40.778657],[-74.428944,40.778727],[-74.42893,40.778677],[-74.428612,40.778729],[-74.428065,40.778818],[-74.42792,40.778838],[-74.427794,40.778841],[-74.427669,40.778831],[-74.427564,40.778808],[-74.427466,40.778774],[-74.42736,40.778722],[-74.427283,40.77867],[-74.426768,40.778196],[-74.426473,40.777925],[-74.426627,40.777818],[-74.426798,40.77769],[-74.426978,40.777537],[-74.427121,40.777397],[-74.427181,40.777322],[-74.42724,40.777236],[-74.427286,40.777154],[-74.427319,40.777081],[-74.427356,40.77696],[-74.427379,40.776811],[-74.427382,40.776673],[-74.427365,40.776537],[-74.427326,40.776403],[-74.427273,40.776286],[-74.427142,40.776094],[-74.426747,40.775587],[-74.42632,40.775087],[-74.425957,40.774688],[-74.425638,40.774355],[-74.425384,40.774104],[-74.425208,40.773953],[-74.424996,40.773789],[-74.42479,40.773653],[-74.424625,40.773554],[-74.424499,40.773489],[-74.424387,40.773432],[-74.424254,40.773371],[-74.42408,40.773299],[-74.423999,40.773265],[-74.423794,40.773193],[-74.423649,40.773149],[-74.423573,40.773126],[-74.423382,40.77308],[-74.42316,40.773033],[-74.422943,40.772996],[-74.422753,40.772972],[-74.422529,40.772954],[-74.422381,40.772946],[-74.422174,40.77294],[-74.421892,40.772949],[-74.421677,40.772964],[-74.421458,40.772988],[-74.421217,40.773025],[-74.420903,40.773091],[-74.420776,40.773126],[-74.420583,40.77318],[-74.420338,40.773263],[-74.42012,40.773349],[-74.419922,40.77344],[-74.419657,40.773583],[-74.419457,40.773707],[-74.419305,40.773813],[-74.419067,40.774001],[-74.418885,40.774164],[-74.41878,40.774273],[-74.418659,40.774409],[-74.418572,40.774517],[-74.418482,40.774641],[-74.418386,40.774791],[-74.418298,40.774955],[-74.418192,40.775194],[-74.418151,40.77531],[-74.418094,40.775507],[-74.418056,40.775688],[-74.418033,40.775867],[-74.418021,40.776049],[-74.41803,40.776301],[-74.418061,40.776522],[-74.418112,40.77675],[-74.418246,40.777213],[-74.418368,40.777582],[-74.417015,40.777736],[-74.416816,40.777744],[-74.4166,40.777738],[-74.416486,40.777726],[-74.416385,40.777716],[-74.416192,40.777681],[-74.416085,40.777656],[-74.415753,40.777568],[-74.415525,40.777527],[-74.415333,40.777508],[-74.415189,40.777508],[-74.415063,40.777519],[-74.414923,40.777546],[-74.414815,40.777577],[-74.414284,40.777756],[-74.414038,40.777822],[-74.413793,40.77787],[-74.413544,40.777903],[-74.41331,40.777918],[-74.413008,40.77792],[-74.412774,40.777906],[-74.412542,40.777877],[-74.412298,40.777829],[-74.412076,40.777769],[-74.411845,40.777692],[-74.411637,40.777609],[-74.411438,40.777515],[-74.411236,40.7774],[-74.411049,40.77727],[-74.41089,40.777139],[-74.410734,40.776988],[-74.410575,40.776805],[-74.410443,40.776625],[-74.410346,40.776462],[-74.410271,40.776293],[-74.410209,40.776107],[-74.410166,40.775918],[-74.410143,40.77574],[-74.410138,40.775562],[-74.410154,40.775384],[-74.410206,40.77508],[-74.410241,40.774971],[-74.410241,40.77496],[-74.410246,40.774867],[-74.410289,40.774572],[-74.41029,40.774463],[-74.41027,40.774368],[-74.410219,40.774236],[-74.410156,40.774123],[-74.410144,40.774094],[-74.408856,40.773184],[-74.408688,40.773075],[-74.408524,40.772975],[-74.408383,40.772896],[-74.408034,40.772728],[-74.407667,40.772594],[-74.40716,40.772424],[-74.407099,40.772407],[-74.407085,40.772395],[-74.406959,40.772342],[-74.406804,40.772272],[-74.406608,40.772174],[-74.406469,40.772086],[-74.406363,40.772012],[-74.406243,40.771908],[-74.40602,40.771703],[-74.405827,40.771537],[-74.405488,40.771312],[-74.405034,40.770973],[-74.4054,40.770685],[-74.403622,40.770425],[-74.403353,40.770379],[-74.400255,40.769844],[-74.400264,40.769996],[-74.400266,40.770057],[-74.400272,40.770558],[-74.400273,40.770783],[-74.40028,40.771003],[-74.400283,40.77105],[-74.400285,40.771079],[-74.400288,40.771127],[-74.400304,40.771292],[-74.400311,40.771347],[-74.40035,40.771624],[-74.398052,40.771604],[-74.397996,40.7712],[-74.397589,40.770402],[-74.396993,40.770403],[-74.396003,40.770426],[-74.396491,40.76907],[-74.396627,40.769076],[-74.396746,40.769078],[-74.397868,40.769099],[-74.398379,40.769112],[-74.398416,40.769112],[-74.398907,40.767844],[-74.399634,40.766174],[-74.39986,40.76614],[-74.400076,40.766091],[-74.400452,40.765996],[-74.400577,40.76597],[-74.400695,40.765953],[-74.400785,40.765957],[-74.401404,40.765287],[-74.401723,40.765193],[-74.401967,40.765121],[-74.402583,40.76494],[-74.402431,40.764798],[-74.40228,40.76468],[-74.402121,40.764581],[-74.400861,40.763885],[-74.400771,40.763817],[-74.400687,40.763728],[-74.400422,40.763328],[-74.400324,40.763159],[-74.400263,40.763037],[-74.400079,40.762592],[-74.399837,40.762086],[-74.399624,40.761657],[-74.398889,40.761969],[-74.397973,40.761319],[-74.395455,40.759532],[-74.394775,40.759079],[-74.395217,40.758658],[-74.394978,40.758524],[-74.395062,40.758423],[-74.395218,40.758251],[-74.395342,40.758117],[-74.395497,40.757974],[-74.395588,40.75787],[-74.395768,40.757593],[-74.395811,40.75754],[-74.395862,40.757493],[-74.396096,40.757321],[-74.396145,40.75727],[-74.396176,40.757221],[-74.396204,40.75698],[-74.395418,40.756367],[-74.397112,40.754678],[-74.396457,40.754257],[-74.396107,40.754028],[-74.395835,40.75385],[-74.395563,40.753672],[-74.395293,40.753495],[-74.395021,40.753316],[-74.394925,40.753254],[-74.394696,40.753104],[-74.394416,40.75292],[-74.394276,40.752829],[-74.394161,40.752753],[-74.394076,40.752697],[-74.393871,40.752563],[-74.393766,40.752494],[-74.393673,40.752434],[-74.393474,40.752303],[-74.393369,40.752234],[-74.393274,40.752172],[-74.393068,40.752037],[-74.393003,40.751994],[-74.39286,40.751901],[-74.392599,40.75173],[-74.392446,40.75163],[-74.392063,40.751379],[-74.392166,40.751242],[-74.392323,40.751031],[-74.392562,40.75073],[-74.3927,40.750578],[-74.39298,40.750293],[-74.393751,40.749531],[-74.39464,40.748655],[-74.395429,40.747894],[-74.396212,40.747165],[-74.396929,40.746491],[-74.397274,40.74617],[-74.39794,40.745555],[-74.398274,40.74521],[-74.39898,40.744618],[-74.39911,40.744377],[-74.402172,40.741487],[-74.402362,40.742028],[-74.402486,40.742129],[-74.402552,40.742258],[-74.405448,40.739944],[-74.405471,40.73989],[-74.408829,40.741316],[-74.409017,40.741184],[-74.409178,40.741059],[-74.409916,40.740501],[-74.410161,40.740567],[-74.410425,40.740652],[-74.410713,40.740767],[-74.411605,40.741182],[-74.412131,40.741438],[-74.412292,40.741511],[-74.41391,40.742282],[-74.414111,40.742374],[-74.414386,40.742501],[-74.414651,40.742598],[-74.41515,40.742751],[-74.415625,40.742853],[-74.416308,40.742992],[-74.41702,40.743141],[-74.417898,40.743321],[-74.418516,40.743452],[-74.421826,40.744185],[-74.422166,40.74426],[-74.424373,40.744732],[-74.424937,40.744871],[-74.425218,40.744934],[-74.426096,40.745126],[-74.426865,40.745298],[-74.427504,40.745443],[-74.427532,40.745449]]]}},{"type":"Feature","properties":{"zip":"07976","name":"07976"},"geometry":{"type":"Polygon","coordinates":[[[-74.501889,40.741023],[-74.501406,40.741368],[-74.500804,40.741814],[-74.50056,40.742011],[-74.500239,40.742285],[-74.499628,40.742874],[-74.498667,40.743844],[-74.498533,40.743989],[-74.498255,40.744292],[-74.498119,40.744443],[-74.497836,40.744761],[-74.497647,40.74499],[-74.49727,40.745425],[-74.497123,40.745585],[-74.497059,40.745655],[-74.496991,40.745716],[-74.496882,40.745793],[-74.496797,40.745839],[-74.496713,40.745869],[-74.496639,40.745892],[-74.496607,40.745902],[-74.495311,40.746242],[-74.494568,40.746452],[-74.494141,40.745099],[-74.493985,40.744655],[-74.493767,40.744058],[-74.493758,40.744003],[-74.493701,40.743841],[-74.493434,40.743744],[-74.491548,40.743174],[-74.490696,40.742937],[-74.490432,40.742881],[-74.490234,40.742839],[-74.489638,40.742735],[-74.489034,40.742635],[-74.488714,40.742595],[-74.488556,40.742588],[-74.488306,40.742596],[-74.487957,40.742618],[-74.487792,40.742632],[-74.487324,40.742653],[-74.486912,40.742673],[-74.486551,40.742679],[-74.486472,40.742676],[-74.486103,40.742664],[-74.4853,40.74261],[-74.485169,40.742599],[-74.484388,40.742537],[-74.484012,40.742506],[-74.482877,40.742413],[-74.482689,40.742397],[-74.482519,40.742384],[-74.482352,40.742371],[-74.481837,40.742332],[-74.481322,40.742294],[-74.480438,40.74222],[-74.479633,40.742152],[-74.479601,40.742149],[-74.479356,40.742126],[-74.478953,40.742092],[-74.478455,40.742066],[-74.477646,40.742054],[-74.477225,40.742047],[-74.476973,40.742043],[-74.476889,40.742042],[-74.47683,40.742041],[-74.476659,40.742038],[-74.476434,40.74204],[-74.475612,40.742048],[-74.475141,40.742053],[-74.473467,40.742061],[-74.473026,40.742059],[-74.472788,40.742064],[-74.471533,40.742055],[-74.471094,40.742052],[-74.470885,40.742043],[-74.470792,40.74204],[-74.470611,40.742017],[-74.470448,40.741986],[-74.470016,40.741881],[-74.469961,40.741867],[-74.469154,40.741663],[-74.468751,40.741561],[-74.468409,40.741479],[-74.468229,40.741425],[-74.468183,40.741411],[-74.468074,40.74137],[-74.467903,40.741282],[-74.467802,40.741222],[-74.467685,40.741142],[-74.467507,40.740998],[-74.467208,40.740756],[-74.466826,40.740427],[-74.466537,40.740163],[-74.466346,40.739988],[-74.466217,40.739886],[-74.466133,40.739826],[-74.465945,40.739711],[-74.465817,40.739644],[-74.46572,40.739604],[-74.465661,40.739576],[-74.46546,40.739514],[-74.465348,40.739483],[-74.465315,40.739474],[-74.465115,40.739436],[-74.464998,40.739422],[-74.464824,40.739409],[-74.464566,40.739409],[-74.464394,40.73942],[-74.464236,40.739442],[-74.464071,40.739474],[-74.463637,40.73959],[-74.463076,40.739763],[-74.462693,40.739867],[-74.462484,40.739917],[-74.462328,40.739945],[-74.461356,40.740065],[-74.461229,40.740076],[-74.461079,40.740083],[-74.460951,40.740081],[-74.460831,40.740073],[-74.460683,40.740053],[-74.460421,40.739999],[-74.460133,40.739926],[-74.459773,40.739828],[-74.459511,40.739761],[-74.459172,40.739681],[-74.458845,40.739612],[-74.458649,40.739575],[-74.458652,40.73955],[-74.458652,40.739525],[-74.458545,40.739279],[-74.458449,40.739107],[-74.458442,40.738898],[-74.458566,40.738525],[-74.458597,40.738385],[-74.458597,40.738235],[-74.458557,40.738178],[-74.45784,40.737957],[-74.457376,40.737775],[-74.45726,40.737709],[-74.457205,40.737591],[-74.457186,40.737214],[-74.457264,40.736639],[-74.457286,40.736505],[-74.457549,40.736202],[-74.457635,40.736001],[-74.457675,40.735946],[-74.457798,40.735876],[-74.457988,40.735866],[-74.458074,40.735832],[-74.458187,40.735701],[-74.458397,40.735153],[-74.458449,40.734985],[-74.458414,40.734702],[-74.45842,40.734599],[-74.457917,40.734628],[-74.457584,40.734654],[-74.45662,40.734758],[-74.455991,40.734805],[-74.455868,40.734817],[-74.455801,40.734798],[-74.455736,40.734752],[-74.455667,40.734669],[-74.455671,40.73463],[-74.455662,40.73457],[-74.455658,40.734542],[-74.45556,40.73422],[-74.455537,40.734082],[-74.455533,40.733986],[-74.455536,40.733904],[-74.455595,40.733358],[-74.455615,40.733216],[-74.455668,40.732841],[-74.455694,40.73272],[-74.455723,40.732618],[-74.45579,40.732456],[-74.455951,40.73219],[-74.455999,40.732072],[-74.456014,40.732016],[-74.456023,40.731945],[-74.456024,40.731795],[-74.456014,40.73171],[-74.455999,40.731633],[-74.455944,40.731451],[-74.455905,40.731359],[-74.455739,40.731029],[-74.455622,40.730827],[-74.455301,40.730237],[-74.455286,40.730205],[-74.455224,40.730078],[-74.455185,40.729972],[-74.455183,40.729918],[-74.455192,40.729857],[-74.455211,40.729813],[-74.455256,40.72974],[-74.455304,40.729688],[-74.455413,40.729589],[-74.456028,40.729116],[-74.457147,40.728188],[-74.45736,40.728003],[-74.457447,40.727911],[-74.457585,40.727726],[-74.457672,40.727574],[-74.457706,40.727489],[-74.457749,40.727351],[-74.457765,40.727269],[-74.457774,40.727074],[-74.457773,40.726946],[-74.457553,40.726937],[-74.457082,40.726867],[-74.45644,40.726771],[-74.455405,40.726952],[-74.45377,40.727309],[-74.453203,40.727439],[-74.453029,40.727494],[-74.452542,40.727898],[-74.452001,40.728224],[-74.451848,40.728393],[-74.451579,40.728879],[-74.451328,40.729515],[-74.450829,40.726306],[-74.450571,40.726074],[-74.450549,40.725065],[-74.449736,40.718831],[-74.450097,40.718895],[-74.459219,40.714985],[-74.459339,40.714968],[-74.459519,40.714942],[-74.459833,40.714896],[-74.4761,40.709513],[-74.478338,40.708773],[-74.479929,40.708264],[-74.48809,40.705653],[-74.495448,40.703301],[-74.49812,40.702447],[-74.499106,40.702132],[-74.499356,40.702053],[-74.499475,40.702015],[-74.500332,40.701714],[-74.501505,40.701349],[-74.502622,40.701001],[-74.503574,40.700704],[-74.504527,40.700408],[-74.509112,40.699055],[-74.509335,40.698989],[-74.509737,40.69887],[-74.510463,40.698656],[-74.511462,40.698361],[-74.51169,40.698294],[-74.51354,40.697748],[-74.513699,40.697701],[-74.513853,40.698545],[-74.513699,40.699201],[-74.513537,40.699384],[-74.513511,40.699523],[-74.513668,40.699602],[-74.513864,40.699701],[-74.513838,40.69987],[-74.513903,40.700053],[-74.514317,40.700084],[-74.514413,40.700237],[-74.514417,40.700329],[-74.514393,40.700635],[-74.514374,40.700816],[-74.514352,40.700889],[-74.514243,40.700949],[-74.5141,40.700932],[-74.513995,40.700862],[-74.513838,40.700852],[-74.513864,40.701001],[-74.514047,40.701199],[-74.514858,40.701882],[-74.515001,40.701983],[-74.515381,40.702221],[-74.515903,40.702261],[-74.516717,40.702201],[-74.516801,40.702263],[-74.516801,40.702397],[-74.516641,40.702752],[-74.516835,40.703076],[-74.516841,40.703193],[-74.516761,40.703374],[-74.516767,40.7035],[-74.516869,40.703595],[-74.517132,40.703729],[-74.517263,40.703833],[-74.517382,40.704079],[-74.517622,40.704378],[-74.517714,40.704796],[-74.517718,40.704815],[-74.517878,40.705385],[-74.517796,40.705463],[-74.517793,40.705529],[-74.517771,40.70562],[-74.517719,40.705753],[-74.517613,40.705908],[-74.517474,40.70607],[-74.517366,40.706173],[-74.517157,40.70632],[-74.517079,40.706409],[-74.517013,40.706504],[-74.516978,40.706555],[-74.516888,40.706713],[-74.516727,40.707087],[-74.516515,40.707412],[-74.516418,40.70753],[-74.516202,40.707778],[-74.515891,40.708091],[-74.515823,40.708212],[-74.515792,40.708312],[-74.515773,40.708452],[-74.515694,40.709195],[-74.515696,40.709421],[-74.515714,40.709578],[-74.515811,40.70983],[-74.515881,40.709937],[-74.515944,40.709996],[-74.516046,40.71006],[-74.516249,40.710167],[-74.516427,40.710298],[-74.516578,40.710425],[-74.516583,40.710475],[-74.516536,40.710544],[-74.516475,40.710597],[-74.51605,40.710856],[-74.515916,40.710981],[-74.515845,40.711082],[-74.515821,40.711141],[-74.515807,40.71123],[-74.515832,40.711392],[-74.515907,40.711782],[-74.515936,40.712115],[-74.515919,40.712261],[-74.515812,40.712735],[-74.515808,40.712929],[-74.515839,40.71333],[-74.515813,40.713417],[-74.515735,40.713549],[-74.515617,40.713684],[-74.51557,40.713739],[-74.51546,40.713828],[-74.515084,40.714112],[-74.514974,40.714138],[-74.514663,40.714178],[-74.514487,40.714235],[-74.514362,40.714292],[-74.514661,40.714465],[-74.515177,40.714787],[-74.515844,40.715268],[-74.5163,40.715531],[-74.517061,40.716037],[-74.517294,40.716207],[-74.517394,40.716302],[-74.51746,40.716372],[-74.517499,40.716461],[-74.517539,40.716645],[-74.51758,40.716839],[-74.517629,40.717238],[-74.517624,40.717787],[-74.517579,40.718328],[-74.517554,40.718413],[-74.517511,40.71848],[-74.517127,40.718802],[-74.516906,40.71908],[-74.516598,40.719367],[-74.516391,40.719598],[-74.516288,40.719678],[-74.516124,40.719764],[-74.515912,40.719843],[-74.515262,40.720061],[-74.514464,40.720276],[-74.514263,40.72029],[-74.51405,40.720284],[-74.513903,40.720311],[-74.513791,40.720358],[-74.513708,40.720405],[-74.51349,40.720553],[-74.512985,40.720771],[-74.512945,40.720822],[-74.512909,40.720902],[-74.512877,40.720951],[-74.512869,40.721004],[-74.512793,40.721204],[-74.512728,40.721245],[-74.512625,40.721297],[-74.512398,40.721394],[-74.511182,40.721747],[-74.511075,40.721806],[-74.511375,40.721829],[-74.511381,40.721876],[-74.511456,40.722029],[-74.511447,40.723328],[-74.511458,40.72377],[-74.511549,40.724747],[-74.511534,40.724888],[-74.511336,40.724944],[-74.511273,40.72497],[-74.511226,40.725019],[-74.511158,40.725179],[-74.511135,40.72533],[-74.51114,40.725621],[-74.511303,40.725984],[-74.51131,40.726096],[-74.511342,40.726217],[-74.511485,40.726405],[-74.51152,40.726473],[-74.511524,40.726568],[-74.51141,40.726931],[-74.511332,40.727493],[-74.511318,40.727519],[-74.511299,40.727547],[-74.511262,40.72787],[-74.511141,40.728373],[-74.510965,40.729237],[-74.510909,40.72963],[-74.5109,40.72997],[-74.510866,40.730081],[-74.510852,40.730295],[-74.510831,40.730421],[-74.510738,40.730652],[-74.510603,40.730919],[-74.510542,40.731016],[-74.510429,40.731108],[-74.510362,40.731201],[-74.510214,40.731303],[-74.510079,40.73145],[-74.509972,40.7317],[-74.509927,40.73179],[-74.509876,40.732028],[-74.509844,40.732251],[-74.509865,40.732435],[-74.509988,40.732626],[-74.510007,40.732674],[-74.510013,40.732885],[-74.509971,40.733256],[-74.509907,40.733472],[-74.509965,40.733574],[-74.510098,40.733849],[-74.510132,40.733931],[-74.510174,40.734035],[-74.510211,40.734206],[-74.510426,40.734197],[-74.510557,40.734202],[-74.510653,40.734215],[-74.510738,40.734242],[-74.51066,40.734373],[-74.510472,40.734665],[-74.510342,40.734842],[-74.510179,40.735017],[-74.510024,40.735146],[-74.509202,40.735734],[-74.508523,40.736208],[-74.507961,40.736611],[-74.507267,40.7371],[-74.50677,40.737451],[-74.50613,40.737896],[-74.505536,40.738317],[-74.503229,40.740061],[-74.501889,40.741023]]]}},{"type":"Feature","properties":{"zip":"07033","name":"07033"},"geometry":{"type":"Polygon","coordinates":[[[-74.29124,40.672753],[-74.290987,40.673153],[-74.290953,40.673242],[-74.290953,40.673318],[-74.290976,40.673465],[-74.29187,40.673409],[-74.292625,40.672981],[-74.292676,40.672952],[-74.292716,40.672882],[-74.292893,40.67294],[-74.293678,40.673196],[-74.294378,40.673091],[-74.295591,40.672904],[-74.296492,40.672902],[-74.300799,40.672511],[-74.30169,40.672413],[-74.302608,40.672348],[-74.303463,40.672283],[-74.304306,40.672211],[-74.304394,40.672203],[-74.305346,40.672026],[-74.305598,40.672005],[-74.306792,40.672102],[-74.307524,40.673632],[-74.307888,40.674387],[-74.308406,40.674336],[-74.309207,40.674257],[-74.309289,40.674241],[-74.310169,40.67407],[-74.310318,40.67403],[-74.310741,40.673904],[-74.310963,40.673828],[-74.311155,40.673758],[-74.311441,40.673641],[-74.311716,40.673561],[-74.312309,40.673404],[-74.312697,40.67331],[-74.312827,40.673282],[-74.314552,40.673889],[-74.312093,40.674304],[-74.312993,40.674703],[-74.312959,40.674774],[-74.312281,40.676162],[-74.311487,40.677383],[-74.310392,40.678402],[-74.31022,40.678551],[-74.308243,40.680258],[-74.308192,40.680302],[-74.307753,40.680292],[-74.307585,40.68031],[-74.307462,40.680398],[-74.307412,40.680403],[-74.30708,40.680469],[-74.306741,40.680595],[-74.306625,40.680711],[-74.306366,40.681166],[-74.306229,40.681342],[-74.306027,40.681485],[-74.305745,40.681578],[-74.305399,40.681589],[-74.305348,40.68165],[-74.305269,40.681902],[-74.305363,40.682183],[-74.305507,40.682611],[-74.305485,40.682726],[-74.305485,40.683039],[-74.305651,40.683616],[-74.305572,40.68394],[-74.305319,40.68417],[-74.304793,40.68445],[-74.304612,40.684472],[-74.304086,40.68462],[-74.303949,40.684692],[-74.303332,40.684849],[-74.303155,40.684895],[-74.302866,40.684933],[-74.302326,40.684889],[-74.301618,40.684884],[-74.301092,40.684928],[-74.300955,40.684966],[-74.300839,40.685032],[-74.300669,40.685092],[-74.300529,40.685142],[-74.300392,40.685158],[-74.300082,40.685142],[-74.299959,40.685092],[-74.299851,40.685015],[-74.299491,40.68462],[-74.299397,40.684571],[-74.29918,40.684505],[-74.299124,40.684499],[-74.299014,40.684488],[-74.298827,40.684494],[-74.298495,40.684548],[-74.298394,40.684592],[-74.298366,40.684599],[-74.298669,40.686464],[-74.298726,40.687395],[-74.294888,40.688001],[-74.295392,40.690001],[-74.294487,40.690023],[-74.293392,40.690101],[-74.293092,40.6902],[-74.292938,40.690201],[-74.292411,40.688353],[-74.29232,40.688006],[-74.292102,40.687164],[-74.291819,40.686075],[-74.291755,40.685791],[-74.291588,40.685816],[-74.290975,40.685905],[-74.290537,40.685969],[-74.290144,40.686049],[-74.289665,40.686146],[-74.289336,40.686212],[-74.288452,40.686443],[-74.287954,40.686634],[-74.28744,40.686884],[-74.286962,40.687173],[-74.286741,40.687327],[-74.286184,40.68766],[-74.28607,40.687714],[-74.285584,40.687947],[-74.285221,40.688082],[-74.284286,40.687002],[-74.284113,40.686022],[-74.284031,40.686029],[-74.283742,40.686006],[-74.283338,40.685913],[-74.283078,40.685891],[-74.282768,40.685913],[-74.2824,40.686088],[-74.282061,40.686215],[-74.281397,40.686528],[-74.28082,40.686813],[-74.2803,40.687032],[-74.279651,40.687362],[-74.279225,40.687554],[-74.278771,40.687713],[-74.278722,40.687735],[-74.278099,40.688884],[-74.279679,40.689902],[-74.277418,40.691104],[-74.276052,40.691004],[-74.274095,40.690805],[-74.273974,40.689932],[-74.27447,40.68971],[-74.274643,40.689606],[-74.275307,40.689315],[-74.276032,40.688966],[-74.2756,40.688112],[-74.276497,40.687409],[-74.275097,40.687309],[-74.275295,40.686407],[-74.275595,40.686107],[-74.275794,40.686406],[-74.276879,40.68586],[-74.276129,40.684617],[-74.275828,40.684138],[-74.27561,40.683733],[-74.275488,40.683468],[-74.271372,40.680458],[-74.272201,40.67933],[-74.272033,40.67927],[-74.27089,40.678879],[-74.270664,40.678802],[-74.270027,40.678539],[-74.269602,40.67836],[-74.269407,40.678254],[-74.269352,40.678222],[-74.271491,40.676302],[-74.271333,40.67616],[-74.270892,40.675802],[-74.271691,40.675001],[-74.271888,40.6748],[-74.274394,40.673104],[-74.273892,40.6725],[-74.273777,40.672405],[-74.273368,40.672074],[-74.271817,40.670806],[-74.272855,40.670663],[-74.273896,40.67052],[-74.274795,40.670396],[-74.27489,40.670383],[-74.276177,40.670206],[-74.275981,40.669711],[-74.275695,40.669711],[-74.275022,40.667803],[-74.275189,40.667784],[-74.275446,40.66771],[-74.275733,40.667627],[-74.276308,40.667461],[-74.276601,40.667376],[-74.277105,40.66723],[-74.27751,40.667113],[-74.278376,40.666863],[-74.278603,40.666798],[-74.279281,40.666602],[-74.280133,40.666355],[-74.281011,40.666092],[-74.281873,40.665833],[-74.282749,40.665571],[-74.28359,40.665318],[-74.284035,40.665187],[-74.284204,40.665408],[-74.284383,40.665729],[-74.284415,40.666149],[-74.284491,40.666301],[-74.28489,40.665902],[-74.28529,40.665402],[-74.285572,40.666318],[-74.285666,40.66611],[-74.285991,40.667001],[-74.286056,40.667155],[-74.2864,40.668012],[-74.286794,40.669005],[-74.287369,40.669786],[-74.288146,40.670421],[-74.28848,40.670682],[-74.288563,40.670718],[-74.288727,40.670925],[-74.289471,40.670788],[-74.290689,40.670646],[-74.291397,40.671334],[-74.29185,40.671802],[-74.291808,40.671859],[-74.291699,40.672032],[-74.29124,40.672753]]]}},{"type":"Feature","properties":{"zip":"07023","name":"07023"},"geometry":{"type":"Polygon","coordinates":[[[-74.387589,40.632238],[-74.388501,40.632758],[-74.38977,40.633481],[-74.391135,40.634259],[-74.39273,40.635168],[-74.393449,40.635577],[-74.394189,40.636],[-74.395324,40.636654],[-74.396503,40.63734],[-74.3969,40.63757],[-74.397849,40.638122],[-74.398232,40.638344],[-74.398771,40.638658],[-74.398793,40.638674],[-74.399777,40.639244],[-74.401304,40.640135],[-74.401749,40.640393],[-74.400191,40.641653],[-74.400085,40.641708],[-74.399981,40.641829],[-74.399385,40.64233],[-74.399253,40.642258],[-74.398702,40.642866],[-74.398652,40.642917],[-74.398577,40.642856],[-74.397959,40.643492],[-74.397805,40.643485],[-74.397541,40.64384],[-74.397552,40.643847],[-74.397511,40.643882],[-74.397369,40.643816],[-74.396948,40.644155],[-74.396597,40.644489],[-74.39521,40.645598],[-74.39532,40.645662],[-74.395098,40.645846],[-74.395189,40.645912],[-74.394264,40.64699],[-74.393629,40.646953],[-74.391999,40.64842],[-74.390664,40.649621],[-74.390013,40.650218],[-74.390066,40.65025],[-74.388559,40.651646],[-74.387555,40.652578],[-74.386745,40.653316],[-74.386026,40.652897],[-74.384797,40.652181],[-74.38468,40.652114],[-74.383703,40.651546],[-74.382699,40.650962],[-74.381961,40.650533],[-74.381569,40.650305],[-74.381342,40.650174],[-74.380699,40.649824],[-74.380128,40.649514],[-74.379094,40.648952],[-74.377775,40.648234],[-74.375764,40.647141],[-74.374682,40.646553],[-74.373723,40.646669],[-74.372934,40.646764],[-74.372634,40.6468],[-74.372385,40.646064],[-74.372131,40.645311],[-74.372027,40.645004],[-74.371828,40.644885],[-74.373192,40.64358],[-74.372853,40.643492],[-74.374122,40.642352],[-74.373959,40.642253],[-74.373657,40.642069],[-74.37327,40.641829],[-74.374077,40.641022],[-74.373969,40.640947],[-74.37465,40.639218],[-74.374929,40.638493],[-74.375211,40.637762],[-74.375498,40.637018],[-74.375777,40.636295],[-74.376326,40.63571],[-74.376863,40.635137],[-74.377031,40.634958],[-74.37717,40.634842],[-74.377484,40.634627],[-74.377851,40.634381],[-74.378173,40.634142],[-74.378274,40.634067],[-74.378622,40.633811],[-74.378684,40.63377],[-74.379038,40.633541],[-74.379177,40.633462],[-74.37933,40.633404],[-74.379736,40.633288],[-74.379954,40.633193],[-74.381457,40.632714],[-74.381689,40.632667],[-74.381915,40.632601],[-74.38213,40.632517],[-74.382333,40.632417],[-74.382521,40.632301],[-74.382692,40.632171],[-74.384457,40.630453],[-74.385275,40.630919],[-74.385657,40.631137],[-74.386019,40.631343],[-74.386807,40.631793],[-74.387276,40.63206],[-74.387589,40.632238]]]}},{"type":"Feature","properties":{"zip":"07108","name":"07108"},"geometry":{"type":"Polygon","coordinates":[[[-74.199672,40.714957],[-74.199728,40.714861],[-74.20045,40.715177],[-74.200507,40.715193],[-74.200654,40.715235],[-74.201436,40.71549],[-74.201574,40.715543],[-74.20166,40.715576],[-74.2025,40.7159],[-74.203415,40.716198],[-74.204372,40.716511],[-74.205338,40.716827],[-74.204838,40.718061],[-74.205921,40.718323],[-74.206143,40.718377],[-74.206268,40.717987],[-74.208808,40.718604],[-74.208945,40.718289],[-74.208981,40.718204],[-74.209108,40.717915],[-74.209173,40.71793],[-74.210708,40.718285],[-74.210802,40.718309],[-74.211172,40.718407],[-74.211494,40.718493],[-74.211352,40.71875],[-74.211125,40.719167],[-74.21109,40.719252],[-74.211563,40.719407],[-74.211556,40.719439],[-74.211556,40.719512],[-74.211576,40.71957],[-74.211631,40.719633],[-74.211728,40.719707],[-74.211858,40.71976],[-74.212024,40.719787],[-74.212355,40.719798],[-74.212368,40.719804],[-74.212389,40.719814],[-74.212554,40.719977],[-74.21265,40.72003],[-74.21274,40.720056],[-74.212823,40.720062],[-74.212905,40.720051],[-74.212975,40.719999],[-74.213469,40.719262],[-74.213673,40.719355],[-74.213776,40.719392],[-74.214033,40.719451],[-74.214322,40.719517],[-74.21442,40.71954],[-74.21483,40.719636],[-74.214926,40.719678],[-74.214981,40.719701],[-74.21505,40.719731],[-74.215176,40.719793],[-74.214723,40.720442],[-74.216579,40.721354],[-74.217218,40.720788],[-74.217995,40.721168],[-74.218172,40.721254],[-74.217584,40.72184],[-74.217548,40.72191],[-74.217377,40.722116],[-74.21761,40.722236],[-74.217832,40.722334],[-74.217577,40.722649],[-74.217396,40.722855],[-74.217258,40.723056],[-74.217662,40.723212],[-74.217633,40.723256],[-74.217357,40.723658],[-74.216981,40.724443],[-74.216903,40.724764],[-74.216795,40.725059],[-74.21675,40.725147],[-74.216701,40.725225],[-74.216608,40.725517],[-74.216725,40.725545],[-74.216504,40.725847],[-74.216417,40.72598],[-74.216234,40.726452],[-74.216229,40.726509],[-74.216002,40.726798],[-74.216196,40.726882],[-74.215529,40.727661],[-74.215483,40.727714],[-74.215861,40.727911],[-74.215739,40.728089],[-74.2158,40.728129],[-74.215609,40.728354],[-74.215539,40.728353],[-74.215452,40.728605],[-74.215378,40.728728],[-74.215303,40.728842],[-74.215243,40.729015],[-74.215085,40.729054],[-74.215173,40.729312],[-74.215042,40.729488],[-74.214531,40.729603],[-74.21454,40.729579],[-74.21479,40.728604],[-74.213989,40.728435],[-74.213107,40.728248],[-74.21219,40.728054],[-74.211512,40.72791],[-74.211321,40.727866],[-74.2104,40.727668],[-74.209501,40.727475],[-74.208593,40.72728],[-74.207694,40.727086],[-74.20679,40.726892],[-74.206578,40.727439],[-74.206075,40.728746],[-74.205832,40.729378],[-74.204772,40.729156],[-74.20436,40.730243],[-74.204055,40.731046],[-74.203859,40.731563],[-74.203852,40.731581],[-74.203845,40.7316],[-74.203772,40.731793],[-74.203346,40.731697],[-74.203305,40.731688],[-74.203282,40.731683],[-74.202075,40.731424],[-74.200624,40.731112],[-74.199989,40.730975],[-74.199959,40.731048],[-74.199816,40.731384],[-74.200075,40.732261],[-74.200109,40.732301],[-74.200116,40.732322],[-74.19978,40.732391],[-74.199197,40.732511],[-74.199181,40.732496],[-74.198475,40.731659],[-74.197437,40.730427],[-74.196538,40.730234],[-74.195655,40.730044],[-74.195012,40.729905],[-74.192975,40.729467],[-74.192396,40.729343],[-74.191533,40.729158],[-74.190566,40.72895],[-74.189592,40.728741],[-74.188707,40.728551],[-74.188593,40.728829],[-74.188139,40.729941],[-74.187882,40.730571],[-74.187876,40.730584],[-74.187724,40.730548],[-74.186993,40.730378],[-74.187846,40.728366],[-74.186981,40.72818],[-74.186305,40.728034],[-74.186038,40.727975],[-74.184345,40.727604],[-74.185178,40.725474],[-74.185205,40.725405],[-74.183892,40.72506],[-74.183918,40.724997],[-74.184236,40.724266],[-74.184385,40.724196],[-74.183861,40.723468],[-74.186491,40.722404],[-74.187012,40.722189],[-74.18722,40.721812],[-74.187508,40.721267],[-74.188302,40.721537],[-74.188672,40.720857],[-74.189017,40.720223],[-74.189374,40.719566],[-74.189739,40.718895],[-74.190087,40.718256],[-74.190452,40.717585],[-74.188752,40.716975],[-74.189122,40.71635],[-74.190773,40.716943],[-74.190792,40.716947],[-74.19126,40.716278],[-74.191665,40.715699],[-74.192147,40.715008],[-74.192575,40.714393],[-74.190684,40.713723],[-74.191466,40.712415],[-74.193474,40.713114],[-74.194332,40.713386],[-74.194452,40.713424],[-74.194629,40.71348],[-74.195495,40.713731],[-74.195651,40.713776],[-74.195785,40.713815],[-74.195821,40.713826],[-74.195765,40.713912],[-74.195573,40.714239],[-74.195399,40.714422],[-74.19514,40.714591],[-74.195063,40.714683],[-74.194721,40.715612],[-74.194768,40.715623],[-74.195927,40.715904],[-74.196062,40.715571],[-74.196252,40.715103],[-74.19667,40.714073],[-74.197809,40.714415],[-74.198734,40.714692],[-74.199672,40.714957]]]}},{"type":"Feature","properties":{"zip":"07079","name":"07079"},"geometry":{"type":"Polygon","coordinates":[[[-74.252705,40.757131],[-74.251946,40.756759],[-74.251006,40.756483],[-74.249973,40.756149],[-74.249787,40.756565],[-74.249153,40.756454],[-74.248837,40.756501],[-74.247489,40.756006],[-74.247783,40.755266],[-74.247497,40.755151],[-74.24606,40.754569],[-74.244486,40.753806],[-74.243959,40.753532],[-74.243644,40.753591],[-74.243225,40.753437],[-74.240278,40.75199],[-74.239889,40.752448],[-74.239436,40.752873],[-74.23813,40.752431],[-74.238349,40.752144],[-74.235275,40.750694],[-74.234841,40.7507],[-74.235442,40.750313],[-74.23525,40.750228],[-74.235298,40.75015],[-74.235517,40.749545],[-74.235741,40.748866],[-74.235903,40.74889],[-74.23703,40.745546],[-74.236861,40.745547],[-74.236888,40.74546],[-74.2379,40.744988],[-74.238436,40.744737],[-74.238897,40.743491],[-74.239008,40.743202],[-74.239077,40.743016],[-74.239081,40.743004],[-74.2391,40.742946],[-74.238795,40.742842],[-74.23892,40.742492],[-74.238969,40.742427],[-74.240365,40.740939],[-74.240426,40.740845],[-74.240608,40.74056],[-74.243642,40.74164],[-74.243914,40.741738],[-74.244164,40.741458],[-74.245012,40.740577],[-74.245055,40.740532],[-74.245956,40.740877],[-74.246046,40.740812],[-74.246495,40.740508],[-74.247678,40.739704],[-74.248049,40.739883],[-74.248368,40.739651],[-74.251361,40.737534],[-74.251405,40.73766],[-74.251448,40.73774],[-74.251537,40.737851],[-74.251707,40.738063],[-74.251887,40.738287],[-74.252006,40.738458],[-74.252077,40.7385],[-74.252871,40.738185],[-74.254521,40.737739],[-74.255592,40.737508],[-74.25701,40.736695],[-74.257027,40.73671],[-74.257121,40.736757],[-74.257715,40.737052],[-74.258018,40.736914],[-74.260002,40.736412],[-74.260627,40.736174],[-74.262059,40.735784],[-74.262901,40.735601],[-74.264157,40.736461],[-74.264,40.736674],[-74.263751,40.73701],[-74.265787,40.737784],[-74.265778,40.737811],[-74.267124,40.738507],[-74.267992,40.739449],[-74.269383,40.740378],[-74.269603,40.740199],[-74.269983,40.740428],[-74.270914,40.741012],[-74.273108,40.74218],[-74.273991,40.742553],[-74.273752,40.742938],[-74.274202,40.743222],[-74.275612,40.743904],[-74.276458,40.744495],[-74.277074,40.744975],[-74.277484,40.74529],[-74.277514,40.745263],[-74.278084,40.745592],[-74.278848,40.746264],[-74.279918,40.745941],[-74.27998,40.74593],[-74.280322,40.745866],[-74.280726,40.745886],[-74.280948,40.745925],[-74.281005,40.745935],[-74.281321,40.746037],[-74.281339,40.746043],[-74.281603,40.746178],[-74.281838,40.746382],[-74.282225,40.746834],[-74.282856,40.747571],[-74.283263,40.748046],[-74.283377,40.748157],[-74.283427,40.748194],[-74.282856,40.748773],[-74.282339,40.749216],[-74.282132,40.750211],[-74.282048,40.750467],[-74.279441,40.755548],[-74.276992,40.7605],[-74.275123,40.760822],[-74.272355,40.76136],[-74.26915,40.762314],[-74.268923,40.76231],[-74.267494,40.762283],[-74.265595,40.761716],[-74.264768,40.761383],[-74.263227,40.760775],[-74.261742,40.760243],[-74.260604,40.75976],[-74.259577,40.759353],[-74.257023,40.75873],[-74.256103,40.758617],[-74.256064,40.758451],[-74.255273,40.758115],[-74.253864,40.757513],[-74.252705,40.757131]]]}},{"type":"Feature","properties":{"zip":"07083","name":"07083"},"geometry":{"type":"Polygon","coordinates":[[[-74.248999,40.702106],[-74.249309,40.701436],[-74.249337,40.701145],[-74.249305,40.70094],[-74.24928,40.700777],[-74.249228,40.700442],[-74.249113,40.700206],[-74.248874,40.699926],[-74.248694,40.699657],[-74.248549,40.699405],[-74.248491,40.699092],[-74.248274,40.698702],[-74.248051,40.698455],[-74.247841,40.698296],[-74.247552,40.698164],[-74.246997,40.697969],[-74.246808,40.697855],[-74.246783,40.697796],[-74.246705,40.697613],[-74.246582,40.697307],[-74.2465,40.697049],[-74.24629,40.696951],[-74.245689,40.696875],[-74.245362,40.696833],[-74.244908,40.696792],[-74.244581,40.696763],[-74.244176,40.69668],[-74.244097,40.696664],[-74.24385,40.696542],[-74.243725,40.696372],[-74.243463,40.696161],[-74.24324,40.696038],[-74.243065,40.695942],[-74.24276,40.695861],[-74.24257,40.69581],[-74.242344,40.695808],[-74.24201,40.695806],[-74.241397,40.695866],[-74.240678,40.69595],[-74.240457,40.6959],[-74.240273,40.695782],[-74.240038,40.69556],[-74.239811,40.695236],[-74.239716,40.6951],[-74.239628,40.695005],[-74.239616,40.694979],[-74.239432,40.694862],[-74.239247,40.694746],[-74.239026,40.694607],[-74.238939,40.694468],[-74.238909,40.694419],[-74.238906,40.694233],[-74.238815,40.69373],[-74.238718,40.69319],[-74.238326,40.692818],[-74.238169,40.692459],[-74.238219,40.692199],[-74.238831,40.691833],[-74.238906,40.691717],[-74.23886,40.69158],[-74.238787,40.691498],[-74.238672,40.69137],[-74.23858,40.691291],[-74.238037,40.690823],[-74.237793,40.689953],[-74.237684,40.689795],[-74.237679,40.689788],[-74.237385,40.687841],[-74.237367,40.687495],[-74.237488,40.687078],[-74.237479,40.686989],[-74.237478,40.686805],[-74.237432,40.68666],[-74.237287,40.686482],[-74.237114,40.68636],[-74.236903,40.686363],[-74.236463,40.686497],[-74.2356,40.686736],[-74.235036,40.686608],[-74.234623,40.686283],[-74.23443,40.686168],[-74.234112,40.685979],[-74.233799,40.686057],[-74.2333,40.686355],[-74.232981,40.68654],[-74.232893,40.686583],[-74.232616,40.686666],[-74.232521,40.686646],[-74.23244,40.686602],[-74.232403,40.686593],[-74.232416,40.686566],[-74.232414,40.686479],[-74.232484,40.686133],[-74.232458,40.685988],[-74.232397,40.685918],[-74.232301,40.685808],[-74.231499,40.685531],[-74.231321,40.685395],[-74.231042,40.685253],[-74.230645,40.685305],[-74.23036,40.685072],[-74.230066,40.684995],[-74.229663,40.684794],[-74.229341,40.684269],[-74.229324,40.684078],[-74.229405,40.68388],[-74.229506,40.683611],[-74.229447,40.683504],[-74.229317,40.683362],[-74.228791,40.682785],[-74.228563,40.68258],[-74.227972,40.68205],[-74.227865,40.68192],[-74.227369,40.681316],[-74.226786,40.680649],[-74.225865,40.679924],[-74.225624,40.679532],[-74.225804,40.679019],[-74.22618,40.678499],[-74.226293,40.678307],[-74.226573,40.677851],[-74.226482,40.677448],[-74.226306,40.677142],[-74.22621,40.677038],[-74.226202,40.677029],[-74.225937,40.676902],[-74.2255,40.676779],[-74.22461,40.676652],[-74.224442,40.676587],[-74.224196,40.676384],[-74.223866,40.676149],[-74.22332,40.675924],[-74.222688,40.675546],[-74.222533,40.67544],[-74.222489,40.675341],[-74.222302,40.67511],[-74.222286,40.67509],[-74.222252,40.675048],[-74.222365,40.675003],[-74.222994,40.675054],[-74.225151,40.67523],[-74.225267,40.675186],[-74.226134,40.676039],[-74.226704,40.675661],[-74.22603,40.675161],[-74.225691,40.67491],[-74.227087,40.674106],[-74.227945,40.674335],[-74.228647,40.673733],[-74.229049,40.673411],[-74.229993,40.673762],[-74.230237,40.673479],[-74.230382,40.673312],[-74.230815,40.672702],[-74.23084,40.672634],[-74.230944,40.672347],[-74.230974,40.672096],[-74.231004,40.671834],[-74.231965,40.672414],[-74.232909,40.673182],[-74.233544,40.673598],[-74.234202,40.674048],[-74.234238,40.67409],[-74.234171,40.674157],[-74.233902,40.674352],[-74.235965,40.675435],[-74.235302,40.676348],[-74.23519,40.676502],[-74.23565,40.676793],[-74.236524,40.675987],[-74.238057,40.673822],[-74.238302,40.672969],[-74.238938,40.673124],[-74.239018,40.673068],[-74.239217,40.672528],[-74.239621,40.672681],[-74.240399,40.673056],[-74.240898,40.67225],[-74.241375,40.672397],[-74.24172,40.672503],[-74.242497,40.672742],[-74.242999,40.672897],[-74.243373,40.672962],[-74.243464,40.672978],[-74.24383,40.673041],[-74.244407,40.673089],[-74.244479,40.673095],[-74.245529,40.673183],[-74.245584,40.673188],[-74.246069,40.673228],[-74.246186,40.673232],[-74.246227,40.673234],[-74.246327,40.673215],[-74.248154,40.672612],[-74.248265,40.672569],[-74.249855,40.671933],[-74.250497,40.671676],[-74.250964,40.67149],[-74.25098,40.671484],[-74.251364,40.671331],[-74.252034,40.671063],[-74.25315,40.670617],[-74.254068,40.670251],[-74.254216,40.670169],[-74.255483,40.67081],[-74.255904,40.671023],[-74.256217,40.671181],[-74.257379,40.67177],[-74.257465,40.671813],[-74.258025,40.672096],[-74.258275,40.672223],[-74.25863,40.672386],[-74.258767,40.672449],[-74.259688,40.672203],[-74.260142,40.672201],[-74.260393,40.672202],[-74.261564,40.672105],[-74.263657,40.671925],[-74.26476,40.67177],[-74.266265,40.671559],[-74.266284,40.671556],[-74.267683,40.671369],[-74.268418,40.671271],[-74.269305,40.671152],[-74.270338,40.67101],[-74.271357,40.67087],[-74.271817,40.670806],[-74.273368,40.672074],[-74.273777,40.672405],[-74.273892,40.6725],[-74.274394,40.673104],[-74.271888,40.6748],[-74.271691,40.675001],[-74.270892,40.675802],[-74.271333,40.67616],[-74.271491,40.676302],[-74.269352,40.678222],[-74.269407,40.678254],[-74.269602,40.67836],[-74.270027,40.678539],[-74.270664,40.678802],[-74.27089,40.678879],[-74.272033,40.67927],[-74.272201,40.67933],[-74.271372,40.680458],[-74.275488,40.683468],[-74.27561,40.683733],[-74.275828,40.684138],[-74.276129,40.684617],[-74.276879,40.68586],[-74.275794,40.686406],[-74.275595,40.686107],[-74.275295,40.686407],[-74.275097,40.687309],[-74.276497,40.687409],[-74.2756,40.688112],[-74.276032,40.688966],[-74.275307,40.689315],[-74.274643,40.689606],[-74.27447,40.68971],[-74.273974,40.689932],[-74.274095,40.690805],[-74.276052,40.691004],[-74.277418,40.691104],[-74.279679,40.689902],[-74.278099,40.688884],[-74.278722,40.687735],[-74.278771,40.687713],[-74.279225,40.687554],[-74.279651,40.687362],[-74.2803,40.687032],[-74.28082,40.686813],[-74.281397,40.686528],[-74.282061,40.686215],[-74.2824,40.686088],[-74.282768,40.685913],[-74.283078,40.685891],[-74.283338,40.685913],[-74.283742,40.686006],[-74.284031,40.686029],[-74.284113,40.686022],[-74.284286,40.687002],[-74.285221,40.688082],[-74.285584,40.687947],[-74.28607,40.687714],[-74.286184,40.68766],[-74.286741,40.687327],[-74.286962,40.687173],[-74.28744,40.686884],[-74.287954,40.686634],[-74.288452,40.686443],[-74.289336,40.686212],[-74.289665,40.686146],[-74.290144,40.686049],[-74.290537,40.685969],[-74.290975,40.685905],[-74.291588,40.685816],[-74.291755,40.685791],[-74.291819,40.686075],[-74.292102,40.687164],[-74.29232,40.688006],[-74.292411,40.688353],[-74.292938,40.690201],[-74.293092,40.6902],[-74.293392,40.690101],[-74.294487,40.690023],[-74.295392,40.690001],[-74.294888,40.688001],[-74.298726,40.687395],[-74.298669,40.686464],[-74.298366,40.684599],[-74.298394,40.684592],[-74.298495,40.684548],[-74.298827,40.684494],[-74.299014,40.684488],[-74.299124,40.684499],[-74.29918,40.684505],[-74.299397,40.684571],[-74.299491,40.68462],[-74.299851,40.685015],[-74.299959,40.685092],[-74.300082,40.685142],[-74.300392,40.685158],[-74.300529,40.685142],[-74.300669,40.685092],[-74.300839,40.685032],[-74.300955,40.684966],[-74.301092,40.684928],[-74.301618,40.684884],[-74.302326,40.684889],[-74.302866,40.684933],[-74.303155,40.684895],[-74.303332,40.684849],[-74.303949,40.684692],[-74.304086,40.68462],[-74.304612,40.684472],[-74.304793,40.68445],[-74.305319,40.68417],[-74.305572,40.68394],[-74.305651,40.683616],[-74.305485,40.683039],[-74.305485,40.682726],[-74.305507,40.682611],[-74.305363,40.682183],[-74.305269,40.681902],[-74.305348,40.68165],[-74.305399,40.681589],[-74.305745,40.681578],[-74.306027,40.681485],[-74.306229,40.681342],[-74.306366,40.681166],[-74.306625,40.680711],[-74.306741,40.680595],[-74.30708,40.680469],[-74.307412,40.680403],[-74.307462,40.680398],[-74.307585,40.68031],[-74.307753,40.680292],[-74.308989,40.680407],[-74.307292,40.682506],[-74.310772,40.683794],[-74.311741,40.685705],[-74.311989,40.687512],[-74.311904,40.687816],[-74.311916,40.68817],[-74.312226,40.689892],[-74.311819,40.690171],[-74.308655,40.691171],[-74.307884,40.692259],[-74.307071,40.693135],[-74.30691,40.693453],[-74.30664,40.694304],[-74.307056,40.694685],[-74.307292,40.694901],[-74.307893,40.695999],[-74.307393,40.698301],[-74.307393,40.698801],[-74.309194,40.699501],[-74.310666,40.699622],[-74.310877,40.700171],[-74.310906,40.700392],[-74.309897,40.701606],[-74.309119,40.702625],[-74.306692,40.703802],[-74.302782,40.704301],[-74.302216,40.704286],[-74.301761,40.70432],[-74.301078,40.704678],[-74.300873,40.705613],[-74.301677,40.707498],[-74.3014,40.707684],[-74.299147,40.70908],[-74.299283,40.709333],[-74.299255,40.709343],[-74.298822,40.709546],[-74.297934,40.709859],[-74.297892,40.70988],[-74.297559,40.710051],[-74.297212,40.710298],[-74.296902,40.710633],[-74.296815,40.710699],[-74.296822,40.710759],[-74.29675,40.711023],[-74.296793,40.71161],[-74.296743,40.711753],[-74.296627,40.711967],[-74.296201,40.712351],[-74.296151,40.712434],[-74.297593,40.713772],[-74.297829,40.713991],[-74.297337,40.71403],[-74.296997,40.714371],[-74.293892,40.715601],[-74.290685,40.715532],[-74.286965,40.714665],[-74.285254,40.718248],[-74.285015,40.718288],[-74.284228,40.718416],[-74.282979,40.717335],[-74.282579,40.717525],[-74.281458,40.716252],[-74.281764,40.715695],[-74.281732,40.715567],[-74.28193,40.715487],[-74.281853,40.715209],[-74.281841,40.715164],[-74.281754,40.71462],[-74.281648,40.714185],[-74.281069,40.714162],[-74.27958,40.714082],[-74.278873,40.714027],[-74.277849,40.713948],[-74.275867,40.713744],[-74.275438,40.713676],[-74.275251,40.713646],[-74.274952,40.713599],[-74.274382,40.713953],[-74.274175,40.714053],[-74.273992,40.714117],[-74.273886,40.714144],[-74.274179,40.714309],[-74.274649,40.714573],[-74.27478,40.714647],[-74.274518,40.714903],[-74.274207,40.715208],[-74.274525,40.715384],[-74.275292,40.715809],[-74.276071,40.716241],[-74.273783,40.718315],[-74.273626,40.718628],[-74.272897,40.71838],[-74.272091,40.718101],[-74.271996,40.718077],[-74.271918,40.718058],[-74.27183,40.718036],[-74.270641,40.717738],[-74.270488,40.717696],[-74.26989,40.717496],[-74.269471,40.717334],[-74.269389,40.717297],[-74.268996,40.717224],[-74.268389,40.717103],[-74.267964,40.71693],[-74.267397,40.716703],[-74.267002,40.71659],[-74.266531,40.716449],[-74.263291,40.715501],[-74.262589,40.715194],[-74.262329,40.715129],[-74.261954,40.715036],[-74.261726,40.714976],[-74.260294,40.714601],[-74.259998,40.714481],[-74.259211,40.714155],[-74.259054,40.714294],[-74.258859,40.714469],[-74.258855,40.714473],[-74.258096,40.714075],[-74.258169,40.714016],[-74.258443,40.713776],[-74.258288,40.713704],[-74.257792,40.713702],[-74.256964,40.713482],[-74.25629,40.7133],[-74.255793,40.713301],[-74.255502,40.713229],[-74.254995,40.713101],[-74.254834,40.713069],[-74.253494,40.712799],[-74.253244,40.712764],[-74.251884,40.71255],[-74.250055,40.712216],[-74.249822,40.712172],[-74.249815,40.712171],[-74.249593,40.71213],[-74.248891,40.712001],[-74.248494,40.711907],[-74.24729,40.711601],[-74.246172,40.711606],[-74.246086,40.711606],[-74.245433,40.711577],[-74.245416,40.711567],[-74.24514,40.711408],[-74.244877,40.711322],[-74.244742,40.711291],[-74.244736,40.71129],[-74.24463,40.711263],[-74.24453,40.711237],[-74.244311,40.71119],[-74.244328,40.711144],[-74.245406,40.710411],[-74.245542,40.710235],[-74.245867,40.709939],[-74.245943,40.709723],[-74.245968,40.709653],[-74.24596,40.709434],[-74.245946,40.709071],[-74.245965,40.709033],[-74.246054,40.708851],[-74.246631,40.708214],[-74.246847,40.707813],[-74.247088,40.70724],[-74.247214,40.70694],[-74.247279,40.706687],[-74.247307,40.705984],[-74.247267,40.705528],[-74.247241,40.705232],[-74.247162,40.705012],[-74.247118,40.704342],[-74.247161,40.704189],[-74.247514,40.703595],[-74.247644,40.703436],[-74.248617,40.702661],[-74.248999,40.702106]]]}},{"type":"Feature","properties":{"zip":"08540","name":"08540"},"geometry":{"type":"MultiPolygon","coordinates":[[[[-74.599311,40.360111],[-74.601317,40.361528],[-74.601436,40.361576],[-74.600507,40.36234],[-74.597483,40.364826],[-74.597399,40.36477],[-74.597207,40.364626],[-74.596821,40.364362],[-74.596537,40.36423],[-74.595989,40.364037],[-74.595593,40.363866],[-74.595379,40.363781],[-74.595207,40.36368],[-74.595014,40.363533],[-74.594841,40.363346],[-74.594699,40.363113],[-74.594597,40.362896],[-74.594576,40.36264],[-74.594606,40.362321],[-74.594728,40.362026],[-74.594849,40.361847],[-74.595558,40.36121],[-74.596866,40.36016],[-74.597129,40.359996],[-74.597454,40.35988],[-74.597911,40.359809],[-74.598276,40.359794],[-74.598601,40.359832],[-74.598966,40.359948],[-74.599311,40.360111]]],[[[-74.682868,40.301893],[-74.682934,40.301868],[-74.682953,40.301918],[-74.683584,40.303067],[-74.683773,40.303411],[-74.684329,40.304387],[-74.684428,40.304602],[-74.684452,40.304644],[-74.684642,40.304872],[-74.684698,40.30494],[-74.684714,40.304991],[-74.684709,40.305037],[-74.684699,40.305061],[-74.684666,40.305104],[-74.684538,40.30519],[-74.688118,40.311813],[-74.688291,40.312127],[-74.688593,40.312688],[-74.689803,40.314929],[-74.691739,40.312486],[-74.693984,40.309643],[-74.694404,40.309124],[-74.695573,40.307681],[-74.696165,40.306958],[-74.696606,40.306418],[-74.69777,40.304994],[-74.698588,40.305362],[-74.700411,40.306185],[-74.702214,40.306997],[-74.703881,40.30776],[-74.704031,40.307834],[-74.704202,40.307931],[-74.705516,40.308784],[-74.705643,40.30885],[-74.705804,40.308919],[-74.706003,40.308982],[-74.706181,40.309021],[-74.707096,40.309148],[-74.707629,40.309221],[-74.707773,40.309248],[-74.707952,40.309296],[-74.710525,40.310227],[-74.710692,40.310167],[-74.710785,40.310141],[-74.710814,40.310136],[-74.710921,40.310122],[-74.711034,40.310122],[-74.711145,40.310135],[-74.71142,40.310205],[-74.711636,40.310145],[-74.71182,40.310106],[-74.712059,40.31007],[-74.712257,40.310067],[-74.712309,40.310296],[-74.712416,40.310675],[-74.71244,40.310743],[-74.712549,40.31105],[-74.712697,40.311405],[-74.713521,40.313384],[-74.71357,40.313517],[-74.713645,40.313755],[-74.713652,40.313785],[-74.713703,40.313995],[-74.713993,40.315575],[-74.714085,40.316075],[-74.714566,40.318857],[-74.714782,40.32036],[-74.714848,40.320802],[-74.715063,40.322252],[-74.715142,40.322602],[-74.715208,40.322833],[-74.715389,40.323369],[-74.717792,40.32276],[-74.717852,40.322746],[-74.717917,40.322729],[-74.718273,40.32262],[-74.718459,40.322559],[-74.718797,40.322439],[-74.719139,40.322307],[-74.719543,40.322135],[-74.720287,40.321833],[-74.720499,40.321749],[-74.723877,40.320364],[-74.723995,40.320315],[-74.724092,40.320277],[-74.725203,40.319817],[-74.725353,40.319774],[-74.725492,40.319752],[-74.725608,40.319744],[-74.727507,40.319707],[-74.728072,40.319696],[-74.733226,40.319553],[-74.735088,40.319501],[-74.738134,40.319418],[-74.738409,40.319421],[-74.738792,40.319443],[-74.738901,40.319629],[-74.739272,40.320361],[-74.74,40.321867],[-74.740867,40.323637],[-74.741009,40.323965],[-74.741339,40.324731],[-74.74207,40.326604],[-74.742088,40.32668],[-74.742724,40.326545],[-74.74427,40.326215],[-74.744519,40.326174],[-74.74477,40.326143],[-74.745023,40.326121],[-74.745279,40.32611],[-74.7458,40.326111],[-74.743258,40.331695],[-74.741203,40.333471],[-74.741004,40.333643],[-74.740801,40.33374],[-74.740285,40.334312],[-74.738394,40.336408],[-74.738199,40.336624],[-74.738178,40.336644],[-74.738088,40.336724],[-74.738334,40.336928],[-74.738838,40.33727],[-74.739495,40.337637],[-74.739999,40.337893],[-74.740542,40.338087],[-74.741199,40.338199],[-74.741598,40.338514],[-74.741811,40.338693],[-74.742113,40.339064],[-74.742487,40.339431],[-74.742649,40.339603],[-74.742696,40.339757],[-74.742762,40.340066],[-74.742832,40.340193],[-74.742938,40.34031],[-74.743121,40.340476],[-74.74332,40.340633],[-74.743603,40.340819],[-74.741815,40.341306],[-74.737605,40.342479],[-74.738693,40.344796],[-74.738791,40.344989],[-74.742526,40.343903],[-74.742582,40.343901],[-74.742631,40.343911],[-74.742681,40.343934],[-74.74272,40.343972],[-74.743007,40.344656],[-74.743042,40.344774],[-74.743055,40.344894],[-74.743046,40.345014],[-74.74302,40.345118],[-74.742971,40.345233],[-74.742901,40.345341],[-74.742135,40.346393],[-74.742077,40.346495],[-74.742044,40.346568],[-74.74191,40.346971],[-74.74188,40.347076],[-74.741839,40.347285],[-74.741823,40.347453],[-74.741823,40.347622],[-74.741844,40.347833],[-74.74189,40.348041],[-74.742129,40.348787],[-74.742155,40.348868],[-74.742058,40.348889],[-74.739866,40.349356],[-74.739961,40.349355],[-74.740033,40.349372],[-74.74009,40.349401],[-74.740137,40.349443],[-74.740664,40.350318],[-74.741502,40.351711],[-74.741524,40.351737],[-74.741575,40.351779],[-74.741635,40.351808],[-74.741706,40.351825],[-74.74177,40.351828],[-74.741839,40.351819],[-74.742141,40.351716],[-74.742233,40.3517],[-74.74231,40.351702],[-74.7424,40.351722],[-74.742461,40.35175],[-74.744926,40.353436],[-74.746098,40.354215],[-74.747473,40.355128],[-74.748212,40.355624],[-74.748246,40.355643],[-74.74833,40.355679],[-74.74843,40.355704],[-74.748534,40.355712],[-74.74863,40.355704],[-74.748722,40.355683],[-74.748807,40.355649],[-74.748882,40.355603],[-74.74934,40.355172],[-74.74942,40.355112],[-74.749549,40.355031],[-74.749664,40.354972],[-74.749811,40.354911],[-74.749966,40.354862],[-74.750126,40.354826],[-74.750318,40.3548],[-74.750484,40.354793],[-74.750647,40.354799],[-74.751154,40.354816],[-74.751273,40.354827],[-74.7514,40.354851],[-74.751456,40.354868],[-74.752716,40.355264],[-74.754559,40.355852],[-74.755461,40.35614],[-74.756769,40.356557],[-74.755588,40.358647],[-74.754548,40.360485],[-74.754307,40.360901],[-74.753658,40.362021],[-74.753442,40.36235],[-74.753274,40.36258],[-74.752746,40.363255],[-74.752652,40.363349],[-74.751641,40.364152],[-74.75109,40.36459],[-74.750033,40.365452],[-74.749621,40.365802],[-74.749085,40.366228],[-74.748497,40.366705],[-74.748234,40.366919],[-74.74811,40.367007],[-74.747993,40.367072],[-74.747059,40.367492],[-74.746985,40.367521],[-74.746862,40.367557],[-74.746718,40.367581],[-74.744116,40.367712],[-74.742652,40.367803],[-74.742437,40.367839],[-74.742207,40.367894],[-74.742027,40.367949],[-74.741852,40.368013],[-74.740854,40.3685],[-74.740729,40.368558],[-74.740513,40.368642],[-74.740275,40.368713],[-74.740018,40.368797],[-74.739785,40.36889],[-74.739561,40.368995],[-74.739399,40.369082],[-74.739193,40.369207],[-74.739025,40.369336],[-74.738983,40.369327],[-74.736995,40.370155],[-74.733486,40.371616],[-74.731779,40.372323],[-74.731459,40.372439],[-74.731132,40.372541],[-74.730706,40.372648],[-74.730069,40.372808],[-74.729424,40.372948],[-74.729108,40.373024],[-74.728999,40.373053],[-74.728483,40.373187],[-74.728174,40.373275],[-74.727866,40.373368],[-74.724439,40.374439],[-74.723908,40.374591],[-74.723198,40.374804],[-74.722493,40.375026],[-74.722284,40.375103],[-74.722177,40.375148],[-74.722161,40.375155],[-74.722156,40.375146],[-74.721718,40.375312],[-74.718993,40.376484],[-74.718955,40.3765],[-74.718704,40.376608],[-74.71848,40.376676],[-74.718203,40.37676],[-74.718145,40.376778],[-74.718057,40.376798],[-74.717843,40.376845],[-74.717629,40.376892],[-74.717153,40.376964],[-74.717012,40.376988],[-74.717001,40.37699],[-74.715366,40.377262],[-74.715346,40.377265],[-74.715093,40.377308],[-74.715081,40.37731],[-74.714983,40.377323],[-74.714623,40.37737],[-74.714427,40.377433],[-74.713746,40.377653],[-74.712659,40.378043],[-74.712488,40.378097],[-74.712452,40.378099],[-74.712111,40.378121],[-74.711804,40.378086],[-74.711475,40.378103],[-74.711468,40.378103],[-74.711144,40.378121],[-74.71097,40.378159],[-74.710697,40.378218],[-74.708332,40.379106],[-74.708289,40.379125],[-74.70788,40.379305],[-74.707682,40.379353],[-74.70746,40.379358],[-74.707112,40.379285],[-74.706461,40.379285],[-74.705984,40.379336],[-74.705585,40.379449],[-74.704638,40.379674],[-74.704131,40.379806],[-74.703663,40.379921],[-74.703387,40.379989],[-74.703218,40.380031],[-74.702996,40.380086],[-74.701887,40.380359],[-74.701386,40.380474],[-74.700698,40.380621],[-74.700285,40.380675],[-74.698825,40.380771],[-74.698163,40.380823],[-74.698155,40.380823],[-74.698147,40.380823],[-74.698139,40.380823],[-74.698132,40.380823],[-74.698125,40.380823],[-74.698118,40.380823],[-74.698111,40.380823],[-74.697861,40.380847],[-74.697991,40.381823],[-74.698638,40.3855],[-74.698704,40.385914],[-74.698842,40.386689],[-74.699004,40.387751],[-74.699298,40.388711],[-74.699721,40.39019],[-74.699903,40.390881],[-74.700372,40.392306],[-74.7006,40.393055],[-74.70089,40.394091],[-74.700997,40.394456],[-74.701003,40.394493],[-74.700843,40.394543],[-74.700677,40.394623],[-74.70062,40.394663],[-74.700548,40.394713],[-74.700526,40.394749],[-74.699795,40.395278],[-74.699564,40.395422],[-74.699248,40.395646],[-74.698975,40.39579],[-74.698897,40.395862],[-74.698645,40.396032],[-74.698538,40.396086],[-74.698206,40.396409],[-74.697905,40.396805],[-74.69777,40.396958],[-74.697624,40.397048],[-74.697425,40.397119],[-74.69698,40.39719],[-74.696499,40.397297],[-74.696334,40.39736],[-74.696176,40.397503],[-74.696103,40.39762],[-74.696089,40.397747],[-74.696111,40.397764],[-74.696154,40.398089],[-74.696196,40.398152],[-74.696196,40.398179],[-74.69621,40.398197],[-74.69621,40.398215],[-74.69624,40.398251],[-74.696269,40.398377],[-74.696269,40.398477],[-74.696247,40.398549],[-74.696182,40.398675],[-74.696168,40.398737],[-74.696168,40.398999],[-74.696189,40.399107],[-74.696218,40.399125],[-74.696297,40.399251],[-74.696535,40.399504],[-74.696614,40.399549],[-74.696858,40.39973],[-74.696922,40.399839],[-74.696923,40.399974],[-74.696843,40.400109],[-74.696707,40.400217],[-74.696563,40.400285],[-74.696511,40.400267],[-74.696412,40.400278],[-74.696321,40.400311],[-74.696091,40.400536],[-74.695954,40.400705],[-74.695932,40.400781],[-74.695763,40.400916],[-74.695622,40.400965],[-74.694635,40.40099],[-74.694194,40.400987],[-74.694118,40.400979],[-74.693515,40.401004],[-74.693402,40.401012],[-74.693222,40.400955],[-74.69295,40.400936],[-74.692686,40.400959],[-74.692337,40.40099],[-74.691959,40.400951],[-74.69174,40.400978],[-74.691472,40.401091],[-74.691041,40.401329],[-74.690731,40.401513],[-74.690413,40.401659],[-74.690067,40.401848],[-74.689347,40.402411],[-74.689247,40.402519],[-74.68929,40.402713],[-74.689347,40.402848],[-74.689546,40.403248],[-74.689595,40.403313],[-74.689829,40.403745],[-74.689893,40.403939],[-74.689872,40.404026],[-74.689787,40.404123],[-74.689816,40.404226],[-74.689886,40.404274],[-74.690021,40.404339],[-74.690084,40.404485],[-74.690106,40.404669],[-74.690036,40.404879],[-74.689781,40.40516],[-74.689713,40.405222],[-74.689385,40.40534],[-74.689165,40.40544],[-74.688856,40.405569],[-74.688482,40.405556],[-74.688229,40.405576],[-74.687672,40.405556],[-74.687139,40.405497],[-74.687087,40.405498],[-74.686778,40.40539],[-74.686439,40.405232],[-74.686256,40.405183],[-74.68593,40.405181],[-74.685661,40.405205],[-74.685584,40.405213],[-74.685372,40.405196],[-74.685372,40.405163],[-74.685295,40.405125],[-74.685112,40.405076],[-74.684963,40.405075],[-74.6848,40.405096],[-74.684503,40.405176],[-74.683986,40.405244],[-74.683796,40.405141],[-74.683746,40.405119],[-74.683655,40.405054],[-74.683452,40.404859],[-74.683177,40.404674],[-74.683043,40.404549],[-74.683001,40.404517],[-74.682902,40.404462],[-74.682641,40.404369],[-74.68262,40.404342],[-74.682408,40.404271],[-74.682138,40.404078],[-74.682117,40.404025],[-74.682074,40.403979],[-74.682059,40.403943],[-74.682013,40.403929],[-74.681039,40.406034],[-74.680357,40.405845],[-74.680008,40.405748],[-74.679504,40.405608],[-74.679202,40.405573],[-74.678966,40.405567],[-74.678746,40.405578],[-74.678547,40.405605],[-74.678448,40.405632],[-74.678357,40.405667],[-74.678184,40.405734],[-74.67728,40.406261],[-74.677011,40.406417],[-74.676948,40.406447],[-74.676803,40.406517],[-74.676615,40.406592],[-74.676369,40.406658],[-74.676112,40.406685],[-74.674956,40.406734],[-74.672986,40.406789],[-74.672416,40.406813],[-74.671855,40.406838],[-74.670834,40.406884],[-74.670197,40.406914],[-74.67002,40.406912],[-74.669781,40.4069],[-74.669611,40.40688],[-74.669262,40.406821],[-74.668898,40.40674],[-74.668022,40.406546],[-74.667399,40.406408],[-74.667156,40.406358],[-74.666541,40.406259],[-74.664833,40.406066],[-74.663193,40.405854],[-74.661377,40.405611],[-74.660333,40.405451],[-74.660324,40.40545],[-74.65999,40.405405],[-74.659681,40.405356],[-74.659146,40.405235],[-74.658129,40.404965],[-74.657113,40.404735],[-74.65132,40.403454],[-74.651055,40.4034],[-74.64956,40.403063],[-74.647608,40.402636],[-74.647345,40.402577],[-74.649701,40.395322],[-74.649478,40.395301],[-74.649141,40.395318],[-74.649047,40.395301],[-74.648924,40.395236],[-74.648774,40.395181],[-74.648587,40.395182],[-74.64835,40.395193],[-74.64812,40.395216],[-74.64802,40.395216],[-74.647955,40.395145],[-74.647811,40.395024],[-74.647588,40.395008],[-74.647258,40.394992],[-74.64705,40.394971],[-74.646876,40.394889],[-74.646668,40.394785],[-74.646308,40.394632],[-74.645944,40.39449],[-74.645894,40.39447],[-74.645762,40.394419],[-74.645452,40.394321],[-74.645043,40.394234],[-74.644519,40.394175],[-74.644094,40.394148],[-74.643872,40.394159],[-74.643642,40.394185],[-74.643384,40.394237],[-74.643054,40.394326],[-74.642602,40.394508],[-74.641957,40.394784],[-74.641763,40.394839],[-74.641605,40.394862],[-74.641382,40.39484],[-74.641066,40.394687],[-74.640426,40.394359],[-74.640023,40.394162],[-74.639699,40.394009],[-74.639382,40.393889],[-74.639246,40.393829],[-74.639059,40.393807],[-74.638829,40.393846],[-74.63865,40.393885],[-74.638335,40.394044],[-74.6381,40.394272],[-74.638084,40.394287],[-74.637877,40.394458],[-74.637662,40.394672],[-74.637117,40.394942],[-74.636895,40.395042],[-74.636364,40.395251],[-74.636172,40.395319],[-74.636113,40.39534],[-74.635941,40.395434],[-74.635734,40.395632],[-74.635597,40.395797],[-74.63539,40.395973],[-74.635196,40.39605],[-74.634845,40.396276],[-74.634602,40.396457],[-74.63433,40.396678],[-74.634172,40.396865],[-74.634029,40.396981],[-74.6338,40.397102],[-74.633584,40.397207],[-74.633176,40.397312],[-74.633102,40.397328],[-74.632644,40.397428],[-74.632493,40.397463],[-74.632207,40.397528],[-74.63154,40.397765],[-74.630952,40.39803],[-74.630794,40.398195],[-74.630579,40.398382],[-74.63035,40.398569],[-74.629949,40.398729],[-74.62954,40.398909],[-74.629512,40.398922],[-74.629323,40.399035],[-74.629217,40.399104],[-74.629139,40.399209],[-74.628906,40.399067],[-74.628556,40.398853],[-74.628377,40.398785],[-74.628355,40.398777],[-74.628232,40.398662],[-74.62816,40.398557],[-74.628095,40.398448],[-74.628008,40.398176],[-74.627891,40.39786],[-74.627665,40.397043],[-74.627448,40.396356],[-74.627348,40.396057],[-74.627296,40.395901],[-74.627249,40.395752],[-74.627228,40.395657],[-74.627151,40.395385],[-74.627038,40.395047],[-74.626867,40.394507],[-74.626822,40.394402],[-74.626722,40.394167],[-74.626541,40.393766],[-74.626448,40.393618],[-74.626373,40.393344],[-74.626331,40.393058],[-74.626315,40.392893],[-74.62629,40.392673],[-74.626275,40.392544],[-74.626261,40.392414],[-74.626157,40.391572],[-74.62611,40.39137],[-74.626036,40.390807],[-74.626027,40.390472],[-74.62601,40.390138],[-74.626032,40.38983],[-74.626067,40.389544],[-74.626081,40.389314],[-74.626058,40.389127],[-74.625957,40.388902],[-74.625698,40.388754],[-74.625618,40.388747],[-74.625411,40.388728],[-74.625116,40.388739],[-74.624885,40.388772],[-74.624596,40.388827],[-74.624576,40.388759],[-74.624446,40.388311],[-74.624418,40.388212],[-74.62434,40.387096],[-74.624301,40.386815],[-74.624281,40.386671],[-74.62389,40.386064],[-74.623454,40.385443],[-74.622916,40.384659],[-74.622744,40.384421],[-74.622644,40.384283],[-74.622572,40.384227],[-74.622545,40.384211],[-74.622457,40.38416],[-74.622426,40.384144],[-74.622292,40.384077],[-74.621892,40.383876],[-74.621702,40.383745],[-74.621374,40.383496],[-74.621178,40.383267],[-74.621174,40.383263],[-74.621161,40.383247],[-74.621105,40.383187],[-74.620385,40.38242],[-74.6196,40.381522],[-74.619315,40.381196],[-74.618821,40.380606],[-74.618817,40.380601],[-74.618813,40.380596],[-74.618809,40.380591],[-74.618805,40.380586],[-74.618801,40.380581],[-74.618797,40.380576],[-74.618793,40.380571],[-74.618789,40.380566],[-74.618785,40.380561],[-74.618781,40.380556],[-74.618777,40.380552],[-74.618495,40.380217],[-74.618429,40.380116],[-74.618148,40.37969],[-74.618074,40.379515],[-74.617914,40.379139],[-74.617719,40.378422],[-74.617655,40.378227],[-74.617564,40.378003],[-74.617525,40.377862],[-74.617508,40.377596],[-74.617531,40.377523],[-74.617592,40.377324],[-74.617692,40.377133],[-74.617834,40.376861],[-74.617865,40.376801],[-74.618227,40.376289],[-74.618426,40.376024],[-74.618439,40.376006],[-74.618444,40.375998],[-74.618531,40.37587],[-74.61864,40.375693],[-74.619155,40.374921],[-74.619258,40.37483],[-74.619312,40.374777],[-74.619366,40.374724],[-74.619393,40.374698],[-74.619438,40.374654],[-74.61951,40.374583],[-74.619527,40.374545],[-74.619591,40.374397],[-74.619526,40.374414],[-74.619311,40.374446],[-74.619089,40.374476],[-74.618844,40.374509],[-74.618559,40.374505],[-74.618485,40.374504],[-74.618411,40.374503],[-74.618293,40.374502],[-74.618081,40.3745],[-74.618014,40.374499],[-74.617958,40.374498],[-74.617891,40.374497],[-74.617733,40.374495],[-74.617393,40.37449],[-74.617322,40.374502],[-74.616402,40.374663],[-74.616232,40.374693],[-74.61597,40.374774],[-74.61573,40.374848],[-74.615261,40.374993],[-74.614956,40.375088],[-74.614608,40.375196],[-74.614387,40.375264],[-74.614181,40.375338],[-74.6134,40.37562],[-74.612951,40.375782],[-74.61122,40.376607],[-74.611278,40.37668],[-74.611398,40.37678],[-74.611661,40.377116],[-74.612262,40.377819],[-74.612004,40.377943],[-74.611899,40.378031],[-74.611826,40.378129],[-74.611748,40.378313],[-74.611496,40.379053],[-74.611959,40.379171],[-74.610144,40.385757],[-74.609342,40.386398],[-74.609555,40.386266],[-74.609764,40.386164],[-74.60994,40.386089],[-74.610134,40.386029],[-74.610421,40.385981],[-74.610713,40.385955],[-74.611038,40.385966],[-74.611363,40.386005],[-74.611605,40.386068],[-74.611882,40.386177],[-74.612009,40.386244],[-74.612292,40.386427],[-74.612502,40.386585],[-74.612692,40.386787],[-74.612785,40.386932],[-74.613054,40.387509],[-74.613607,40.388794],[-74.613726,40.38913],[-74.613756,40.389268],[-74.613767,40.389387],[-74.613741,40.390039],[-74.613753,40.390139],[-74.613767,40.390176],[-74.613779,40.39021],[-74.613846,40.390289],[-74.613906,40.390337],[-74.614016,40.3904],[-74.614327,40.390412],[-74.615559,40.390126],[-74.616055,40.390082],[-74.616225,40.390044],[-74.616359,40.390026],[-74.616659,40.390008],[-74.616964,40.38999],[-74.617058,40.389968],[-74.617231,40.389904],[-74.617409,40.38983],[-74.617723,40.389642],[-74.617958,40.389496],[-74.618186,40.389369],[-74.618742,40.389134],[-74.619007,40.389039],[-74.620072,40.388781],[-74.620397,40.388749],[-74.620624,40.388738],[-74.620759,40.388742],[-74.620916,40.388764],[-74.621144,40.388828],[-74.621267,40.38888],[-74.621375,40.388947],[-74.621446,40.389003],[-74.621592,40.389179],[-74.621625,40.389238],[-74.621737,40.389527],[-74.622051,40.39047],[-74.622081,40.390531],[-74.623386,40.392212],[-74.62351,40.392476],[-74.623532,40.392544],[-74.623544,40.392674],[-74.623517,40.392835],[-74.623458,40.39298],[-74.623402,40.393059],[-74.623282,40.393182],[-74.623129,40.393284],[-74.622998,40.393351],[-74.62177,40.393728],[-74.6208,40.394012],[-74.620115,40.394204],[-74.620065,40.394227],[-74.620026,40.394276],[-74.62001,40.394339],[-74.619823,40.394807],[-74.619797,40.394905],[-74.619774,40.395154],[-74.619751,40.395213],[-74.619513,40.395512],[-74.619179,40.395929],[-74.618829,40.39605],[-74.618922,40.396308],[-74.619159,40.39693],[-74.6192,40.397063],[-74.619214,40.397202],[-74.619206,40.397746],[-74.619588,40.397788],[-74.620266,40.39797],[-74.62179,40.3984],[-74.62259,40.398641],[-74.623339,40.398941],[-74.62437,40.399445],[-74.62455,40.399524],[-74.624699,40.399571],[-74.625004,40.399642],[-74.625189,40.399669],[-74.625389,40.399678],[-74.625578,40.399672],[-74.62583,40.399648],[-74.626083,40.399599],[-74.626475,40.399472],[-74.626846,40.399379],[-74.626987,40.399355],[-74.627152,40.399341],[-74.627344,40.39935],[-74.627535,40.399358],[-74.628182,40.399395],[-74.629048,40.399461],[-74.629154,40.399472],[-74.629167,40.399552],[-74.629229,40.400021],[-74.629257,40.400181],[-74.629308,40.400274],[-74.62939,40.400296],[-74.629502,40.400323],[-74.629612,40.400298],[-74.62963,40.400337],[-74.629689,40.400416],[-74.629754,40.400558],[-74.629743,40.400636],[-74.629777,40.400701],[-74.629877,40.400695],[-74.630042,40.400673],[-74.630186,40.400634],[-74.630324,40.400584],[-74.63048,40.400513],[-74.630587,40.400447],[-74.630694,40.40037],[-74.630816,40.400298],[-74.631032,40.400252],[-74.631174,40.400258],[-74.631233,40.400259],[-74.631477,40.400286],[-74.631767,40.400444],[-74.631877,40.400501],[-74.632377,40.400762],[-74.632679,40.400915],[-74.633074,40.401139],[-74.633379,40.401322],[-74.633702,40.401577],[-74.633831,40.401725],[-74.633972,40.401978],[-74.634075,40.402188],[-74.634192,40.402389],[-74.634381,40.402658],[-74.634474,40.402778],[-74.634647,40.40297],[-74.634788,40.403155],[-74.634965,40.403381],[-74.634991,40.403466],[-74.635009,40.403495],[-74.635016,40.403546],[-74.635029,40.403696],[-74.635051,40.403968],[-74.635118,40.404106],[-74.6354,40.404473],[-74.635581,40.404684],[-74.635695,40.404934],[-74.635841,40.40523],[-74.636,40.405587],[-74.636209,40.405954],[-74.636262,40.406136],[-74.636311,40.406231],[-74.636332,40.406304],[-74.636377,40.406399],[-74.636386,40.406416],[-74.636496,40.406657],[-74.636644,40.407074],[-74.636749,40.407326],[-74.636829,40.407518],[-74.636988,40.407899],[-74.637166,40.408336],[-74.637211,40.408461],[-74.637267,40.408611],[-74.63737,40.408857],[-74.637413,40.409011],[-74.637463,40.409289],[-74.63743,40.409554],[-74.637415,40.409622],[-74.637331,40.410098],[-74.637253,40.410301],[-74.63711,40.410549],[-74.636933,40.410828],[-74.636846,40.410994],[-74.636767,40.411197],[-74.636682,40.411384],[-74.636582,40.411692],[-74.636526,40.411945],[-74.636319,40.412286],[-74.636169,40.412478],[-74.635954,40.412709],[-74.635698,40.41301],[-74.635339,40.413419],[-74.635203,40.413597],[-74.634992,40.413871],[-74.63491,40.41398],[-74.634781,40.414134],[-74.634696,40.414255],[-74.634609,40.414348],[-74.634474,40.414431],[-74.634237,40.414536],[-74.634007,40.414597],[-74.63385,40.414647],[-74.633548,40.414658],[-74.633361,40.414686],[-74.63321,40.414747],[-74.633081,40.414884],[-74.633025,40.414956],[-74.632981,40.415038],[-74.632946,40.415192],[-74.632969,40.415357],[-74.633013,40.415492],[-74.633063,40.415725],[-74.633073,40.415815],[-74.633078,40.415862],[-74.633064,40.415961],[-74.632958,40.416057],[-74.632771,40.416236],[-74.6326,40.416445],[-74.632506,40.416549],[-74.632427,40.416731],[-74.632342,40.416907],[-74.632299,40.417093],[-74.632235,40.417264],[-74.632214,40.417429],[-74.632202,40.417477],[-74.63213,40.417705],[-74.632142,40.41774],[-74.63213,40.418158],[-74.632196,40.418346],[-74.632254,40.418472],[-74.632326,40.418593],[-74.632406,40.418763],[-74.6325,40.418927],[-74.63258,40.419097],[-74.632666,40.419229],[-74.632739,40.419399],[-74.632818,40.419519],[-74.632858,40.419627],[-74.632927,40.419783],[-74.632943,40.41985],[-74.632921,40.420024],[-74.632871,40.42014],[-74.632763,40.420272],[-74.63272,40.420338],[-74.632491,40.420552],[-74.63237,40.420657],[-74.63219,40.420784],[-74.632004,40.420867],[-74.631808,40.420887],[-74.63169,40.420918],[-74.631525,40.420933],[-74.63148,40.4209],[-74.631351,40.420857],[-74.631027,40.420698],[-74.630875,40.420633],[-74.630702,40.420572],[-74.630516,40.420485],[-74.630412,40.420465],[-74.630307,40.420398],[-74.630091,40.420305],[-74.62983,40.420223],[-74.629739,40.420177],[-74.629376,40.419967],[-74.629225,40.41986],[-74.629043,40.419751],[-74.628831,40.419605],[-74.628619,40.419514],[-74.628525,40.419512],[-74.628249,40.419507],[-74.628143,40.41951],[-74.628055,40.419513],[-74.627868,40.419541],[-74.627718,40.419579],[-74.62762,40.419652],[-74.62753,40.419713],[-74.62743,40.41977],[-74.627374,40.419816],[-74.627238,40.419943],[-74.627173,40.420086],[-74.627073,40.420245],[-74.627023,40.420333],[-74.626923,40.420454],[-74.626795,40.420624],[-74.626688,40.420839],[-74.626623,40.420954],[-74.626552,40.421168],[-74.626474,40.421344],[-74.626396,40.421548],[-74.626332,40.421751],[-74.626189,40.422059],[-74.626083,40.422389],[-74.625989,40.422548],[-74.625889,40.422674],[-74.625337,40.423016],[-74.625043,40.423209],[-74.624584,40.423747],[-74.624449,40.424211],[-74.624164,40.425181],[-74.623858,40.426026],[-74.623588,40.427078],[-74.623459,40.427818],[-74.623282,40.428362],[-74.623025,40.428668],[-74.622021,40.429512],[-74.621458,40.43002],[-74.620847,40.430527],[-74.620284,40.430936],[-74.619938,40.431205],[-74.619457,40.431376],[-74.619111,40.431474],[-74.618581,40.431504],[-74.61846,40.43151],[-74.617898,40.431474],[-74.617634,40.431474],[-74.617416,40.431474],[-74.617273,40.431522],[-74.617111,40.431577],[-74.616989,40.431715],[-74.616853,40.432048],[-74.616724,40.432421],[-74.61633,40.433271],[-74.615936,40.434012],[-74.61559,40.43469],[-74.615332,40.435265],[-74.615108,40.435876],[-74.615067,40.436415],[-74.615195,40.436855],[-74.615459,40.437125],[-74.615846,40.437296],[-74.616287,40.437296],[-74.617412,40.437058],[-74.61782,40.436995],[-74.618021,40.43698],[-74.618192,40.436991],[-74.618416,40.437059],[-74.618633,40.43723],[-74.618714,40.437468],[-74.618713,40.437739],[-74.618713,40.437774],[-74.618544,40.438141],[-74.618279,40.438654],[-74.618056,40.438985],[-74.61796,40.439128],[-74.617947,40.439147],[-74.617892,40.439229],[-74.61782,40.439351],[-74.617546,40.439816],[-74.617026,40.440482],[-74.616107,40.44154],[-74.615544,40.442115],[-74.61515,40.442592],[-74.614675,40.443198],[-74.614153,40.443772],[-74.6138,40.444114],[-74.61306,40.444622],[-74.61245,40.444982],[-74.611453,40.445533],[-74.610584,40.44604],[-74.609627,40.446516],[-74.608671,40.446951],[-74.607979,40.447189],[-74.607833,40.447245],[-74.607746,40.447279],[-74.606589,40.447732],[-74.605772,40.448],[-74.605455,40.448106],[-74.604716,40.448306],[-74.604106,40.448404],[-74.60315,40.448611],[-74.602633,40.448732],[-74.602465,40.448765],[-74.602206,40.448832],[-74.602144,40.448846],[-74.601847,40.448916],[-74.601108,40.449283],[-74.600632,40.449692],[-74.600531,40.449799],[-74.600018,40.450338],[-74.599514,40.450887],[-74.59937,40.451044],[-74.5988,40.45152],[-74.597802,40.452183],[-74.596587,40.452923],[-74.596105,40.453332],[-74.595671,40.453871],[-74.594936,40.455014],[-74.594638,40.455478],[-74.594319,40.455973],[-74.593936,40.456382],[-74.593584,40.456731],[-74.59312,40.457036],[-74.592291,40.45758],[-74.591703,40.457941],[-74.591586,40.457918],[-74.591402,40.457925],[-74.59137,40.457926],[-74.590889,40.457987],[-74.590717,40.457986],[-74.590356,40.457877],[-74.590033,40.457849],[-74.589818,40.457911],[-74.589479,40.457901],[-74.589409,40.457892],[-74.589346,40.457864],[-74.589248,40.457808],[-74.58912,40.457783],[-74.589041,40.457764],[-74.588897,40.457782],[-74.588696,40.457772],[-74.588199,40.457662],[-74.588155,40.457649],[-74.588079,40.457625],[-74.587934,40.457652],[-74.587711,40.457896],[-74.58639,40.458706],[-74.586194,40.458794],[-74.585804,40.459019],[-74.585563,40.459143],[-74.58513,40.459385],[-74.58474,40.459664],[-74.584086,40.460062],[-74.58336,40.460541],[-74.582885,40.460841],[-74.582516,40.460821],[-74.582092,40.460799],[-74.582072,40.460761],[-74.581796,40.460588],[-74.581416,40.460396],[-74.581933,40.459878],[-74.584894,40.457022],[-74.584991,40.456919],[-74.585063,40.456866],[-74.585392,40.456678],[-74.585635,40.456461],[-74.586586,40.45555],[-74.587897,40.454233],[-74.588453,40.453635],[-74.588801,40.453251],[-74.589181,40.452826],[-74.589325,40.452666],[-74.591049,40.45074],[-74.59165,40.450047],[-74.592198,40.44934],[-74.592782,40.448701],[-74.592848,40.448656],[-74.593013,40.448588],[-74.590698,40.447723],[-74.589229,40.447146],[-74.586403,40.44608],[-74.584232,40.445276],[-74.582974,40.44481],[-74.581346,40.444144],[-74.581776,40.443413],[-74.581885,40.443095],[-74.582021,40.442596],[-74.582116,40.442397],[-74.582168,40.442326],[-74.582366,40.44211],[-74.582554,40.441946],[-74.582606,40.441874],[-74.580971,40.438165],[-74.580608,40.437992],[-74.580563,40.437954],[-74.580556,40.437916],[-74.58058,40.437865],[-74.580621,40.437824],[-74.580889,40.437641],[-74.580991,40.437557],[-74.58115,40.437378],[-74.581833,40.436436],[-74.58302,40.434903],[-74.581656,40.434343],[-74.580084,40.433706],[-74.578792,40.433169],[-74.576978,40.432413],[-74.575402,40.431795],[-74.573968,40.431152],[-74.573837,40.43106],[-74.573762,40.430991],[-74.573554,40.430803],[-74.57343,40.43065],[-74.573329,40.430474],[-74.573277,40.430355],[-74.572951,40.429298],[-74.572743,40.428495],[-74.572743,40.428189],[-74.572758,40.42804],[-74.572907,40.427411],[-74.572915,40.427239],[-74.572888,40.427023],[-74.572844,40.426672],[-74.572732,40.426129],[-74.57272,40.426093],[-74.572657,40.425905],[-74.572583,40.42572],[-74.572508,40.425528],[-74.572179,40.424932],[-74.572121,40.424828],[-74.572001,40.42461],[-74.571877,40.424389],[-74.571653,40.423946],[-74.571633,40.423908],[-74.571885,40.423819],[-74.572613,40.423561],[-74.572827,40.423485],[-74.575602,40.422503],[-74.576164,40.422304],[-74.576355,40.422218],[-74.578334,40.421324],[-74.578385,40.421301],[-74.57843,40.421281],[-74.582114,40.419618],[-74.584173,40.41869],[-74.584277,40.418625],[-74.584987,40.418176],[-74.585483,40.417699],[-74.585575,40.417551],[-74.585616,40.417485],[-74.585864,40.417085],[-74.58596,40.416674],[-74.585998,40.416515],[-74.585986,40.415859],[-74.585983,40.415725],[-74.585833,40.416218],[-74.585611,40.4164],[-74.585208,40.41663],[-74.584928,40.416746],[-74.584716,40.416807],[-74.582813,40.413495],[-74.581022,40.407472],[-74.584954,40.403477],[-74.584928,40.402338],[-74.581043,40.402376],[-74.581054,40.402362],[-74.581102,40.402259],[-74.581114,40.402206],[-74.581095,40.402009],[-74.581125,40.401911],[-74.581195,40.401663],[-74.581217,40.401528],[-74.581201,40.401339],[-74.581127,40.401212],[-74.581032,40.401245],[-74.580975,40.401262],[-74.580832,40.401298],[-74.580762,40.401316],[-74.580599,40.401337],[-74.580512,40.401348],[-74.580422,40.401358],[-74.580334,40.401366],[-74.580246,40.401373],[-74.579984,40.4014],[-74.5799,40.401409],[-74.579817,40.401418],[-74.579737,40.40143],[-74.579661,40.401446],[-74.579526,40.401494],[-74.579469,40.401526],[-74.57942,40.401563],[-74.579377,40.401607],[-74.579342,40.401649],[-74.579283,40.401729],[-74.579237,40.401804],[-74.579199,40.401866],[-74.579172,40.401904],[-74.578966,40.401819],[-74.578789,40.401721],[-74.578704,40.401649],[-74.578641,40.401476],[-74.578646,40.401406],[-74.578705,40.401252],[-74.578784,40.40109],[-74.578826,40.400932],[-74.57881,40.400724],[-74.578789,40.400646],[-74.578757,40.400518],[-74.578663,40.400385],[-74.57853,40.400282],[-74.578512,40.400268],[-74.578316,40.40017],[-74.578038,40.400011],[-74.577916,40.39986],[-74.577862,40.39965],[-74.577878,40.399531],[-74.578013,40.399332],[-74.578243,40.399204],[-74.578274,40.399198],[-74.577428,40.398518],[-74.576057,40.397933],[-74.57623,40.39774],[-74.576847,40.397207],[-74.577027,40.397004],[-74.577215,40.396734],[-74.577307,40.396603],[-74.577487,40.39618],[-74.577601,40.395988],[-74.577738,40.395823],[-74.578413,40.395416],[-74.578549,40.395246],[-74.578564,40.395147],[-74.578521,40.39501],[-74.578406,40.39479],[-74.578312,40.394543],[-74.578262,40.394197],[-74.578276,40.39373],[-74.578305,40.393472],[-74.57857,40.392802],[-74.578814,40.392346],[-74.579073,40.391347],[-74.579216,40.39099],[-74.579712,40.390062],[-74.579762,40.389897],[-74.579762,40.389727],[-74.579611,40.389392],[-74.579546,40.389293],[-74.579625,40.38904],[-74.579762,40.388853],[-74.579833,40.388683],[-74.579891,40.38848],[-74.579833,40.388293],[-74.579654,40.387865],[-74.579575,40.387601],[-74.579553,40.387343],[-74.579553,40.387285],[-74.579553,40.387134],[-74.579517,40.386992],[-74.579345,40.386717],[-74.579266,40.386525],[-74.57915,40.386091],[-74.579093,40.385525],[-74.578496,40.383576],[-74.578374,40.383301],[-74.5779,40.382631],[-74.577857,40.382516],[-74.577842,40.382395],[-74.577921,40.382252],[-74.578022,40.382143],[-74.578187,40.382016],[-74.578295,40.381868],[-74.578366,40.381676],[-74.57846,40.38133],[-74.578532,40.380857],[-74.578503,40.380704],[-74.578406,40.380515],[-74.578958,40.380061],[-74.58028,40.379962],[-74.583541,40.38013],[-74.583637,40.37906],[-74.583658,40.378829],[-74.583725,40.378684],[-74.583903,40.378548],[-74.585684,40.377062],[-74.585784,40.376926],[-74.585784,40.376806],[-74.585695,40.376653],[-74.585561,40.376491],[-74.584431,40.375693],[-74.584338,40.375637],[-74.58604,40.374237],[-74.586396,40.373945],[-74.587599,40.372955],[-74.58753,40.372914],[-74.587123,40.372604],[-74.586994,40.372321],[-74.586881,40.3721],[-74.586817,40.371595],[-74.586671,40.371177],[-74.586542,40.370944],[-74.586124,40.370661],[-74.584402,40.369432],[-74.584394,40.369314],[-74.584378,40.368741],[-74.584336,40.368001],[-74.584275,40.367752],[-74.584267,40.367735],[-74.585026,40.367511],[-74.585799,40.367311],[-74.586377,40.367161],[-74.586708,40.367082],[-74.588113,40.366748],[-74.590008,40.366345],[-74.590473,40.366266],[-74.591487,40.366093],[-74.592586,40.365967],[-74.593689,40.365966],[-74.594448,40.366014],[-74.594934,40.366094],[-74.595413,40.366273],[-74.595597,40.366377],[-74.595805,40.366496],[-74.596378,40.366915],[-74.597385,40.367653],[-74.597741,40.367828],[-74.599143,40.368361],[-74.599429,40.368447],[-74.600207,40.368634],[-74.601207,40.368731],[-74.602313,40.368851],[-74.602722,40.368887],[-74.603212,40.368931],[-74.60319,40.369091],[-74.603161,40.369427],[-74.605293,40.368949],[-74.610363,40.367873],[-74.614449,40.366971],[-74.616979,40.366589],[-74.617027,40.366467],[-74.617114,40.366266],[-74.618284,40.364267],[-74.618354,40.364162],[-74.608806,40.361681],[-74.60869,40.36165],[-74.608573,40.36162],[-74.608175,40.361517],[-74.602938,40.360342],[-74.600334,40.359902],[-74.598479,40.359652],[-74.589343,40.35806],[-74.589247,40.355062],[-74.589257,40.354001],[-74.589265,40.35315],[-74.589301,40.353163],[-74.590005,40.353177],[-74.590598,40.353246],[-74.591885,40.353559],[-74.592232,40.353629],[-74.592497,40.35365],[-74.592807,40.353628],[-74.593218,40.353565],[-74.593519,40.353495],[-74.593829,40.353383],[-74.594349,40.353138],[-74.594056,40.352733],[-74.593873,40.352377],[-74.593736,40.352035],[-74.593672,40.351784],[-74.593665,40.351632],[-74.593308,40.351658],[-74.592521,40.351481],[-74.592057,40.351491],[-74.591477,40.3516],[-74.591155,40.35162],[-74.590897,40.351532],[-74.590729,40.351354],[-74.590574,40.351029],[-74.590251,40.35023],[-74.58985,40.349293],[-74.589824,40.348918],[-74.589822,40.347931],[-74.589861,40.347734],[-74.589938,40.347625],[-74.590144,40.347517],[-74.590698,40.347447],[-74.591716,40.347328],[-74.592155,40.347338],[-74.593357,40.34747],[-74.593354,40.34743],[-74.593419,40.346904],[-74.593712,40.345851],[-74.59376,40.345438],[-74.59376,40.3451],[-74.59369,40.344524],[-74.593517,40.343898],[-74.593459,40.34346],[-74.593483,40.343165],[-74.593605,40.342802],[-74.593785,40.342426],[-74.594013,40.342106],[-74.594234,40.341912],[-74.594463,40.341755],[-74.594822,40.341542],[-74.595133,40.341398],[-74.595485,40.341291],[-74.596033,40.341178],[-74.596605,40.341102],[-74.596875,40.341027],[-74.597161,40.340914],[-74.597463,40.340732],[-74.597668,40.340569],[-74.597847,40.340394],[-74.598207,40.339936],[-74.598251,40.339866],[-74.598702,40.340055],[-74.599927,40.340477],[-74.600969,40.340733],[-74.601023,40.340741],[-74.601655,40.340841],[-74.602747,40.340916],[-74.60408,40.340836],[-74.604314,40.340823],[-74.604261,40.340602],[-74.604184,40.340149],[-74.604184,40.339882],[-74.604503,40.339847],[-74.604852,40.339718],[-74.605185,40.339509],[-74.605382,40.339369],[-74.605648,40.339405],[-74.605959,40.339448],[-74.606257,40.339454],[-74.606611,40.33946],[-74.606704,40.339461],[-74.606912,40.33943],[-74.60724,40.339382],[-74.607493,40.339344],[-74.607595,40.339315],[-74.608264,40.339129],[-74.608298,40.339309],[-74.608505,40.339736],[-74.60866,40.33969],[-74.608968,40.339599],[-74.609209,40.339528],[-74.609889,40.339412],[-74.610437,40.339391],[-74.611726,40.339435],[-74.61182,40.33945],[-74.612088,40.339491],[-74.612651,40.33958],[-74.614362,40.339957],[-74.615868,40.340289],[-74.616022,40.33986],[-74.616156,40.339654],[-74.616228,40.339543],[-74.616555,40.339107],[-74.617055,40.338658],[-74.617399,40.338301],[-74.617725,40.33772],[-74.617828,40.337284],[-74.617828,40.337035],[-74.617828,40.337007],[-74.617706,40.336374],[-74.617621,40.336195],[-74.617481,40.335899],[-74.616509,40.335086],[-74.616092,40.334971],[-74.615306,40.3347],[-74.614205,40.334372],[-74.613424,40.334132],[-74.612913,40.333968],[-74.612599,40.333873],[-74.612303,40.333765],[-74.612085,40.333676],[-74.612091,40.333435],[-74.612235,40.333501],[-74.612357,40.333533],[-74.612493,40.3335],[-74.612938,40.333088],[-74.613411,40.332857],[-74.613949,40.332517],[-74.614451,40.332077],[-74.614802,40.331671],[-74.615118,40.331396],[-74.615118,40.331138],[-74.615469,40.331127],[-74.615828,40.331176],[-74.61613,40.331264],[-74.616367,40.33139],[-74.616568,40.331543],[-74.616819,40.331626],[-74.61707,40.331609],[-74.617809,40.331406],[-74.618218,40.331279],[-74.618756,40.331087],[-74.619273,40.330976],[-74.620155,40.330932],[-74.6206,40.330976],[-74.620895,40.331118],[-74.621131,40.331096],[-74.621282,40.331003],[-74.621863,40.330574],[-74.622136,40.330448],[-74.622559,40.330365],[-74.623147,40.330332],[-74.623384,40.330271],[-74.623492,40.330299],[-74.623757,40.33042],[-74.624102,40.33043],[-74.624109,40.330304],[-74.62403,40.330068],[-74.623915,40.32981],[-74.623965,40.329678],[-74.624214,40.329478],[-74.624217,40.329473],[-74.62422,40.329468],[-74.624224,40.329461],[-74.624296,40.329343],[-74.624344,40.329265],[-74.624349,40.329257],[-74.624367,40.329219],[-74.624395,40.329163],[-74.624391,40.329097],[-74.624389,40.329054],[-74.624363,40.329046],[-74.624345,40.329041],[-74.624328,40.329036],[-74.624274,40.32902],[-74.624256,40.329014],[-74.624209,40.329],[-74.624176,40.32899],[-74.624067,40.328957],[-74.624019,40.328943],[-74.623992,40.328932],[-74.623905,40.328957],[-74.623869,40.328967],[-74.623831,40.328978],[-74.623778,40.328991],[-74.623656,40.329021],[-74.62362,40.329001],[-74.623571,40.328975],[-74.623535,40.328952],[-74.623483,40.328903],[-74.623416,40.328839],[-74.623277,40.328708],[-74.623229,40.328677],[-74.623133,40.328616],[-74.622994,40.328553],[-74.622766,40.328449],[-74.622757,40.328445],[-74.622576,40.328362],[-74.622514,40.328334],[-74.62249,40.328276],[-74.622481,40.328254],[-74.622436,40.328102],[-74.622441,40.327861],[-74.62245,40.327354],[-74.622428,40.327032],[-74.622502,40.326669],[-74.622504,40.326659],[-74.62252,40.326579],[-74.622674,40.326312],[-74.622746,40.326188],[-74.622764,40.326157],[-74.622769,40.326138],[-74.62279,40.326062],[-74.622795,40.326045],[-74.622796,40.32604],[-74.622797,40.326035],[-74.622821,40.325949],[-74.622823,40.325943],[-74.622826,40.325933],[-74.622832,40.325912],[-74.622835,40.3259],[-74.622831,40.325735],[-74.622829,40.325653],[-74.622812,40.325548],[-74.622785,40.325382],[-74.622764,40.325358],[-74.622706,40.325266],[-74.622676,40.325219],[-74.622617,40.325126],[-74.622529,40.324987],[-74.62247,40.324894],[-74.622463,40.324887],[-74.622362,40.324788],[-74.622206,40.324634],[-74.622158,40.324587],[-74.622038,40.324469],[-74.621968,40.324401],[-74.621938,40.324371],[-74.621929,40.324362],[-74.621918,40.324355],[-74.621883,40.324335],[-74.621871,40.324328],[-74.621823,40.324305],[-74.621678,40.324235],[-74.621658,40.324225],[-74.621627,40.324217],[-74.621581,40.324205],[-74.621543,40.324195],[-74.621449,40.324171],[-74.621284,40.324185],[-74.621196,40.324193],[-74.621169,40.324197],[-74.621156,40.324199],[-74.620334,40.324319],[-74.620296,40.324325],[-74.619405,40.32482],[-74.619396,40.324825],[-74.61935,40.324827],[-74.617851,40.324893],[-74.617367,40.324914],[-74.61698,40.324931],[-74.616456,40.324957],[-74.615763,40.324992],[-74.615493,40.325006],[-74.614931,40.32476],[-74.614907,40.32475],[-74.614899,40.324746],[-74.614448,40.324548],[-74.614411,40.324529],[-74.614401,40.324524],[-74.614344,40.324494],[-74.614331,40.324487],[-74.614324,40.324483],[-74.614318,40.32448],[-74.614306,40.324474],[-74.614285,40.324463],[-74.614175,40.324404],[-74.61413,40.32438],[-74.614118,40.324374],[-74.614066,40.324349],[-74.614,40.324317],[-74.613909,40.324273],[-74.613856,40.324247],[-74.613833,40.324235],[-74.613764,40.324198],[-74.613741,40.324185],[-74.616097,40.322326],[-74.616968,40.321639],[-74.620733,40.31873],[-74.620859,40.318878],[-74.621033,40.319081],[-74.621936,40.320157],[-74.621964,40.320183],[-74.622053,40.32025],[-74.622132,40.320295],[-74.622242,40.320342],[-74.622357,40.320373],[-74.622471,40.320391],[-74.622569,40.320395],[-74.62268,40.32039],[-74.62279,40.320372],[-74.622888,40.320345],[-74.623032,40.32033],[-74.623201,40.320324],[-74.623369,40.320332],[-74.623536,40.320353],[-74.623725,40.320394],[-74.623881,40.320444],[-74.623408,40.32005],[-74.622307,40.319091],[-74.622195,40.318998],[-74.621888,40.31874],[-74.623252,40.317527],[-74.62359,40.317225],[-74.623719,40.317135],[-74.623855,40.317058],[-74.624026,40.316983],[-74.624182,40.316932],[-74.624343,40.316894],[-74.624509,40.316868],[-74.624677,40.316856],[-74.624846,40.316858],[-74.625042,40.316877],[-74.625233,40.316914],[-74.625317,40.316936],[-74.625415,40.316845],[-74.626423,40.317347],[-74.626298,40.317209],[-74.626149,40.317074],[-74.625975,40.316945],[-74.625784,40.316831],[-74.625693,40.316787],[-74.625658,40.316129],[-74.62559,40.314846],[-74.62603,40.314503],[-74.627786,40.31313],[-74.628314,40.312717],[-74.628658,40.312446],[-74.628875,40.312274],[-74.633118,40.30892],[-74.637541,40.305475],[-74.640467,40.303175],[-74.642819,40.301304],[-74.644002,40.300385],[-74.646594,40.298347],[-74.647775,40.297401],[-74.649424,40.29608],[-74.649887,40.295709],[-74.65345,40.292901],[-74.658449,40.288979],[-74.661178,40.286812],[-74.667355,40.281953],[-74.668969,40.280702],[-74.670809,40.279383],[-74.671067,40.279837],[-74.671466,40.280566],[-74.673006,40.283376],[-74.673607,40.284511],[-74.674212,40.285655],[-74.67497,40.287088],[-74.676571,40.290148],[-74.677167,40.291332],[-74.677996,40.293122],[-74.678071,40.293328],[-74.678132,40.293536],[-74.678385,40.2939],[-74.678409,40.294159],[-74.678416,40.294849],[-74.678421,40.296071],[-74.678436,40.296227],[-74.678473,40.296474],[-74.678514,40.296663],[-74.678598,40.296961],[-74.678685,40.297201],[-74.678789,40.297436],[-74.678876,40.297603],[-74.678928,40.297702],[-74.678938,40.297718],[-74.678974,40.297781],[-74.679003,40.297822],[-74.679059,40.29792],[-74.67922,40.298148],[-74.679354,40.298313],[-74.679546,40.298521],[-74.679784,40.298754],[-74.680037,40.298976],[-74.680305,40.299188],[-74.680561,40.299371],[-74.680631,40.299421],[-74.680908,40.299622],[-74.68176,40.300356],[-74.682158,40.30081],[-74.682294,40.300971],[-74.682461,40.301193],[-74.682612,40.301421],[-74.682752,40.301662],[-74.682868,40.301893]],[[-74.614053,40.371897],[-74.612696,40.371594],[-74.611336,40.371291],[-74.611364,40.371357],[-74.611661,40.372024],[-74.612434,40.373646],[-74.612525,40.373837],[-74.612643,40.374077],[-74.61349,40.37386],[-74.613631,40.373828],[-74.613886,40.373784],[-74.614154,40.373763],[-74.614103,40.372652],[-74.614053,40.371897]],[[-74.656267,40.344057],[-74.653235,40.345431],[-74.653196,40.345451],[-74.653223,40.345487],[-74.653345,40.345586],[-74.653787,40.346148],[-74.653897,40.346289],[-74.654248,40.346736],[-74.655029,40.347821],[-74.655108,40.34793],[-74.655346,40.34826],[-74.656244,40.349397],[-74.653502,40.350366],[-74.652521,40.350712],[-74.652045,40.35088],[-74.652301,40.351419],[-74.652506,40.351853],[-74.652228,40.351936],[-74.650898,40.352335],[-74.650206,40.352542],[-74.650297,40.352814],[-74.649899,40.353183],[-74.650329,40.354329],[-74.650169,40.35514],[-74.6501,40.355161],[-74.650262,40.355652],[-74.650449,40.356223],[-74.650524,40.356193],[-74.650801,40.356129],[-74.650916,40.356089],[-74.651009,40.356042],[-74.651225,40.355917],[-74.651567,40.355697],[-74.651767,40.355596],[-74.651923,40.355527],[-74.652137,40.355445],[-74.652359,40.355375],[-74.652586,40.355317],[-74.652819,40.355271],[-74.652977,40.355247],[-74.653214,40.355222],[-74.653419,40.355208],[-74.653584,40.355197],[-74.655676,40.353846],[-74.655755,40.353817],[-74.656631,40.353496],[-74.656738,40.353661],[-74.656864,40.353853],[-74.656923,40.353942],[-74.657309,40.353798],[-74.659766,40.356603],[-74.66032,40.356465],[-74.661356,40.356209],[-74.662456,40.355936],[-74.662623,40.356325],[-74.662647,40.35638],[-74.662787,40.356705],[-74.662981,40.357153],[-74.663061,40.357337],[-74.663189,40.357635],[-74.661758,40.357998],[-74.662531,40.359716],[-74.663934,40.359368],[-74.66435,40.36038],[-74.664443,40.360675],[-74.664459,40.360775],[-74.664478,40.36096],[-74.664481,40.360989],[-74.664488,40.361246],[-74.664444,40.361946],[-74.664619,40.361908],[-74.664753,40.361891],[-74.664895,40.361886],[-74.66508,40.3619],[-74.66531,40.361235],[-74.665374,40.361105],[-74.665471,40.360956],[-74.665555,40.360851],[-74.665628,40.360769],[-74.665737,40.360646],[-74.666081,40.360292],[-74.666294,40.360105],[-74.666465,40.359976],[-74.666602,40.359885],[-74.668598,40.358489],[-74.668889,40.358273],[-74.669056,40.358125],[-74.669205,40.357967],[-74.669299,40.357851],[-74.669311,40.357835],[-74.669459,40.357609],[-74.669573,40.357397],[-74.669668,40.357178],[-74.669751,40.356921],[-74.669887,40.356414],[-74.669905,40.356267],[-74.669899,40.356119],[-74.669875,40.355994],[-74.669834,40.355871],[-74.669777,40.355752],[-74.669704,40.355638],[-74.669561,40.355448],[-74.669285,40.355075],[-74.669216,40.354983],[-74.66912,40.354853],[-74.669062,40.354777],[-74.668829,40.354476],[-74.668697,40.354536],[-74.668604,40.354564],[-74.668335,40.354624],[-74.667967,40.354714],[-74.667218,40.354942],[-74.667077,40.354979],[-74.666638,40.355099],[-74.666143,40.355241],[-74.665651,40.35539],[-74.665581,40.355405],[-74.665502,40.355407],[-74.66543,40.355396],[-74.665363,40.355373],[-74.665296,40.355333],[-74.665245,40.355281],[-74.664961,40.354726],[-74.664931,40.354677],[-74.664904,40.354601],[-74.664897,40.354515],[-74.664911,40.354437],[-74.664948,40.354356],[-74.664996,40.354294],[-74.665056,40.354239],[-74.665129,40.354193],[-74.66516,40.354178],[-74.665253,40.354144],[-74.665691,40.35406],[-74.665969,40.353972],[-74.666102,40.353929],[-74.666173,40.353899],[-74.667735,40.353061],[-74.667445,40.352686],[-74.667328,40.352525],[-74.6671,40.352211],[-74.666766,40.351731],[-74.666345,40.351098],[-74.666246,40.350949],[-74.665718,40.350159],[-74.665424,40.34972],[-74.664496,40.348331],[-74.664429,40.348232],[-74.664222,40.348385],[-74.664154,40.348423],[-74.663731,40.348549],[-74.66306,40.348746],[-74.662435,40.348925],[-74.661688,40.349135],[-74.661079,40.349306],[-74.66094,40.349345],[-74.660335,40.348631],[-74.660111,40.348629],[-74.659859,40.348675],[-74.659221,40.347974],[-74.658917,40.347308],[-74.658667,40.347052],[-74.658544,40.346734],[-74.658134,40.346575],[-74.656267,40.344057]]]]}},{"type":"Feature","properties":{"zip":"08528","name":"08528"},"geometry":{"type":"MultiPolygon","coordinates":[[[[-74.612696,40.371594],[-74.614053,40.371897],[-74.614103,40.372652],[-74.614154,40.373763],[-74.613886,40.373784],[-74.613631,40.373828],[-74.61349,40.37386],[-74.612643,40.374077],[-74.612525,40.373837],[-74.612434,40.373646],[-74.611661,40.372024],[-74.611364,40.371357],[-74.611336,40.371291],[-74.612696,40.371594]]],[[[-74.628008,40.398176],[-74.628095,40.398448],[-74.62816,40.398557],[-74.628232,40.398662],[-74.628355,40.398777],[-74.628377,40.398785],[-74.628556,40.398853],[-74.628906,40.399067],[-74.629139,40.399209],[-74.629149,40.399392],[-74.629154,40.399472],[-74.629048,40.399461],[-74.628182,40.399395],[-74.627535,40.399358],[-74.627344,40.39935],[-74.627152,40.399341],[-74.626987,40.399355],[-74.626846,40.399379],[-74.626475,40.399472],[-74.626083,40.399599],[-74.62583,40.399648],[-74.625578,40.399672],[-74.625389,40.399678],[-74.625189,40.399669],[-74.625004,40.399642],[-74.624699,40.399571],[-74.62455,40.399524],[-74.62437,40.399445],[-74.623339,40.398941],[-74.62259,40.398641],[-74.62179,40.3984],[-74.620266,40.39797],[-74.619588,40.397788],[-74.619206,40.397746],[-74.619214,40.397202],[-74.6192,40.397063],[-74.619159,40.39693],[-74.618922,40.396308],[-74.618829,40.39605],[-74.619179,40.395929],[-74.619513,40.395512],[-74.619751,40.395213],[-74.619774,40.395154],[-74.619797,40.394905],[-74.619823,40.394807],[-74.62001,40.394339],[-74.620026,40.394276],[-74.620065,40.394227],[-74.620115,40.394204],[-74.6208,40.394012],[-74.62177,40.393728],[-74.622998,40.393351],[-74.623129,40.393284],[-74.623282,40.393182],[-74.623402,40.393059],[-74.623458,40.39298],[-74.623517,40.392835],[-74.623544,40.392674],[-74.623532,40.392544],[-74.62351,40.392476],[-74.623386,40.392212],[-74.622081,40.390531],[-74.622051,40.39047],[-74.621737,40.389527],[-74.621625,40.389238],[-74.621592,40.389179],[-74.621446,40.389003],[-74.621375,40.388947],[-74.621267,40.38888],[-74.621144,40.388828],[-74.620916,40.388764],[-74.620759,40.388742],[-74.620624,40.388738],[-74.620397,40.388749],[-74.620072,40.388781],[-74.619007,40.389039],[-74.618742,40.389134],[-74.618186,40.389369],[-74.617958,40.389496],[-74.617723,40.389642],[-74.617409,40.38983],[-74.617231,40.389904],[-74.617058,40.389968],[-74.616964,40.38999],[-74.616659,40.390008],[-74.616359,40.390026],[-74.616225,40.390044],[-74.616055,40.390082],[-74.615559,40.390126],[-74.614327,40.390412],[-74.614016,40.3904],[-74.613906,40.390337],[-74.613846,40.390289],[-74.613779,40.39021],[-74.613767,40.390176],[-74.613753,40.390139],[-74.613741,40.390039],[-74.613767,40.389387],[-74.613756,40.389268],[-74.613726,40.38913],[-74.613607,40.388794],[-74.613054,40.387509],[-74.612785,40.386932],[-74.612692,40.386787],[-74.612502,40.386585],[-74.612292,40.386427],[-74.612009,40.386244],[-74.611882,40.386177],[-74.611605,40.386068],[-74.611363,40.386005],[-74.611038,40.385966],[-74.610713,40.385955],[-74.610421,40.385981],[-74.610134,40.386029],[-74.60994,40.386089],[-74.609764,40.386164],[-74.609555,40.386266],[-74.609342,40.386398],[-74.610144,40.385757],[-74.611959,40.379171],[-74.611496,40.379053],[-74.611748,40.378313],[-74.611826,40.378129],[-74.611899,40.378031],[-74.612004,40.377943],[-74.612262,40.377819],[-74.611661,40.377116],[-74.611398,40.37678],[-74.611278,40.37668],[-74.61122,40.376607],[-74.612951,40.375782],[-74.6134,40.37562],[-74.614181,40.375338],[-74.614387,40.375264],[-74.614608,40.375196],[-74.614956,40.375088],[-74.615261,40.374993],[-74.61573,40.374848],[-74.61597,40.374774],[-74.616232,40.374693],[-74.616402,40.374663],[-74.617322,40.374502],[-74.617393,40.37449],[-74.617733,40.374495],[-74.617891,40.374497],[-74.617958,40.374498],[-74.618014,40.374499],[-74.618081,40.3745],[-74.618293,40.374502],[-74.618411,40.374503],[-74.618485,40.374504],[-74.618559,40.374505],[-74.618844,40.374509],[-74.619089,40.374476],[-74.619311,40.374446],[-74.619526,40.374414],[-74.619591,40.374397],[-74.619527,40.374545],[-74.61951,40.374583],[-74.619438,40.374654],[-74.619393,40.374698],[-74.619366,40.374724],[-74.619312,40.374777],[-74.619258,40.37483],[-74.619155,40.374921],[-74.61864,40.375693],[-74.618531,40.37587],[-74.618444,40.375998],[-74.618439,40.376006],[-74.618426,40.376024],[-74.618227,40.376289],[-74.617865,40.376801],[-74.617834,40.376861],[-74.617692,40.377133],[-74.617592,40.377324],[-74.617531,40.377523],[-74.617508,40.377596],[-74.617525,40.377862],[-74.617564,40.378003],[-74.617655,40.378227],[-74.617719,40.378422],[-74.617914,40.379139],[-74.618074,40.379515],[-74.618148,40.37969],[-74.618429,40.380116],[-74.618495,40.380217],[-74.618777,40.380552],[-74.618781,40.380556],[-74.618785,40.380561],[-74.618789,40.380566],[-74.618793,40.380571],[-74.618797,40.380576],[-74.618801,40.380581],[-74.618805,40.380586],[-74.618809,40.380591],[-74.618813,40.380596],[-74.618817,40.380601],[-74.618821,40.380606],[-74.619315,40.381196],[-74.6196,40.381522],[-74.620385,40.38242],[-74.621105,40.383187],[-74.621161,40.383247],[-74.621174,40.383263],[-74.621178,40.383267],[-74.621374,40.383496],[-74.621702,40.383745],[-74.621892,40.383876],[-74.622292,40.384077],[-74.622426,40.384144],[-74.622457,40.38416],[-74.622545,40.384211],[-74.622572,40.384227],[-74.622644,40.384283],[-74.622744,40.384421],[-74.622916,40.384659],[-74.623454,40.385443],[-74.62389,40.386064],[-74.624281,40.386671],[-74.624301,40.386815],[-74.62434,40.387096],[-74.624418,40.388212],[-74.624446,40.388311],[-74.624576,40.388759],[-74.624596,40.388827],[-74.624885,40.388772],[-74.625116,40.388739],[-74.625411,40.388728],[-74.625618,40.388747],[-74.625698,40.388754],[-74.625957,40.388902],[-74.626058,40.389127],[-74.626081,40.389314],[-74.626067,40.389544],[-74.626032,40.38983],[-74.62601,40.390138],[-74.626027,40.390472],[-74.626036,40.390807],[-74.62611,40.39137],[-74.626157,40.391572],[-74.626261,40.392414],[-74.626275,40.392544],[-74.62629,40.392673],[-74.626315,40.392893],[-74.626331,40.393058],[-74.626373,40.393344],[-74.626448,40.393618],[-74.626541,40.393766],[-74.626722,40.394167],[-74.626822,40.394402],[-74.626867,40.394507],[-74.627038,40.395047],[-74.627151,40.395385],[-74.627228,40.395657],[-74.627249,40.395752],[-74.627296,40.395901],[-74.627348,40.396057],[-74.627448,40.396356],[-74.627665,40.397043],[-74.627891,40.39786],[-74.628008,40.398176]]]]}},{"type":"Feature","properties":{"zip":"07960","name":"07960"},"geometry":{"type":"Polygon","coordinates":[[[-74.505328,40.837961],[-74.503036,40.8364],[-74.502862,40.836278],[-74.502768,40.836217],[-74.502665,40.836152],[-74.502366,40.83599],[-74.502186,40.8359],[-74.502043,40.835828],[-74.50175,40.835701],[-74.501608,40.835648],[-74.501326,40.835559],[-74.501001,40.835469],[-74.499568,40.835109],[-74.499375,40.835054],[-74.499078,40.834952],[-74.498966,40.834913],[-74.497589,40.834338],[-74.4956,40.833546],[-74.495255,40.833446],[-74.495002,40.833395],[-74.494813,40.833371],[-74.494661,40.833357],[-74.494579,40.83335],[-74.494376,40.833348],[-74.494145,40.833345],[-74.49385,40.83336],[-74.493653,40.83337],[-74.493499,40.833381],[-74.492738,40.833433],[-74.49274,40.833387],[-74.49277,40.833352],[-74.493287,40.832767],[-74.493684,40.832318],[-74.49382,40.832168],[-74.493936,40.832032],[-74.494708,40.83081],[-74.495223,40.829994],[-74.495265,40.829929],[-74.494825,40.829646],[-74.494359,40.829346],[-74.49473,40.828608],[-74.494758,40.82854],[-74.495845,40.826861],[-74.495688,40.826661],[-74.495438,40.826342],[-74.495466,40.826305],[-74.49549,40.826267],[-74.495507,40.826235],[-74.495523,40.826195],[-74.495532,40.826161],[-74.495544,40.826121],[-74.495542,40.826076],[-74.49554,40.826034],[-74.495528,40.825975],[-74.495504,40.82591],[-74.495468,40.825847],[-74.495425,40.825794],[-74.495335,40.825499],[-74.495362,40.825454],[-74.495476,40.825246],[-74.495325,40.825204],[-74.495111,40.82513],[-74.494618,40.824951],[-74.494051,40.824769],[-74.493932,40.82473],[-74.493981,40.824593],[-74.493984,40.824552],[-74.493979,40.824527],[-74.493911,40.824349],[-74.493856,40.824208],[-74.493648,40.823918],[-74.493569,40.823787],[-74.493517,40.823671],[-74.493498,40.823575],[-74.493496,40.823456],[-74.493519,40.823302],[-74.493554,40.823182],[-74.493578,40.823126],[-74.493558,40.823119],[-74.493481,40.823098],[-74.493402,40.823087],[-74.493331,40.823055],[-74.493242,40.822963],[-74.493267,40.822905],[-74.493279,40.822843],[-74.493282,40.822781],[-74.493275,40.822536],[-74.493281,40.822465],[-74.493285,40.822413],[-74.493296,40.822353],[-74.493338,40.822233],[-74.493348,40.822173],[-74.49334,40.822112],[-74.493322,40.822051],[-74.493296,40.821993],[-74.493255,40.82194],[-74.493185,40.82191],[-74.493102,40.821916],[-74.493026,40.8219],[-74.492904,40.82182],[-74.492849,40.821773],[-74.492803,40.821724],[-74.492761,40.82167],[-74.492712,40.821621],[-74.492645,40.821589],[-74.492564,40.821587],[-74.492374,40.821611],[-74.492367,40.82155],[-74.492341,40.82149],[-74.492232,40.821327],[-74.492201,40.821271],[-74.492183,40.82121],[-74.492173,40.821149],[-74.492164,40.821027],[-74.492166,40.820904],[-74.492186,40.820781],[-74.492211,40.820722],[-74.492248,40.820668],[-74.492292,40.820617],[-74.49244,40.820471],[-74.492704,40.820321],[-74.492774,40.820291],[-74.492924,40.820244],[-74.493078,40.820205],[-74.493106,40.820146],[-74.493095,40.820081],[-74.493163,40.820054],[-74.493243,40.820044],[-74.49332,40.820022],[-74.493379,40.819983],[-74.493418,40.819928],[-74.493438,40.819868],[-74.493428,40.819807],[-74.493346,40.8198],[-74.493266,40.819804],[-74.493187,40.819795],[-74.493115,40.819767],[-74.493061,40.81972],[-74.493059,40.819659],[-74.493092,40.819603],[-74.493176,40.819499],[-74.493201,40.81944],[-74.493216,40.819317],[-74.493247,40.81926],[-74.493327,40.819243],[-74.493488,40.819238],[-74.493565,40.819222],[-74.493598,40.819168],[-74.49361,40.819088],[-74.493319,40.819107],[-74.492995,40.819138],[-74.492806,40.819167],[-74.492748,40.818989],[-74.492712,40.818767],[-74.492667,40.818586],[-74.492665,40.818525],[-74.492672,40.818485],[-74.492741,40.818337],[-74.492788,40.818262],[-74.492822,40.818184],[-74.492873,40.817966],[-74.492887,40.817702],[-74.492918,40.817563],[-74.493123,40.817034],[-74.49331,40.816567],[-74.493686,40.815634],[-74.493711,40.815556],[-74.493734,40.815384],[-74.493733,40.815261],[-74.493714,40.815125],[-74.493678,40.815018],[-74.493593,40.814867],[-74.493483,40.814695],[-74.493373,40.814472],[-74.49323,40.814181],[-74.493179,40.814001],[-74.492602,40.813974],[-74.49205,40.813964],[-74.490503,40.813997],[-74.490366,40.813993],[-74.490331,40.813992],[-74.490295,40.813986],[-74.49003,40.81399],[-74.49004,40.814051],[-74.489911,40.814124],[-74.489852,40.814168],[-74.489749,40.814262],[-74.489693,40.814305],[-74.489508,40.814426],[-74.489457,40.814473],[-74.489418,40.814528],[-74.489371,40.814577],[-74.489309,40.814618],[-74.489253,40.814662],[-74.489183,40.814693],[-74.489121,40.814733],[-74.489048,40.814754],[-74.488967,40.81476],[-74.488806,40.814763],[-74.488659,40.814816],[-74.488453,40.814913],[-74.48838,40.81494],[-74.488245,40.815007],[-74.48813,40.815092],[-74.488051,40.815106],[-74.487986,40.81507],[-74.487914,40.815044],[-74.487852,40.815045],[-74.487847,40.815198],[-74.487859,40.815259],[-74.487927,40.815295],[-74.487973,40.815344],[-74.487999,40.815402],[-74.488004,40.815464],[-74.487928,40.815573],[-74.487927,40.815635],[-74.487932,40.815696],[-74.487926,40.815757],[-74.487895,40.815814],[-74.487853,40.815867],[-74.4878,40.815914],[-74.487741,40.815955],[-74.487674,40.815989],[-74.487603,40.816019],[-74.487539,40.816056],[-74.487511,40.816113],[-74.487547,40.816168],[-74.487601,40.816213],[-74.487664,40.816251],[-74.487736,40.816281],[-74.487759,40.816339],[-74.487736,40.816399],[-74.4877,40.816454],[-74.487672,40.816511],[-74.487663,40.816572],[-74.48767,40.816697],[-74.487653,40.816757],[-74.487646,40.816817],[-74.487653,40.816941],[-74.487638,40.817003],[-74.487599,40.817056],[-74.487546,40.817101],[-74.487535,40.817163],[-74.487536,40.817224],[-74.487486,40.817271],[-74.487422,40.817311],[-74.487318,40.817405],[-74.487092,40.817581],[-74.486988,40.817675],[-74.486929,40.817716],[-74.486856,40.81774],[-74.486774,40.817729],[-74.486693,40.817729],[-74.486632,40.817732],[-74.484969,40.817551],[-74.484358,40.817359],[-74.484176,40.817439],[-74.484096,40.817484],[-74.484027,40.817532],[-74.483967,40.817576],[-74.483822,40.817669],[-74.483665,40.817721],[-74.48356,40.817739],[-74.483451,40.817739],[-74.483344,40.817728],[-74.483101,40.817687],[-74.482821,40.818053],[-74.482756,40.81814],[-74.482698,40.818226],[-74.482671,40.818204],[-74.482448,40.817992],[-74.482344,40.817893],[-74.482301,40.818084],[-74.482298,40.8181],[-74.482237,40.818375],[-74.482136,40.818833],[-74.482046,40.819219],[-74.481949,40.819628],[-74.481877,40.819937],[-74.481182,40.819834],[-74.478577,40.819424],[-74.478373,40.819399],[-74.478336,40.819412],[-74.478303,40.819452],[-74.478279,40.819491],[-74.478182,40.819792],[-74.478152,40.819922],[-74.478147,40.820024],[-74.478177,40.820079],[-74.478225,40.820129],[-74.477249,40.820147],[-74.477355,40.821114],[-74.477363,40.821194],[-74.476509,40.821113],[-74.476412,40.8211],[-74.476318,40.821086],[-74.476161,40.821052],[-74.476017,40.821014],[-74.475875,40.820969],[-74.475639,40.820887],[-74.475449,40.820795],[-74.475196,40.820653],[-74.475093,40.820591],[-74.474949,40.820482],[-74.47486,40.820404],[-74.47475,40.820309],[-74.474574,40.820092],[-74.474497,40.819972],[-74.474446,40.819865],[-74.474431,40.819813],[-74.4744,40.819705],[-74.474373,40.819294],[-74.474369,40.819151],[-74.474352,40.818985],[-74.474344,40.818957],[-74.474167,40.818256],[-74.474036,40.817771],[-74.473883,40.817343],[-74.473708,40.816905],[-74.473611,40.816692],[-74.473086,40.815904],[-74.472942,40.815669],[-74.472397,40.814867],[-74.472113,40.814468],[-74.471666,40.813923],[-74.471556,40.813802],[-74.471357,40.8136],[-74.470902,40.813165],[-74.470662,40.812927],[-74.46951,40.81181],[-74.469326,40.81166],[-74.469145,40.811511],[-74.468742,40.811168],[-74.468587,40.811041],[-74.46816,40.810704],[-74.468096,40.810658],[-74.467781,40.810433],[-74.46747,40.81022],[-74.467164,40.81003],[-74.467035,40.809953],[-74.466889,40.809866],[-74.466551,40.809672],[-74.465764,40.809217],[-74.464545,40.808523],[-74.46235,40.807323],[-74.462091,40.807193],[-74.461764,40.80703],[-74.460924,40.806622],[-74.460589,40.806476],[-74.460359,40.806385],[-74.460216,40.806334],[-74.459968,40.806254],[-74.459703,40.806181],[-74.459484,40.806121],[-74.4592,40.806052],[-74.458514,40.805898],[-74.4583,40.805855],[-74.455952,40.806189],[-74.455742,40.806191],[-74.455383,40.806195],[-74.455208,40.806102],[-74.455032,40.806018],[-74.454342,40.805687],[-74.453949,40.805685],[-74.453473,40.805671],[-74.452739,40.805638],[-74.452056,40.805601],[-74.4519,40.805598],[-74.451777,40.805595],[-74.451634,40.805598],[-74.451293,40.805622],[-74.450685,40.805676],[-74.449537,40.805778],[-74.44915,40.805807],[-74.448986,40.805812],[-74.448831,40.805812],[-74.448547,40.805798],[-74.447884,40.805752],[-74.447654,40.805741],[-74.447546,40.805744],[-74.447294,40.805766],[-74.447109,40.80579],[-74.446826,40.805827],[-74.446712,40.805874],[-74.446645,40.805893],[-74.446575,40.805908],[-74.446504,40.805917],[-74.446432,40.805925],[-74.446361,40.80593],[-74.446216,40.805935],[-74.446145,40.805942],[-74.445998,40.805971],[-74.445939,40.805991],[-74.445815,40.806048],[-74.445701,40.806116],[-74.445601,40.806194],[-74.445424,40.806373],[-74.445293,40.806496],[-74.445238,40.806542],[-74.44512,40.806601],[-74.444943,40.806689],[-74.444896,40.806713],[-74.444817,40.806738],[-74.444318,40.807131],[-74.444107,40.807279],[-74.443812,40.807496],[-74.443516,40.807706],[-74.443228,40.8079],[-74.443113,40.807967],[-74.442913,40.808062],[-74.442736,40.808128],[-74.4426,40.808167],[-74.442393,40.808212],[-74.442178,40.808236],[-74.441023,40.808292],[-74.440858,40.808116],[-74.440675,40.807949],[-74.440166,40.807562],[-74.440008,40.807439],[-74.439617,40.807117],[-74.439279,40.806848],[-74.439157,40.806761],[-74.43904,40.806686],[-74.43892,40.806617],[-74.438655,40.806481],[-74.438528,40.806423],[-74.438308,40.806333],[-74.437278,40.805917],[-74.436043,40.805428],[-74.435893,40.805369],[-74.435704,40.805284],[-74.435642,40.805249],[-74.435516,40.805177],[-74.435394,40.805095],[-74.435282,40.805011],[-74.435055,40.804819],[-74.433545,40.803463],[-74.43342,40.803344],[-74.432872,40.803447],[-74.431813,40.803645],[-74.431557,40.803579],[-74.429102,40.802948],[-74.425085,40.803149],[-74.421261,40.806351],[-74.41714,40.804853],[-74.417994,40.803804],[-74.417775,40.80371],[-74.41734,40.803551],[-74.417138,40.803451],[-74.416951,40.803335],[-74.416885,40.803301],[-74.416814,40.803274],[-74.416738,40.803254],[-74.416582,40.803228],[-74.416507,40.803206],[-74.416373,40.803139],[-74.416087,40.803028],[-74.415741,40.802876],[-74.415311,40.80271],[-74.414967,40.802556],[-74.414601,40.802429],[-74.414459,40.802371],[-74.414313,40.802322],[-74.414244,40.802292],[-74.414184,40.802253],[-74.414148,40.802209],[-74.414141,40.8022],[-74.414088,40.802155],[-74.413922,40.802101],[-74.41391,40.802114],[-74.413009,40.801756],[-74.410545,40.803554],[-74.407525,40.802136],[-74.40736,40.802026],[-74.40394,40.800385],[-74.404344,40.799927],[-74.404547,40.799664],[-74.404662,40.79956],[-74.404802,40.799429],[-74.404961,40.799214],[-74.405007,40.799166],[-74.405112,40.799074],[-74.405199,40.798905],[-74.405239,40.798851],[-74.405421,40.798649],[-74.405512,40.798588],[-74.405542,40.798569],[-74.405603,40.79851],[-74.405749,40.798226],[-74.405792,40.798174],[-74.40584,40.798126],[-74.40595,40.798036],[-74.406097,40.797892],[-74.406267,40.797763],[-74.406315,40.797715],[-74.406355,40.797662],[-74.406388,40.79759],[-74.406408,40.797549],[-74.406453,40.797499],[-74.40649,40.797475],[-74.406569,40.797414],[-74.406614,40.797362],[-74.40668,40.797259],[-74.406739,40.797192],[-74.406882,40.797063],[-74.40697,40.796961],[-74.407108,40.796742],[-74.407151,40.796688],[-74.407245,40.79659],[-74.407354,40.796429],[-74.407402,40.796379],[-74.407761,40.79605],[-74.407927,40.795834],[-74.408004,40.795735],[-74.408106,40.795641],[-74.408242,40.795489],[-74.408423,40.795218],[-74.408637,40.794961],[-74.408789,40.794819],[-74.408829,40.794767],[-74.408858,40.794709],[-74.40888,40.794652],[-74.408925,40.794602],[-74.408997,40.794492],[-74.409281,40.794198],[-74.409552,40.793974],[-74.409645,40.793876],[-74.409765,40.793716],[-74.410236,40.793224],[-74.4104,40.79309],[-74.410446,40.79304],[-74.410486,40.792986],[-74.410535,40.792899],[-74.410589,40.792823],[-74.410686,40.792725],[-74.410739,40.792681],[-74.41077,40.792649],[-74.411296,40.792616],[-74.413281,40.792488],[-74.415131,40.792368],[-74.417176,40.792237],[-74.41865,40.792142],[-74.419299,40.7921],[-74.419434,40.79211],[-74.420316,40.792035],[-74.421936,40.79193],[-74.422064,40.791922],[-74.422469,40.791896],[-74.422859,40.791863],[-74.422882,40.791866],[-74.422901,40.791868],[-74.422955,40.791873],[-74.422996,40.791862],[-74.423014,40.791866],[-74.423115,40.791854],[-74.423388,40.791843],[-74.423491,40.79183],[-74.423805,40.79181],[-74.424083,40.791792],[-74.424839,40.791741],[-74.426489,40.791632],[-74.426703,40.791618],[-74.427027,40.791598],[-74.427461,40.791571],[-74.429588,40.791438],[-74.429959,40.791413],[-74.430085,40.791405],[-74.434244,40.791137],[-74.434159,40.790822],[-74.434585,40.789906],[-74.434257,40.790115],[-74.434161,40.790154],[-74.434086,40.790174],[-74.433989,40.790194],[-74.433857,40.789698],[-74.433599,40.788593],[-74.433529,40.788327],[-74.433476,40.788168],[-74.433405,40.788012],[-74.433316,40.787862],[-74.432547,40.786713],[-74.431438,40.785134],[-74.431356,40.785009],[-74.43134,40.784985],[-74.431546,40.784905],[-74.432209,40.784672],[-74.432336,40.784637],[-74.434029,40.784211],[-74.434217,40.784172],[-74.434811,40.784071],[-74.434874,40.784053],[-74.435001,40.784008],[-74.435554,40.783763],[-74.435701,40.78371],[-74.435879,40.783668],[-74.436699,40.783506],[-74.437356,40.783362],[-74.437501,40.783335],[-74.437702,40.783309],[-74.438255,40.782203],[-74.438698,40.781306],[-74.438686,40.781308],[-74.438524,40.781301],[-74.437485,40.781214],[-74.436677,40.781159],[-74.436157,40.781111],[-74.436053,40.781088],[-74.435988,40.781064],[-74.435911,40.781017],[-74.435904,40.781009],[-74.435759,40.78095],[-74.435678,40.780926],[-74.435417,40.780865],[-74.435345,40.780863],[-74.435315,40.780866],[-74.435336,40.780813],[-74.435376,40.780768],[-74.435465,40.780707],[-74.434962,40.778736],[-74.436176,40.778112],[-74.437633,40.776874],[-74.438712,40.776028],[-74.438897,40.776142],[-74.439325,40.776424],[-74.440553,40.777214],[-74.440684,40.777298],[-74.441581,40.777875],[-74.44159,40.775875],[-74.442447,40.775201],[-74.441924,40.774896],[-74.44189,40.774875],[-74.44358,40.771694],[-74.444606,40.769763],[-74.445808,40.766963],[-74.445893,40.766765],[-74.446251,40.765931],[-74.446041,40.765785],[-74.445813,40.765596],[-74.445592,40.765823],[-74.445309,40.766094],[-74.444842,40.76653],[-74.444261,40.767091],[-74.443772,40.767548],[-74.443004,40.767996],[-74.442587,40.768258],[-74.44252,40.768324],[-74.442108,40.768729],[-74.441137,40.769777],[-74.440025,40.768905],[-74.438353,40.767594],[-74.437062,40.766582],[-74.436982,40.766519],[-74.436838,40.766407],[-74.436383,40.76605],[-74.436439,40.765874],[-74.437057,40.763909],[-74.437574,40.762266],[-74.437981,40.760971],[-74.438415,40.759591],[-74.438718,40.758626],[-74.438976,40.757805],[-74.439007,40.757706],[-74.439062,40.757533],[-74.439844,40.755025],[-74.439967,40.754653],[-74.438988,40.754019],[-74.438451,40.753671],[-74.438268,40.753552],[-74.438234,40.753529],[-74.438258,40.753522],[-74.438501,40.753471],[-74.438505,40.753384],[-74.438534,40.753508],[-74.438613,40.753582],[-74.438658,40.75363],[-74.439035,40.753681],[-74.439548,40.753724],[-74.44007,40.753761],[-74.440506,40.753782],[-74.440863,40.753778],[-74.441088,40.753758],[-74.441272,40.753731],[-74.441669,40.753651],[-74.442166,40.75354],[-74.443042,40.753355],[-74.445935,40.752729],[-74.446601,40.752591],[-74.446842,40.752551],[-74.447068,40.752552],[-74.447196,40.75256],[-74.447411,40.752591],[-74.447588,40.752632],[-74.448081,40.752746],[-74.4487,40.752878],[-74.449677,40.753066],[-74.450687,40.753242],[-74.45078,40.753256],[-74.45117,40.753284],[-74.451305,40.753285],[-74.451434,40.75328],[-74.451577,40.753269],[-74.452317,40.753182],[-74.452402,40.753142],[-74.452454,40.753094],[-74.452607,40.752626],[-74.453426,40.750235],[-74.454013,40.748573],[-74.454129,40.748245],[-74.454288,40.747769],[-74.454367,40.747534],[-74.454456,40.747255],[-74.454734,40.746282],[-74.454747,40.746246],[-74.4554,40.744427],[-74.455836,40.743224],[-74.456046,40.742642],[-74.456245,40.742125],[-74.456371,40.741832],[-74.456746,40.740854],[-74.456848,40.740932],[-74.457663,40.741495],[-74.457792,40.741592],[-74.457921,40.741696],[-74.458002,40.741777],[-74.458091,40.741875],[-74.45823,40.742059],[-74.458326,40.742216],[-74.458397,40.742345],[-74.458482,40.742521],[-74.458543,40.74266],[-74.458591,40.742798],[-74.458637,40.742887],[-74.458709,40.743008],[-74.458793,40.743121],[-74.45891,40.743261],[-74.458975,40.743326],[-74.459039,40.743375],[-74.459105,40.743408],[-74.459157,40.743428],[-74.45915,40.743411],[-74.458984,40.742647],[-74.458924,40.741915],[-74.458686,40.741457],[-74.458682,40.741243],[-74.458786,40.740771],[-74.458744,40.740303],[-74.458797,40.73992],[-74.458658,40.739731],[-74.458654,40.73962],[-74.458649,40.739575],[-74.458845,40.739612],[-74.459172,40.739681],[-74.459511,40.739761],[-74.459773,40.739828],[-74.460133,40.739926],[-74.460421,40.739999],[-74.460683,40.740053],[-74.460831,40.740073],[-74.460951,40.740081],[-74.461079,40.740083],[-74.461229,40.740076],[-74.461356,40.740065],[-74.462328,40.739945],[-74.462484,40.739917],[-74.462693,40.739867],[-74.463076,40.739763],[-74.463637,40.73959],[-74.464071,40.739474],[-74.464236,40.739442],[-74.464394,40.73942],[-74.464566,40.739409],[-74.464824,40.739409],[-74.464998,40.739422],[-74.465115,40.739436],[-74.465315,40.739474],[-74.465348,40.739483],[-74.46546,40.739514],[-74.465661,40.739576],[-74.46572,40.739604],[-74.465817,40.739644],[-74.465945,40.739711],[-74.466133,40.739826],[-74.466217,40.739886],[-74.466346,40.739988],[-74.466537,40.740163],[-74.466826,40.740427],[-74.467208,40.740756],[-74.467507,40.740998],[-74.467685,40.741142],[-74.467802,40.741222],[-74.467903,40.741282],[-74.468074,40.74137],[-74.468183,40.741411],[-74.468229,40.741425],[-74.468409,40.741479],[-74.468751,40.741561],[-74.469154,40.741663],[-74.469961,40.741867],[-74.470016,40.741881],[-74.470448,40.741986],[-74.470611,40.742017],[-74.470792,40.74204],[-74.470885,40.742043],[-74.471094,40.742052],[-74.471533,40.742055],[-74.472788,40.742064],[-74.473026,40.742059],[-74.473467,40.742061],[-74.475141,40.742053],[-74.475612,40.742048],[-74.476434,40.74204],[-74.476659,40.742038],[-74.47683,40.742041],[-74.476889,40.742042],[-74.476973,40.742043],[-74.477225,40.742047],[-74.477646,40.742054],[-74.478455,40.742066],[-74.478953,40.742092],[-74.479356,40.742126],[-74.479601,40.742149],[-74.479633,40.742152],[-74.480438,40.74222],[-74.481322,40.742294],[-74.481837,40.742332],[-74.482352,40.742371],[-74.482519,40.742384],[-74.482689,40.742397],[-74.482877,40.742413],[-74.484012,40.742506],[-74.484388,40.742537],[-74.485169,40.742599],[-74.4853,40.74261],[-74.486103,40.742664],[-74.486472,40.742676],[-74.486551,40.742679],[-74.486912,40.742673],[-74.487324,40.742653],[-74.487792,40.742632],[-74.487957,40.742618],[-74.488306,40.742596],[-74.488556,40.742588],[-74.488714,40.742595],[-74.489034,40.742635],[-74.489638,40.742735],[-74.490234,40.742839],[-74.490432,40.742881],[-74.490696,40.742937],[-74.491548,40.743174],[-74.493434,40.743744],[-74.493701,40.743841],[-74.493758,40.744003],[-74.493767,40.744058],[-74.493985,40.744655],[-74.494141,40.745099],[-74.494568,40.746452],[-74.495311,40.746242],[-74.496607,40.745902],[-74.496639,40.745892],[-74.496713,40.745869],[-74.496797,40.745839],[-74.496882,40.745793],[-74.496991,40.745716],[-74.497059,40.745655],[-74.497123,40.745585],[-74.49727,40.745425],[-74.497647,40.74499],[-74.497836,40.744761],[-74.498119,40.744443],[-74.498255,40.744292],[-74.498533,40.743989],[-74.498667,40.743844],[-74.499628,40.742874],[-74.500239,40.742285],[-74.50056,40.742011],[-74.500804,40.741814],[-74.501406,40.741368],[-74.501889,40.741023],[-74.503229,40.740061],[-74.505536,40.738317],[-74.50613,40.737896],[-74.50677,40.737451],[-74.507267,40.7371],[-74.507961,40.736611],[-74.508523,40.736208],[-74.509202,40.735734],[-74.510024,40.735146],[-74.510179,40.735017],[-74.510342,40.734842],[-74.510472,40.734665],[-74.510956,40.734922],[-74.511115,40.735015],[-74.511318,40.735148],[-74.511693,40.735405],[-74.511844,40.735508],[-74.512026,40.735649],[-74.51233,40.73586],[-74.512532,40.73598],[-74.512656,40.736064],[-74.512728,40.736112],[-74.512866,40.736216],[-74.513291,40.736515],[-74.513403,40.736594],[-74.513897,40.736972],[-74.513922,40.736991],[-74.514138,40.737142],[-74.514282,40.737229],[-74.514415,40.737292],[-74.514631,40.737366],[-74.514777,40.737411],[-74.515132,40.737498],[-74.515332,40.737551],[-74.51581,40.737657],[-74.516251,40.73773],[-74.516317,40.737743],[-74.516466,40.737775],[-74.516708,40.737846],[-74.516761,40.737866],[-74.51707,40.737984],[-74.517255,40.738043],[-74.51755,40.73813],[-74.517693,40.738164],[-74.518083,40.738243],[-74.519,40.738379],[-74.519259,40.738429],[-74.520044,40.738606],[-74.520153,40.738631],[-74.520258,40.738644],[-74.520357,40.738657],[-74.520604,40.738677],[-74.520837,40.738685],[-74.52119,40.738698],[-74.521365,40.738704],[-74.521922,40.738732],[-74.522199,40.738765],[-74.522238,40.73877],[-74.52234,40.738775],[-74.522397,40.738772],[-74.522473,40.73877],[-74.522558,40.738758],[-74.522642,40.738739],[-74.522729,40.738707],[-74.522919,40.738593],[-74.523574,40.738141],[-74.523685,40.738054],[-74.523754,40.738004],[-74.524055,40.737788],[-74.524355,40.737566],[-74.52457,40.737408],[-74.524808,40.737224],[-74.525185,40.736952],[-74.525337,40.736853],[-74.525507,40.736734],[-74.525754,40.736581],[-74.525913,40.736513],[-74.526043,40.736476],[-74.526135,40.736189],[-74.526255,40.735912],[-74.526312,40.735645],[-74.52614,40.735232],[-74.525572,40.734689],[-74.525123,40.734374],[-74.524995,40.734277],[-74.524931,40.734224],[-74.524564,40.733917],[-74.524428,40.733814],[-74.524269,40.733706],[-74.524162,40.733628],[-74.524059,40.733535],[-74.524027,40.733468],[-74.524021,40.733387],[-74.524043,40.733316],[-74.524098,40.733219],[-74.524338,40.73301],[-74.524429,40.732935],[-74.524479,40.732894],[-74.524569,40.732811],[-74.524601,40.732751],[-74.524617,40.732692],[-74.524611,40.732625],[-74.524585,40.732534],[-74.524516,40.732335],[-74.524505,40.732264],[-74.52451,40.7322],[-74.524529,40.732139],[-74.524569,40.732086],[-74.524694,40.731959],[-74.525034,40.731654],[-74.525127,40.731545],[-74.525199,40.731444],[-74.525203,40.731436],[-74.525236,40.731373],[-74.525265,40.731293],[-74.525326,40.730766],[-74.525395,40.730515],[-74.525568,40.730129],[-74.525645,40.729927],[-74.525655,40.729905],[-74.525812,40.729568],[-74.525873,40.729436],[-74.52595,40.729253],[-74.52601,40.729159],[-74.526027,40.729133],[-74.526123,40.728998],[-74.526343,40.728713],[-74.526481,40.728516],[-74.52659,40.72834],[-74.526649,40.728232],[-74.526827,40.72772],[-74.526906,40.727534],[-74.526986,40.727384],[-74.527228,40.726881],[-74.527318,40.726677],[-74.527621,40.726087],[-74.527897,40.725586],[-74.528072,40.725297],[-74.528229,40.725057],[-74.528422,40.724749],[-74.528425,40.724697],[-74.528422,40.724651],[-74.528383,40.724591],[-74.528293,40.724515],[-74.528452,40.724475],[-74.528598,40.724406],[-74.528689,40.724357],[-74.528862,40.724254],[-74.529294,40.723965],[-74.529513,40.723843],[-74.529802,40.723701],[-74.530374,40.723443],[-74.530545,40.72334],[-74.530694,40.723225],[-74.530815,40.723058],[-74.530885,40.722919],[-74.530938,40.722761],[-74.530977,40.72262],[-74.530985,40.7225],[-74.530988,40.72247],[-74.53098,40.722321],[-74.530955,40.722169],[-74.530924,40.722039],[-74.53092,40.721987],[-74.530912,40.721877],[-74.530938,40.721731],[-74.530971,40.721597],[-74.531047,40.721467],[-74.531148,40.721349],[-74.531248,40.721286],[-74.531348,40.721244],[-74.531479,40.721218],[-74.531512,40.721215],[-74.531525,40.721277],[-74.53153,40.721309],[-74.531057,40.722817],[-74.530998,40.723013],[-74.530889,40.72328],[-74.530759,40.72373],[-74.53066,40.723956],[-74.530511,40.724257],[-74.530431,40.724521],[-74.530364,40.724888],[-74.530376,40.72528],[-74.530391,40.725352],[-74.530409,40.725488],[-74.530439,40.725545],[-74.530444,40.725551],[-74.530175,40.725744],[-74.529957,40.725901],[-74.529707,40.726173],[-74.529459,40.726529],[-74.529446,40.726548],[-74.52938,40.726693],[-74.529358,40.726781],[-74.529241,40.727249],[-74.52916,40.727421],[-74.528925,40.727796],[-74.528853,40.728004],[-74.528827,40.728133],[-74.52887,40.728232],[-74.528913,40.728253],[-74.528979,40.728287],[-74.529524,40.728479],[-74.529823,40.728616],[-74.52995,40.728723],[-74.530041,40.728824],[-74.530217,40.729068],[-74.530329,40.729163],[-74.530448,40.729271],[-74.530675,40.729539],[-74.53078,40.729709],[-74.530843,40.729823],[-74.53097,40.730054],[-74.531037,40.730118],[-74.531458,40.730457],[-74.531804,40.730674],[-74.531996,40.730763],[-74.532132,40.730813],[-74.532416,40.730902],[-74.532678,40.730955],[-74.532785,40.730966],[-74.533056,40.73098],[-74.533716,40.73099],[-74.534074,40.730976],[-74.534219,40.730953],[-74.534347,40.730917],[-74.534517,40.730848],[-74.534883,40.730646],[-74.534907,40.730632],[-74.535026,40.7307],[-74.535215,40.730879],[-74.535324,40.730968],[-74.535413,40.731025],[-74.535557,40.731095],[-74.535626,40.731129],[-74.535717,40.731165],[-74.535878,40.731194],[-74.53599,40.731208],[-74.536073,40.73121],[-74.536164,40.731176],[-74.536207,40.731161],[-74.536288,40.731142],[-74.536384,40.731149],[-74.536444,40.731163],[-74.536448,40.731221],[-74.536463,40.731461],[-74.536483,40.731526],[-74.536538,40.731613],[-74.53664,40.73172],[-74.536757,40.731824],[-74.536864,40.731874],[-74.537078,40.731903],[-74.537201,40.731945],[-74.537213,40.731946],[-74.537299,40.731957],[-74.537316,40.731959],[-74.537365,40.731965],[-74.537496,40.731981],[-74.537615,40.732002],[-74.537838,40.732098],[-74.537957,40.73212],[-74.537981,40.732125],[-74.538283,40.732181],[-74.538464,40.732226],[-74.538663,40.732301],[-74.538859,40.732402],[-74.538973,40.732518],[-74.53905,40.73267],[-74.539117,40.73277],[-74.539177,40.73284],[-74.539193,40.732859],[-74.539264,40.732905],[-74.539452,40.732965],[-74.539519,40.732996],[-74.539786,40.733283],[-74.539828,40.733341],[-74.539863,40.733419],[-74.539867,40.733667],[-74.539907,40.733749],[-74.53994,40.733767],[-74.539961,40.733778],[-74.539981,40.733786],[-74.540018,40.733799],[-74.540061,40.733814],[-74.540113,40.733819],[-74.540226,40.73383],[-74.540349,40.733812],[-74.540468,40.733785],[-74.54056,40.733753],[-74.540577,40.73374],[-74.540805,40.733575],[-74.540928,40.733521],[-74.541351,40.733403],[-74.541721,40.733341],[-74.542051,40.733199],[-74.542835,40.733176],[-74.542958,40.733179],[-74.544061,40.733207],[-74.544596,40.733159],[-74.544695,40.733137],[-74.544772,40.733121],[-74.54487,40.733101],[-74.545079,40.733136],[-74.545861,40.733911],[-74.545875,40.733921],[-74.545913,40.733958],[-74.545984,40.734072],[-74.545999,40.734082],[-74.546033,40.734104],[-74.546096,40.734118],[-74.54625,40.734134],[-74.546379,40.73413],[-74.546401,40.734129],[-74.546559,40.73408],[-74.547126,40.733864],[-74.547229,40.733854],[-74.547426,40.733858],[-74.547727,40.733875],[-74.547815,40.73388],[-74.548106,40.733897],[-74.548227,40.73387],[-74.548328,40.733842],[-74.548537,40.733771],[-74.548592,40.733752],[-74.548708,40.73374],[-74.548928,40.733741],[-74.549036,40.733754],[-74.549086,40.73376],[-74.54922,40.733803],[-74.549337,40.73387],[-74.549388,40.733933],[-74.549412,40.734018],[-74.549409,40.734139],[-74.549371,40.734475],[-74.54937,40.734493],[-74.549335,40.734612],[-74.549261,40.734777],[-74.549172,40.734884],[-74.549099,40.734957],[-74.549008,40.735084],[-74.548856,40.735298],[-74.548831,40.735325],[-74.54862,40.735561],[-74.548579,40.735658],[-74.548571,40.735796],[-74.548611,40.735883],[-74.54863,40.735904],[-74.548618,40.735935],[-74.548735,40.735994],[-74.548744,40.736055],[-74.548738,40.736131],[-74.548718,40.736241],[-74.548677,40.73634],[-74.548487,40.736676],[-74.548448,40.736858],[-74.548557,40.73695],[-74.548624,40.737042],[-74.548477,40.737257],[-74.54852,40.737317],[-74.548579,40.73736],[-74.548688,40.737392],[-74.548725,40.737441],[-74.548683,40.737556],[-74.548616,40.737782],[-74.548532,40.737975],[-74.548493,40.738211],[-74.548534,40.738468],[-74.54863,40.73862],[-74.54885,40.738838],[-74.548852,40.738948],[-74.548796,40.739041],[-74.548763,40.739145],[-74.548765,40.739315],[-74.548841,40.739517],[-74.54896,40.739746],[-74.54908,40.740052],[-74.549122,40.740396],[-74.549016,40.74068],[-74.54901,40.740697],[-74.548989,40.740767],[-74.548981,40.740795],[-74.548972,40.740823],[-74.548979,40.740855],[-74.548985,40.740884],[-74.548998,40.740947],[-74.548999,40.740994],[-74.549,40.741048],[-74.549004,40.741217],[-74.549009,40.741439],[-74.548973,40.74158],[-74.548891,40.741769],[-74.548871,40.741888],[-74.548864,40.741991],[-74.548869,40.742216],[-74.548909,40.742365],[-74.54899,40.742586],[-74.549057,40.742699],[-74.549108,40.742738],[-74.549276,40.742846],[-74.549286,40.742862],[-74.549305,40.742892],[-74.549333,40.742989],[-74.549336,40.743046],[-74.549344,40.743215],[-74.549349,40.743338],[-74.549354,40.743426],[-74.54934,40.743526],[-74.549312,40.743592],[-74.549234,40.743702],[-74.549112,40.743846],[-74.549083,40.74388],[-74.549051,40.743963],[-74.549052,40.743996],[-74.549053,40.744053],[-74.549087,40.74446],[-74.549117,40.74456],[-74.549136,40.744622],[-74.549218,40.744743],[-74.549317,40.744886],[-74.549345,40.744926],[-74.549373,40.744949],[-74.549383,40.745092],[-74.54924,40.74522],[-74.549166,40.745299],[-74.549058,40.745524],[-74.548927,40.74569],[-74.548799,40.745853],[-74.548769,40.745901],[-74.548751,40.74601],[-74.548708,40.746297],[-74.547674,40.759686],[-74.547601,40.7597],[-74.54734,40.761584],[-74.546974,40.76381],[-74.546755,40.765184],[-74.546564,40.766091],[-74.545296,40.773953],[-74.544984,40.775767],[-74.543949,40.780908],[-74.543021,40.785142],[-74.542554,40.787293],[-74.542503,40.78762],[-74.542232,40.789355],[-74.541971,40.790654],[-74.541991,40.79065],[-74.542147,40.79062],[-74.542181,40.790615],[-74.542306,40.790599],[-74.542386,40.790596],[-74.542459,40.790572],[-74.542514,40.790527],[-74.54254,40.790407],[-74.542601,40.790295],[-74.542615,40.790237],[-74.542674,40.790121],[-74.542693,40.790063],[-74.542721,40.790005],[-74.542801,40.789898],[-74.54289,40.789797],[-74.54294,40.789748],[-74.542995,40.789703],[-74.543056,40.789666],[-74.543126,40.789633],[-74.543187,40.789592],[-74.543228,40.789541],[-74.543259,40.789485],[-74.543298,40.789431],[-74.543365,40.789397],[-74.543443,40.789406],[-74.543504,40.789446],[-74.543558,40.78949],[-74.543607,40.789539],[-74.543672,40.789577],[-74.543748,40.789596],[-74.543829,40.789607],[-74.543909,40.789611],[-74.544149,40.789609],[-74.544229,40.789604],[-74.544308,40.78959],[-74.544387,40.789581],[-74.544468,40.789583],[-74.544548,40.789592],[-74.54462,40.789617],[-74.544753,40.789687],[-74.544824,40.789714],[-74.544901,40.789735],[-74.545381,40.789765],[-74.54546,40.78975],[-74.545538,40.789728],[-74.545694,40.789699],[-74.545848,40.789664],[-74.546006,40.789635],[-74.54608,40.789613],[-74.546146,40.789578],[-74.546263,40.789492],[-74.54633,40.789461],[-74.546394,40.789421],[-74.546466,40.789394],[-74.546546,40.789386],[-74.546626,40.789385],[-74.546706,40.78939],[-74.546786,40.789386],[-74.546865,40.789371],[-74.546941,40.789388],[-74.547018,40.789411],[-74.547096,40.789422],[-74.547176,40.789428],[-74.547256,40.789427],[-74.547336,40.789419],[-74.547412,40.789404],[-74.54768,40.789453],[-74.547839,40.789471],[-74.547915,40.789494],[-74.54812,40.789589],[-74.548194,40.789612],[-74.548265,40.789639],[-74.548539,40.789769],[-74.548668,40.789843],[-74.548865,40.789948],[-74.549047,40.790068],[-74.549176,40.790142],[-74.549281,40.790235],[-74.549456,40.790361],[-74.549587,40.790432],[-74.549646,40.790473],[-74.5497,40.790519],[-74.54984,40.790669],[-74.549901,40.790707],[-74.549978,40.79073],[-74.550137,40.790725],[-74.550276,40.790786],[-74.550349,40.790812],[-74.550426,40.790833],[-74.550495,40.790862],[-74.550575,40.790869],[-74.550657,40.790884],[-74.550735,40.790905],[-74.5508,40.790926],[-74.550886,40.790953],[-74.551191,40.791033],[-74.551348,40.791057],[-74.551424,40.791076],[-74.551581,40.791106],[-74.551657,40.791125],[-74.551735,40.791136],[-74.551814,40.791122],[-74.551881,40.791087],[-74.551937,40.791044],[-74.552017,40.791046],[-74.552176,40.791064],[-74.552245,40.791093],[-74.552373,40.791167],[-74.552425,40.791217],[-74.552515,40.79139],[-74.552554,40.791445],[-74.552615,40.791483],[-74.552682,40.791517],[-74.552753,40.791544],[-74.552817,40.79158],[-74.552896,40.791593],[-74.552972,40.791614],[-74.55305,40.791621],[-74.55312,40.791589],[-74.553178,40.791548],[-74.553242,40.791509],[-74.553318,40.791491],[-74.553629,40.791549],[-74.553706,40.79157],[-74.553737,40.791626],[-74.553738,40.791686],[-74.553727,40.791748],[-74.553702,40.791806],[-74.55366,40.791856],[-74.553596,40.791893],[-74.553521,40.791917],[-74.553444,40.79193],[-74.553406,40.791985],[-74.553415,40.792045],[-74.553467,40.792092],[-74.553639,40.79222],[-74.553708,40.792252],[-74.55378,40.792279],[-74.554121,40.792445],[-74.554192,40.792476],[-74.554272,40.792467],[-74.554342,40.79244],[-74.554389,40.792324],[-74.554456,40.792291],[-74.554536,40.792285],[-74.55459,40.792329],[-74.554623,40.792385],[-74.554665,40.792438],[-74.554724,40.79248],[-74.554796,40.792509],[-74.554869,40.792531],[-74.554948,40.792547],[-74.555421,40.792626],[-74.555661,40.792653],[-74.555737,40.79267],[-74.555811,40.792695],[-74.55588,40.792728],[-74.555941,40.792768],[-74.556008,40.7928],[-74.556065,40.792844],[-74.55609,40.792902],[-74.556099,40.793086],[-74.556119,40.793144],[-74.556154,40.79322],[-74.556224,40.793333],[-74.556273,40.793381],[-74.556475,40.79348],[-74.556556,40.793485],[-74.556627,40.793467],[-74.556774,40.793408],[-74.55685,40.793389],[-74.556928,40.793398],[-74.557085,40.793423],[-74.557161,40.793444],[-74.557376,40.793526],[-74.557454,40.793541],[-74.557615,40.793557],[-74.557931,40.7936],[-74.558088,40.793632],[-74.558312,40.793695],[-74.558374,40.793735],[-74.558425,40.793782],[-74.558484,40.793824],[-74.558553,40.793855],[-74.558701,40.793902],[-74.558856,40.793933],[-74.559011,40.793973],[-74.559167,40.793997],[-74.559244,40.794016],[-74.559537,40.794119],[-74.559613,40.794138],[-74.55968,40.79417],[-74.559744,40.79421],[-74.55986,40.794294],[-74.559929,40.794327],[-74.56001,40.794346],[-74.560084,40.794371],[-74.560163,40.794384],[-74.560239,40.794403],[-74.560367,40.794475],[-74.56051,40.794532],[-74.560577,40.794565],[-74.560618,40.794616],[-74.560582,40.794671],[-74.560579,40.794732],[-74.56064,40.79477],[-74.560716,40.794791],[-74.560797,40.794797],[-74.560875,40.794808],[-74.560955,40.794805],[-74.561034,40.794795],[-74.561113,40.794778],[-74.561186,40.794754],[-74.561314,40.794682],[-74.561384,40.794648],[-74.561512,40.794574],[-74.56157,40.794533],[-74.561623,40.794486],[-74.561737,40.7944],[-74.561856,40.79432],[-74.561895,40.794265],[-74.561928,40.794209],[-74.561964,40.794092],[-74.562017,40.794045],[-74.562085,40.794016],[-74.562208,40.793983],[-74.562266,40.793943],[-74.562341,40.793922],[-74.56242,40.793919],[-74.562495,40.793903],[-74.562559,40.793866],[-74.562631,40.793842],[-74.562791,40.793832],[-74.562872,40.793821],[-74.563028,40.793786],[-74.563184,40.79376],[-74.563415,40.793702],[-74.563493,40.793693],[-74.563571,40.793679],[-74.563707,40.79362],[-74.563786,40.793609],[-74.563864,40.793606],[-74.563936,40.793578],[-74.563989,40.793534],[-74.564068,40.793525],[-74.564145,40.793538],[-74.56421,40.793572],[-74.564263,40.793618],[-74.56434,40.793632],[-74.564498,40.793626],[-74.564577,40.793631],[-74.564892,40.793622],[-74.564956,40.793586],[-74.565112,40.793552],[-74.565178,40.79352],[-74.565239,40.793484],[-74.565297,40.79344],[-74.5654,40.793348],[-74.565458,40.793306],[-74.565654,40.793117],[-74.565723,40.793087],[-74.56588,40.793067],[-74.566097,40.792995],[-74.56625,40.792962],[-74.566323,40.792939],[-74.566386,40.792901],[-74.566377,40.792841],[-74.566455,40.792825],[-74.566523,40.792852],[-74.566636,40.792938],[-74.566851,40.793191],[-74.566931,40.793294],[-74.567067,40.793443],[-74.567125,40.793485],[-74.567195,40.793513],[-74.56727,40.793532],[-74.567349,40.793534],[-74.567427,40.793527],[-74.567581,40.793493],[-74.567738,40.793488],[-74.567817,40.793479],[-74.56805,40.79347],[-74.568088,40.79354],[-74.568313,40.793985],[-74.568444,40.794276],[-74.568469,40.794266],[-74.568554,40.794245],[-74.570148,40.794193],[-74.5704,40.794177],[-74.571281,40.794067],[-74.571528,40.794031],[-74.571723,40.793996],[-74.572098,40.793941],[-74.572979,40.793868],[-74.573539,40.793827],[-74.574107,40.793786],[-74.575315,40.793701],[-74.575596,40.793686],[-74.576155,40.793665],[-74.576606,40.793661],[-74.577228,40.793677],[-74.577567,40.793679],[-74.578493,40.793696],[-74.578981,40.793705],[-74.579305,40.793716],[-74.58026,40.793778],[-74.580501,40.793789],[-74.58061,40.793789],[-74.580718,40.793785],[-74.580826,40.793777],[-74.580897,40.793769],[-74.580968,40.793759],[-74.581027,40.793747],[-74.581107,40.793729],[-74.581175,40.79371],[-74.581241,40.793688],[-74.581306,40.793663],[-74.581368,40.793636],[-74.581516,40.793563],[-74.58166,40.793483],[-74.582306,40.793183],[-74.582931,40.792902],[-74.583722,40.792563],[-74.583811,40.792537],[-74.583951,40.792511],[-74.584324,40.79249],[-74.586069,40.792427],[-74.586635,40.792411],[-74.586735,40.79298],[-74.586764,40.79319],[-74.58678,40.793349],[-74.58679,40.793518],[-74.586788,40.793754],[-74.586771,40.793881],[-74.586757,40.793934],[-74.586709,40.794041],[-74.586522,40.794336],[-74.586245,40.794814],[-74.58612,40.79508],[-74.585976,40.795415],[-74.586828,40.795493],[-74.585669,40.800156],[-74.58807,40.800423],[-74.587661,40.802913],[-74.583833,40.802595],[-74.583758,40.803172],[-74.583435,40.80307],[-74.583074,40.802988],[-74.582869,40.802942],[-74.582711,40.802906],[-74.582468,40.802825],[-74.582306,40.803067],[-74.582224,40.803197],[-74.581928,40.803749],[-74.58185,40.803857],[-74.581766,40.803947],[-74.581644,40.804048],[-74.581519,40.804127],[-74.581399,40.804188],[-74.581255,40.804245],[-74.581119,40.804283],[-74.580961,40.80431],[-74.580692,40.804335],[-74.580514,40.804357],[-74.580379,40.804384],[-74.580106,40.804459],[-74.579814,40.804556],[-74.578378,40.805071],[-74.578271,40.805122],[-74.57821,40.805158],[-74.578138,40.805111],[-74.578051,40.805073],[-74.577656,40.804972],[-74.577419,40.804896],[-74.57736,40.804873],[-74.577233,40.804822],[-74.57714,40.804778],[-74.576944,40.804672],[-74.576689,40.804516],[-74.576604,40.804457],[-74.576398,40.804303],[-74.576149,40.804104],[-74.576002,40.803975],[-74.575892,40.80387],[-74.575716,40.803676],[-74.57559,40.803518],[-74.575505,40.803379],[-74.575452,40.803277],[-74.575426,40.80318],[-74.575409,40.803038],[-74.575417,40.802907],[-74.575507,40.802415],[-74.575581,40.801929],[-74.575594,40.80172],[-74.575585,40.801575],[-74.575564,40.801429],[-74.575499,40.801106],[-74.575474,40.801021],[-74.575439,40.800927],[-74.575406,40.800866],[-74.575345,40.800792],[-74.57527,40.800725],[-74.575155,40.800643],[-74.575122,40.80062],[-74.574971,40.800535],[-74.574861,40.800485],[-74.574711,40.800416],[-74.574531,40.800346],[-74.574395,40.800309],[-74.574124,40.800265],[-74.573884,40.800221],[-74.57372,40.800178],[-74.573577,40.800125],[-74.573217,40.799947],[-74.573065,40.799867],[-74.57291,40.799768],[-74.572575,40.799497],[-74.572067,40.79907],[-74.572001,40.798998],[-74.571953,40.798918],[-74.571847,40.798598],[-74.571707,40.798237],[-74.571616,40.798035],[-74.571523,40.797874],[-74.571415,40.797727],[-74.571349,40.797654],[-74.571255,40.797565],[-74.57106,40.797411],[-74.570537,40.797031],[-74.570339,40.796877],[-74.570253,40.796805],[-74.570041,40.796614],[-74.569648,40.796212],[-74.569381,40.795956],[-74.569152,40.795728],[-74.569077,40.795642],[-74.568977,40.795515],[-74.568582,40.794921],[-74.567197,40.795419],[-74.566343,40.795659],[-74.566303,40.795567],[-74.566118,40.795265],[-74.566077,40.795199],[-74.566057,40.795126],[-74.566064,40.79486],[-74.565768,40.794849],[-74.565669,40.794836],[-74.566224,40.797987],[-74.566675,40.801637],[-74.565304,40.801978],[-74.565374,40.802088],[-74.565404,40.802143],[-74.565402,40.802205],[-74.565374,40.80226],[-74.565359,40.80232],[-74.565397,40.802373],[-74.565502,40.802461],[-74.565553,40.80251],[-74.56561,40.80255],[-74.565756,40.802601],[-74.565896,40.802658],[-74.565971,40.802677],[-74.566119,40.802722],[-74.566201,40.802741],[-74.566272,40.802771],[-74.566332,40.80281],[-74.566445,40.802897],[-74.56649,40.802947],[-74.566518,40.803004],[-74.566532,40.803064],[-74.566559,40.803119],[-74.566594,40.803173],[-74.566624,40.80323],[-74.566638,40.80329],[-74.566641,40.80335],[-74.566632,40.80341],[-74.566617,40.803469],[-74.566594,40.803528],[-74.566561,40.803581],[-74.566533,40.803638],[-74.566516,40.803704],[-74.566531,40.803952],[-74.56654,40.804012],[-74.566569,40.804069],[-74.566622,40.804113],[-74.566685,40.804151],[-74.566763,40.804178],[-74.56684,40.804195],[-74.566901,40.804235],[-74.566949,40.804284],[-74.566966,40.804353],[-74.56697,40.804421],[-74.566961,40.804481],[-74.566878,40.80472],[-74.566831,40.804898],[-74.566803,40.804961],[-74.566769,40.805016],[-74.566728,40.805068],[-74.566676,40.80512],[-74.566634,40.805175],[-74.566611,40.805234],[-74.566598,40.805358],[-74.566567,40.805414],[-74.566518,40.805465],[-74.566479,40.805525],[-74.566435,40.805576],[-74.566404,40.805631],[-74.566384,40.80569],[-74.56638,40.805706],[-74.566372,40.805751],[-74.566386,40.805938],[-74.566366,40.805995],[-74.566324,40.806048],[-74.566219,40.806138],[-74.566119,40.806234],[-74.566012,40.806326],[-74.565989,40.806382],[-74.565979,40.806443],[-74.565896,40.806678],[-74.565885,40.806798],[-74.565884,40.806858],[-74.565936,40.806905],[-74.565997,40.806946],[-74.566045,40.806995],[-74.566082,40.807048],[-74.566109,40.807105],[-74.566129,40.807166],[-74.566138,40.807228],[-74.56615,40.807431],[-74.566144,40.807552],[-74.566153,40.807611],[-74.566181,40.807668],[-74.566228,40.807719],[-74.566329,40.807809],[-74.566387,40.807851],[-74.566485,40.807948],[-74.566567,40.808051],[-74.566612,40.808099],[-74.566659,40.808164],[-74.566669,40.808288],[-74.566639,40.808405],[-74.566616,40.808464],[-74.566533,40.808574],[-74.566472,40.808687],[-74.566457,40.808745],[-74.566448,40.80881],[-74.566406,40.808987],[-74.56638,40.809044],[-74.566381,40.809104],[-74.566388,40.809164],[-74.566433,40.809214],[-74.566487,40.809327],[-74.566518,40.809446],[-74.566575,40.809558],[-74.566663,40.809671],[-74.56681,40.809821],[-74.566865,40.80987],[-74.566908,40.80992],[-74.567006,40.810019],[-74.567064,40.810063],[-74.567356,40.810236],[-74.567521,40.810305],[-74.567587,40.81034],[-74.567647,40.810378],[-74.5677,40.810424],[-74.567765,40.810458],[-74.56784,40.810476],[-74.567999,40.810494],[-74.568071,40.810515],[-74.568137,40.810553],[-74.568245,40.810641],[-74.568303,40.810681],[-74.56837,40.810713],[-74.568499,40.810787],[-74.568569,40.810816],[-74.568645,40.810931],[-74.569696,40.810368],[-74.569873,40.810313],[-74.569948,40.810281],[-74.570126,40.810168],[-74.570236,40.810087],[-74.570309,40.810052],[-74.570378,40.810036],[-74.57045,40.810038],[-74.570654,40.810093],[-74.571195,40.810196],[-74.571312,40.810239],[-74.571296,40.810286],[-74.5713,40.81047],[-74.571325,40.810701],[-74.571379,40.811041],[-74.571484,40.811589],[-74.571494,40.811746],[-74.571498,40.811808],[-74.571609,40.812465],[-74.571627,40.812529],[-74.571668,40.812587],[-74.571716,40.812628],[-74.571857,40.812702],[-74.571764,40.812776],[-74.571691,40.812857],[-74.571671,40.812887],[-74.571625,40.812976],[-74.571499,40.813268],[-74.571447,40.813452],[-74.571406,40.8137],[-74.571364,40.813863],[-74.571207,40.814371],[-74.57117,40.814478],[-74.57108,40.814742],[-74.571015,40.814864],[-74.570936,40.814968],[-74.570852,40.815044],[-74.570742,40.815115],[-74.570632,40.815168],[-74.570458,40.81522],[-74.570019,40.815311],[-74.569817,40.815364],[-74.569674,40.815417],[-74.569554,40.815478],[-74.569459,40.815545],[-74.569371,40.815632],[-74.56931,40.815719],[-74.569263,40.815823],[-74.569197,40.816001],[-74.569178,40.816064],[-74.569163,40.816139],[-74.567027,40.816506],[-74.557155,40.818342],[-74.549752,40.819719],[-74.544719,40.820664],[-74.544647,40.820611],[-74.539407,40.821475],[-74.539341,40.821509],[-74.539309,40.821561],[-74.53931,40.821605],[-74.537243,40.821956],[-74.536938,40.822156],[-74.535801,40.822099],[-74.535597,40.822042],[-74.535613,40.822131],[-74.535544,40.822443],[-74.535493,40.822685],[-74.535323,40.8235],[-74.535082,40.824808],[-74.535036,40.82506],[-74.534984,40.825343],[-74.534674,40.827031],[-74.534582,40.82753],[-74.534509,40.827927],[-74.533554,40.833144],[-74.53342,40.833141],[-74.53326,40.83312],[-74.532997,40.833069],[-74.532829,40.833023],[-74.532671,40.83296],[-74.532385,40.832821],[-74.532246,40.832747],[-74.53125,40.832221],[-74.530746,40.831964],[-74.530676,40.831929],[-74.530526,40.831864],[-74.53037,40.831807],[-74.530289,40.831784],[-74.530203,40.831768],[-74.530107,40.83176],[-74.530032,40.83176],[-74.529945,40.831765],[-74.52986,40.831776],[-74.529694,40.831814],[-74.529468,40.831894],[-74.529223,40.832004],[-74.528994,40.83212],[-74.528846,40.832205],[-74.528207,40.832601],[-74.527892,40.832801],[-74.527175,40.833258],[-74.527112,40.83329],[-74.527035,40.833321],[-74.526949,40.833348],[-74.526866,40.833366],[-74.526776,40.833376],[-74.526689,40.833375],[-74.526604,40.833365],[-74.526521,40.833344],[-74.526375,40.83329],[-74.525752,40.832993],[-74.525591,40.832927],[-74.525446,40.832874],[-74.525311,40.832836],[-74.524646,40.832663],[-74.524096,40.832542],[-74.523816,40.832507],[-74.523621,40.832488],[-74.523472,40.832478],[-74.52315,40.832468],[-74.522821,40.832463],[-74.522174,40.83246],[-74.52161,40.832471],[-74.521141,40.83249],[-74.520408,40.832532],[-74.519974,40.832567],[-74.519392,40.832623],[-74.517893,40.832758],[-74.517834,40.832761],[-74.515949,40.832936],[-74.515648,40.832949],[-74.515408,40.83295],[-74.515181,40.832938],[-74.514816,40.832891],[-74.514685,40.832866],[-74.514485,40.832816],[-74.513738,40.832608],[-74.51352,40.832557],[-74.513246,40.832507],[-74.513044,40.832478],[-74.511531,40.832308],[-74.509988,40.832128],[-74.509577,40.832055],[-74.509214,40.831979],[-74.508818,40.83188],[-74.508433,40.831766],[-74.508247,40.831702],[-74.507714,40.831518],[-74.506958,40.831253],[-74.504961,40.830555],[-74.504601,40.830424],[-74.50456,40.830478],[-74.504299,40.83082],[-74.504097,40.831049],[-74.504103,40.831072],[-74.504086,40.831188],[-74.504085,40.831248],[-74.504095,40.831378],[-74.504123,40.831497],[-74.50416,40.831548],[-74.504187,40.831603],[-74.504222,40.831656],[-74.504348,40.831729],[-74.504421,40.831749],[-74.504727,40.831793],[-74.504804,40.831794],[-74.504957,40.831787],[-74.505034,40.831787],[-74.505111,40.831798],[-74.505188,40.831802],[-74.505261,40.831816],[-74.505335,40.831836],[-74.505411,40.831829],[-74.505487,40.831816],[-74.505556,40.83179],[-74.505629,40.831775],[-74.505705,40.831789],[-74.505776,40.831811],[-74.505842,40.831843],[-74.505889,40.831889],[-74.505916,40.831943],[-74.505956,40.832056],[-74.505986,40.832111],[-74.506026,40.832162],[-74.506078,40.832208],[-74.50615,40.832244],[-74.50622,40.832287],[-74.506284,40.832319],[-74.506361,40.832326],[-74.506434,40.832315],[-74.506507,40.832292],[-74.506585,40.832279],[-74.506664,40.832275],[-74.506742,40.83228],[-74.506963,40.832458],[-74.50702,40.832497],[-74.507152,40.832557],[-74.507292,40.832605],[-74.507369,40.83261],[-74.507442,40.832628],[-74.507513,40.832652],[-74.507629,40.832726],[-74.507764,40.832785],[-74.507828,40.832821],[-74.507871,40.832873],[-74.507933,40.832911],[-74.508008,40.832925],[-74.508074,40.832956],[-74.508129,40.832996],[-74.508252,40.833066],[-74.508309,40.833105],[-74.508353,40.833153],[-74.508433,40.833253],[-74.50848,40.833299],[-74.508549,40.833327],[-74.508649,40.833335],[-74.508879,40.83333],[-74.508935,40.833289],[-74.508931,40.833231],[-74.509008,40.833237],[-74.509065,40.833275],[-74.5091,40.833328],[-74.509117,40.833384],[-74.509188,40.833408],[-74.509242,40.83345],[-74.509254,40.833508],[-74.509314,40.833618],[-74.509329,40.833676],[-74.509336,40.833736],[-74.509381,40.833786],[-74.50944,40.833827],[-74.509517,40.833858],[-74.509529,40.833916],[-74.509551,40.833973],[-74.509596,40.83402],[-74.509669,40.83404],[-74.509724,40.83408],[-74.509736,40.834138],[-74.509768,40.834191],[-74.509841,40.834211],[-74.509908,40.834183],[-74.509981,40.834166],[-74.510048,40.834196],[-74.51008,40.834251],[-74.51009,40.834309],[-74.510147,40.834418],[-74.510188,40.834651],[-74.510213,40.834708],[-74.510225,40.834766],[-74.510247,40.834822],[-74.510311,40.834854],[-74.510386,40.834858],[-74.510459,40.834877],[-74.510525,40.834909],[-74.510582,40.834949],[-74.510689,40.835037],[-74.510751,40.835074],[-74.5108,40.835116],[-74.510827,40.835171],[-74.510827,40.83523],[-74.510821,40.835288],[-74.51083,40.835405],[-74.510857,40.835462],[-74.510912,40.835502],[-74.510979,40.835538],[-74.511016,40.835595],[-74.511038,40.83565],[-74.511076,40.835701],[-74.511106,40.835758],[-74.511118,40.835816],[-74.51116,40.835865],[-74.511224,40.835899],[-74.511361,40.835951],[-74.511393,40.835971],[-74.511378,40.836105],[-74.51134,40.836272],[-74.511282,40.836431],[-74.511131,40.836801],[-74.510717,40.837482],[-74.510657,40.837555],[-74.510162,40.838059],[-74.51063,40.838239],[-74.51084,40.838323],[-74.510065,40.839135],[-74.50948,40.838755],[-74.509415,40.838825],[-74.509311,40.838936],[-74.509252,40.838973],[-74.509195,40.838994],[-74.508598,40.839101],[-74.508169,40.839174],[-74.507996,40.839188],[-74.507834,40.839188],[-74.507694,40.839175],[-74.507493,40.839136],[-74.507294,40.83908],[-74.507141,40.839026],[-74.50691,40.838932],[-74.506718,40.83884],[-74.5064,40.83866],[-74.505883,40.838341],[-74.505328,40.837961]],[[-74.574132,40.794009],[-74.574272,40.794868],[-74.574276,40.794978],[-74.57426,40.795087],[-74.574223,40.795193],[-74.574176,40.795281],[-74.573895,40.795653],[-74.57384,40.795754],[-74.573798,40.795874],[-74.573773,40.796023],[-74.573766,40.796234],[-74.573787,40.796596],[-74.573787,40.79697],[-74.573805,40.797115],[-74.573838,40.797207],[-74.573875,40.79727],[-74.573905,40.79731],[-74.574324,40.797845],[-74.574377,40.797947],[-74.574417,40.798066],[-74.574438,40.798203],[-74.574441,40.798353],[-74.574424,40.798545],[-74.574428,40.798723],[-74.574448,40.798832],[-74.574492,40.798951],[-74.574523,40.799],[-74.57463,40.799111],[-74.574753,40.799211],[-74.574893,40.799298],[-74.575219,40.799469],[-74.575313,40.799368],[-74.575347,40.799348],[-74.575426,40.799316],[-74.575512,40.799296],[-74.575602,40.79929],[-74.575844,40.799315],[-74.576534,40.798195],[-74.576461,40.79693],[-74.576407,40.796011],[-74.574392,40.794436],[-74.574132,40.794009]]]}},{"type":"Feature","properties":{"zip":"07928","name":"07928"},"geometry":{"type":"Polygon","coordinates":[[[-74.409178,40.741059],[-74.409017,40.741184],[-74.408829,40.741316],[-74.405471,40.73989],[-74.405448,40.739944],[-74.402552,40.742258],[-74.402486,40.742129],[-74.402362,40.742028],[-74.402172,40.741487],[-74.39911,40.744377],[-74.39898,40.744618],[-74.398274,40.74521],[-74.39794,40.745555],[-74.397274,40.74617],[-74.396929,40.746491],[-74.396212,40.747165],[-74.395429,40.747894],[-74.39464,40.748655],[-74.393751,40.749531],[-74.39298,40.750293],[-74.3927,40.750578],[-74.392562,40.75073],[-74.392323,40.751031],[-74.392166,40.751242],[-74.392063,40.751379],[-74.391833,40.751712],[-74.39172,40.751872],[-74.391635,40.75198],[-74.389873,40.751394],[-74.384485,40.753859],[-74.383649,40.754173],[-74.383062,40.754436],[-74.382722,40.75445],[-74.382288,40.75483],[-74.382,40.754925],[-74.381495,40.754937],[-74.381114,40.755029],[-74.380976,40.755124],[-74.380893,40.75521],[-74.380295,40.755],[-74.380654,40.754676],[-74.380963,40.754439],[-74.380627,40.754281],[-74.380715,40.754092],[-74.379908,40.753714],[-74.378135,40.752883],[-74.376365,40.752053],[-74.376022,40.751881],[-74.375785,40.751756],[-74.375573,40.751635],[-74.375256,40.751445],[-74.374997,40.751279],[-74.37457,40.750981],[-74.374265,40.750747],[-74.374129,40.750634],[-74.373827,40.750382],[-74.373653,40.750225],[-74.373581,40.75015],[-74.373393,40.750268],[-74.372658,40.750733],[-74.372579,40.750786],[-74.372551,40.750802],[-74.370887,40.751829],[-74.370371,40.752139],[-74.369357,40.751904],[-74.368633,40.751731],[-74.367276,40.751408],[-74.36624,40.751162],[-74.363267,40.750453],[-74.363072,40.750403],[-74.363388,40.750295],[-74.363648,40.750207],[-74.363856,40.750102],[-74.364481,40.749932],[-74.36553,40.749597],[-74.366424,40.749464],[-74.367089,40.74933],[-74.36741,40.749114],[-74.367572,40.748824],[-74.367547,40.748716],[-74.367501,40.748516],[-74.367153,40.748248],[-74.366773,40.747939],[-74.366499,40.747751],[-74.366394,40.747581],[-74.366045,40.74741],[-74.364986,40.74704],[-74.364765,40.746788],[-74.364737,40.746441],[-74.364905,40.746021],[-74.365442,40.745459],[-74.365906,40.744694],[-74.366562,40.743889],[-74.367176,40.743545],[-74.368435,40.743011],[-74.368949,40.74288],[-74.369042,40.742856],[-74.369244,40.742805],[-74.369284,40.742804],[-74.370374,40.742772],[-74.370488,40.742769],[-74.370774,40.74276],[-74.370846,40.742759],[-74.370902,40.742757],[-74.371979,40.742359],[-74.372395,40.741806],[-74.372426,40.741764],[-74.37256,40.741587],[-74.372479,40.740568],[-74.372177,40.73992],[-74.372021,40.739531],[-74.371973,40.739383],[-74.371957,40.739334],[-74.371923,40.739229],[-74.371913,40.739216],[-74.371777,40.73905],[-74.371579,40.73796],[-74.37155,40.737789],[-74.371542,40.737754],[-74.371541,40.737748],[-74.371123,40.736572],[-74.371119,40.73656],[-74.371114,40.736547],[-74.37111,40.736537],[-74.371105,40.736524],[-74.371102,40.736517],[-74.370905,40.735965],[-74.370829,40.735753],[-74.371246,40.734627],[-74.372139,40.733978],[-74.373907,40.733643],[-74.374669,40.733545],[-74.374968,40.733601],[-74.375176,40.733594],[-74.375238,40.733592],[-74.37528,40.73359],[-74.375342,40.733588],[-74.375555,40.73368],[-74.376114,40.733967],[-74.376156,40.733976],[-74.376254,40.733997],[-74.376505,40.734051],[-74.377549,40.734278],[-74.377932,40.734319],[-74.379223,40.73416],[-74.379732,40.73396],[-74.380295,40.7333],[-74.38026,40.733236],[-74.379938,40.732647],[-74.379933,40.732638],[-74.37993,40.732633],[-74.379853,40.732492],[-74.379734,40.732393],[-74.378623,40.731473],[-74.377826,40.730447],[-74.377739,40.730335],[-74.377734,40.730329],[-74.377718,40.730309],[-74.377706,40.730293],[-74.377621,40.730184],[-74.377601,40.730158],[-74.377591,40.730145],[-74.377503,40.730032],[-74.377703,40.729782],[-74.378775,40.729345],[-74.379044,40.728904],[-74.379968,40.727835],[-74.382251,40.726024],[-74.382388,40.725919],[-74.382393,40.725915],[-74.382405,40.725906],[-74.382426,40.72589],[-74.382538,40.725804],[-74.382769,40.725626],[-74.384382,40.724385],[-74.385297,40.724299],[-74.385889,40.724671],[-74.386139,40.724828],[-74.386865,40.725684],[-74.386905,40.725731],[-74.386914,40.725741],[-74.387618,40.726036],[-74.388232,40.726165],[-74.389748,40.726113],[-74.389848,40.726073],[-74.389855,40.726071],[-74.389863,40.726068],[-74.389878,40.726062],[-74.389895,40.726055],[-74.38992,40.726045],[-74.389978,40.726022],[-74.390264,40.725909],[-74.390611,40.725575],[-74.39069,40.725499],[-74.390964,40.724874],[-74.391135,40.723645],[-74.390934,40.722738],[-74.391037,40.722088],[-74.391038,40.722079],[-74.391164,40.721287],[-74.390956,40.720333],[-74.39091,40.719861],[-74.390974,40.719008],[-74.390797,40.718494],[-74.390781,40.718381],[-74.390769,40.718294],[-74.391173,40.718117],[-74.392677,40.718056],[-74.392733,40.718049],[-74.392757,40.718046],[-74.392937,40.718024],[-74.393484,40.717958],[-74.394151,40.717582],[-74.394295,40.717501],[-74.39509,40.717273],[-74.396013,40.717261],[-74.396069,40.717277],[-74.397355,40.717638],[-74.398248,40.717851],[-74.398418,40.717832],[-74.398436,40.71783],[-74.398443,40.717829],[-74.398605,40.717811],[-74.398828,40.717786],[-74.399268,40.717738],[-74.399848,40.717836],[-74.400144,40.717936],[-74.400275,40.71798],[-74.400853,40.718023],[-74.401665,40.718085],[-74.402254,40.718001],[-74.40248,40.717765],[-74.402507,40.717737],[-74.402514,40.71773],[-74.402518,40.717725],[-74.402541,40.717701],[-74.402633,40.717605],[-74.402717,40.717518],[-74.403096,40.717123],[-74.40375,40.716023],[-74.404574,40.715245],[-74.405038,40.714943],[-74.406126,40.714498],[-74.406657,40.714048],[-74.406768,40.713954],[-74.406918,40.713827],[-74.406939,40.713809],[-74.406944,40.713805],[-74.406948,40.713801],[-74.406961,40.71379],[-74.407072,40.713696],[-74.407089,40.713682],[-74.407128,40.713649],[-74.407222,40.713569],[-74.40724,40.713554],[-74.407248,40.713547],[-74.407277,40.713523],[-74.40735,40.713461],[-74.407504,40.713263],[-74.407528,40.713232],[-74.407698,40.712599],[-74.407597,40.711936],[-74.407575,40.711795],[-74.408078,40.711198],[-74.408175,40.710925],[-74.408416,40.710246],[-74.408448,40.710156],[-74.408466,40.710106],[-74.40911,40.709812],[-74.410057,40.709517],[-74.410806,40.709567],[-74.411355,40.710115],[-74.411847,40.710345],[-74.412495,40.7103],[-74.413061,40.70987],[-74.413391,40.708966],[-74.413392,40.708966],[-74.413524,40.70865],[-74.41356,40.708563],[-74.413614,40.708434],[-74.413618,40.708424],[-74.413621,40.708418],[-74.413629,40.7084],[-74.413631,40.708395],[-74.413672,40.708297],[-74.413702,40.708225],[-74.413755,40.708098],[-74.413757,40.708093],[-74.41376,40.708087],[-74.413796,40.708001],[-74.413818,40.707248],[-74.414453,40.706579],[-74.4154,40.705781],[-74.416596,40.705301],[-74.418196,40.705301],[-74.418453,40.705151],[-74.418477,40.705137],[-74.421796,40.703201],[-74.422321,40.703101],[-74.423552,40.702867],[-74.423896,40.702801],[-74.423922,40.702775],[-74.424576,40.702115],[-74.424733,40.701957],[-74.425089,40.701835],[-74.426491,40.701885],[-74.426897,40.701711],[-74.427997,40.700136],[-74.428031,40.700087],[-74.428038,40.700077],[-74.428347,40.699635],[-74.42835,40.69963],[-74.428357,40.69962],[-74.428389,40.699574],[-74.428562,40.699326],[-74.428707,40.699119],[-74.428849,40.698916],[-74.428965,40.698808],[-74.429023,40.698754],[-74.429509,40.698301],[-74.430005,40.697838],[-74.429766,40.697372],[-74.429744,40.697329],[-74.429739,40.69732],[-74.429735,40.697312],[-74.429669,40.697182],[-74.429578,40.697004],[-74.429995,40.696422],[-74.430061,40.696325],[-74.430507,40.695667],[-74.430478,40.694438],[-74.430781,40.693453],[-74.431021,40.693339],[-74.431127,40.693289],[-74.431133,40.693286],[-74.431154,40.693276],[-74.43169,40.693022],[-74.432364,40.69307],[-74.432463,40.693077],[-74.432507,40.69308],[-74.432595,40.693086],[-74.432903,40.693108],[-74.433824,40.693447],[-74.433864,40.693462],[-74.434172,40.693575],[-74.434551,40.693575],[-74.434672,40.693495],[-74.436322,40.692396],[-74.437847,40.6919],[-74.437838,40.691812],[-74.437834,40.691777],[-74.437833,40.691765],[-74.437832,40.69176],[-74.437724,40.690736],[-74.43797,40.690247],[-74.439652,40.68972],[-74.4412,40.689549],[-74.441853,40.688974],[-74.442544,40.688601],[-74.443738,40.688033],[-74.444325,40.687968],[-74.444333,40.687969],[-74.444351,40.688127],[-74.444374,40.688269],[-74.444388,40.688351],[-74.44454,40.689285],[-74.44457,40.689466],[-74.444715,40.690354],[-74.444747,40.69055],[-74.444918,40.691599],[-74.44512,40.692394],[-74.445327,40.693247],[-74.445512,40.694268],[-74.445974,40.697049],[-74.446176,40.698679],[-74.446415,40.699807],[-74.446718,40.701238],[-74.446779,40.701524],[-74.446835,40.701789],[-74.447117,40.70358],[-74.44766,40.707016],[-74.447896,40.708502],[-74.449404,40.716968],[-74.449736,40.718831],[-74.44956,40.718892],[-74.449475,40.718907],[-74.449427,40.718903],[-74.449337,40.718874],[-74.449296,40.718869],[-74.449115,40.718872],[-74.449065,40.718807],[-74.448961,40.718746],[-74.448883,40.71873],[-74.448773,40.718717],[-74.448618,40.71867],[-74.448555,40.718667],[-74.448509,40.718673],[-74.448161,40.718817],[-74.447841,40.718904],[-74.447002,40.71931],[-74.446445,40.719586],[-74.442721,40.721214],[-74.440364,40.72233],[-74.439101,40.722898],[-74.438926,40.722944],[-74.438727,40.722908],[-74.438275,40.723076],[-74.437925,40.72328],[-74.43757,40.723426],[-74.437223,40.723493],[-74.429965,40.727255],[-74.429684,40.727401],[-74.429727,40.727462],[-74.426842,40.729088],[-74.426029,40.73079],[-74.424382,40.734726],[-74.424381,40.734759],[-74.424407,40.73479],[-74.42443,40.734745],[-74.424466,40.734709],[-74.425556,40.733778],[-74.426048,40.733344],[-74.426062,40.733366],[-74.426053,40.73352],[-74.426062,40.73359],[-74.426091,40.73365],[-74.426292,40.733701],[-74.426346,40.733707],[-74.426447,40.733707],[-74.426514,40.733689],[-74.426605,40.733653],[-74.426663,40.733625],[-74.426743,40.733577],[-74.426877,40.73347],[-74.426952,40.733428],[-74.427118,40.733413],[-74.427185,40.733414],[-74.427273,40.733422],[-74.427336,40.733444],[-74.427376,40.733482],[-74.427377,40.733527],[-74.427243,40.733584],[-74.427159,40.73363],[-74.427116,40.733689],[-74.427121,40.733787],[-74.427149,40.73385],[-74.427319,40.734013],[-74.427424,40.734167],[-74.427468,40.734278],[-74.42747,40.734326],[-74.42746,40.734387],[-74.427436,40.734457],[-74.42741,40.734512],[-74.427366,40.734579],[-74.427277,40.734685],[-74.427233,40.734724],[-74.42719,40.734753],[-74.427128,40.734768],[-74.427076,40.734768],[-74.426913,40.734755],[-74.426812,40.73474],[-74.426579,40.734733],[-74.426538,40.734787],[-74.426553,40.734865],[-74.426656,40.735048],[-74.426661,40.735087],[-74.426655,40.735147],[-74.426615,40.735239],[-74.426537,40.735456],[-74.426538,40.735528],[-74.426611,40.735657],[-74.426704,40.735779],[-74.426747,40.735816],[-74.426785,40.735839],[-74.426846,40.735846],[-74.426906,40.73583],[-74.427155,40.735664],[-74.427258,40.735603],[-74.427347,40.735562],[-74.427398,40.735543],[-74.427523,40.735511],[-74.427615,40.735496],[-74.427761,40.735481],[-74.427864,40.735482],[-74.428027,40.735495],[-74.428403,40.7356],[-74.428546,40.735647],[-74.42863,40.73568],[-74.428959,40.735859],[-74.429044,40.735882],[-74.429116,40.735888],[-74.429199,40.735878],[-74.429306,40.735841],[-74.429368,40.735812],[-74.429468,40.735748],[-74.429846,40.735466],[-74.429962,40.735368],[-74.430055,40.735274],[-74.430234,40.735058],[-74.430269,40.734968],[-74.430319,40.734874],[-74.430366,40.734822],[-74.430449,40.734831],[-74.430591,40.734904],[-74.430731,40.735028],[-74.430783,40.73509],[-74.430807,40.735143],[-74.430796,40.735239],[-74.430765,40.735285],[-74.430623,40.735395],[-74.430391,40.735555],[-74.430089,40.735739],[-74.429686,40.736021],[-74.429597,40.73609],[-74.4295,40.736201],[-74.429453,40.736237],[-74.42936,40.736282],[-74.429258,40.736308],[-74.429158,40.736292],[-74.429048,40.73625],[-74.428829,40.736115],[-74.428786,40.736092],[-74.428724,40.736072],[-74.428643,40.736067],[-74.428578,40.736123],[-74.428331,40.736435],[-74.428307,40.736483],[-74.428298,40.736522],[-74.428308,40.736575],[-74.428375,40.736652],[-74.428419,40.73667],[-74.428488,40.736674],[-74.428674,40.736668],[-74.429068,40.736632],[-74.429207,40.736636],[-74.429265,40.736644],[-74.429496,40.736718],[-74.429547,40.736787],[-74.429561,40.736852],[-74.429537,40.737159],[-74.429537,40.737375],[-74.429547,40.737425],[-74.429588,40.737501],[-74.429662,40.73756],[-74.429717,40.73759],[-74.429811,40.737629],[-74.430076,40.73769],[-74.430213,40.7377],[-74.430316,40.737672],[-74.430379,40.737634],[-74.430416,40.73759],[-74.430428,40.737538],[-74.430431,40.73748],[-74.430409,40.737428],[-74.430373,40.737397],[-74.430317,40.737372],[-74.430256,40.737331],[-74.430231,40.737293],[-74.430219,40.73725],[-74.430218,40.737168],[-74.430268,40.737018],[-74.43029,40.736982],[-74.43032,40.736951],[-74.430375,40.736929],[-74.430504,40.736946],[-74.430564,40.73698],[-74.430678,40.737003],[-74.430837,40.737006],[-74.431059,40.736987],[-74.431175,40.736971],[-74.431249,40.736954],[-74.43134,40.736918],[-74.431507,40.736775],[-74.431672,40.73668],[-74.431781,40.736611],[-74.432041,40.736414],[-74.432133,40.736351],[-74.432387,40.736296],[-74.432481,40.736336],[-74.432547,40.736375],[-74.43261,40.736434],[-74.432723,40.736556],[-74.43278,40.73665],[-74.432798,40.736704],[-74.434311,40.735493],[-74.436631,40.735251],[-74.437467,40.735121],[-74.437441,40.735252],[-74.437335,40.735658],[-74.437292,40.735759],[-74.437298,40.735818],[-74.437348,40.73587],[-74.437473,40.735922],[-74.437644,40.735978],[-74.437733,40.735995],[-74.437821,40.735998],[-74.438267,40.735995],[-74.438464,40.735982],[-74.438564,40.73598],[-74.438636,40.735989],[-74.438707,40.736011],[-74.438762,40.736034],[-74.438802,40.736064],[-74.438882,40.736149],[-74.438956,40.736262],[-74.438968,40.736341],[-74.438974,40.736496],[-74.438984,40.736559],[-74.439018,40.7366],[-74.439089,40.736663],[-74.439168,40.736712],[-74.439214,40.73673],[-74.439304,40.736718],[-74.439362,40.736666],[-74.439713,40.736421],[-74.43996,40.736404],[-74.440728,40.736462],[-74.44084,40.73642],[-74.440861,40.736338],[-74.44084,40.736254],[-74.440766,40.7362],[-74.439682,40.736043],[-74.439595,40.736006],[-74.439659,40.735794],[-74.439847,40.735486],[-74.440276,40.734981],[-74.440437,40.734854],[-74.440511,40.734815],[-74.440613,40.734783],[-74.440706,40.734761],[-74.440803,40.734753],[-74.440979,40.734785],[-74.441112,40.734833],[-74.441196,40.734872],[-74.441463,40.735085],[-74.441596,40.735225],[-74.441719,40.735391],[-74.441744,40.735486],[-74.441732,40.735545],[-74.441631,40.735573],[-74.441482,40.7356],[-74.441485,40.735672],[-74.441535,40.735865],[-74.441482,40.735928],[-74.441309,40.736072],[-74.441251,40.736242],[-74.441287,40.736339],[-74.44142,40.736542],[-74.441386,40.736606],[-74.441326,40.736617],[-74.440977,40.736595],[-74.440868,40.736682],[-74.440925,40.73675],[-74.441043,40.736868],[-74.442891,40.735942],[-74.44289,40.73607],[-74.442899,40.73624],[-74.44294,40.736404],[-74.443013,40.736583],[-74.44316,40.736849],[-74.443445,40.737334],[-74.44361,40.737649],[-74.443988,40.738293],[-74.444089,40.738476],[-74.444308,40.738929],[-74.441508,40.740176],[-74.440641,40.740567],[-74.439761,40.740948],[-74.438882,40.741305],[-74.438285,40.741528],[-74.438047,40.741641],[-74.437879,40.74175],[-74.437561,40.741997],[-74.437449,40.742089],[-74.436983,40.742471],[-74.436662,40.742691],[-74.436418,40.742841],[-74.436239,40.742942],[-74.435635,40.743346],[-74.435443,40.7435],[-74.435344,40.74358],[-74.435096,40.743825],[-74.434526,40.744417],[-74.434174,40.744787],[-74.433739,40.745181],[-74.433192,40.745633],[-74.432591,40.746092],[-74.432156,40.746447],[-74.432394,40.746509],[-74.432999,40.746715],[-74.43322,40.746797],[-74.433398,40.746869],[-74.433596,40.746958],[-74.433726,40.747029],[-74.433891,40.74713],[-74.433931,40.747158],[-74.434255,40.747384],[-74.434395,40.747486],[-74.434486,40.747547],[-74.434527,40.74758],[-74.434679,40.747716],[-74.434702,40.747732],[-74.434856,40.74789],[-74.435028,40.748108],[-74.435543,40.748865],[-74.436001,40.74962],[-74.43609,40.749779],[-74.436232,40.750006],[-74.436344,40.750161],[-74.436889,40.750756],[-74.437236,40.751151],[-74.437528,40.751496],[-74.438198,40.752308],[-74.437624,40.752502],[-74.437275,40.75262],[-74.436685,40.752829],[-74.436616,40.752849],[-74.435435,40.752356],[-74.435314,40.752306],[-74.43534,40.752234],[-74.435467,40.752146],[-74.435348,40.75208],[-74.435807,40.751739],[-74.436024,40.751602],[-74.435446,40.751265],[-74.433626,40.750266],[-74.433267,40.750069],[-74.432271,40.751089],[-74.428827,40.749474],[-74.428946,40.748762],[-74.429006,40.748519],[-74.429059,40.748359],[-74.429141,40.748163],[-74.429472,40.747417],[-74.429499,40.747357],[-74.429545,40.747253],[-74.429865,40.746443],[-74.430019,40.746001],[-74.427532,40.745449],[-74.427504,40.745443],[-74.426865,40.745298],[-74.426096,40.745126],[-74.425218,40.744934],[-74.424937,40.744871],[-74.424373,40.744732],[-74.422166,40.74426],[-74.421826,40.744185],[-74.418516,40.743452],[-74.417898,40.743321],[-74.41702,40.743141],[-74.416308,40.742992],[-74.415625,40.742853],[-74.41515,40.742751],[-74.414651,40.742598],[-74.414386,40.742501],[-74.414111,40.742374],[-74.41391,40.742282],[-74.412292,40.741511],[-74.412131,40.741438],[-74.411605,40.741182],[-74.410713,40.740767],[-74.410425,40.740652],[-74.410161,40.740567],[-74.409916,40.740501],[-74.409178,40.741059]]]}},{"type":"Feature","properties":{"zip":"08844","name":"08844"},"geometry":{"type":"Polygon","coordinates":[[[-74.579955,40.489163],[-74.57985,40.488908],[-74.579678,40.488319],[-74.579601,40.488148],[-74.579512,40.487884],[-74.579339,40.487367],[-74.578915,40.486693],[-74.57867,40.486385],[-74.57861,40.486311],[-74.578089,40.485524],[-74.577596,40.484601],[-74.577464,40.484243],[-74.577149,40.483505],[-74.577002,40.483207],[-74.576844,40.482607],[-74.57675,40.48209],[-74.576683,40.481182],[-74.576554,40.480508],[-74.576418,40.480099],[-74.576193,40.479757],[-74.575846,40.479203],[-74.575753,40.479043],[-74.575682,40.47894],[-74.575562,40.478731],[-74.575524,40.478437],[-74.575517,40.478384],[-74.575593,40.478077],[-74.575748,40.477755],[-74.575929,40.477419],[-74.57615,40.476737],[-74.576167,40.476648],[-74.576238,40.476296],[-74.576239,40.475721],[-74.576063,40.47511],[-74.575949,40.47494],[-74.575881,40.474839],[-74.575834,40.474769],[-74.575766,40.474669],[-74.575108,40.474296],[-74.574713,40.474128],[-74.574389,40.473968],[-74.574309,40.473933],[-74.574036,40.473816],[-74.573948,40.473798],[-74.573132,40.473436],[-74.572569,40.47313],[-74.57244,40.473031],[-74.572264,40.472897],[-74.572216,40.472758],[-74.572136,40.472524],[-74.572136,40.472115],[-74.572177,40.471742],[-74.572395,40.471369],[-74.572918,40.470763],[-74.573083,40.470617],[-74.573444,40.470296],[-74.573806,40.469976],[-74.574834,40.469039],[-74.575662,40.468159],[-74.576286,40.467453],[-74.576812,40.467219],[-74.57689,40.467184],[-74.580011,40.465961],[-74.580548,40.465664],[-74.581224,40.465219],[-74.581394,40.465038],[-74.581655,40.464775],[-74.582022,40.464411],[-74.58268,40.4638],[-74.583243,40.463428],[-74.584071,40.463024],[-74.585157,40.462548],[-74.585937,40.462212],[-74.587071,40.461705],[-74.587758,40.461296],[-74.588856,40.460385],[-74.589895,40.459438],[-74.590248,40.459102],[-74.590771,40.458558],[-74.591463,40.458087],[-74.591703,40.457941],[-74.592291,40.45758],[-74.59312,40.457036],[-74.593584,40.456731],[-74.593936,40.456382],[-74.594319,40.455973],[-74.594638,40.455478],[-74.594936,40.455014],[-74.595024,40.455029],[-74.596746,40.455318],[-74.597087,40.455411],[-74.597655,40.455507],[-74.600387,40.456071],[-74.600943,40.456179],[-74.602521,40.456508],[-74.604385,40.456883],[-74.606965,40.457402],[-74.607683,40.457537],[-74.608217,40.457663],[-74.608756,40.457802],[-74.610577,40.458182],[-74.611381,40.458342],[-74.613006,40.458691],[-74.614604,40.45901],[-74.615574,40.459188],[-74.615729,40.459226],[-74.615841,40.459263],[-74.616165,40.459405],[-74.616425,40.459539],[-74.616544,40.4596],[-74.616896,40.459754],[-74.617036,40.459795],[-74.618969,40.460189],[-74.620484,40.460521],[-74.622167,40.460872],[-74.623526,40.461143],[-74.625,40.461451],[-74.625702,40.461634],[-74.626943,40.461868],[-74.628476,40.462158],[-74.629235,40.462323],[-74.630008,40.462476],[-74.630759,40.462643],[-74.631545,40.462829],[-74.633181,40.463258],[-74.634531,40.463599],[-74.636027,40.463984],[-74.636251,40.464042],[-74.636737,40.464174],[-74.636053,40.465564],[-74.638528,40.466008],[-74.640116,40.466285],[-74.641655,40.466568],[-74.642819,40.466804],[-74.64472,40.467261],[-74.646347,40.467622],[-74.648598,40.468083],[-74.648638,40.468091],[-74.650134,40.468388],[-74.650956,40.468552],[-74.651054,40.468572],[-74.651315,40.468624],[-74.652983,40.468989],[-74.655731,40.469605],[-74.657239,40.469943],[-74.657719,40.470029],[-74.657935,40.470064],[-74.658128,40.470052],[-74.658277,40.470023],[-74.658898,40.470238],[-74.658988,40.470296],[-74.659241,40.470269],[-74.662212,40.471021],[-74.665188,40.471637],[-74.665523,40.471577],[-74.669271,40.471375],[-74.676253,40.470396],[-74.691144,40.469123],[-74.703619,40.467993],[-74.706983,40.458491],[-74.709411,40.452897],[-74.710261,40.451364],[-74.712804,40.447104],[-74.715816,40.441973],[-74.716676,40.441845],[-74.716913,40.441817],[-74.717041,40.441779],[-74.71783,40.44143],[-74.717902,40.441408],[-74.717964,40.441406],[-74.718258,40.4415],[-74.71852,40.441567],[-74.718707,40.441603],[-74.718927,40.441613],[-74.720062,40.441498],[-74.720298,40.441473],[-74.723017,40.441198],[-74.724164,40.441073],[-74.725484,40.440945],[-74.726314,40.440881],[-74.728705,40.440635],[-74.729518,40.440559],[-74.733554,40.440134],[-74.734353,40.44006],[-74.735874,40.439889],[-74.736554,40.439817],[-74.737448,40.439723],[-74.738175,40.439663],[-74.738291,40.439653],[-74.7389,40.439641],[-74.738974,40.439655],[-74.739086,40.439715],[-74.739288,40.439864],[-74.739337,40.439811],[-74.7394,40.439743],[-74.739502,40.439667],[-74.739558,40.439642],[-74.740213,40.439446],[-74.740303,40.439403],[-74.74034,40.439375],[-74.741186,40.438753],[-74.74233,40.438009],[-74.743413,40.437291],[-74.7445,40.436557],[-74.745188,40.436116],[-74.745639,40.435809],[-74.745859,40.435659],[-74.747199,40.434775],[-74.747861,40.434327],[-74.748113,40.434145],[-74.748472,40.433886],[-74.748622,40.433794],[-74.748862,40.433677],[-74.748937,40.433659],[-74.752023,40.43138],[-74.752156,40.431646],[-74.752217,40.431777],[-74.752492,40.432282],[-74.752626,40.432544],[-74.752728,40.432742],[-74.752782,40.432828],[-74.752943,40.433143],[-74.754334,40.435778],[-74.755772,40.4385],[-74.756514,40.439898],[-74.757364,40.441501],[-74.757731,40.442194],[-74.757751,40.442233],[-74.757757,40.442244],[-74.762305,40.45082],[-74.76247,40.451117],[-74.764878,40.455458],[-74.764924,40.455542],[-74.76543,40.456454],[-74.767157,40.459583],[-74.767215,40.459688],[-74.767934,40.460992],[-74.768722,40.462419],[-74.771086,40.466794],[-74.772288,40.469005],[-74.773515,40.47126],[-74.774835,40.473677],[-74.77491,40.47381],[-74.774938,40.47386],[-74.77495,40.473881],[-74.774958,40.473895],[-74.774974,40.473924],[-74.774997,40.473966],[-74.775005,40.473981],[-74.775042,40.474048],[-74.775054,40.47407],[-74.77506,40.474081],[-74.775078,40.474115],[-74.77509,40.474136],[-74.775095,40.474145],[-74.775117,40.474185],[-74.775124,40.474198],[-74.775132,40.474213],[-74.775142,40.474231],[-74.775145,40.474236],[-74.775149,40.474243],[-74.775206,40.474347],[-74.776444,40.476608],[-74.776658,40.476992],[-74.776787,40.477242],[-74.777075,40.477801],[-74.777397,40.478369],[-74.777657,40.478856],[-74.77774,40.479023],[-74.777832,40.47919],[-74.77799,40.479512],[-74.778119,40.479774],[-74.778153,40.479841],[-74.778168,40.479871],[-74.77832,40.4802],[-74.778412,40.480362],[-74.778498,40.480543],[-74.778557,40.480654],[-74.778656,40.480844],[-74.778703,40.480926],[-74.778747,40.481002],[-74.778831,40.481165],[-74.778918,40.481309],[-74.779007,40.481485],[-74.779106,40.481652],[-74.779169,40.481772],[-74.779289,40.482003],[-74.779388,40.482179],[-74.779572,40.482535],[-74.779762,40.482892],[-74.780037,40.483415],[-74.780136,40.483595],[-74.780228,40.48378],[-74.780327,40.483965],[-74.780426,40.484163],[-74.780533,40.484357],[-74.780649,40.484558],[-74.780654,40.484567],[-74.78066,40.484577],[-74.780835,40.48488],[-74.780876,40.484952],[-74.78106,40.485266],[-74.78122,40.485539],[-74.781341,40.485732],[-74.781571,40.486125],[-74.781784,40.486504],[-74.781998,40.486855],[-74.782181,40.487166],[-74.782249,40.487293],[-74.782379,40.487505],[-74.782463,40.487649],[-74.782513,40.487775],[-74.783231,40.489061],[-74.783278,40.489145],[-74.784364,40.49109],[-74.784838,40.491938],[-74.78497,40.492175],[-74.785615,40.49333],[-74.789056,40.499491],[-74.789297,40.499922],[-74.789313,40.499951],[-74.789499,40.500291],[-74.790746,40.502574],[-74.793437,40.507498],[-74.796371,40.512866],[-74.796502,40.513106],[-74.797702,40.515302],[-74.79773,40.515353],[-74.797841,40.515557],[-74.797488,40.515514],[-74.797342,40.51549],[-74.797046,40.515433],[-74.796744,40.515362],[-74.796442,40.515281],[-74.796154,40.51521],[-74.795933,40.51515],[-74.795624,40.515043],[-74.795289,40.514931],[-74.795248,40.514919],[-74.794183,40.514596],[-74.794085,40.514541],[-74.793007,40.51412],[-74.793,40.514117],[-74.792732,40.513993],[-74.792025,40.513639],[-74.791672,40.513495],[-74.791465,40.513414],[-74.791258,40.513329],[-74.79092,40.51316],[-74.790592,40.512998],[-74.790365,40.5129],[-74.79029,40.512824],[-74.790075,40.512743],[-74.789949,40.512686],[-74.78986,40.512646],[-74.789622,40.512564],[-74.789431,40.512494],[-74.789353,40.512459],[-74.789263,40.512418],[-74.789028,40.512362],[-74.788767,40.512312],[-74.788725,40.512308],[-74.788458,40.512287],[-74.788197,40.512282],[-74.787984,40.512319],[-74.787926,40.512319],[-74.787821,40.512307],[-74.787692,40.512268],[-74.787576,40.512181],[-74.787421,40.51205],[-74.787285,40.511953],[-74.787108,40.511715],[-74.786975,40.511524],[-74.786954,40.511507],[-74.786932,40.511489],[-74.786912,40.511473],[-74.786871,40.51144],[-74.786788,40.511372],[-74.786597,40.511212],[-74.786589,40.511206],[-74.786357,40.511024],[-74.786216,40.510954],[-74.786001,40.510872],[-74.785819,40.51073],[-74.785631,40.510567],[-74.785456,40.510393],[-74.785268,40.510235],[-74.785133,40.510098],[-74.785086,40.510016],[-74.785059,40.509873],[-74.785078,40.509816],[-74.785105,40.50973],[-74.785118,40.509608],[-74.78512,40.509595],[-74.785121,40.50959],[-74.785122,40.509582],[-74.785123,40.509574],[-74.785144,40.50944],[-74.785149,40.509324],[-74.78515,40.509303],[-74.78515,40.509285],[-74.785153,40.50924],[-74.785165,40.509085],[-74.785167,40.509063],[-74.785177,40.508934],[-74.785193,40.508747],[-74.785194,40.508632],[-74.785203,40.508458],[-74.785206,40.508393],[-74.785006,40.508177],[-74.784938,40.508077],[-74.784869,40.507962],[-74.784728,40.507856],[-74.784716,40.507846],[-74.784653,40.507792],[-74.784633,40.507774],[-74.784626,40.507769],[-74.784182,40.507543],[-74.784068,40.507419],[-74.783956,40.507376],[-74.783691,40.507151],[-74.783571,40.507051],[-74.783446,40.506935],[-74.783298,40.506777],[-74.783132,40.506599],[-74.78295,40.506375],[-74.782755,40.506176],[-74.782587,40.506054],[-74.782409,40.50591],[-74.782372,40.50588],[-74.782305,40.505826],[-74.782284,40.505809],[-74.782143,40.505723],[-74.781995,40.505585],[-74.781847,40.505437],[-74.781746,40.505259],[-74.781531,40.504958],[-74.781329,40.5048],[-74.781161,40.504693],[-74.780966,40.504581],[-74.780691,40.504489],[-74.780604,40.504501],[-74.780555,40.504506],[-74.780542,40.504509],[-74.780533,40.504511],[-74.78042,40.504539],[-74.780227,40.504541],[-74.780009,40.504493],[-74.78,40.504491],[-74.779661,40.5044],[-74.779446,40.504252],[-74.779319,40.504267],[-74.779141,40.50416],[-74.778951,40.504079],[-74.778741,40.50407],[-74.778609,40.50405],[-74.778621,40.503956],[-74.77856,40.503904],[-74.77851,40.503894],[-74.77846,40.503914],[-74.778376,40.503956],[-74.778187,40.503937],[-74.778077,40.503892],[-74.777769,40.503735],[-74.777632,40.503697],[-74.777496,40.503662],[-74.777241,40.503579],[-74.777052,40.503555],[-74.776922,40.50348],[-74.776792,40.503435],[-74.776699,40.503307],[-74.776464,40.503252],[-74.775983,40.503283],[-74.775653,40.503422],[-74.77546,40.503478],[-74.775425,40.503488],[-74.77539,40.503566],[-74.775377,40.503593],[-74.775284,40.503739],[-74.775296,40.503753],[-74.775363,40.503838],[-74.775434,40.503898],[-74.775377,40.504023],[-74.775112,40.503974],[-74.774909,40.504028],[-74.774833,40.504102],[-74.774757,40.504177],[-74.774712,40.504037],[-74.774652,40.503896],[-74.774591,40.503756],[-74.774581,40.503739],[-74.774467,40.503754],[-74.774336,40.503738],[-74.774211,40.503738],[-74.773911,40.50371],[-74.773811,40.503713],[-74.773611,40.503728],[-74.773486,40.503771],[-74.773362,40.503828],[-74.77326,40.5039],[-74.77307,40.503899],[-74.772681,40.503818],[-74.772392,40.503775],[-74.771773,40.503728],[-74.771384,40.503708],[-74.77106,40.503649],[-74.77088,40.503661],[-74.77044,40.503613],[-74.770081,40.503592],[-74.769835,40.50356],[-74.769267,40.503557],[-74.768525,40.503483],[-74.768129,40.503469],[-74.767632,40.503415],[-74.767358,40.503449],[-74.767093,40.503527],[-74.766893,40.503615],[-74.766498,40.503906],[-74.766271,40.504079],[-74.766151,40.504192],[-74.766144,40.504257],[-74.766109,40.504371],[-74.76606,40.504414],[-74.765996,40.504441],[-74.765876,40.504506],[-74.765784,40.504565],[-74.765727,40.504587],[-74.7656,40.504598],[-74.765287,40.50458],[-74.765018,40.504642],[-74.764949,40.50469],[-74.764829,40.504755],[-74.764567,40.504793],[-74.764302,40.504793],[-74.764091,40.504836],[-74.76383,40.50487],[-74.763618,40.504898],[-74.76324,40.504948],[-74.762778,40.504971],[-74.762181,40.504989],[-74.761741,40.504973],[-74.761265,40.505068],[-74.76082,40.505218],[-74.760309,40.505416],[-74.760095,40.505471],[-74.759503,40.505622],[-74.758906,40.505766],[-74.757999,40.505883],[-74.757524,40.506076],[-74.757036,40.506401],[-74.756339,40.506721],[-74.756113,40.506794],[-74.755872,40.506871],[-74.755079,40.506972],[-74.754365,40.506913],[-74.753715,40.506794],[-74.752834,40.506534],[-74.752696,40.506457],[-74.752535,40.506549],[-74.75242,40.506575],[-74.752236,40.506588],[-74.751891,40.506589],[-74.7515,40.506547],[-74.751132,40.506451],[-74.750925,40.506407],[-74.75074,40.506354],[-74.75028,40.506161],[-74.750024,40.506017],[-74.749793,40.505907],[-74.749688,40.505866],[-74.749381,40.505867],[-74.74901,40.505796],[-74.74864,40.505652],[-74.748147,40.505473],[-74.747838,40.505294],[-74.747715,40.50508],[-74.747653,40.504788],[-74.747681,40.5045],[-74.747643,40.504433],[-74.747619,40.504254],[-74.747615,40.504221],[-74.747525,40.504092],[-74.747401,40.50388],[-74.747277,40.503486],[-74.747215,40.503204],[-74.74713,40.50308],[-74.747092,40.503024],[-74.746874,40.502846],[-74.746811,40.502811],[-74.746351,40.502758],[-74.746033,40.502677],[-74.745658,40.502503],[-74.745095,40.50228],[-74.744108,40.502081],[-74.743546,40.502],[-74.742378,40.501911],[-74.74232,40.501907],[-74.741882,40.501925],[-74.74115,40.501955],[-74.740229,40.502003],[-74.739379,40.502039],[-74.738875,40.502057],[-74.738535,40.502069],[-74.737934,40.502067],[-74.736941,40.50201],[-74.736553,40.502088],[-74.736013,40.502189],[-74.735245,40.502384],[-74.734469,40.50253],[-74.732601,40.502856],[-74.730616,40.503165],[-74.729883,40.503294],[-74.728986,40.503556],[-74.72824,40.503938],[-74.727753,40.504214],[-74.727331,40.504616],[-74.727039,40.505035],[-74.72676,40.505404],[-74.72656,40.50558],[-74.726423,40.505635],[-74.726265,40.505675],[-74.726042,40.505725],[-74.725892,40.505814],[-74.725716,40.505969],[-74.725626,40.506083],[-74.725556,40.506226],[-74.725487,40.506473],[-74.725481,40.506792],[-74.725491,40.507122],[-74.725594,40.507516],[-74.725848,40.507916],[-74.726182,40.508327],[-74.726424,40.508654],[-74.726578,40.50892],[-74.726735,40.509197],[-74.726802,40.509333],[-74.726864,40.509458],[-74.72688,40.50949],[-74.726903,40.509537],[-74.727107,40.509844],[-74.727194,40.510124],[-74.727278,40.510634],[-74.727306,40.510686],[-74.727327,40.510724],[-74.727398,40.510854],[-74.727424,40.510902],[-74.727648,40.511149],[-74.727829,40.511345],[-74.728396,40.51215],[-74.728563,40.512468],[-74.728689,40.512846],[-74.728894,40.513422],[-74.729069,40.513833],[-74.729195,40.514415],[-74.729306,40.51487],[-74.729333,40.515363],[-74.729341,40.515493],[-74.729347,40.515543],[-74.729393,40.515918],[-74.729376,40.51666],[-74.729328,40.516989],[-74.729194,40.517391],[-74.729102,40.517605],[-74.728971,40.5178],[-74.728831,40.518007],[-74.72861,40.51837],[-74.728121,40.519464],[-74.727907,40.519784],[-74.727658,40.520076],[-74.727385,40.520373],[-74.727121,40.520583],[-74.726862,40.520661],[-74.726675,40.520678],[-74.726503,40.520657],[-74.726336,40.520608],[-74.72612,40.520576],[-74.725796,40.520473],[-74.72537,40.52037],[-74.724916,40.520229],[-74.72444,40.520038],[-74.724078,40.519837],[-74.723688,40.519591],[-74.723305,40.519263],[-74.722929,40.518968],[-74.722668,40.518689],[-74.722248,40.518433],[-74.72162,40.518128],[-74.721492,40.518083],[-74.721379,40.518044],[-74.721345,40.518032],[-74.72126,40.518002],[-74.720423,40.517841],[-74.718666,40.517688],[-74.716564,40.517444],[-74.715727,40.517342],[-74.714857,40.517302],[-74.713935,40.517278],[-74.713173,40.517341],[-74.712497,40.517426],[-74.712073,40.517554],[-74.711679,40.517714],[-74.711313,40.517935],[-74.711219,40.518],[-74.710983,40.518167],[-74.710604,40.518421],[-74.710209,40.518658],[-74.709858,40.518808],[-74.709498,40.518875],[-74.709026,40.518909],[-74.708527,40.518944],[-74.707125,40.519208],[-74.706486,40.519407],[-74.705868,40.519651],[-74.705423,40.519873],[-74.704857,40.52022],[-74.704441,40.520464],[-74.704168,40.520679],[-74.704048,40.520932],[-74.704014,40.52125],[-74.703916,40.521679],[-74.70376,40.522053],[-74.703553,40.522405],[-74.703404,40.522735],[-74.703327,40.522971],[-74.703194,40.523642],[-74.703111,40.524152],[-74.703177,40.524289],[-74.703243,40.524399],[-74.703604,40.524705],[-74.704088,40.525016],[-74.70505,40.525715],[-74.705506,40.526054],[-74.7056,40.526106],[-74.705643,40.52613],[-74.705976,40.526316],[-74.706316,40.526562],[-74.706656,40.526835],[-74.706982,40.527125],[-74.707264,40.527492],[-74.707542,40.528029],[-74.707696,40.528528],[-74.707814,40.529044],[-74.707889,40.529493],[-74.707875,40.529772],[-74.70787,40.529872],[-74.70785,40.53],[-74.70785,40.530191],[-74.707803,40.530351],[-74.707784,40.530415],[-74.707684,40.53063],[-74.707518,40.530804],[-74.707352,40.530913],[-74.707325,40.53093],[-74.707009,40.530994],[-74.706724,40.531059],[-74.706472,40.531095],[-74.706123,40.531159],[-74.705925,40.531231],[-74.705664,40.531357],[-74.705504,40.531418],[-74.705326,40.531616],[-74.705284,40.531902],[-74.705258,40.532265],[-74.705318,40.532572],[-74.705579,40.533043],[-74.705674,40.533229],[-74.705769,40.533487],[-74.705923,40.533694],[-74.706045,40.533859],[-74.706435,40.534122],[-74.706855,40.534318],[-74.707951,40.534709],[-74.708565,40.534948],[-74.709027,40.535183],[-74.709324,40.535467],[-74.709557,40.535779],[-74.709579,40.535838],[-74.709658,40.536054],[-74.709648,40.536158],[-74.709656,40.536179],[-74.709643,40.536217],[-74.709632,40.536339],[-74.709532,40.536504],[-74.709448,40.536784],[-74.709414,40.537015],[-74.709328,40.537219],[-74.709221,40.537384],[-74.709028,40.537538],[-74.708734,40.537704],[-74.708461,40.537787],[-74.708158,40.537859],[-74.707742,40.537949],[-74.707332,40.538082],[-74.706915,40.538188],[-74.706592,40.53826],[-74.706319,40.538399],[-74.705953,40.538598],[-74.705666,40.538769],[-74.705394,40.538913],[-74.705166,40.539024],[-74.704978,40.539117],[-74.704546,40.539256],[-74.704129,40.539313],[-74.703576,40.539413],[-74.703201,40.539525],[-74.702749,40.539735],[-74.702685,40.539774],[-74.702233,40.540083],[-74.701904,40.540342],[-74.701567,40.540508],[-74.701078,40.540795],[-74.700641,40.541044],[-74.700247,40.541331],[-74.699845,40.541502],[-74.699306,40.541707],[-74.698954,40.541818],[-74.69848,40.542028],[-74.698322,40.542139],[-74.698273,40.542309],[-74.698296,40.542507],[-74.698393,40.543017],[-74.698373,40.543374],[-74.698346,40.543588],[-74.698327,40.5438],[-74.698332,40.543835],[-74.698354,40.544001],[-74.698354,40.544056],[-74.698354,40.544121],[-74.698354,40.544343],[-74.698329,40.544395],[-74.698247,40.544535],[-74.69814,40.544702],[-74.698139,40.544702],[-74.69792,40.544975],[-74.697778,40.545142],[-74.697619,40.545407],[-74.697441,40.545886],[-74.697334,40.54603],[-74.697262,40.546136],[-74.697048,40.546288],[-74.696833,40.546393],[-74.696715,40.546438],[-74.696661,40.546469],[-74.696593,40.546508],[-74.696543,40.546537],[-74.696352,40.546628],[-74.696229,40.546686],[-74.69617,40.546714],[-74.696032,40.546778],[-74.695968,40.546808],[-74.695387,40.547184],[-74.694794,40.547768],[-74.694315,40.548374],[-74.694015,40.548797],[-74.693586,40.54926],[-74.693193,40.5497],[-74.692843,40.550223],[-74.692529,40.550669],[-74.692129,40.551154],[-74.691685,40.551578],[-74.691041,40.552124],[-74.690495,40.552433],[-74.690021,40.552665],[-74.689845,40.552764],[-74.689591,40.552908],[-74.689153,40.553207],[-74.688774,40.553592],[-74.688552,40.553851],[-74.688388,40.554197],[-74.688197,40.554582],[-74.687861,40.555116],[-74.687573,40.555267],[-74.687409,40.555354],[-74.687063,40.555377],[-74.686718,40.555328],[-74.686393,40.555192],[-74.686147,40.555062],[-74.685886,40.554826],[-74.685473,40.554416],[-74.684967,40.553935],[-74.684337,40.553349],[-74.68359,40.552539],[-74.683076,40.55203],[-74.682547,40.551489],[-74.681794,40.550838],[-74.681374,40.550395],[-74.680838,40.549897],[-74.680332,40.54947],[-74.679597,40.548907],[-74.679145,40.548558],[-74.678668,40.548213],[-74.678053,40.547919],[-74.677311,40.547713],[-74.676548,40.54766],[-74.67592,40.547624],[-74.675273,40.547643],[-74.674541,40.547713],[-74.674308,40.547791],[-74.674074,40.547868],[-74.673281,40.548219],[-74.672991,40.5483],[-74.672549,40.548459],[-74.672032,40.548691],[-74.671277,40.548968],[-74.670529,40.549207],[-74.669796,40.549407],[-74.668732,40.549569],[-74.668151,40.549649],[-74.667012,40.549806],[-74.664076,40.550194],[-74.662623,40.550407],[-74.661934,40.550523],[-74.660084,40.550838],[-74.65889,40.551051],[-74.657825,40.551197],[-74.656703,40.551398],[-74.655782,40.551516],[-74.655142,40.551639],[-74.654674,40.551778],[-74.65392,40.552088],[-74.653188,40.552441],[-74.652448,40.552856],[-74.651782,40.553577],[-74.651117,40.55443],[-74.650924,40.554628],[-74.650501,40.554932],[-74.649812,40.555373],[-74.649289,40.555742],[-74.648725,40.556202],[-74.648593,40.55631],[-74.64817,40.556718],[-74.647957,40.557086],[-74.647734,40.557241],[-74.647456,40.557604],[-74.647269,40.557884],[-74.647098,40.558209],[-74.64695,40.55855],[-74.646764,40.558962],[-74.646557,40.559331],[-74.6464,40.559649],[-74.646115,40.560128],[-74.645836,40.560376],[-74.645326,40.56068],[-74.644896,40.560911],[-74.644442,40.561055],[-74.643774,40.561283],[-74.642983,40.56157],[-74.642437,40.561808],[-74.641877,40.562123],[-74.64126,40.56246],[-74.641259,40.56246],[-74.640671,40.562846],[-74.639976,40.563353],[-74.63938,40.563729],[-74.638519,40.564259],[-74.638001,40.564533],[-74.637512,40.564685],[-74.637123,40.564762],[-74.636778,40.564757],[-74.636425,40.564702],[-74.635964,40.564669],[-74.635799,40.564643],[-74.635726,40.564632],[-74.635593,40.564611],[-74.635001,40.564547],[-74.63423,40.564499],[-74.633347,40.564567],[-74.632715,40.564587],[-74.632197,40.564615],[-74.631557,40.564623],[-74.630954,40.564619],[-74.630213,40.564541],[-74.629573,40.564413],[-74.629141,40.564295],[-74.628709,40.564128],[-74.628377,40.563941],[-74.627361,40.56346],[-74.62654,40.563196],[-74.626395,40.563153],[-74.624609,40.562618],[-74.62444,40.562563],[-74.623927,40.562346],[-74.623358,40.562041],[-74.622885,40.561665],[-74.622179,40.561072],[-74.621672,40.560608],[-74.621322,40.560213],[-74.62098,40.560042],[-74.620768,40.559935],[-74.620697,40.5599],[-74.620743,40.559885],[-74.621006,40.5598],[-74.620995,40.559784],[-74.620927,40.559601],[-74.620838,40.559397],[-74.620732,40.559033],[-74.620633,40.558832],[-74.620606,40.558637],[-74.620635,40.558429],[-74.62061,40.55814],[-74.620629,40.557948],[-74.620614,40.557827],[-74.620339,40.558157],[-74.618674,40.560152],[-74.618609,40.560074],[-74.618373,40.559776],[-74.617909,40.559226],[-74.617003,40.558129],[-74.616829,40.557901],[-74.616666,40.557665],[-74.616556,40.557493],[-74.616445,40.557301],[-74.616308,40.557009],[-74.616224,40.556797],[-74.61615,40.556569],[-74.616014,40.556077],[-74.616006,40.556053],[-74.615982,40.556056],[-74.615915,40.556064],[-74.615588,40.556152],[-74.615197,40.556345],[-74.61517,40.556393],[-74.615138,40.556411],[-74.614994,40.556632],[-74.614778,40.556756],[-74.614115,40.557199],[-74.613626,40.557534],[-74.613136,40.557744],[-74.612582,40.557898],[-74.612379,40.558018],[-74.611578,40.558039],[-74.611066,40.558059],[-74.610663,40.558053],[-74.610325,40.558015],[-74.609915,40.558003],[-74.609222,40.558059],[-74.60873,40.558161],[-74.608362,40.558267],[-74.608096,40.558356],[-74.607561,40.558518],[-74.606533,40.558695],[-74.606088,40.558739],[-74.605776,40.558771],[-74.60433,40.558915],[-74.603531,40.558914],[-74.603049,40.558857],[-74.601847,40.558564],[-74.601324,40.558419],[-74.600523,40.55822],[-74.599038,40.557681],[-74.598937,40.557642],[-74.599007,40.557542],[-74.600802,40.55496],[-74.601001,40.554609],[-74.601923,40.554593],[-74.602395,40.554609],[-74.602476,40.553595],[-74.602476,40.553361],[-74.602446,40.553316],[-74.602439,40.553271],[-74.602418,40.553253],[-74.602411,40.553199],[-74.602376,40.553144],[-74.601784,40.552009],[-74.601647,40.551976],[-74.601562,40.551966],[-74.601172,40.551923],[-74.600958,40.551913],[-74.600916,40.551916],[-74.60084,40.55124],[-74.600693,40.550368],[-74.600754,40.54904],[-74.600856,40.54837],[-74.600764,40.547662],[-74.600854,40.546987],[-74.600803,40.546302],[-74.600593,40.543032],[-74.601436,40.542869],[-74.602263,40.54271],[-74.603103,40.542551],[-74.603957,40.54239],[-74.604805,40.542233],[-74.605146,40.542172],[-74.605253,40.542166],[-74.604892,40.540484],[-74.604723,40.539379],[-74.604497,40.536711],[-74.60412,40.536813],[-74.603368,40.537003],[-74.602552,40.537201],[-74.602462,40.537223],[-74.601793,40.535649],[-74.601543,40.53501],[-74.600966,40.533675],[-74.600531,40.532725],[-74.600427,40.532499],[-74.600492,40.532438],[-74.600662,40.532335],[-74.600705,40.532309],[-74.600975,40.532186],[-74.601096,40.532148],[-74.601437,40.532042],[-74.601961,40.53192],[-74.602034,40.5319],[-74.602735,40.531707],[-74.60327,40.531583],[-74.60331,40.531571],[-74.603477,40.531521],[-74.604005,40.531409],[-74.604244,40.531416],[-74.604371,40.53142],[-74.604744,40.531475],[-74.605097,40.531354],[-74.6052,40.53128],[-74.605262,40.531237],[-74.605309,40.531145],[-74.605397,40.530973],[-74.605425,40.530846],[-74.605554,40.530605],[-74.605582,40.530589],[-74.605646,40.530535],[-74.605966,40.530429],[-74.606121,40.530424],[-74.606165,40.53041],[-74.606384,40.530338],[-74.606682,40.530296],[-74.606954,40.530298],[-74.6071,40.530356],[-74.607212,40.530401],[-74.607601,40.530263],[-74.607659,40.530137],[-74.607665,40.530038],[-74.607636,40.529993],[-74.607629,40.529957],[-74.607599,40.529903],[-74.607593,40.529813],[-74.607576,40.529792],[-74.607607,40.529673],[-74.60761,40.529641],[-74.607625,40.529528],[-74.607694,40.529408],[-74.607746,40.529355],[-74.607838,40.529264],[-74.607895,40.529185],[-74.607968,40.529084],[-74.608009,40.528992],[-74.608032,40.52894],[-74.608132,40.52867],[-74.608174,40.528472],[-74.608254,40.52832],[-74.608362,40.528144],[-74.608376,40.528122],[-74.608636,40.527843],[-74.608914,40.52763],[-74.608883,40.52763],[-74.607539,40.527609],[-74.606393,40.527568],[-74.605533,40.527292],[-74.6007,40.526901],[-74.600403,40.526881],[-74.599151,40.526814],[-74.598635,40.526717],[-74.598489,40.526691],[-74.597869,40.527158],[-74.597609,40.527195],[-74.596982,40.527283],[-74.596733,40.527344],[-74.594604,40.527697],[-74.593273,40.527813],[-74.592016,40.527923],[-74.591954,40.527939],[-74.591709,40.528094],[-74.591534,40.528137],[-74.591273,40.528147],[-74.591097,40.528094],[-74.589559,40.52794],[-74.58932,40.527916],[-74.589342,40.527848],[-74.589384,40.52748],[-74.589397,40.527084],[-74.589454,40.526886],[-74.589611,40.526693],[-74.589837,40.526215],[-74.589981,40.525834],[-74.589936,40.525195],[-74.589696,40.524521],[-74.589652,40.52422],[-74.589643,40.523852],[-74.589548,40.523365],[-74.589406,40.522649],[-74.589359,40.522413],[-74.589163,40.521883],[-74.588877,40.521359],[-74.588395,40.520679],[-74.588011,40.52004],[-74.587279,40.519435],[-74.586412,40.519025],[-74.585831,40.518869],[-74.584768,40.518609],[-74.583802,40.518419],[-74.582839,40.518244],[-74.582335,40.518153],[-74.581629,40.517968],[-74.580709,40.517702],[-74.580142,40.517489],[-74.580006,40.517438],[-74.579393,40.51711],[-74.578903,40.51683],[-74.578203,40.516447],[-74.577636,40.515911],[-74.577277,40.515471],[-74.57677,40.514822],[-74.576707,40.514604],[-74.576689,40.514504],[-74.576752,40.514377],[-74.576797,40.514309],[-74.576864,40.51418],[-74.576688,40.514091],[-74.576557,40.514048],[-74.576466,40.513645],[-74.576432,40.513463],[-74.576335,40.51282],[-74.57629,40.512524],[-74.576337,40.51147],[-74.576481,40.510791],[-74.57655,40.510624],[-74.576813,40.509978],[-74.577027,40.50961],[-74.57715,40.50937],[-74.577404,40.508873],[-74.577744,40.50835],[-74.577986,40.508045],[-74.578198,40.507863],[-74.578242,40.507821],[-74.57828,40.507786],[-74.578836,40.507311],[-74.579622,40.506926],[-74.580334,40.506577],[-74.581411,40.506151],[-74.582121,40.505999],[-74.582655,40.505885],[-74.583817,40.505546],[-74.584864,40.505264],[-74.585704,40.504908],[-74.586331,40.504609],[-74.586814,40.504195],[-74.586884,40.504097],[-74.587056,40.503855],[-74.587109,40.503516],[-74.587154,40.502892],[-74.587155,40.502876],[-74.587153,40.502846],[-74.587151,40.502829],[-74.587144,40.502744],[-74.587106,40.502324],[-74.58697,40.501985],[-74.586881,40.50178],[-74.586639,40.501257],[-74.586278,40.500724],[-74.585938,40.500137],[-74.585652,40.499758],[-74.585623,40.499771],[-74.585586,40.499788],[-74.585584,40.49977],[-74.585337,40.499407],[-74.585172,40.49912],[-74.584854,40.498586],[-74.584689,40.498342],[-74.584519,40.498121],[-74.584356,40.497818],[-74.584226,40.497554],[-74.584197,40.497388],[-74.584178,40.497117],[-74.584163,40.49663],[-74.58407,40.496075],[-74.583881,40.495656],[-74.583584,40.495214],[-74.583536,40.49516],[-74.583144,40.494716],[-74.582663,40.494048],[-74.582309,40.493524],[-74.582041,40.493148],[-74.581823,40.492806],[-74.581626,40.492442],[-74.581455,40.492069],[-74.581361,40.491883],[-74.581184,40.491554],[-74.581029,40.491289],[-74.580932,40.491102],[-74.580859,40.490962],[-74.580636,40.490501],[-74.58041,40.490148],[-74.580241,40.489856],[-74.579955,40.489163]],[[-74.685226,40.517336],[-74.685139,40.517326],[-74.684572,40.517186],[-74.684836,40.516631],[-74.68496,40.516365],[-74.685096,40.516101],[-74.68378,40.516494],[-74.67962,40.517709],[-74.674462,40.519203],[-74.679227,40.520597],[-74.679933,40.520856],[-74.679999,40.520881],[-74.683304,40.522108],[-74.683645,40.521584],[-74.684502,40.522429],[-74.684621,40.522557],[-74.684861,40.522823],[-74.686337,40.524666],[-74.686789,40.525204],[-74.687132,40.525573],[-74.688145,40.524863],[-74.688717,40.524437],[-74.6894,40.523998],[-74.690161,40.523494],[-74.690427,40.523259],[-74.690503,40.523147],[-74.691005,40.522031],[-74.691136,40.52176],[-74.691951,40.521986],[-74.692523,40.520747],[-74.692751,40.520304],[-74.692914,40.519945],[-74.692089,40.519733],[-74.692297,40.519278],[-74.69255,40.518762],[-74.692869,40.518044],[-74.692947,40.51787],[-74.692129,40.517662],[-74.691234,40.517433],[-74.690377,40.5172],[-74.690293,40.517176],[-74.689576,40.516971],[-74.688735,40.516737],[-74.687979,40.516534],[-74.687876,40.516521],[-74.687571,40.516697],[-74.686462,40.517439],[-74.685517,40.517676],[-74.685541,40.517612],[-74.685547,40.517567],[-74.685476,40.517476],[-74.685387,40.517404],[-74.685226,40.517336]]]}},{"type":"Feature","properties":{"zip":"07062","name":"07062"},"geometry":{"type":"Polygon","coordinates":[[[-74.412889,40.626442],[-74.413929,40.627034],[-74.415469,40.627909],[-74.415266,40.628207],[-74.415229,40.628264],[-74.41491,40.628756],[-74.414363,40.6296],[-74.415451,40.630335],[-74.415773,40.630533],[-74.41641,40.63086],[-74.416912,40.631129],[-74.417248,40.631311],[-74.418536,40.631884],[-74.418881,40.632068],[-74.419283,40.632275],[-74.419734,40.632521],[-74.420028,40.632694],[-74.420146,40.632774],[-74.421237,40.633518],[-74.421906,40.633973],[-74.422691,40.634507],[-74.421801,40.635273],[-74.422703,40.635957],[-74.422765,40.636057],[-74.422786,40.636197],[-74.422786,40.636275],[-74.422761,40.636372],[-74.42273,40.63644],[-74.422689,40.636492],[-74.422557,40.636602],[-74.421761,40.637123],[-74.420725,40.6378],[-74.419507,40.638471],[-74.419153,40.63862],[-74.419001,40.638659],[-74.418767,40.638675],[-74.418692,40.638672],[-74.418488,40.638619],[-74.418328,40.638534],[-74.418127,40.638419],[-74.41802,40.638511],[-74.417475,40.638972],[-74.417317,40.639106],[-74.416046,40.640285],[-74.415369,40.640928],[-74.415043,40.641222],[-74.414729,40.641539],[-74.414485,40.641382],[-74.4144,40.641334],[-74.413919,40.641088],[-74.413764,40.640985],[-74.413737,40.640968],[-74.413703,40.640987],[-74.413574,40.641108],[-74.413235,40.641361],[-74.41304,40.641651],[-74.412975,40.641944],[-74.412952,40.642048],[-74.412939,40.642107],[-74.412867,40.642201],[-74.412665,40.642327],[-74.41234,40.642387],[-74.412274,40.642409],[-74.412158,40.642449],[-74.411713,40.642601],[-74.411288,40.642684],[-74.410886,40.642691],[-74.410694,40.642694],[-74.410682,40.642694],[-74.410394,40.642656],[-74.409824,40.642634],[-74.409319,40.642645],[-74.409201,40.642657],[-74.409181,40.642659],[-74.408894,40.642689],[-74.408526,40.642798],[-74.408231,40.642968],[-74.408108,40.643095],[-74.40805,40.643309],[-74.408079,40.643496],[-74.408166,40.643633],[-74.408209,40.643754],[-74.408266,40.643814],[-74.408324,40.643984],[-74.408264,40.644185],[-74.407331,40.643642],[-74.405959,40.642843],[-74.404989,40.642277],[-74.404108,40.641767],[-74.403102,40.641181],[-74.402081,40.640587],[-74.401749,40.640393],[-74.401304,40.640135],[-74.399777,40.639244],[-74.398793,40.638674],[-74.398771,40.638658],[-74.398232,40.638344],[-74.397849,40.638122],[-74.3969,40.63757],[-74.396503,40.63734],[-74.395324,40.636654],[-74.394189,40.636],[-74.393449,40.635577],[-74.39273,40.635168],[-74.391135,40.634259],[-74.38977,40.633481],[-74.388501,40.632758],[-74.387589,40.632238],[-74.387276,40.63206],[-74.386807,40.631793],[-74.386019,40.631343],[-74.385657,40.631137],[-74.385275,40.630919],[-74.384457,40.630453],[-74.382902,40.629567],[-74.382791,40.629504],[-74.382808,40.629488],[-74.383845,40.628509],[-74.384072,40.628295],[-74.385213,40.627218],[-74.385606,40.626848],[-74.387211,40.625334],[-74.38841,40.624203],[-74.389219,40.623487],[-74.3898,40.622079],[-74.39017,40.622338],[-74.390255,40.622411],[-74.390388,40.622526],[-74.390962,40.62302],[-74.391178,40.623217],[-74.391192,40.623245],[-74.391484,40.622977],[-74.392658,40.621898],[-74.392968,40.621612],[-74.393145,40.621774],[-74.395132,40.622716],[-74.395515,40.622897],[-74.397675,40.621521],[-74.399172,40.621249],[-74.399213,40.621138],[-74.39944,40.620837],[-74.399527,40.620672],[-74.399579,40.620574],[-74.399605,40.620429],[-74.400463,40.620353],[-74.402089,40.620208],[-74.403124,40.620116],[-74.4032,40.620598],[-74.403287,40.620732],[-74.403687,40.620973],[-74.404859,40.62168],[-74.405511,40.622073],[-74.405744,40.622223],[-74.40622,40.622531],[-74.406548,40.622774],[-74.406568,40.622789],[-74.407179,40.623139],[-74.407397,40.623262],[-74.407833,40.623511],[-74.408593,40.623947],[-74.409031,40.624197],[-74.409348,40.624387],[-74.410163,40.624877],[-74.410281,40.624948],[-74.411005,40.625363],[-74.412104,40.625993],[-74.412889,40.626442]]]}},{"type":"Feature","properties":{"zip":"08890","name":"08890"},"geometry":{"type":"Polygon","coordinates":[[[-74.577267,40.535599],[-74.577914,40.535193],[-74.578123,40.535048],[-74.578297,40.534912],[-74.578343,40.534873],[-74.578479,40.53475],[-74.578736,40.534489],[-74.578788,40.534511],[-74.579369,40.533931],[-74.579558,40.533728],[-74.579677,40.533764],[-74.579802,40.5338],[-74.579842,40.533811],[-74.580043,40.533867],[-74.580345,40.533985],[-74.580468,40.534004],[-74.581259,40.533908],[-74.581627,40.533945],[-74.581764,40.533982],[-74.581814,40.534009],[-74.581857,40.53409],[-74.581842,40.534189],[-74.581749,40.534441],[-74.58175,40.534657],[-74.581771,40.534675],[-74.581794,40.534738],[-74.58185,40.534811],[-74.582064,40.53494],[-74.582221,40.535036],[-74.581442,40.535742],[-74.580467,40.536761],[-74.579965,40.537416],[-74.579715,40.537983],[-74.579552,40.538637],[-74.579374,40.53944],[-74.579171,40.539942],[-74.57905,40.540187],[-74.57891,40.540366],[-74.578585,40.540781],[-74.578048,40.54112],[-74.577587,40.541323],[-74.576861,40.541518],[-74.576127,40.54169],[-74.575378,40.541664],[-74.574738,40.541654],[-74.574273,40.541647],[-74.573714,40.541647],[-74.573012,40.541647],[-74.572328,40.541635],[-74.571352,40.541618],[-74.569336,40.542058],[-74.568659,40.54225],[-74.56663,40.542767],[-74.566194,40.542879],[-74.564903,40.543264],[-74.564393,40.543556],[-74.563514,40.543849],[-74.562588,40.54425],[-74.561236,40.544773],[-74.560707,40.545037],[-74.559825,40.545709],[-74.559136,40.546326],[-74.558598,40.546798],[-74.55811,40.546553],[-74.557939,40.546467],[-74.55781,40.546402],[-74.557896,40.54634],[-74.557934,40.546286],[-74.558012,40.546253],[-74.55821,40.54609],[-74.558354,40.545999],[-74.558415,40.545965],[-74.55936,40.545362],[-74.559572,40.545161],[-74.559576,40.545113],[-74.55987,40.544912],[-74.560197,40.544603],[-74.560751,40.544282],[-74.560878,40.544206],[-74.561104,40.54406],[-74.561422,40.543885],[-74.561682,40.543756],[-74.561875,40.54366],[-74.5621,40.543574],[-74.562199,40.54358],[-74.562882,40.543347],[-74.563241,40.543242],[-74.564115,40.542975],[-74.564335,40.542882],[-74.564451,40.542829],[-74.564912,40.542591],[-74.566348,40.541791],[-74.569089,40.540166],[-74.569416,40.539983],[-74.569676,40.539838],[-74.571498,40.538832],[-74.573112,40.537946],[-74.576614,40.535984],[-74.577267,40.535599]]]}},{"type":"Feature","properties":{"zip":"07974","name":"07974"},"geometry":{"type":"Polygon","coordinates":[[[-74.426897,40.701711],[-74.426491,40.701885],[-74.425089,40.701835],[-74.424733,40.701957],[-74.424576,40.702115],[-74.423922,40.702775],[-74.423896,40.702801],[-74.423552,40.702867],[-74.422321,40.703101],[-74.421796,40.703201],[-74.418477,40.705137],[-74.418453,40.705151],[-74.418196,40.705301],[-74.416596,40.705301],[-74.4154,40.705781],[-74.414453,40.706579],[-74.413818,40.707248],[-74.413796,40.708001],[-74.41376,40.708087],[-74.413757,40.708093],[-74.413755,40.708098],[-74.413702,40.708225],[-74.413672,40.708297],[-74.413631,40.708395],[-74.413629,40.7084],[-74.413621,40.708418],[-74.413618,40.708424],[-74.413614,40.708434],[-74.41356,40.708563],[-74.413524,40.70865],[-74.413392,40.708966],[-74.413391,40.708966],[-74.413061,40.70987],[-74.412495,40.7103],[-74.411847,40.710345],[-74.411355,40.710115],[-74.410806,40.709567],[-74.410057,40.709517],[-74.40911,40.709812],[-74.408466,40.710106],[-74.408448,40.710156],[-74.408416,40.710246],[-74.408175,40.710925],[-74.408078,40.711198],[-74.407575,40.711795],[-74.407597,40.711936],[-74.407698,40.712599],[-74.407528,40.713232],[-74.407504,40.713263],[-74.40735,40.713461],[-74.407277,40.713523],[-74.407248,40.713547],[-74.40724,40.713554],[-74.407222,40.713569],[-74.407128,40.713649],[-74.407089,40.713682],[-74.407072,40.713696],[-74.406961,40.71379],[-74.406948,40.713801],[-74.406944,40.713805],[-74.406939,40.713809],[-74.406918,40.713827],[-74.406768,40.713954],[-74.406657,40.714048],[-74.406126,40.714498],[-74.405038,40.714943],[-74.404574,40.715245],[-74.40375,40.716023],[-74.403096,40.717123],[-74.402717,40.717518],[-74.402633,40.717605],[-74.402541,40.717701],[-74.402518,40.717725],[-74.402514,40.71773],[-74.402507,40.717737],[-74.40248,40.717765],[-74.402254,40.718001],[-74.401665,40.718085],[-74.400853,40.718023],[-74.400275,40.71798],[-74.400144,40.717936],[-74.399848,40.717836],[-74.399268,40.717738],[-74.398828,40.717786],[-74.398605,40.717811],[-74.398443,40.717829],[-74.398436,40.71783],[-74.398418,40.717832],[-74.398248,40.717851],[-74.397355,40.717638],[-74.396069,40.717277],[-74.396013,40.717261],[-74.39509,40.717273],[-74.394295,40.717501],[-74.394151,40.717582],[-74.393484,40.717958],[-74.392937,40.718024],[-74.392757,40.718046],[-74.392735,40.717981],[-74.391905,40.716111],[-74.39268,40.715629],[-74.39332,40.715232],[-74.392397,40.71429],[-74.391473,40.713353],[-74.391382,40.713241],[-74.391346,40.713181],[-74.391297,40.713075],[-74.391267,40.712954],[-74.391274,40.712538],[-74.389728,40.712355],[-74.389588,40.712327],[-74.389473,40.71228],[-74.38937,40.712225],[-74.389278,40.712155],[-74.389193,40.712076],[-74.388647,40.711473],[-74.388084,40.710625],[-74.387957,40.710716],[-74.3877,40.710975],[-74.387498,40.711262],[-74.387306,40.711784],[-74.38727,40.711882],[-74.387157,40.71229],[-74.386475,40.71217],[-74.386506,40.712113],[-74.386678,40.711751],[-74.386696,40.711699],[-74.387924,40.708071],[-74.388051,40.70769],[-74.388539,40.706225],[-74.388578,40.706098],[-74.388452,40.706032],[-74.387984,40.705944],[-74.387883,40.705906],[-74.387911,40.70573],[-74.38789,40.705681],[-74.387832,40.705598],[-74.387746,40.70556],[-74.38737,40.705576],[-74.387255,40.705543],[-74.387168,40.705433],[-74.386959,40.705411],[-74.386743,40.705356],[-74.386685,40.705296],[-74.386584,40.705268],[-74.386328,40.705287],[-74.384297,40.704012],[-74.383859,40.702742],[-74.384997,40.702798],[-74.385015,40.703503],[-74.384984,40.703539],[-74.38584,40.703607],[-74.385848,40.703588],[-74.385944,40.703436],[-74.386124,40.703193],[-74.386184,40.703114],[-74.386256,40.703035],[-74.38629,40.70301],[-74.386432,40.702902],[-74.38676,40.702707],[-74.386981,40.702589],[-74.386796,40.702312],[-74.386649,40.702021],[-74.386542,40.70172],[-74.386478,40.701411],[-74.386458,40.701179],[-74.386483,40.700973],[-74.386536,40.70077],[-74.386616,40.700573],[-74.386723,40.700383],[-74.386856,40.700203],[-74.387009,40.700038],[-74.387288,40.700098],[-74.387862,40.70022],[-74.38795,40.699843],[-74.38837,40.699807],[-74.388346,40.698716],[-74.387,40.69694],[-74.386457,40.696526],[-74.386636,40.696465],[-74.386802,40.69639],[-74.387008,40.696298],[-74.386445,40.695423],[-74.386219,40.69503],[-74.386709,40.694685],[-74.38639,40.690706],[-74.386576,40.690004],[-74.386198,40.68992],[-74.385748,40.689076],[-74.38556,40.688939],[-74.385432,40.689284],[-74.385368,40.68941],[-74.385276,40.689487],[-74.384563,40.689861],[-74.382331,40.691012],[-74.382092,40.691173],[-74.381917,40.691313],[-74.381802,40.691433],[-74.381499,40.688848],[-74.381489,40.688507],[-74.381404,40.688332],[-74.383802,40.686578],[-74.38485,40.685817],[-74.385406,40.685474],[-74.3872,40.684522],[-74.387272,40.684591],[-74.387397,40.684673],[-74.38755,40.684737],[-74.387588,40.684747],[-74.38937,40.683797],[-74.391287,40.682747],[-74.391953,40.682385],[-74.393303,40.681652],[-74.395342,40.680563],[-74.397733,40.679274],[-74.397755,40.679262],[-74.399538,40.678181],[-74.400327,40.67822],[-74.401121,40.678231],[-74.401812,40.678241],[-74.402515,40.678198],[-74.40264,40.679061],[-74.40264,40.67912],[-74.402628,40.679268],[-74.402595,40.679415],[-74.402542,40.679558],[-74.40247,40.679696],[-74.40238,40.679828],[-74.402271,40.679952],[-74.402147,40.680066],[-74.402007,40.68017],[-74.401955,40.680202],[-74.402205,40.680304],[-74.402238,40.680315],[-74.402318,40.680331],[-74.402399,40.680334],[-74.40248,40.680324],[-74.402557,40.680302],[-74.402625,40.680267],[-74.402905,40.680005],[-74.402959,40.679966],[-74.403016,40.679934],[-74.403077,40.679906],[-74.403141,40.679884],[-74.403207,40.679867],[-74.403276,40.679855],[-74.403346,40.679849],[-74.403417,40.679848],[-74.403487,40.679853],[-74.404478,40.680198],[-74.404647,40.680306],[-74.404682,40.680374],[-74.404717,40.680637],[-74.404788,40.680792],[-74.404916,40.68094],[-74.404963,40.681011],[-74.404991,40.681069],[-74.405011,40.68113],[-74.405023,40.681192],[-74.405026,40.681254],[-74.40502,40.681316],[-74.405006,40.681378],[-74.404984,40.681438],[-74.404953,40.681496],[-74.404915,40.681551],[-74.404888,40.681605],[-74.404856,40.68169],[-74.404836,40.681778],[-74.404828,40.681867],[-74.404832,40.681956],[-74.404849,40.682045],[-74.404877,40.682131],[-74.404917,40.682215],[-74.404969,40.682295],[-74.405031,40.682371],[-74.405483,40.682737],[-74.410653,40.679228],[-74.41155,40.680325],[-74.411881,40.680864],[-74.412001,40.681035],[-74.412258,40.680907],[-74.412379,40.680856],[-74.412563,40.680794],[-74.412754,40.680748],[-74.412951,40.680717],[-74.413151,40.680701],[-74.413351,40.680702],[-74.413551,40.680719],[-74.413598,40.680724],[-74.41366,40.680724],[-74.413699,40.680724],[-74.413728,40.680719],[-74.41416,40.68152],[-74.414577,40.682538],[-74.414822,40.683542],[-74.415031,40.68442],[-74.415647,40.684954],[-74.416375,40.685502],[-74.41744,40.686205],[-74.417912,40.686506],[-74.418317,40.686985],[-74.418743,40.687353],[-74.418795,40.687449],[-74.41877,40.687463],[-74.418712,40.687511],[-74.418669,40.687568],[-74.418642,40.687631],[-74.418633,40.687697],[-74.418646,40.687766],[-74.418662,40.687809],[-74.418684,40.687851],[-74.418744,40.687927],[-74.418782,40.687961],[-74.41887,40.68802],[-74.41892,40.688044],[-74.418973,40.688063],[-74.419085,40.688089],[-74.419202,40.688097],[-74.419361,40.688093],[-74.420265,40.688642],[-74.420451,40.68875],[-74.420879,40.689295],[-74.420734,40.690351],[-74.420409,40.692547],[-74.421532,40.693394],[-74.423098,40.694078],[-74.424817,40.694829],[-74.425,40.694891],[-74.425734,40.695657],[-74.428955,40.698691],[-74.429023,40.698754],[-74.428965,40.698808],[-74.428849,40.698916],[-74.428707,40.699119],[-74.428562,40.699326],[-74.428389,40.699574],[-74.428357,40.69962],[-74.42835,40.69963],[-74.428347,40.699635],[-74.428038,40.700077],[-74.428031,40.700087],[-74.427997,40.700136],[-74.426897,40.701711]]]}},{"type":"Feature","properties":{"zip":"07081","name":"07081"},"geometry":{"type":"Polygon","coordinates":[[[-74.347067,40.691722],[-74.347791,40.692196],[-74.348059,40.692335],[-74.348794,40.692707],[-74.349264,40.692983],[-74.349393,40.693058],[-74.350048,40.693443],[-74.351945,40.694805],[-74.353094,40.695533],[-74.353194,40.695598],[-74.353534,40.695713],[-74.353789,40.695799],[-74.354821,40.696429],[-74.359917,40.699535],[-74.360302,40.69977],[-74.36039,40.699821],[-74.358954,40.700389],[-74.357466,40.700663],[-74.355694,40.701001],[-74.352613,40.701383],[-74.352629,40.701652],[-74.352581,40.70166],[-74.352261,40.701433],[-74.352171,40.70148],[-74.352009,40.701764],[-74.350132,40.702989],[-74.347415,40.704747],[-74.345197,40.706199],[-74.344787,40.706443],[-74.344674,40.706489],[-74.344321,40.706555],[-74.344112,40.706654],[-74.34396,40.706813],[-74.343773,40.707148],[-74.343535,40.70745],[-74.343426,40.7075],[-74.34321,40.707538],[-74.342914,40.707522],[-74.342705,40.707588],[-74.342221,40.707846],[-74.342168,40.707896],[-74.341991,40.70806],[-74.341911,40.708214],[-74.341572,40.70856],[-74.341399,40.70889],[-74.341233,40.709274],[-74.341154,40.709345],[-74.340772,40.709571],[-74.340735,40.709626],[-74.340606,40.709714],[-74.340411,40.70995],[-74.340288,40.710071],[-74.34005,40.710378],[-74.339841,40.710587],[-74.339787,40.710648],[-74.3393,40.711202],[-74.339076,40.711405],[-74.338853,40.711674],[-74.338817,40.711663],[-74.338499,40.711834],[-74.338261,40.711998],[-74.338255,40.712006],[-74.33811,40.712213],[-74.337987,40.712548],[-74.337713,40.712883],[-74.337446,40.713119],[-74.337359,40.713234],[-74.337114,40.713454],[-74.337013,40.713509],[-74.33679,40.71369],[-74.336674,40.713883],[-74.336602,40.714168],[-74.336559,40.714261],[-74.336357,40.714481],[-74.3364,40.714553],[-74.336422,40.714613],[-74.335947,40.715049],[-74.33506,40.715647],[-74.334961,40.715714],[-74.334705,40.715936],[-74.333594,40.716901],[-74.333014,40.716708],[-74.332951,40.716717],[-74.332835,40.716695],[-74.332539,40.716585],[-74.332294,40.71653],[-74.332143,40.716464],[-74.331875,40.716305],[-74.331515,40.71619],[-74.330822,40.716058],[-74.330619,40.716055],[-74.331102,40.717008],[-74.331328,40.717707],[-74.331338,40.717736],[-74.331377,40.717853],[-74.331377,40.717896],[-74.331476,40.718194],[-74.3315,40.718525],[-74.331967,40.719732],[-74.332088,40.720176],[-74.331905,40.720079],[-74.331735,40.719989],[-74.331697,40.719975],[-74.331432,40.719841],[-74.331105,40.719676],[-74.330334,40.719295],[-74.329091,40.718731],[-74.32872,40.718555],[-74.326754,40.717623],[-74.326418,40.717464],[-74.3263,40.717408],[-74.326218,40.717369],[-74.326108,40.717317],[-74.325885,40.717212],[-74.325861,40.7172],[-74.325596,40.717075],[-74.325542,40.717099],[-74.324619,40.71754],[-74.323296,40.718171],[-74.322519,40.718542],[-74.321408,40.719072],[-74.320083,40.719146],[-74.320065,40.719147],[-74.318992,40.719201],[-74.318906,40.719201],[-74.318889,40.719201],[-74.318609,40.7192],[-74.318082,40.719202],[-74.318075,40.719202],[-74.317029,40.7192],[-74.316781,40.719199],[-74.316566,40.719199],[-74.315991,40.719199],[-74.315533,40.718807],[-74.315293,40.718601],[-74.314476,40.718274],[-74.313793,40.718001],[-74.312794,40.717101],[-74.311691,40.715601],[-74.309791,40.715501],[-74.309388,40.714901],[-74.308793,40.714508],[-74.308431,40.714409],[-74.307589,40.714201],[-74.306991,40.714002],[-74.305393,40.713701],[-74.304589,40.713512],[-74.304498,40.713491],[-74.304444,40.713478],[-74.304338,40.713453],[-74.303917,40.713354],[-74.303691,40.7133],[-74.302695,40.713601],[-74.302092,40.713301],[-74.30123,40.713472],[-74.299933,40.713725],[-74.299833,40.71375],[-74.299627,40.713833],[-74.299496,40.713889],[-74.298738,40.714736],[-74.29869,40.71479],[-74.297999,40.714149],[-74.297829,40.713991],[-74.297593,40.713772],[-74.296151,40.712434],[-74.296201,40.712351],[-74.296627,40.711967],[-74.296743,40.711753],[-74.296793,40.71161],[-74.29675,40.711023],[-74.296822,40.710759],[-74.296815,40.710699],[-74.296902,40.710633],[-74.297212,40.710298],[-74.297559,40.710051],[-74.297892,40.70988],[-74.297934,40.709859],[-74.298822,40.709546],[-74.299255,40.709343],[-74.299283,40.709333],[-74.299147,40.70908],[-74.3014,40.707684],[-74.301677,40.707498],[-74.300873,40.705613],[-74.301078,40.704678],[-74.301761,40.70432],[-74.302216,40.704286],[-74.302782,40.704301],[-74.306692,40.703802],[-74.309119,40.702625],[-74.309897,40.701606],[-74.310906,40.700392],[-74.310877,40.700171],[-74.310666,40.699622],[-74.309194,40.699501],[-74.307393,40.698801],[-74.307393,40.698301],[-74.307893,40.695999],[-74.307292,40.694901],[-74.307056,40.694685],[-74.30664,40.694304],[-74.30691,40.693453],[-74.307071,40.693135],[-74.307884,40.692259],[-74.308655,40.691171],[-74.311819,40.690171],[-74.312226,40.689892],[-74.311916,40.68817],[-74.311904,40.687816],[-74.311989,40.687512],[-74.311741,40.685705],[-74.310772,40.683794],[-74.307292,40.682506],[-74.308989,40.680407],[-74.307753,40.680292],[-74.308192,40.680302],[-74.308243,40.680258],[-74.31022,40.678551],[-74.310392,40.678402],[-74.317391,40.677841],[-74.321419,40.677519],[-74.322371,40.677443],[-74.322575,40.677433],[-74.324453,40.67845],[-74.331358,40.682192],[-74.33169,40.6824],[-74.33208,40.682528],[-74.332299,40.682604],[-74.334193,40.683901],[-74.33439,40.684014],[-74.334893,40.684301],[-74.335545,40.68479],[-74.335812,40.684992],[-74.336481,40.685386],[-74.336615,40.685391],[-74.336714,40.685468],[-74.337148,40.685463],[-74.34145,40.688199],[-74.342322,40.688601],[-74.342344,40.688629],[-74.342485,40.688679],[-74.347067,40.691722]]]}},{"type":"Feature","properties":{"zip":"07027","name":"07027"},"geometry":{"type":"Polygon","coordinates":[[[-74.32329,40.64465],[-74.324489,40.645271],[-74.324913,40.645585],[-74.325406,40.645944],[-74.325568,40.646],[-74.326536,40.646334],[-74.328024,40.646974],[-74.330056,40.64757],[-74.33111,40.648307],[-74.332704,40.648849],[-74.332908,40.648941],[-74.333759,40.649326],[-74.333532,40.649527],[-74.332147,40.650473],[-74.332648,40.65141],[-74.33276,40.651686],[-74.332239,40.652299],[-74.331409,40.653421],[-74.330421,40.654607],[-74.329727,40.655795],[-74.328911,40.657259],[-74.327706,40.657489],[-74.326593,40.657702],[-74.326141,40.656094],[-74.326028,40.656114],[-74.325919,40.656142],[-74.325815,40.656179],[-74.324891,40.656274],[-74.324871,40.656277],[-74.324838,40.656389],[-74.324816,40.656391],[-74.324591,40.656419],[-74.324382,40.656445],[-74.323595,40.65655],[-74.323518,40.656561],[-74.321797,40.657813],[-74.320764,40.657963],[-74.319449,40.658154],[-74.317765,40.657367],[-74.31687,40.656696],[-74.316551,40.65649],[-74.315149,40.655661],[-74.313775,40.654937],[-74.313595,40.654842],[-74.312573,40.654212],[-74.312298,40.654042],[-74.313538,40.653185],[-74.313681,40.653011],[-74.314593,40.652301],[-74.314765,40.652091],[-74.315487,40.651214],[-74.316306,40.650534],[-74.316457,40.65043],[-74.316584,40.650344],[-74.316825,40.650178],[-74.316909,40.650116],[-74.317577,40.649631],[-74.318069,40.649273],[-74.318242,40.649147],[-74.318664,40.64884],[-74.318956,40.648628],[-74.319486,40.648242],[-74.31965,40.648122],[-74.320663,40.647344],[-74.319547,40.646769],[-74.318436,40.646198],[-74.318199,40.646076],[-74.317312,40.64562],[-74.316485,40.645194],[-74.319678,40.641989],[-74.321868,40.642897],[-74.32329,40.64465]]]}},{"type":"Feature","properties":{"zip":"07039","name":"07039"},"geometry":{"type":"Polygon","coordinates":[[[-74.317331,40.75797],[-74.317714,40.758113],[-74.318702,40.758483],[-74.319354,40.757922],[-74.31958,40.757753],[-74.319715,40.757811],[-74.319913,40.757897],[-74.320045,40.757955],[-74.321817,40.758748],[-74.322812,40.759194],[-74.32323,40.758684],[-74.323475,40.758385],[-74.328182,40.758633],[-74.328946,40.758665],[-74.329695,40.758682],[-74.330374,40.758697],[-74.331516,40.758717],[-74.348622,40.759284],[-74.349707,40.759309],[-74.350102,40.759305],[-74.352982,40.759497],[-74.356308,40.759719],[-74.361333,40.760242],[-74.364866,40.760728],[-74.367278,40.761067],[-74.367532,40.761012],[-74.367542,40.761011],[-74.367883,40.760994],[-74.368006,40.760861],[-74.368359,40.760709],[-74.36871,40.760618],[-74.368981,40.760558],[-74.36905,40.760425],[-74.369324,40.759995],[-74.369692,40.759607],[-74.370126,40.759435],[-74.370423,40.759416],[-74.370881,40.759501],[-74.371259,40.759503],[-74.371745,40.759485],[-74.37199,40.759312],[-74.372533,40.758966],[-74.373457,40.758334],[-74.37419,40.757999],[-74.374599,40.757942],[-74.374827,40.758036],[-74.375,40.758066],[-74.375257,40.758294],[-74.375341,40.758588],[-74.375195,40.758835],[-74.374892,40.759273],[-74.374936,40.759726],[-74.375181,40.760261],[-74.375361,40.76054],[-74.375542,40.760731],[-74.37583,40.760835],[-74.376137,40.760954],[-74.376425,40.761029],[-74.37727,40.76118],[-74.377414,40.761152],[-74.377451,40.761305],[-74.377517,40.761459],[-74.377429,40.761619],[-74.377119,40.761844],[-74.376897,40.761941],[-74.376395,40.762162],[-74.376315,40.762403],[-74.376246,40.762644],[-74.376235,40.762749],[-74.376062,40.762738],[-74.375878,40.762854],[-74.375676,40.762897],[-74.37531,40.76291],[-74.374955,40.762908],[-74.374596,40.762805],[-74.374282,40.76275],[-74.373959,40.762702],[-74.37361,40.762801],[-74.373307,40.763155],[-74.373003,40.763537],[-74.372761,40.763745],[-74.372567,40.763839],[-74.372315,40.763962],[-74.371594,40.764031],[-74.370863,40.764008],[-74.370729,40.764172],[-74.370567,40.764846],[-74.370475,40.76563],[-74.370402,40.765803],[-74.370193,40.765887],[-74.370267,40.766067],[-74.370109,40.766313],[-74.36995,40.766677],[-74.369971,40.766969],[-74.370306,40.76708],[-74.370665,40.767164],[-74.37112,40.767258],[-74.371695,40.76737],[-74.371849,40.767572],[-74.371871,40.767791],[-74.371749,40.768046],[-74.371524,40.768307],[-74.371402,40.768449],[-74.371397,40.768455],[-74.371207,40.768446],[-74.371174,40.768601],[-74.37071,40.769017],[-74.370247,40.769349],[-74.370014,40.769644],[-74.369996,40.769714],[-74.369879,40.770161],[-74.36998,40.770286],[-74.369847,40.770358],[-74.369673,40.770813],[-74.369562,40.770846],[-74.369601,40.771041],[-74.369497,40.771421],[-74.369585,40.771672],[-74.369802,40.771977],[-74.369849,40.772048],[-74.370019,40.772305],[-74.370106,40.772633],[-74.370026,40.772757],[-74.370161,40.772893],[-74.370223,40.773294],[-74.370251,40.773475],[-74.370149,40.773696],[-74.370276,40.773824],[-74.370311,40.774144],[-74.370404,40.774449],[-74.370574,40.774625],[-74.370803,40.774742],[-74.371185,40.774759],[-74.371816,40.774719],[-74.372236,40.774721],[-74.372598,40.774854],[-74.372788,40.775058],[-74.372925,40.775144],[-74.372862,40.775291],[-74.372783,40.775581],[-74.372513,40.775841],[-74.371837,40.77652],[-74.371624,40.776692],[-74.371568,40.776737],[-74.371092,40.77692],[-74.370973,40.776966],[-74.370532,40.777066],[-74.370264,40.777151],[-74.369994,40.777368],[-74.369657,40.777627],[-74.369233,40.778076],[-74.369037,40.778583],[-74.36872,40.77907],[-74.368707,40.77909],[-74.368301,40.779553],[-74.36761,40.779839],[-74.36715,40.779982],[-74.366859,40.780387],[-74.366819,40.780649],[-74.366854,40.78094],[-74.36689,40.781187],[-74.366791,40.781564],[-74.366576,40.782101],[-74.366465,40.782725],[-74.366459,40.78332],[-74.3667,40.784106],[-74.366813,40.784171],[-74.366857,40.784197],[-74.366775,40.78431],[-74.366811,40.784485],[-74.366635,40.784891],[-74.366612,40.785297],[-74.366677,40.786518],[-74.366705,40.787579],[-74.366772,40.788568],[-74.366691,40.789032],[-74.366476,40.789569],[-74.366126,40.790162],[-74.366066,40.790511],[-74.366251,40.791078],[-74.366416,40.791908],[-74.366734,40.792563],[-74.366611,40.792704],[-74.366797,40.792741],[-74.366763,40.793093],[-74.366463,40.793796],[-74.3664,40.794075],[-74.366366,40.794229],[-74.366309,40.794425],[-74.366254,40.794614],[-74.366223,40.794722],[-74.366169,40.794786],[-74.365848,40.795166],[-74.365381,40.795445],[-74.365007,40.795795],[-74.364695,40.796145],[-74.364563,40.797084],[-74.364508,40.797401],[-74.364416,40.797928],[-74.364332,40.79855],[-74.364173,40.799042],[-74.363831,40.799322],[-74.363225,40.799671],[-74.362202,40.799994],[-74.362031,40.800022],[-74.361821,40.800057],[-74.361583,40.800096],[-74.360551,40.799891],[-74.36012,40.799712],[-74.359795,40.799722],[-74.359526,40.799875],[-74.359407,40.799943],[-74.358914,40.800512],[-74.358904,40.800523],[-74.358862,40.800572],[-74.357899,40.801684],[-74.3569,40.802793],[-74.356118,40.803799],[-74.355215,40.804545],[-74.354655,40.804894],[-74.354026,40.805278],[-74.352663,40.805634],[-74.352073,40.805901],[-74.351807,40.806263],[-74.351465,40.806461],[-74.351113,40.80664],[-74.351077,40.806658],[-74.35078,40.806686],[-74.350898,40.806798],[-74.350752,40.807217],[-74.350804,40.807766],[-74.350827,40.808325],[-74.350866,40.808659],[-74.350833,40.809089],[-74.350304,40.809614],[-74.349961,40.809913],[-74.349758,40.810482],[-74.349839,40.810838],[-74.349849,40.811236],[-74.349831,40.811677],[-74.349642,40.81216],[-74.349313,40.81247],[-74.349071,40.812641],[-74.348674,40.812628],[-74.348193,40.812647],[-74.347755,40.812537],[-74.34716,40.812512],[-74.34672,40.812596],[-74.346123,40.812883],[-74.345168,40.813426],[-74.344458,40.81368],[-74.344303,40.813719],[-74.343876,40.813828],[-74.343692,40.813805],[-74.343353,40.813642],[-74.342747,40.813326],[-74.341902,40.812902],[-74.341452,40.812821],[-74.340856,40.812713],[-74.340817,40.812559],[-74.340643,40.812701],[-74.340304,40.812699],[-74.339566,40.812824],[-74.339168,40.812951],[-74.338364,40.813344],[-74.337892,40.813826],[-74.337614,40.814728],[-74.33711,40.815543],[-74.335912,40.816365],[-74.335112,40.817059],[-74.334342,40.818416],[-74.33413,40.818338],[-74.331006,40.817187],[-74.331179,40.8171],[-74.331744,40.816843],[-74.327024,40.816807],[-74.324734,40.812295],[-74.323062,40.812324],[-74.321739,40.812398],[-74.321239,40.810744],[-74.31806,40.810508],[-74.317,40.81048],[-74.316679,40.811518],[-74.316352,40.811345],[-74.316041,40.811327],[-74.315852,40.812831],[-74.311493,40.812629],[-74.31114,40.811333],[-74.311176,40.811277],[-74.31126,40.811157],[-74.306625,40.810683],[-74.304705,40.810466],[-74.302513,40.809432],[-74.301533,40.808939],[-74.301435,40.80889],[-74.29947,40.808021],[-74.297178,40.810164],[-74.296994,40.810507],[-74.296154,40.810482],[-74.294228,40.810323],[-74.292482,40.809958],[-74.290948,40.809425],[-74.289762,40.808837],[-74.288183,40.807723],[-74.288117,40.807676],[-74.287747,40.807398],[-74.287413,40.807148],[-74.286988,40.806828],[-74.286852,40.806899],[-74.286682,40.806975],[-74.286604,40.80701],[-74.286312,40.807123],[-74.286285,40.807132],[-74.285837,40.80729],[-74.284795,40.807656],[-74.283711,40.808056],[-74.283334,40.808194],[-74.283101,40.808291],[-74.282955,40.808361],[-74.280592,40.807],[-74.281356,40.805394],[-74.282527,40.803609],[-74.28508,40.798392],[-74.285129,40.798342],[-74.285175,40.798273],[-74.285175,40.798231],[-74.285455,40.797668],[-74.287122,40.794312],[-74.288441,40.791795],[-74.292622,40.783741],[-74.294692,40.7798],[-74.295455,40.778129],[-74.296408,40.776042],[-74.296818,40.775129],[-74.298092,40.7723],[-74.298378,40.771633],[-74.299153,40.770047],[-74.299555,40.77024],[-74.299563,40.770216],[-74.299992,40.769132],[-74.300723,40.76757],[-74.301555,40.765795],[-74.302005,40.764804],[-74.302014,40.764784],[-74.30329,40.761902],[-74.303169,40.761864],[-74.303289,40.761492],[-74.303726,40.760636],[-74.30429,40.759415],[-74.304898,40.758084],[-74.305049,40.757881],[-74.305241,40.757899],[-74.306093,40.7579],[-74.30616,40.757899],[-74.306282,40.757899],[-74.307868,40.757896],[-74.308028,40.757681],[-74.30831,40.757478],[-74.308676,40.75732],[-74.309075,40.757148],[-74.309191,40.75711],[-74.309899,40.756802],[-74.31013,40.756648],[-74.310599,40.756396],[-74.31083,40.756231],[-74.310917,40.756127],[-74.311256,40.755814],[-74.311362,40.755736],[-74.312286,40.756081],[-74.315979,40.757464],[-74.316332,40.757596],[-74.317331,40.75797]]]}},{"type":"Feature","properties":{"zip":"07104","name":"07104"},"geometry":{"type":"Polygon","coordinates":[[[-74.171803,40.788142],[-74.17179,40.788146],[-74.171682,40.788217],[-74.171613,40.788244],[-74.171549,40.788244],[-74.171339,40.788129],[-74.171181,40.788043],[-74.170804,40.787612],[-74.170321,40.787189],[-74.170109,40.787082],[-74.169923,40.787033],[-74.169804,40.786979],[-74.16983,40.787009],[-74.169601,40.786949],[-74.169378,40.786915],[-74.169007,40.786888],[-74.16873,40.786911],[-74.168703,40.786908],[-74.168443,40.786884],[-74.168062,40.786801],[-74.167714,40.786757],[-74.167336,40.786742],[-74.166958,40.786726],[-74.1665,40.786741],[-74.166139,40.78673],[-74.165906,40.78668],[-74.165515,40.786483],[-74.165136,40.78619],[-74.164948,40.786053],[-74.164799,40.785945],[-74.164315,40.785578],[-74.163665,40.785275],[-74.163062,40.785052],[-74.162555,40.784839],[-74.162133,40.784617],[-74.161541,40.784298],[-74.161281,40.784179],[-74.160897,40.784003],[-74.160475,40.783765],[-74.160117,40.783504],[-74.159163,40.783109],[-74.158827,40.78297],[-74.158018,40.782641],[-74.157638,40.782493],[-74.15714,40.782376],[-74.156865,40.782285],[-74.156463,40.782104],[-74.155935,40.781882],[-74.155607,40.781727],[-74.155311,40.781627],[-74.154973,40.781471],[-74.154515,40.781286],[-74.153358,40.780815],[-74.152906,40.780632],[-74.15174,40.78043],[-74.151252,40.78033],[-74.151001,40.780294],[-74.150838,40.78027],[-74.150551,40.780292],[-74.150032,40.780151],[-74.149444,40.780001],[-74.149013,40.779953],[-74.148352,40.77988],[-74.148266,40.779876],[-74.148288,40.7797],[-74.148371,40.779496],[-74.148408,40.779406],[-74.148438,40.779176],[-74.148987,40.778001],[-74.149288,40.7777],[-74.149485,40.77761],[-74.149677,40.777523],[-74.149684,40.77752],[-74.149794,40.777469],[-74.150372,40.776893],[-74.150632,40.776659],[-74.152242,40.775212],[-74.153266,40.774189],[-74.1533,40.774126],[-74.153402,40.773946],[-74.153505,40.773766],[-74.153797,40.773389],[-74.154037,40.77308],[-74.154114,40.772981],[-74.154151,40.772934],[-74.154275,40.772775],[-74.154664,40.772274],[-74.155159,40.771732],[-74.155279,40.77154],[-74.155798,40.770815],[-74.156369,40.768896],[-74.15664,40.767986],[-74.157075,40.767203],[-74.157387,40.766642],[-74.157688,40.7661],[-74.157747,40.76603],[-74.15783,40.765932],[-74.158402,40.76526],[-74.158673,40.764942],[-74.159133,40.764482],[-74.159593,40.764023],[-74.159959,40.763658],[-74.160325,40.763293],[-74.160617,40.763002],[-74.162074,40.761479],[-74.162149,40.761373],[-74.162528,40.760834],[-74.162945,40.760076],[-74.16306,40.759867],[-74.163124,40.759751],[-74.163188,40.759635],[-74.163388,40.759401],[-74.163586,40.758652],[-74.163968,40.757718],[-74.16435,40.756785],[-74.164513,40.756388],[-74.164529,40.756298],[-74.164585,40.755972],[-74.164799,40.754718],[-74.16484,40.754506],[-74.164933,40.753567],[-74.165465,40.750996],[-74.16566,40.750101],[-74.165985,40.748036],[-74.166439,40.748061],[-74.166474,40.747616],[-74.166478,40.747493],[-74.166626,40.74749],[-74.167484,40.747446],[-74.167497,40.747483],[-74.167515,40.747624],[-74.167568,40.748054],[-74.168688,40.747601],[-74.169388,40.747801],[-74.16957,40.747798],[-74.170567,40.747578],[-74.170583,40.747645],[-74.170622,40.747808],[-74.170767,40.747819],[-74.170784,40.747787],[-74.170859,40.747646],[-74.170885,40.747597],[-74.170978,40.747424],[-74.171175,40.74745],[-74.171555,40.747516],[-74.173566,40.747955],[-74.175753,40.748539],[-74.176789,40.748832],[-74.176971,40.748866],[-74.177794,40.749019],[-74.179694,40.749602],[-74.180528,40.749856],[-74.18155,40.75017],[-74.183017,40.750648],[-74.183572,40.750512],[-74.183851,40.750399],[-74.183955,40.750452],[-74.184667,40.750817],[-74.184599,40.750869],[-74.184415,40.751035],[-74.184295,40.751143],[-74.184077,40.751403],[-74.183918,40.751662],[-74.183864,40.751897],[-74.18387,40.752102],[-74.183914,40.752543],[-74.183983,40.752894],[-74.184061,40.753294],[-74.18419,40.753859],[-74.184346,40.75429],[-74.184933,40.755426],[-74.185091,40.755851],[-74.185122,40.755994],[-74.18517,40.756216],[-74.185209,40.756859],[-74.185165,40.757272],[-74.185037,40.757875],[-74.184818,40.758499],[-74.184763,40.758649],[-74.184582,40.759192],[-74.184307,40.759818],[-74.183948,40.760468],[-74.183695,40.760864],[-74.183399,40.761232],[-74.183023,40.761628],[-74.18212,40.762415],[-74.181777,40.762762],[-74.181399,40.763146],[-74.180976,40.763685],[-74.180455,40.764422],[-74.180048,40.765029],[-74.180016,40.765079],[-74.179814,40.765381],[-74.179724,40.765252],[-74.179081,40.764312],[-74.178917,40.764072],[-74.177938,40.762633],[-74.177883,40.76274],[-74.177182,40.764054],[-74.177,40.764396],[-74.17507,40.768096],[-74.174276,40.769618],[-74.173829,40.770474],[-74.173531,40.771045],[-74.172452,40.773109],[-74.171408,40.775105],[-74.172371,40.775394],[-74.172368,40.7754],[-74.172588,40.7755],[-74.172788,40.7765],[-74.172205,40.777464],[-74.172579,40.777583],[-74.174131,40.778085],[-74.174346,40.778147],[-74.175204,40.778397],[-74.174971,40.778772],[-74.174828,40.779088],[-74.17482,40.779108],[-74.174684,40.779442],[-74.174585,40.779796],[-74.174525,40.780121],[-74.174557,40.780586],[-74.174658,40.78092],[-74.174784,40.781256],[-74.174874,40.781399],[-74.175043,40.781483],[-74.174984,40.781676],[-74.174678,40.781788],[-74.17392,40.783661],[-74.174225,40.784943],[-74.17451,40.785466],[-74.17476,40.785607],[-74.174741,40.785625],[-74.174691,40.785723],[-74.174511,40.786075],[-74.174411,40.786215],[-74.174311,40.786359],[-74.174224,40.786443],[-74.17412,40.786606],[-74.174047,40.786865],[-74.174032,40.786902],[-74.173999,40.786934],[-74.173943,40.786969],[-74.173616,40.78709],[-74.172899,40.787326],[-74.172595,40.787495],[-74.172424,40.787648],[-74.172258,40.787789],[-74.171803,40.788142]]]}},{"type":"Feature","properties":{"zip":"07102","name":"07102"},"geometry":{"type":"Polygon","coordinates":[[[-74.184345,40.727604],[-74.183598,40.729517],[-74.183145,40.730677],[-74.181958,40.730397],[-74.181767,40.730915],[-74.1817,40.731098],[-74.181656,40.731216],[-74.181186,40.7325],[-74.181105,40.732722],[-74.181507,40.732821],[-74.181977,40.732938],[-74.181504,40.734135],[-74.182129,40.734284],[-74.18328,40.734558],[-74.182808,40.73562],[-74.182741,40.735778],[-74.180651,40.736196],[-74.18062,40.736191],[-74.180603,40.736188],[-74.179724,40.736393],[-74.179624,40.736588],[-74.179407,40.737014],[-74.182582,40.73798],[-74.182307,40.738553],[-74.182258,40.738655],[-74.181787,40.739633],[-74.181365,40.739496],[-74.181146,40.73937],[-74.1802,40.738464],[-74.179672,40.738045],[-74.179326,40.737822],[-74.179127,40.737736],[-74.179055,40.737705],[-74.178499,40.738708],[-74.178167,40.739306],[-74.178038,40.73954],[-74.178029,40.739555],[-74.179295,40.739935],[-74.178639,40.741061],[-74.178626,40.741084],[-74.178462,40.741377],[-74.17785,40.742469],[-74.178717,40.742732],[-74.180621,40.743371],[-74.18066,40.74342],[-74.180629,40.74341],[-74.180554,40.74341],[-74.180143,40.744136],[-74.179828,40.74469],[-74.179821,40.744703],[-74.178799,40.74438],[-74.177924,40.744106],[-74.177068,40.743847],[-74.176898,40.744155],[-74.176856,40.744128],[-74.176009,40.745253],[-74.175752,40.745597],[-74.17646,40.745849],[-74.175989,40.747417],[-74.174207,40.747022],[-74.173784,40.746929],[-74.173627,40.747669],[-74.173566,40.747955],[-74.171555,40.747516],[-74.171175,40.74745],[-74.170978,40.747424],[-74.170885,40.747597],[-74.170859,40.747646],[-74.170784,40.747787],[-74.170767,40.747819],[-74.170622,40.747808],[-74.170583,40.747645],[-74.170567,40.747578],[-74.16957,40.747798],[-74.169388,40.747801],[-74.168688,40.747601],[-74.167568,40.748054],[-74.167515,40.747624],[-74.167497,40.747483],[-74.167484,40.747446],[-74.166626,40.74749],[-74.166478,40.747493],[-74.166474,40.747616],[-74.166439,40.748061],[-74.165985,40.748036],[-74.166069,40.747495],[-74.166087,40.747402],[-74.165987,40.745199],[-74.165954,40.745107],[-74.165923,40.745023],[-74.165702,40.744421],[-74.165101,40.742783],[-74.163788,40.739201],[-74.162093,40.736109],[-74.161958,40.736007],[-74.161669,40.735781],[-74.161982,40.735572],[-74.162239,40.735836],[-74.162887,40.735443],[-74.163093,40.735313],[-74.163352,40.735131],[-74.163604,40.734933],[-74.16438,40.73435],[-74.164927,40.733917],[-74.16547,40.733469],[-74.165816,40.733169],[-74.166099,40.732923],[-74.166433,40.732619],[-74.166652,40.732419],[-74.167681,40.731376],[-74.168446,40.730601],[-74.169095,40.729943],[-74.169455,40.729579],[-74.17002,40.729005],[-74.170574,40.728444],[-74.170796,40.728219],[-74.171588,40.727445],[-74.172257,40.726791],[-74.172795,40.726264],[-74.172545,40.726177],[-74.17307,40.725651],[-74.173233,40.725451],[-74.173818,40.724914],[-74.174303,40.7245],[-74.174889,40.723921],[-74.175019,40.723757],[-74.175517,40.72346],[-74.175628,40.723499],[-74.175864,40.72358],[-74.175939,40.723606],[-74.175965,40.723615],[-74.176603,40.723196],[-74.176772,40.723054],[-74.17736,40.723261],[-74.176965,40.723961],[-74.178619,40.724534],[-74.179038,40.723848],[-74.180517,40.724365],[-74.180101,40.725048],[-74.179919,40.725346],[-74.179633,40.725829],[-74.180319,40.726113],[-74.18072,40.725923],[-74.180749,40.725909],[-74.181729,40.725447],[-74.182085,40.725279],[-74.182407,40.725128],[-74.183693,40.724522],[-74.184236,40.724266],[-74.183918,40.724997],[-74.183892,40.72506],[-74.185205,40.725405],[-74.185178,40.725474],[-74.184345,40.727604]]]}},{"type":"Feature","properties":{"zip":"07041","name":"07041"},"geometry":{"type":"Polygon","coordinates":[[[-74.294766,40.717645],[-74.294808,40.717596],[-74.294995,40.717381],[-74.295132,40.717261],[-74.295334,40.717129],[-74.295775,40.716909],[-74.296504,40.71658],[-74.296662,40.716481],[-74.296965,40.716229],[-74.29716,40.716091],[-74.297391,40.715982],[-74.297687,40.7158],[-74.297842,40.715737],[-74.297997,40.715564],[-74.29869,40.71479],[-74.298738,40.714736],[-74.299496,40.713889],[-74.299627,40.713833],[-74.299833,40.71375],[-74.299933,40.713725],[-74.30123,40.713472],[-74.302092,40.713301],[-74.302695,40.713601],[-74.303691,40.7133],[-74.303917,40.713354],[-74.304338,40.713453],[-74.304444,40.713478],[-74.304498,40.713491],[-74.304589,40.713512],[-74.305393,40.713701],[-74.306991,40.714002],[-74.307589,40.714201],[-74.308431,40.714409],[-74.308793,40.714508],[-74.309388,40.714901],[-74.309791,40.715501],[-74.311691,40.715601],[-74.312794,40.717101],[-74.313793,40.718001],[-74.314476,40.718274],[-74.315293,40.718601],[-74.315533,40.718807],[-74.315991,40.719199],[-74.316566,40.719199],[-74.316781,40.719199],[-74.317029,40.7192],[-74.318075,40.719202],[-74.318082,40.719202],[-74.318609,40.7192],[-74.318608,40.719209],[-74.318607,40.719223],[-74.318594,40.719346],[-74.318643,40.719605],[-74.318797,40.720328],[-74.318067,40.720686],[-74.317779,40.720813],[-74.317896,40.722531],[-74.316848,40.723676],[-74.317006,40.724485],[-74.315365,40.724416],[-74.314869,40.724407],[-74.31371,40.724387],[-74.312874,40.724433],[-74.312331,40.724493],[-74.311873,40.72456],[-74.311168,40.724712],[-74.310527,40.724903],[-74.308925,40.725458],[-74.308395,40.725666],[-74.308838,40.725989],[-74.309591,40.726535],[-74.310454,40.727138],[-74.311006,40.727522],[-74.310993,40.72764],[-74.309532,40.728226],[-74.309532,40.728285],[-74.30951,40.728399],[-74.309465,40.728505],[-74.309367,40.728637],[-74.308355,40.729788],[-74.308199,40.729965],[-74.308147,40.729923],[-74.308041,40.729791],[-74.307948,40.729609],[-74.307895,40.729416],[-74.307856,40.729071],[-74.307868,40.72896],[-74.307868,40.728945],[-74.307861,40.728506],[-74.307835,40.728323],[-74.307789,40.728202],[-74.307742,40.728105],[-74.307636,40.727953],[-74.307404,40.727689],[-74.307265,40.727567],[-74.307118,40.727476],[-74.306886,40.727364],[-74.306433,40.727155],[-74.305443,40.726743],[-74.305007,40.726593],[-74.304829,40.726818],[-74.302692,40.726501],[-74.302392,40.726801],[-74.301392,40.726801],[-74.301192,40.727401],[-74.300592,40.727401],[-74.300192,40.727601],[-74.289092,40.736201],[-74.288423,40.735262],[-74.288602,40.734307],[-74.288059,40.733113],[-74.28791,40.731368],[-74.287714,40.730399],[-74.287671,40.72994],[-74.287215,40.728383],[-74.286796,40.726963],[-74.286741,40.726643],[-74.286094,40.724586],[-74.285854,40.724373],[-74.285158,40.722678],[-74.285264,40.722702],[-74.285466,40.722738],[-74.285536,40.722747],[-74.28549,40.72262],[-74.285439,40.72249],[-74.285299,40.722055],[-74.28587,40.722225],[-74.285881,40.722211],[-74.286015,40.722047],[-74.286123,40.721976],[-74.286426,40.721932],[-74.286585,40.721927],[-74.286736,40.721965],[-74.287285,40.722223],[-74.287393,40.722256],[-74.287516,40.722268],[-74.287718,40.722218],[-74.287898,40.722053],[-74.287971,40.721949],[-74.288216,40.721768],[-74.288296,40.721729],[-74.288779,40.721708],[-74.289032,40.721609],[-74.28927,40.721455],[-74.289501,40.721389],[-74.289667,40.721378],[-74.290548,40.721543],[-74.29075,40.721505],[-74.290806,40.721495],[-74.291075,40.72139],[-74.29137,40.721324],[-74.29158,40.721335],[-74.29184,40.721307],[-74.292027,40.721241],[-74.292164,40.721148],[-74.292338,40.720967],[-74.292771,40.720703],[-74.292901,40.720649],[-74.292966,40.720621],[-74.293154,40.720462],[-74.293298,40.720226],[-74.293522,40.71999],[-74.293969,40.719721],[-74.294179,40.719611],[-74.294274,40.719451],[-74.29433,40.719358],[-74.294339,40.71933],[-74.294381,40.719194],[-74.294374,40.718919],[-74.294447,40.718352],[-74.294475,40.718139],[-74.294641,40.717788],[-74.294729,40.717687],[-74.294766,40.717645]]]}},{"type":"Feature","properties":{"zip":"07040","name":"07040"},"geometry":{"type":"Polygon","coordinates":[[[-74.274533,40.718941],[-74.275035,40.719112],[-74.275492,40.719199],[-74.27572,40.719266],[-74.276192,40.719403],[-74.276563,40.719542],[-74.276812,40.719635],[-74.27699,40.719702],[-74.27728,40.719705],[-74.277495,40.71979],[-74.27767,40.719859],[-74.277904,40.719952],[-74.278269,40.720131],[-74.278354,40.720174],[-74.278419,40.720207],[-74.278669,40.720335],[-74.279328,40.720355],[-74.279695,40.720499],[-74.28007,40.720599],[-74.280491,40.720702],[-74.280868,40.720868],[-74.281194,40.720993],[-74.281892,40.721001],[-74.281911,40.721006],[-74.282291,40.721103],[-74.282295,40.721104],[-74.283531,40.721543],[-74.283802,40.721632],[-74.283879,40.721654],[-74.284794,40.721905],[-74.285299,40.722055],[-74.285439,40.72249],[-74.28549,40.72262],[-74.285536,40.722747],[-74.285466,40.722738],[-74.285264,40.722702],[-74.285158,40.722678],[-74.285854,40.724373],[-74.286094,40.724586],[-74.286741,40.726643],[-74.286796,40.726963],[-74.287215,40.728383],[-74.287671,40.72994],[-74.287714,40.730399],[-74.28791,40.731368],[-74.288059,40.733113],[-74.288602,40.734307],[-74.288423,40.735262],[-74.289092,40.736201],[-74.289174,40.736902],[-74.290528,40.740528],[-74.292037,40.751157],[-74.291817,40.751161],[-74.291471,40.7511],[-74.291124,40.751067],[-74.290936,40.751111],[-74.29059,40.751221],[-74.290236,40.751358],[-74.289933,40.751386],[-74.289687,40.751347],[-74.289268,40.751166],[-74.288994,40.750946],[-74.288799,40.750825],[-74.288546,40.7506],[-74.288503,40.750584],[-74.288445,40.750518],[-74.288272,40.750364],[-74.288184,40.750153],[-74.288068,40.750005],[-74.287838,40.74956],[-74.287736,40.749456],[-74.287426,40.749236],[-74.28713,40.749099],[-74.286913,40.749044],[-74.28622,40.748807],[-74.285621,40.748681],[-74.285274,40.748483],[-74.284957,40.748362],[-74.284856,40.748362],[-74.284762,40.74834],[-74.284538,40.748384],[-74.284321,40.748483],[-74.284221,40.748568],[-74.284124,40.748547],[-74.283975,40.7485],[-74.283721,40.748389],[-74.283571,40.748302],[-74.283427,40.748194],[-74.283377,40.748157],[-74.283263,40.748046],[-74.282856,40.747571],[-74.282225,40.746834],[-74.281838,40.746382],[-74.281603,40.746178],[-74.281339,40.746043],[-74.281321,40.746037],[-74.281005,40.745935],[-74.280948,40.745925],[-74.280726,40.745886],[-74.280322,40.745866],[-74.27998,40.74593],[-74.279918,40.745941],[-74.278848,40.746264],[-74.278084,40.745592],[-74.277514,40.745263],[-74.277484,40.74529],[-74.277074,40.744975],[-74.276458,40.744495],[-74.275612,40.743904],[-74.274202,40.743222],[-74.273752,40.742938],[-74.273991,40.742553],[-74.273108,40.74218],[-74.270914,40.741012],[-74.269983,40.740428],[-74.269603,40.740199],[-74.269383,40.740378],[-74.267992,40.739449],[-74.267124,40.738507],[-74.265778,40.737811],[-74.265787,40.737784],[-74.263751,40.73701],[-74.264,40.736674],[-74.264157,40.736461],[-74.262901,40.735601],[-74.262059,40.735784],[-74.260627,40.736174],[-74.260002,40.736412],[-74.258018,40.736914],[-74.257715,40.737052],[-74.257121,40.736757],[-74.257027,40.73671],[-74.25701,40.736695],[-74.255592,40.737508],[-74.254521,40.737739],[-74.252871,40.738185],[-74.252077,40.7385],[-74.252006,40.738458],[-74.251887,40.738287],[-74.251707,40.738063],[-74.251537,40.737851],[-74.251448,40.73774],[-74.251405,40.73766],[-74.251361,40.737534],[-74.251324,40.737375],[-74.251237,40.737001],[-74.251123,40.736581],[-74.25109,40.736459],[-74.251008,40.736219],[-74.250948,40.736101],[-74.250861,40.735967],[-74.25079,40.735882],[-74.250583,40.735634],[-74.25023,40.735308],[-74.250121,40.735207],[-74.249951,40.735047],[-74.249803,40.734917],[-74.249703,40.73484],[-74.249546,40.734744],[-74.249371,40.734657],[-74.249179,40.734583],[-74.2489,40.734489],[-74.248686,40.734412],[-74.24865,40.734403],[-74.248151,40.734286],[-74.247655,40.734167],[-74.246282,40.733811],[-74.245348,40.733569],[-74.244911,40.733455],[-74.244727,40.733407],[-74.244669,40.733394],[-74.244615,40.733379],[-74.244568,40.733359],[-74.244532,40.733339],[-74.244509,40.733324],[-74.24446,40.733331],[-74.244388,40.733312],[-74.244402,40.733254],[-74.244406,40.733208],[-74.244388,40.733161],[-74.244379,40.73312],[-74.24438,40.733069],[-74.24438,40.733029],[-74.244378,40.732953],[-74.244036,40.732864],[-74.243708,40.732792],[-74.243956,40.732201],[-74.243541,40.732105],[-74.243128,40.732],[-74.243201,40.731767],[-74.243552,40.731106],[-74.243808,40.731173],[-74.243794,40.731115],[-74.243841,40.731106],[-74.243871,40.731055],[-74.243669,40.73099],[-74.243748,40.730852],[-74.243712,40.730845],[-74.243722,40.730831],[-74.243934,40.73054],[-74.244082,40.730648],[-74.2441,40.730622],[-74.244604,40.729947],[-74.245375,40.728913],[-74.245536,40.728696],[-74.245754,40.728539],[-74.245847,40.728313],[-74.24597,40.728346],[-74.246194,40.727638],[-74.246695,40.727725],[-74.246822,40.727288],[-74.247046,40.727342],[-74.247216,40.727384],[-74.247785,40.726187],[-74.247823,40.726113],[-74.247898,40.725926],[-74.248185,40.725936],[-74.249581,40.723498],[-74.249537,40.723371],[-74.249909,40.722871],[-74.250148,40.722896],[-74.250351,40.72263],[-74.250049,40.72251],[-74.250201,40.722281],[-74.249989,40.722167],[-74.250013,40.722142],[-74.251299,40.718968],[-74.252211,40.71695],[-74.252418,40.716507],[-74.252335,40.71638],[-74.252768,40.715999],[-74.252519,40.715754],[-74.252747,40.715534],[-74.252882,40.715408],[-74.252815,40.715336],[-74.252871,40.715298],[-74.253902,40.714567],[-74.254573,40.714199],[-74.254625,40.714166],[-74.255317,40.713728],[-74.25539,40.713696],[-74.25629,40.7133],[-74.256964,40.713482],[-74.257792,40.713702],[-74.258288,40.713704],[-74.258443,40.713776],[-74.258169,40.714016],[-74.258096,40.714075],[-74.258855,40.714473],[-74.258859,40.714469],[-74.259054,40.714294],[-74.259211,40.714155],[-74.259998,40.714481],[-74.260294,40.714601],[-74.261726,40.714976],[-74.261954,40.715036],[-74.262329,40.715129],[-74.262589,40.715194],[-74.263291,40.715501],[-74.266531,40.716449],[-74.267002,40.71659],[-74.267397,40.716703],[-74.267964,40.71693],[-74.268389,40.717103],[-74.268996,40.717224],[-74.269389,40.717297],[-74.269471,40.717334],[-74.26989,40.717496],[-74.270488,40.717696],[-74.270641,40.717738],[-74.27183,40.718036],[-74.271918,40.718058],[-74.271996,40.718077],[-74.272091,40.718101],[-74.272897,40.71838],[-74.273626,40.718628],[-74.273909,40.718725],[-74.274533,40.718941]]]}},{"type":"Feature","properties":{"zip":"07933","name":"07933"},"geometry":{"type":"Polygon","coordinates":[[[-74.479674,40.681167],[-74.479644,40.681256],[-74.479578,40.681337],[-74.479528,40.681387],[-74.479461,40.681432],[-74.478569,40.681885],[-74.478589,40.681937],[-74.478645,40.682026],[-74.478797,40.682192],[-74.479046,40.682362],[-74.479397,40.682563],[-74.479669,40.682697],[-74.479824,40.682751],[-74.480126,40.682834],[-74.480368,40.682893],[-74.480427,40.682866],[-74.480505,40.682846],[-74.480809,40.682766],[-74.482337,40.682388],[-74.482257,40.68312],[-74.483191,40.684014],[-74.487262,40.683354],[-74.486793,40.686236],[-74.486848,40.686278],[-74.48692,40.686341],[-74.486952,40.686381],[-74.486957,40.68644],[-74.486726,40.68655],[-74.486734,40.686793],[-74.486613,40.686784],[-74.486499,40.686763],[-74.486296,40.686713],[-74.486167,40.686671],[-74.486033,40.686608],[-74.485867,40.686521],[-74.485598,40.686407],[-74.485437,40.686351],[-74.48536,40.68633],[-74.485125,40.686299],[-74.484883,40.686299],[-74.484666,40.686319],[-74.484233,40.686344],[-74.48338,40.686424],[-74.483152,40.686456],[-74.482965,40.686504],[-74.482533,40.686656],[-74.482251,40.686733],[-74.48197,40.686839],[-74.481855,40.686892],[-74.481686,40.686992],[-74.481583,40.687067],[-74.481357,40.687259],[-74.48126,40.687346],[-74.483127,40.693937],[-74.483873,40.693856],[-74.484176,40.694981],[-74.484104,40.695208],[-74.484069,40.695343],[-74.483968,40.695826],[-74.483886,40.696097],[-74.483858,40.696166],[-74.483799,40.696259],[-74.483854,40.696301],[-74.484011,40.696395],[-74.484113,40.696448],[-74.484229,40.696501],[-74.484322,40.696537],[-74.48439,40.696551],[-74.484489,40.696559],[-74.484554,40.696547],[-74.484598,40.696521],[-74.484648,40.696661],[-74.485365,40.699337],[-74.485608,40.700232],[-74.482263,40.701019],[-74.47757,40.702117],[-74.476673,40.702331],[-74.476182,40.702438],[-74.47605,40.702448],[-74.475952,40.702436],[-74.475912,40.702526],[-74.475903,40.702561],[-74.475888,40.70263],[-74.475878,40.70278],[-74.475882,40.703079],[-74.475929,40.704346],[-74.475958,40.704662],[-74.476054,40.705427],[-74.476106,40.706121],[-74.476165,40.707063],[-74.476183,40.707461],[-74.476197,40.707558],[-74.476227,40.707635],[-74.476282,40.707724],[-74.476347,40.707802],[-74.47644,40.707877],[-74.47655,40.707946],[-74.476664,40.708008],[-74.476875,40.708112],[-74.47739,40.70835],[-74.478338,40.708773],[-74.4761,40.709513],[-74.459833,40.714896],[-74.459519,40.714942],[-74.459339,40.714968],[-74.459219,40.714985],[-74.450097,40.718895],[-74.449736,40.718831],[-74.449404,40.716968],[-74.447896,40.708502],[-74.44766,40.707016],[-74.447117,40.70358],[-74.446835,40.701789],[-74.446779,40.701524],[-74.446718,40.701238],[-74.446415,40.699807],[-74.446176,40.698679],[-74.445974,40.697049],[-74.445512,40.694268],[-74.445327,40.693247],[-74.44512,40.692394],[-74.444918,40.691599],[-74.444747,40.69055],[-74.444715,40.690354],[-74.44457,40.689466],[-74.44454,40.689285],[-74.444388,40.688351],[-74.444374,40.688269],[-74.444351,40.688127],[-74.444333,40.687969],[-74.444421,40.687977],[-74.444485,40.687983],[-74.444528,40.687987],[-74.444558,40.68799],[-74.444565,40.687991],[-74.444605,40.687995],[-74.445159,40.688047],[-74.445196,40.687978],[-74.445518,40.687379],[-74.445837,40.686912],[-74.445842,40.686904],[-74.445865,40.68687],[-74.445937,40.686765],[-74.446181,40.686408],[-74.447157,40.685898],[-74.448,40.685574],[-74.448672,40.685459],[-74.448855,40.685626],[-74.448909,40.685675],[-74.450538,40.686006],[-74.451495,40.68579],[-74.451853,40.685376],[-74.451892,40.685289],[-74.451949,40.685164],[-74.452072,40.684891],[-74.452385,40.684022],[-74.453029,40.682764],[-74.452878,40.681994],[-74.452319,40.681211],[-74.45166,40.680009],[-74.451638,40.679967],[-74.451622,40.679917],[-74.451617,40.679904],[-74.45159,40.679816],[-74.451542,40.679675],[-74.451852,40.678652],[-74.451968,40.678271],[-74.452508,40.677818],[-74.453275,40.677343],[-74.453342,40.67697],[-74.452717,40.676574],[-74.452584,40.676236],[-74.453834,40.675129],[-74.453948,40.674475],[-74.454024,40.674359],[-74.454156,40.674159],[-74.454573,40.67408],[-74.457941,40.674395],[-74.458721,40.674468],[-74.460701,40.674015],[-74.461231,40.673397],[-74.461278,40.673301],[-74.461608,40.672622],[-74.462074,40.671664],[-74.462986,40.671132],[-74.464361,40.670526],[-74.464404,40.670507],[-74.464538,40.670453],[-74.465986,40.669875],[-74.466611,40.669242],[-74.466866,40.669177],[-74.467435,40.669249],[-74.467965,40.668962],[-74.468533,40.668336],[-74.469102,40.668077],[-74.469662,40.667989],[-74.47002,40.667934],[-74.470731,40.668077],[-74.471043,40.668437],[-74.472795,40.66922],[-74.473046,40.669402],[-74.473483,40.66929],[-74.473794,40.669211],[-74.474196,40.669108],[-74.474259,40.668946],[-74.474309,40.668818],[-74.474196,40.668353],[-74.474167,40.668235],[-74.474621,40.667882],[-74.475236,40.668067],[-74.475674,40.667924],[-74.475749,40.667407],[-74.475815,40.667163],[-74.475948,40.666672],[-74.476412,40.666471],[-74.477975,40.666413],[-74.478922,40.666268],[-74.480427,40.666222],[-74.480865,40.666209],[-74.482262,40.666043],[-74.482306,40.666038],[-74.482326,40.666182],[-74.482056,40.666225],[-74.481318,40.666325],[-74.481105,40.666349],[-74.480943,40.666356],[-74.480462,40.666354],[-74.480568,40.666741],[-74.480798,40.667465],[-74.480923,40.667592],[-74.481047,40.667638],[-74.481241,40.667648],[-74.482201,40.667585],[-74.482511,40.66755],[-74.482585,40.668092],[-74.482621,40.668283],[-74.482629,40.668426],[-74.482662,40.668753],[-74.48268,40.668836],[-74.48268,40.668888],[-74.482701,40.669179],[-74.481432,40.6695],[-74.478803,40.670145],[-74.477389,40.67052],[-74.477692,40.671881],[-74.477766,40.672183],[-74.477956,40.673017],[-74.478007,40.673242],[-74.478094,40.673596],[-74.478573,40.675713],[-74.478821,40.676743],[-74.47883,40.676783],[-74.48477,40.675931],[-74.488316,40.675422],[-74.488316,40.675446],[-74.488608,40.675524],[-74.488819,40.675567],[-74.489163,40.67569],[-74.489512,40.675782],[-74.489663,40.675845],[-74.489763,40.675874],[-74.490332,40.675978],[-74.490411,40.676014],[-74.490483,40.676074],[-74.490531,40.6761],[-74.49061,40.676118],[-74.49067,40.676127],[-74.49082,40.676139],[-74.490916,40.676164],[-74.490955,40.676202],[-74.491,40.676224],[-74.491088,40.676244],[-74.49121,40.676336],[-74.491409,40.67644],[-74.491844,40.67649],[-74.492246,40.67652],[-74.492396,40.676545],[-74.492934,40.676651],[-74.49302,40.676656],[-74.493365,40.676659],[-74.49332,40.676743],[-74.493198,40.677059],[-74.492604,40.67705],[-74.491573,40.677019],[-74.491267,40.677015],[-74.490889,40.677067],[-74.490536,40.67712],[-74.489658,40.677253],[-74.489266,40.677302],[-74.489019,40.677337],[-74.488809,40.677381],[-74.48874,40.677394],[-74.488651,40.67741],[-74.488165,40.677478],[-74.48689,40.677658],[-74.486319,40.677708],[-74.484978,40.677792],[-74.484714,40.677825],[-74.484366,40.6779],[-74.484036,40.677991],[-74.484171,40.678263],[-74.484215,40.678376],[-74.484255,40.678504],[-74.484293,40.678651],[-74.484309,40.678868],[-74.484373,40.679143],[-74.484461,40.680069],[-74.484465,40.680213],[-74.484432,40.680357],[-74.484352,40.680494],[-74.484229,40.680628],[-74.484077,40.680747],[-74.483902,40.680873],[-74.483808,40.680891],[-74.483676,40.680908],[-74.483602,40.68091],[-74.483523,40.680905],[-74.483441,40.680901],[-74.483354,40.680891],[-74.48326,40.680881],[-74.48317,40.680867],[-74.483071,40.680855],[-74.482966,40.68085],[-74.482858,40.680855],[-74.482749,40.680869],[-74.482644,40.680891],[-74.48254,40.680915],[-74.482436,40.680939],[-74.482332,40.68096],[-74.482229,40.680978],[-74.48212,40.680992],[-74.482008,40.681003],[-74.481931,40.681005],[-74.481656,40.681036],[-74.48125,40.681124],[-74.481016,40.681221],[-74.480706,40.681298],[-74.480564,40.681291],[-74.479674,40.681167]]]}},{"type":"Feature","properties":{"zip":"08807","name":"08807"},"geometry":{"type":"MultiPolygon","coordinates":[[[[-74.617866,40.643186],[-74.619626,40.643546],[-74.620633,40.643777],[-74.620823,40.643819],[-74.622726,40.644135],[-74.623269,40.644208],[-74.623788,40.644268],[-74.6247,40.644341],[-74.625127,40.644365],[-74.627126,40.645686],[-74.627585,40.645966],[-74.62858,40.646511],[-74.629054,40.646725],[-74.629456,40.646889],[-74.629672,40.646947],[-74.629261,40.64723],[-74.629144,40.64731],[-74.628658,40.647662],[-74.628027,40.648141],[-74.627316,40.648714],[-74.627112,40.648869],[-74.626937,40.648966],[-74.626775,40.649031],[-74.626554,40.649106],[-74.626169,40.649202],[-74.625767,40.64928],[-74.625643,40.649296],[-74.625166,40.649308],[-74.625004,40.649293],[-74.624472,40.649311],[-74.624162,40.649283],[-74.619882,40.646303],[-74.618538,40.645368],[-74.615803,40.643359],[-74.615056,40.642813],[-74.614936,40.642725],[-74.615106,40.642738],[-74.615684,40.642792],[-74.615744,40.6428],[-74.615975,40.642829],[-74.616668,40.642942],[-74.617348,40.643073],[-74.617866,40.643186]]],[[[-74.601823,40.563332],[-74.599088,40.562881],[-74.596987,40.562534],[-74.593215,40.561924],[-74.59225,40.561768],[-74.590191,40.561429],[-74.590181,40.561467],[-74.589987,40.56198],[-74.589912,40.562082],[-74.589861,40.5621],[-74.589791,40.562101],[-74.589287,40.561993],[-74.589048,40.562709],[-74.588902,40.563167],[-74.588505,40.564382],[-74.588239,40.565118],[-74.588073,40.565613],[-74.587597,40.566909],[-74.587434,40.567354],[-74.587143,40.568152],[-74.586827,40.569061],[-74.586689,40.569423],[-74.586259,40.570531],[-74.587511,40.570626],[-74.588616,40.570706],[-74.588748,40.570716],[-74.590007,40.570802],[-74.590953,40.570866],[-74.591013,40.57087],[-74.591851,40.570923],[-74.592722,40.570979],[-74.5936,40.571036],[-74.594205,40.571074],[-74.594932,40.571106],[-74.59378,40.574865],[-74.596947,40.575239],[-74.596383,40.576627],[-74.598574,40.577154],[-74.59955,40.577401],[-74.599505,40.577521],[-74.599352,40.577941],[-74.598801,40.579455],[-74.598696,40.57975],[-74.5994,40.579852],[-74.599685,40.579892],[-74.600516,40.579983],[-74.601377,40.58005],[-74.602865,40.580149],[-74.603174,40.580169],[-74.604258,40.580234],[-74.605015,40.578159],[-74.606334,40.578423],[-74.608929,40.578793],[-74.608723,40.579647],[-74.608657,40.579924],[-74.608564,40.580267],[-74.608504,40.580551],[-74.608882,40.580587],[-74.608979,40.580596],[-74.609587,40.58065],[-74.611061,40.580787],[-74.612344,40.580924],[-74.614342,40.581114],[-74.614564,40.581138],[-74.61473,40.581158],[-74.616238,40.58136],[-74.618202,40.581649],[-74.618512,40.581697],[-74.618646,40.581602],[-74.618785,40.581542],[-74.618959,40.581496],[-74.619172,40.58147],[-74.619196,40.581401],[-74.619231,40.5813],[-74.619218,40.581273],[-74.619303,40.58112],[-74.619376,40.581048],[-74.619397,40.581013],[-74.619699,40.580779],[-74.619757,40.580716],[-74.619816,40.580671],[-74.619864,40.5806],[-74.620232,40.580258],[-74.620381,40.580133],[-74.620512,40.58007],[-74.620534,40.580043],[-74.620516,40.579897],[-74.621003,40.580043],[-74.621043,40.580557],[-74.621955,40.580579],[-74.622141,40.579609],[-74.622369,40.579686],[-74.622783,40.579851],[-74.623126,40.579955],[-74.623419,40.580053],[-74.623548,40.580101],[-74.623669,40.580143],[-74.623969,40.580259],[-74.624483,40.580426],[-74.62451,40.580438],[-74.624842,40.579135],[-74.624858,40.578992],[-74.624867,40.578916],[-74.624963,40.578057],[-74.624987,40.577199],[-74.625153,40.575915],[-74.625273,40.574917],[-74.625383,40.573897],[-74.625585,40.574006],[-74.626712,40.574609],[-74.627098,40.574807],[-74.627964,40.575287],[-74.628425,40.575575],[-74.628755,40.575781],[-74.628862,40.575848],[-74.629317,40.576049],[-74.630117,40.576427],[-74.631261,40.577054],[-74.631789,40.577382],[-74.631989,40.57748],[-74.632787,40.577868],[-74.633131,40.578056],[-74.635267,40.579206],[-74.636086,40.579641],[-74.638314,40.580849],[-74.638381,40.580885],[-74.639171,40.581317],[-74.639656,40.581582],[-74.640446,40.582015],[-74.643126,40.58346],[-74.643855,40.583846],[-74.644336,40.584101],[-74.647349,40.585744],[-74.647913,40.586044],[-74.648333,40.585573],[-74.648575,40.585317],[-74.649057,40.584983],[-74.649904,40.584426],[-74.650772,40.583893],[-74.651167,40.583679],[-74.651589,40.583466],[-74.651727,40.583413],[-74.652025,40.583356],[-74.653206,40.583263],[-74.654053,40.583209],[-74.654839,40.583166],[-74.656356,40.583091],[-74.656936,40.583054],[-74.657372,40.583029],[-74.658231,40.582979],[-74.658604,40.582967],[-74.65915,40.582949],[-74.660068,40.58289],[-74.660887,40.582849],[-74.661602,40.582816],[-74.661875,40.582803],[-74.662026,40.582792],[-74.661107,40.577802],[-74.660968,40.577796],[-74.658719,40.577702],[-74.658711,40.577624],[-74.658664,40.577256],[-74.658531,40.576181],[-74.658358,40.574638],[-74.658339,40.57451],[-74.657701,40.570295],[-74.657692,40.569701],[-74.655468,40.569818],[-74.65337,40.569873],[-74.650003,40.569902],[-74.650002,40.569901],[-74.649866,40.568434],[-74.649803,40.567802],[-74.64953,40.56584],[-74.649304,40.560653],[-74.649245,40.559307],[-74.64924,40.55918],[-74.649237,40.55913],[-74.649227,40.55889],[-74.649198,40.557566],[-74.649301,40.556543],[-74.649212,40.556491],[-74.648725,40.556202],[-74.649289,40.555742],[-74.649812,40.555373],[-74.650501,40.554932],[-74.650924,40.554628],[-74.651117,40.55443],[-74.651782,40.553577],[-74.652448,40.552856],[-74.653188,40.552441],[-74.65392,40.552088],[-74.654674,40.551778],[-74.655142,40.551639],[-74.655782,40.551516],[-74.656703,40.551398],[-74.657825,40.551197],[-74.65889,40.551051],[-74.660084,40.550838],[-74.661934,40.550523],[-74.662623,40.550407],[-74.664076,40.550194],[-74.667012,40.549806],[-74.668151,40.549649],[-74.668732,40.549569],[-74.669796,40.549407],[-74.670529,40.549207],[-74.671277,40.548968],[-74.672032,40.548691],[-74.672549,40.548459],[-74.672991,40.5483],[-74.673281,40.548219],[-74.674074,40.547868],[-74.674308,40.547791],[-74.674541,40.547713],[-74.675273,40.547643],[-74.67592,40.547624],[-74.676548,40.54766],[-74.677311,40.547713],[-74.678053,40.547919],[-74.678668,40.548213],[-74.679145,40.548558],[-74.679597,40.548907],[-74.680332,40.54947],[-74.680838,40.549897],[-74.681374,40.550395],[-74.681794,40.550838],[-74.682547,40.551489],[-74.683076,40.55203],[-74.68359,40.552539],[-74.684337,40.553349],[-74.684967,40.553935],[-74.685473,40.554416],[-74.685886,40.554826],[-74.686147,40.555062],[-74.686393,40.555192],[-74.686718,40.555328],[-74.687063,40.555377],[-74.687409,40.555354],[-74.687565,40.555556],[-74.68775,40.555808],[-74.687903,40.556093],[-74.687905,40.556324],[-74.687856,40.556522],[-74.687828,40.556637],[-74.687802,40.556668],[-74.687578,40.556961],[-74.687306,40.557336],[-74.687157,40.557677],[-74.687159,40.55799],[-74.687183,40.558446],[-74.687136,40.558874],[-74.687005,40.559263],[-74.686966,40.55938],[-74.686573,40.559897],[-74.686129,40.560349],[-74.68544,40.560823],[-74.684938,40.561105],[-74.6845,40.561277],[-74.683889,40.561575],[-74.683438,40.561785],[-74.682978,40.561984],[-74.682425,40.562255],[-74.681835,40.562532],[-74.681362,40.562792],[-74.681183,40.562935],[-74.681053,40.563073],[-74.681005,40.563243],[-74.680905,40.56343],[-74.68083,40.563548],[-74.680769,40.563645],[-74.680584,40.563898],[-74.680339,40.564058],[-74.680059,40.564202],[-74.679872,40.564251],[-74.679672,40.564373],[-74.679374,40.564538],[-74.678874,40.564623],[-74.678362,40.564663],[-74.677823,40.564742],[-74.67742,40.564805],[-74.677363,40.564814],[-74.676787,40.564937],[-74.676492,40.565021],[-74.676205,40.56517],[-74.676054,40.565324],[-74.675992,40.565538],[-74.675899,40.565797],[-74.675851,40.566242],[-74.675911,40.566521],[-74.676005,40.56668],[-74.676078,40.566905],[-74.67626,40.567179],[-74.676624,40.567661],[-74.677038,40.568258],[-74.677378,40.56863],[-74.677776,40.569019],[-74.678045,40.569397],[-74.678067,40.56946],[-74.67811,40.569585],[-74.678145,40.569685],[-74.678168,40.569751],[-74.678221,40.569901],[-74.678317,40.570203],[-74.678449,40.570349],[-74.678519,40.570427],[-74.678659,40.570617],[-74.678948,40.571008],[-74.679216,40.571281],[-74.679498,40.571511],[-74.679868,40.571998],[-74.680074,40.572552],[-74.680113,40.573117],[-74.680115,40.573551],[-74.680169,40.573789],[-74.680234,40.574089],[-74.680266,40.574406],[-74.680303,40.574786],[-74.680393,40.575335],[-74.680476,40.575889],[-74.680623,40.576432],[-74.680763,40.577063],[-74.680972,40.577872],[-74.68113,40.578445],[-74.681167,40.578825],[-74.681322,40.57934],[-74.68154,40.579826],[-74.681702,40.58017],[-74.681908,40.580376],[-74.682124,40.580577],[-74.682823,40.581656],[-74.683346,40.582401],[-74.683622,40.582851],[-74.683754,40.583168],[-74.683767,40.583575],[-74.683772,40.583717],[-74.683746,40.584283],[-74.683621,40.584975],[-74.683502,40.585552],[-74.68328,40.58585],[-74.683015,40.586163],[-74.682701,40.586549],[-74.682486,40.586846],[-74.682101,40.587511],[-74.681895,40.587885],[-74.681753,40.588221],[-74.681552,40.588502],[-74.681287,40.588656],[-74.681178,40.588707],[-74.681091,40.588748],[-74.680841,40.588866],[-74.680547,40.589004],[-74.680416,40.589137],[-74.680361,40.589192],[-74.680246,40.589384],[-74.680155,40.589648],[-74.679782,40.590034],[-74.679353,40.590414],[-74.678908,40.590783],[-74.678529,40.591246],[-74.678236,40.591719],[-74.677865,40.592352],[-74.677799,40.59248],[-74.677488,40.593077],[-74.677227,40.593599],[-74.67699,40.594078],[-74.676853,40.594238],[-74.676582,40.594557],[-74.676202,40.594976],[-74.675852,40.595488],[-74.675804,40.595933],[-74.675907,40.596267],[-74.675981,40.596464],[-74.676032,40.596728],[-74.676037,40.596957],[-74.67604,40.597053],[-74.676042,40.597145],[-74.676003,40.597271],[-74.675965,40.597394],[-74.675837,40.597832],[-74.675674,40.598261],[-74.675454,40.59869],[-74.675009,40.599164],[-74.674667,40.599435],[-74.674571,40.599511],[-74.674133,40.599705],[-74.673882,40.599825],[-74.67384,40.59986],[-74.673706,40.599918],[-74.673673,40.599932],[-74.673626,40.599959],[-74.673561,40.600066],[-74.673422,40.600296],[-74.673119,40.600693],[-74.672884,40.600949],[-74.672717,40.601173],[-74.672247,40.601537],[-74.671979,40.601671],[-74.671635,40.601786],[-74.67133,40.601842],[-74.67109,40.602058],[-74.670322,40.60238],[-74.66977,40.602596],[-74.669558,40.602697],[-74.669481,40.602734],[-74.669273,40.60291],[-74.668738,40.603741],[-74.668431,40.604236],[-74.668084,40.604727],[-74.667782,40.605249],[-74.667546,40.605705],[-74.66734,40.606129],[-74.667197,40.60648],[-74.667048,40.606794],[-74.667035,40.607107],[-74.667101,40.607304],[-74.667118,40.607639],[-74.667163,40.60804],[-74.66731,40.608429],[-74.667476,40.608683],[-74.667535,40.608774],[-74.667782,40.609042],[-74.66818,40.609337],[-74.668484,40.609616],[-74.668875,40.609879],[-74.669287,40.610174],[-74.669528,40.61053],[-74.669717,40.610837],[-74.669877,40.611242],[-74.669937,40.611621],[-74.669881,40.611879],[-74.669767,40.612143],[-74.669744,40.612183],[-74.669613,40.612288],[-74.669344,40.612441],[-74.669143,40.612488],[-74.668934,40.612537],[-74.668685,40.61258],[-74.668489,40.612614],[-74.668044,40.612653],[-74.667903,40.612659],[-74.667532,40.612691],[-74.667358,40.612719],[-74.666853,40.612878],[-74.666717,40.612988],[-74.666602,40.613147],[-74.66651,40.613318],[-74.666475,40.613631],[-74.666519,40.613812],[-74.666564,40.613955],[-74.666558,40.614202],[-74.666537,40.614344],[-74.666465,40.614487],[-74.666423,40.614559],[-74.666459,40.614652],[-74.666561,40.614773],[-74.666692,40.614964],[-74.666744,40.615162],[-74.666788,40.615398],[-74.666854,40.615584],[-74.667035,40.615786],[-74.667274,40.615956],[-74.667174,40.616033],[-74.667138,40.616061],[-74.666951,40.616149],[-74.666721,40.616221],[-74.666419,40.616272],[-74.666174,40.616322],[-74.665907,40.616422],[-74.665778,40.616516],[-74.665757,40.616598],[-74.665779,40.616757],[-74.665751,40.6169],[-74.665651,40.616972],[-74.66555,40.616983],[-74.665348,40.616912],[-74.665219,40.616973],[-74.665169,40.617028],[-74.665155,40.617182],[-74.665228,40.617302],[-74.665409,40.617406],[-74.665547,40.617576],[-74.665627,40.617746],[-74.665736,40.617959],[-74.665888,40.618118],[-74.666019,40.618184],[-74.666113,40.618249],[-74.666165,40.61838],[-74.666043,40.61849],[-74.665849,40.618579],[-74.665849,40.618656],[-74.665865,40.618793],[-74.665793,40.618843],[-74.665736,40.618981],[-74.665773,40.619117],[-74.665787,40.619189],[-74.665795,40.619293],[-74.665976,40.619303],[-74.666076,40.619341],[-74.666077,40.619451],[-74.665976,40.619495],[-74.665724,40.619568],[-74.665674,40.619634],[-74.665668,40.619755],[-74.665611,40.619892],[-74.665496,40.620057],[-74.665447,40.620217],[-74.665513,40.620453],[-74.665514,40.620579],[-74.665384,40.620634],[-74.665083,40.620717],[-74.664939,40.620816],[-74.664645,40.620987],[-74.664242,40.621274],[-74.664077,40.621478],[-74.664071,40.621698],[-74.664108,40.621786],[-74.66431,40.621933],[-74.664276,40.622049],[-74.664118,40.622088],[-74.663922,40.622154],[-74.663829,40.622193],[-74.663672,40.622358],[-74.663611,40.622562],[-74.663599,40.622803],[-74.66352,40.622957],[-74.66334,40.623172],[-74.663251,40.623342],[-74.663215,40.623562],[-74.663152,40.623759],[-74.66296,40.623933],[-74.662915,40.623974],[-74.662676,40.624123],[-74.662649,40.624232],[-74.662665,40.624331],[-74.662619,40.624419],[-74.662426,40.624622],[-74.662295,40.624705],[-74.662075,40.624761],[-74.662005,40.624827],[-74.661889,40.624876],[-74.661603,40.624899],[-74.661447,40.624806],[-74.661318,40.624784],[-74.661139,40.624801],[-74.66094,40.624813],[-74.660801,40.624835],[-74.660655,40.624825],[-74.660567,40.624863],[-74.66051,40.624923],[-74.660543,40.625114],[-74.660115,40.625344],[-74.659964,40.625371],[-74.659827,40.625518],[-74.659753,40.62565],[-74.659709,40.625814],[-74.65971,40.625885],[-74.659714,40.626028],[-74.659762,40.626391],[-74.659745,40.626753],[-74.659693,40.627005],[-74.65959,40.627158],[-74.659467,40.627279],[-74.659149,40.627436],[-74.658679,40.627549],[-74.658232,40.627668],[-74.657885,40.627738],[-74.657445,40.627725],[-74.657251,40.62768],[-74.657042,40.627668],[-74.656725,40.627699],[-74.656372,40.627774],[-74.655953,40.627855],[-74.655497,40.62799],[-74.655202,40.628033],[-74.654884,40.628097],[-74.654719,40.628014],[-74.654655,40.627904],[-74.654597,40.627827],[-74.654556,40.627712],[-74.654462,40.62764],[-74.654413,40.627546],[-74.654421,40.627398],[-74.654495,40.627217],[-74.654553,40.627058],[-74.654541,40.626883],[-74.654319,40.62658],[-74.654075,40.626469],[-74.653831,40.626429],[-74.653464,40.626411],[-74.653111,40.626426],[-74.652923,40.626408],[-74.652692,40.626462],[-74.652489,40.626527],[-74.6521,40.626619],[-74.651934,40.626601],[-74.651676,40.626468],[-74.65154,40.626391],[-74.651281,40.626324],[-74.650992,40.626306],[-74.650718,40.626436],[-74.650456,40.626721],[-74.650224,40.626896],[-74.649899,40.627004],[-74.649617,40.627057],[-74.649365,40.627094],[-74.649148,40.62722],[-74.648904,40.62737],[-74.648686,40.627455],[-74.64858,40.627528],[-74.648426,40.627635],[-74.648383,40.627688],[-74.648382,40.627842],[-74.64844,40.628049],[-74.64849,40.628121],[-74.648497,40.628166],[-74.648555,40.628275],[-74.648555,40.628446],[-74.648494,40.62853],[-74.64801,40.628916],[-74.647864,40.629113],[-74.647639,40.629266],[-74.647088,40.629675],[-74.646913,40.629937],[-74.646846,40.6302],[-74.646873,40.630399],[-74.647001,40.630525],[-74.647195,40.630652],[-74.64723,40.630812],[-74.647214,40.631042],[-74.647141,40.631157],[-74.647074,40.631327],[-74.647152,40.631519],[-74.647316,40.631696],[-74.647394,40.631965],[-74.647463,40.632257],[-74.647497,40.632531],[-74.647554,40.632702],[-74.647725,40.632911],[-74.647882,40.633126],[-74.647981,40.633324],[-74.647928,40.633576],[-74.647772,40.634119],[-74.647778,40.634307],[-74.647778,40.634333],[-74.647812,40.634491],[-74.64782,40.634526],[-74.647839,40.634817],[-74.647815,40.635102],[-74.647734,40.635244],[-74.647553,40.635424],[-74.647371,40.635621],[-74.647039,40.635708],[-74.646737,40.635851],[-74.64625,40.636083],[-74.645665,40.636413],[-74.645414,40.636578],[-74.645374,40.636605],[-74.645206,40.636689],[-74.645026,40.636779],[-74.644808,40.637014],[-74.644478,40.637318],[-74.644445,40.637348],[-74.6442,40.637401],[-74.644134,40.637428],[-74.644001,40.637481],[-74.643903,40.637521],[-74.643679,40.637602],[-74.643498,40.637738],[-74.643359,40.63793],[-74.643055,40.638192],[-74.642648,40.638481],[-74.64235,40.638771],[-74.642118,40.638896],[-74.641931,40.63896],[-74.641577,40.639041],[-74.641166,40.639039],[-74.640884,40.639104],[-74.64071,40.639246],[-74.640448,40.639563],[-74.639944,40.640329],[-74.639748,40.640564],[-74.639437,40.640661],[-74.639221,40.640682],[-74.639091,40.64072],[-74.638945,40.640884],[-74.638728,40.641086],[-74.638482,40.641162],[-74.638085,40.64122],[-74.637622,40.641295],[-74.637132,40.641336],[-74.636972,40.641361],[-74.636685,40.641406],[-74.636288,40.641442],[-74.635696,40.641522],[-74.635157,40.64147],[-74.634874,40.641468],[-74.634551,40.641655],[-74.634194,40.641862],[-74.633836,40.642068],[-74.633147,40.642467],[-74.632493,40.642703],[-74.632174,40.642728],[-74.631994,40.642718],[-74.631821,40.642672],[-74.631518,40.642545],[-74.631425,40.642491],[-74.631208,40.642409],[-74.631028,40.642373],[-74.630602,40.642336],[-74.630444,40.642308],[-74.630106,40.642235],[-74.630057,40.642217],[-74.629882,40.642153],[-74.629659,40.642035],[-74.629522,40.641954],[-74.629385,40.641845],[-74.629356,40.641836],[-74.629241,40.641738],[-74.62906,40.641583],[-74.629032,40.641538],[-74.628765,40.64133],[-74.628614,40.641275],[-74.628471,40.641252],[-74.628561,40.641056],[-74.628611,40.640988],[-74.628648,40.640956],[-74.628683,40.640941],[-74.628781,40.640926],[-74.628876,40.640928],[-74.62924,40.640969],[-74.629319,40.641009],[-74.62938,40.641034],[-74.629452,40.641065],[-74.629523,40.641099],[-74.629598,40.641129],[-74.629614,40.641135],[-74.630172,40.640235],[-74.630405,40.639987],[-74.630465,40.639902],[-74.6305,40.639813],[-74.63051,40.639748],[-74.63049,40.639609],[-74.630455,40.63955],[-74.629754,40.638946],[-74.629473,40.638725],[-74.629037,40.63838],[-74.628252,40.637605],[-74.628137,40.637566],[-74.628073,40.637576],[-74.628018,40.63761],[-74.627844,40.637804],[-74.627501,40.638184],[-74.627068,40.638696],[-74.626641,40.63919],[-74.626317,40.63953],[-74.625715,40.639299],[-74.625447,40.639167],[-74.62524,40.639019],[-74.62594,40.63828],[-74.625424,40.63777],[-74.625242,40.637564],[-74.624419,40.636575],[-74.623578,40.636869],[-74.623508,40.636907],[-74.623461,40.636946],[-74.623457,40.636973],[-74.623454,40.637002],[-74.624507,40.638296],[-74.62441,40.638326],[-74.624212,40.638407],[-74.624031,40.6385],[-74.623966,40.638545],[-74.623884,40.63835],[-74.623827,40.638268],[-74.623704,40.638142],[-74.623623,40.638043],[-74.623574,40.637961],[-74.623495,40.637889],[-74.623423,40.637781],[-74.623336,40.637663],[-74.623227,40.637555],[-74.623091,40.637455],[-74.622983,40.637392],[-74.622838,40.637292],[-74.622702,40.63722],[-74.622535,40.637147],[-74.6225,40.63712],[-74.622391,40.637066],[-74.622356,40.636993],[-74.622282,40.636912],[-74.622189,40.636831],[-74.622095,40.636758],[-74.622022,40.636686],[-74.621966,40.636632],[-74.621784,40.636523],[-74.62167,40.636469],[-74.621561,40.636396],[-74.62151,40.636354],[-74.621461,40.636315],[-74.621316,40.636188],[-74.621157,40.636061],[-74.621041,40.635908],[-74.620904,40.635781],[-74.620761,40.635628],[-74.620623,40.635492],[-74.620515,40.635402],[-74.620421,40.635338],[-74.620343,40.63532],[-74.62022,40.635311],[-74.62014,40.635319],[-74.62006,40.635337],[-74.620018,40.635337],[-74.619945,40.635355],[-74.619824,40.635355],[-74.619764,40.635336],[-74.619707,40.635327],[-74.619644,40.635345],[-74.619588,40.635354],[-74.619564,40.635354],[-74.619397,40.63547],[-74.619304,40.635524],[-74.619226,40.635524],[-74.619109,40.635514],[-74.619056,40.635513],[-74.618931,40.635437],[-74.61744,40.634527],[-74.616102,40.633743],[-74.615984,40.63365],[-74.614821,40.63443],[-74.614483,40.634669],[-74.614181,40.634917],[-74.613674,40.63539],[-74.612941,40.63605],[-74.612731,40.636175],[-74.61258,40.636236],[-74.611479,40.63655],[-74.611772,40.63714],[-74.61127,40.637546],[-74.610789,40.637954],[-74.610131,40.638544],[-74.609785,40.638911],[-74.609611,40.639125],[-74.609547,40.639231],[-74.609501,40.639201],[-74.608052,40.638342],[-74.606414,40.637373],[-74.604324,40.636124],[-74.60281,40.635234],[-74.601901,40.634702],[-74.60116,40.634352],[-74.600385,40.633809],[-74.599173,40.633223],[-74.597315,40.632075],[-74.593248,40.629907],[-74.584277,40.624537],[-74.584351,40.624366],[-74.584549,40.623385],[-74.584624,40.623084],[-74.584794,40.622196],[-74.584808,40.621923],[-74.584847,40.621711],[-74.584897,40.621551],[-74.58507,40.621335],[-74.58512,40.621226],[-74.585148,40.621105],[-74.585215,40.620409],[-74.585282,40.620071],[-74.58533,40.619929],[-74.585392,40.619805],[-74.585527,40.619608],[-74.585642,40.619497],[-74.586516,40.618836],[-74.585275,40.618362],[-74.584975,40.618238],[-74.584685,40.61811],[-74.584596,40.61806],[-74.584423,40.617963],[-74.584153,40.617803],[-74.583746,40.617523],[-74.583584,40.617375],[-74.582835,40.61664],[-74.582349,40.616149],[-74.580608,40.614392],[-74.579522,40.613364],[-74.579257,40.613138],[-74.578306,40.612384],[-74.579832,40.611339],[-74.580546,40.610866],[-74.581457,40.610207],[-74.581985,40.609846],[-74.582487,40.609503],[-74.583493,40.608795],[-74.58399,40.608486],[-74.585462,40.6074],[-74.5855,40.607381],[-74.585322,40.607261],[-74.585004,40.607034],[-74.584911,40.606935],[-74.58486,40.606917],[-74.584709,40.606799],[-74.584609,40.606682],[-74.584472,40.606564],[-74.584391,40.606474],[-74.58422,40.606338],[-74.584097,40.606265],[-74.583548,40.606101],[-74.583427,40.606002],[-74.583369,40.605938],[-74.583333,40.605848],[-74.583355,40.605641],[-74.583369,40.605605],[-74.583375,40.605407],[-74.583339,40.605317],[-74.583225,40.605199],[-74.583218,40.605154],[-74.583181,40.605127],[-74.583166,40.605091],[-74.583066,40.604991],[-74.583037,40.604937],[-74.582649,40.604594],[-74.582418,40.604421],[-74.58236,40.604403],[-74.582216,40.604304],[-74.581856,40.604167],[-74.581581,40.604112],[-74.581359,40.60403],[-74.581092,40.603804],[-74.581092,40.603786],[-74.580759,40.603574],[-74.580451,40.603378],[-74.580422,40.603378],[-74.579975,40.603052],[-74.579898,40.603018],[-74.579751,40.602952],[-74.579637,40.602925],[-74.579327,40.602771],[-74.579269,40.602689],[-74.579234,40.602608],[-74.579205,40.602455],[-74.579154,40.602373],[-74.579052,40.602283],[-74.578995,40.602202],[-74.578995,40.602175],[-74.578966,40.60213],[-74.578945,40.601805],[-74.578779,40.601399],[-74.57854,40.601128],[-74.578274,40.600929],[-74.578116,40.600829],[-74.577849,40.600729],[-74.577661,40.60062],[-74.577568,40.600548],[-74.577467,40.600142],[-74.577452,40.600124],[-74.577452,40.60007],[-74.577424,40.600052],[-74.577403,40.599989],[-74.577322,40.59988],[-74.576935,40.599573],[-74.576854,40.599527],[-74.576659,40.599356],[-74.57661,40.599301],[-74.5763,40.599066],[-74.576033,40.598849],[-74.575975,40.598749],[-74.575846,40.598352],[-74.575795,40.598244],[-74.57578,40.598181],[-74.575694,40.598037],[-74.575664,40.598],[-74.575665,40.597964],[-74.575572,40.597883],[-74.575543,40.597847],[-74.57547,40.597847],[-74.575306,40.597819],[-74.574995,40.597809],[-74.574441,40.597834],[-74.573073,40.597551],[-74.57342,40.597261],[-74.573283,40.597082],[-74.573257,40.597057],[-74.575,40.595236],[-74.575888,40.594322],[-74.57662,40.593665],[-74.57674,40.59357],[-74.577492,40.592829],[-74.577238,40.592628],[-74.577174,40.592568],[-74.57709,40.592456],[-74.577034,40.592319],[-74.577016,40.592189],[-74.577038,40.591884],[-74.577041,40.591714],[-74.577005,40.591503],[-74.576967,40.591419],[-74.576893,40.591321],[-74.576794,40.591222],[-74.576542,40.59103],[-74.576943,40.590439],[-74.577051,40.590308],[-74.577114,40.590255],[-74.577378,40.590087],[-74.577589,40.590002],[-74.577926,40.589932],[-74.577969,40.590132],[-74.578018,40.590234],[-74.578095,40.59034],[-74.578183,40.590431],[-74.578368,40.590561],[-74.57848,40.590621],[-74.578621,40.590667],[-74.578843,40.590716],[-74.579254,40.59073],[-74.579546,40.590768],[-74.579652,40.590797],[-74.579782,40.590846],[-74.58017,40.59108],[-74.581003,40.589992],[-74.581264,40.589633],[-74.579584,40.589421],[-74.574218,40.589931],[-74.570922,40.590245],[-74.565943,40.590958],[-74.56576,40.591074],[-74.56562,40.591126],[-74.565412,40.591144],[-74.565331,40.591126],[-74.565169,40.591039],[-74.56483,40.590771],[-74.564752,40.590694],[-74.56452,40.590406],[-74.56416,40.590104],[-74.563959,40.589886],[-74.563759,40.589612],[-74.563678,40.589432],[-74.563445,40.588828],[-74.563404,40.588577],[-74.563285,40.58811],[-74.563228,40.587933],[-74.563171,40.587797],[-74.56306,40.587639],[-74.56291,40.587477],[-74.562776,40.587335],[-74.562428,40.586999],[-74.562368,40.586954],[-74.56185,40.586587],[-74.561749,40.5865],[-74.561534,40.586317],[-74.561371,40.586152],[-74.561176,40.585954],[-74.560723,40.585495],[-74.560661,40.585402],[-74.560632,40.585299],[-74.560629,40.585235],[-74.560722,40.584927],[-74.560746,40.584849],[-74.56085,40.584536],[-74.560862,40.584472],[-74.560857,40.584408],[-74.560838,40.584342],[-74.560786,40.584288],[-74.560611,40.584184],[-74.560468,40.584138],[-74.560136,40.584117],[-74.559475,40.584161],[-74.558784,40.584242],[-74.558396,40.584273],[-74.558202,40.584273],[-74.558119,40.584263],[-74.557979,40.584219],[-74.557844,40.584134],[-74.557731,40.584058],[-74.55758,40.583935],[-74.557391,40.583751],[-74.557259,40.583549],[-74.557207,40.583437],[-74.557188,40.583361],[-74.557183,40.583249],[-74.557237,40.582836],[-74.557489,40.581369],[-74.55759,40.580637],[-74.557741,40.579863],[-74.557735,40.579798],[-74.557708,40.579713],[-74.55767,40.579645],[-74.557502,40.579477],[-74.557751,40.579499],[-74.557866,40.579501],[-74.557942,40.579493],[-74.558046,40.579463],[-74.558136,40.579422],[-74.558515,40.579138],[-74.55933,40.578463],[-74.560149,40.57781],[-74.560234,40.577706],[-74.560286,40.5776],[-74.560376,40.577355],[-74.560951,40.575293],[-74.561083,40.57475],[-74.56176,40.572257],[-74.561963,40.571469],[-74.562009,40.571296],[-74.562083,40.571009],[-74.561615,40.570752],[-74.561182,40.570512],[-74.560989,40.570412],[-74.560609,40.570139],[-74.560252,40.569908],[-74.560124,40.569814],[-74.559945,40.569659],[-74.559877,40.56958],[-74.55982,40.569499],[-74.559778,40.569415],[-74.559745,40.569326],[-74.559728,40.569209],[-74.559728,40.569101],[-74.559745,40.568979],[-74.559814,40.568698],[-74.559846,40.568481],[-74.559866,40.568096],[-74.559204,40.568083],[-74.559016,40.568078],[-74.558892,40.568076],[-74.557178,40.568046],[-74.556883,40.56803],[-74.556433,40.56803],[-74.556137,40.568028],[-74.555443,40.568012],[-74.553987,40.567991],[-74.553768,40.567991],[-74.553617,40.567995],[-74.554781,40.567614],[-74.554517,40.567164],[-74.553646,40.565948],[-74.553096,40.565179],[-74.552445,40.56427],[-74.551886,40.563675],[-74.551775,40.563558],[-74.550932,40.562532],[-74.550544,40.562034],[-74.549873,40.561169],[-74.549625,40.5611],[-74.548842,40.56088],[-74.5486,40.560824],[-74.548413,40.560776],[-74.548325,40.56076],[-74.548272,40.560684],[-74.548096,40.560433],[-74.547921,40.560181],[-74.547861,40.560095],[-74.547578,40.55969],[-74.547447,40.559551],[-74.547107,40.559253],[-74.546698,40.558952],[-74.546252,40.558645],[-74.545726,40.558283],[-74.545367,40.557958],[-74.545151,40.557695],[-74.545014,40.557488],[-74.544993,40.557433],[-74.54498,40.55737],[-74.544873,40.556873],[-74.544854,40.556774],[-74.544833,40.556703],[-74.544804,40.556604],[-74.544772,40.556534],[-74.544611,40.556189],[-74.54456,40.556099],[-74.544532,40.556063],[-74.544531,40.556044],[-74.544481,40.555981],[-74.544445,40.5559],[-74.544291,40.555782],[-74.544159,40.555711],[-74.543905,40.555573],[-74.543883,40.55551],[-74.543654,40.555473],[-74.543308,40.555418],[-74.54279,40.555196],[-74.5433,40.554882],[-74.543631,40.554645],[-74.543759,40.554559],[-74.544247,40.554228],[-74.544316,40.554182],[-74.544447,40.554093],[-74.544494,40.554061],[-74.54455,40.554016],[-74.545514,40.55324],[-74.546369,40.552479],[-74.54671,40.552233],[-74.547073,40.551973],[-74.547433,40.551774],[-74.548009,40.551559],[-74.549383,40.551166],[-74.550376,40.550818],[-74.55114,40.550519],[-74.551419,40.550441],[-74.552255,40.550209],[-74.553946,40.549766],[-74.55494,40.549418],[-74.556033,40.548833],[-74.557104,40.548122],[-74.558203,40.547147],[-74.558598,40.546798],[-74.559136,40.546326],[-74.559825,40.545709],[-74.560707,40.545037],[-74.561236,40.544773],[-74.562588,40.54425],[-74.563514,40.543849],[-74.564393,40.543556],[-74.564903,40.543264],[-74.566194,40.542879],[-74.56654,40.542921],[-74.567037,40.54298],[-74.56751,40.542985],[-74.567805,40.543243],[-74.567985,40.543526],[-74.568158,40.543815],[-74.568247,40.544019],[-74.568311,40.544295],[-74.568383,40.544868],[-74.568364,40.545044],[-74.568307,40.545296],[-74.56822,40.545586],[-74.56806,40.545952],[-74.56806,40.546285],[-74.567976,40.546709],[-74.567831,40.547015],[-74.567834,40.547449],[-74.567928,40.547726],[-74.568087,40.54825],[-74.568214,40.548626],[-74.568569,40.549385],[-74.56865,40.54945],[-74.568751,40.549566],[-74.568856,40.549686],[-74.568896,40.549726],[-74.569074,40.549904],[-74.569483,40.550229],[-74.569745,40.550404],[-74.570154,40.550773],[-74.570581,40.551041],[-74.570657,40.551122],[-74.571047,40.551412],[-74.571538,40.551633],[-74.571916,40.551764],[-74.571956,40.551778],[-74.572447,40.551948],[-74.572995,40.55208],[-74.574238,40.552362],[-74.575281,40.552592],[-74.577689,40.553123],[-74.579146,40.553516],[-74.580647,40.554084],[-74.58169,40.554578],[-74.582624,40.555003],[-74.583138,40.555204],[-74.583183,40.555222],[-74.583309,40.555271],[-74.583389,40.555313],[-74.583894,40.555576],[-74.584601,40.555681],[-74.585129,40.555613],[-74.585438,40.555509],[-74.585658,40.555101],[-74.58561,40.554724],[-74.585473,40.554161],[-74.585486,40.553681],[-74.58552,40.553254],[-74.585599,40.552946],[-74.585778,40.552693],[-74.585856,40.552418],[-74.585832,40.551907],[-74.58606,40.551279],[-74.586155,40.550966],[-74.586422,40.550689],[-74.586765,40.550486],[-74.587311,40.550274],[-74.587622,40.550224],[-74.587874,40.550225],[-74.588984,40.550217],[-74.590061,40.550338],[-74.590571,40.550438],[-74.590821,40.550491],[-74.591222,40.550585],[-74.592309,40.550841],[-74.593578,40.551122],[-74.59392,40.551276],[-74.594145,40.551494],[-74.594391,40.551703],[-74.594521,40.551872],[-74.594745,40.552129],[-74.594724,40.552334],[-74.594675,40.552705],[-74.594664,40.553155],[-74.594636,40.553694],[-74.594662,40.553874],[-74.594749,40.554098],[-74.594881,40.554298],[-74.595028,40.554421],[-74.59546,40.554719],[-74.595735,40.554981],[-74.595909,40.555199],[-74.596081,40.555514],[-74.596325,40.555864],[-74.59657,40.556148],[-74.597089,40.556706],[-74.59749,40.557042],[-74.597711,40.557166],[-74.59816,40.557333],[-74.59849,40.557469],[-74.598937,40.557642],[-74.599038,40.557681],[-74.600523,40.55822],[-74.601324,40.558419],[-74.601847,40.558564],[-74.603049,40.558857],[-74.603531,40.558914],[-74.60433,40.558915],[-74.605776,40.558771],[-74.606088,40.558739],[-74.606533,40.558695],[-74.607561,40.558518],[-74.608096,40.558356],[-74.608549,40.558445],[-74.608685,40.558469],[-74.60887,40.558494],[-74.60918,40.558562],[-74.609971,40.558647],[-74.610145,40.558743],[-74.610167,40.558876],[-74.610121,40.558966],[-74.610091,40.559018],[-74.609966,40.55912],[-74.609805,40.559217],[-74.609652,40.559302],[-74.609544,40.559336],[-74.60934,40.559386],[-74.609228,40.559391],[-74.609174,40.559394],[-74.609006,40.559496],[-74.608974,40.559536],[-74.608849,40.559692],[-74.608797,40.559779],[-74.608647,40.559936],[-74.608561,40.559995],[-74.608371,40.560091],[-74.608246,40.560205],[-74.608231,40.560238],[-74.608131,40.560467],[-74.60807,40.56062],[-74.607985,40.560812],[-74.607887,40.561074],[-74.607875,40.561125],[-74.607803,40.561458],[-74.607794,40.561499],[-74.607774,40.561591],[-74.607747,40.561715],[-74.607744,40.561762],[-74.607745,40.562078],[-74.607663,40.562461],[-74.607516,40.562558],[-74.607306,40.562616],[-74.607081,40.562684],[-74.606913,40.562791],[-74.606691,40.56298],[-74.60661,40.563078],[-74.606483,40.56323],[-74.606275,40.563507],[-74.606069,40.563933],[-74.606031,40.564001],[-74.605926,40.563981],[-74.602277,40.563407],[-74.601823,40.563332]]]]}},{"type":"Feature","properties":{"zip":"07016","name":"07016"},"geometry":{"type":"Polygon","coordinates":[[[-74.31687,40.656696],[-74.317765,40.657367],[-74.319449,40.658154],[-74.320764,40.657963],[-74.321797,40.657813],[-74.323518,40.656561],[-74.323595,40.65655],[-74.324382,40.656445],[-74.324591,40.656419],[-74.324816,40.656391],[-74.324838,40.656389],[-74.324871,40.656277],[-74.324891,40.656274],[-74.325815,40.656179],[-74.325919,40.656142],[-74.326028,40.656114],[-74.326141,40.656094],[-74.326593,40.657702],[-74.326593,40.658502],[-74.326893,40.659602],[-74.327078,40.660862],[-74.327099,40.661017],[-74.327397,40.661901],[-74.327647,40.662743],[-74.327693,40.662904],[-74.325693,40.666502],[-74.325199,40.667596],[-74.325347,40.6677],[-74.326093,40.668202],[-74.325192,40.669503],[-74.324191,40.669403],[-74.32419,40.66978],[-74.323615,40.670664],[-74.323413,40.671417],[-74.323228,40.672276],[-74.324391,40.67444],[-74.323621,40.675217],[-74.32292,40.676427],[-74.322825,40.676591],[-74.322615,40.676954],[-74.322402,40.677321],[-74.322371,40.677443],[-74.321419,40.677519],[-74.317391,40.677841],[-74.310392,40.678402],[-74.311487,40.677383],[-74.312281,40.676162],[-74.312959,40.674774],[-74.312993,40.674703],[-74.312093,40.674304],[-74.314552,40.673889],[-74.312827,40.673282],[-74.312697,40.67331],[-74.312309,40.673404],[-74.311716,40.673561],[-74.311441,40.673641],[-74.311155,40.673758],[-74.310963,40.673828],[-74.310741,40.673904],[-74.310318,40.67403],[-74.310169,40.67407],[-74.309289,40.674241],[-74.309207,40.674257],[-74.308406,40.674336],[-74.307888,40.674387],[-74.307524,40.673632],[-74.306792,40.672102],[-74.305598,40.672005],[-74.305346,40.672026],[-74.304394,40.672203],[-74.304306,40.672211],[-74.303463,40.672283],[-74.302608,40.672348],[-74.30169,40.672413],[-74.300799,40.672511],[-74.296492,40.672902],[-74.295591,40.672904],[-74.294378,40.673091],[-74.293678,40.673196],[-74.292893,40.67294],[-74.292716,40.672882],[-74.292676,40.672952],[-74.292625,40.672981],[-74.29187,40.673409],[-74.290976,40.673465],[-74.290953,40.673318],[-74.290953,40.673242],[-74.290987,40.673153],[-74.29124,40.672753],[-74.291699,40.672032],[-74.291808,40.671859],[-74.29185,40.671802],[-74.291397,40.671334],[-74.290689,40.670646],[-74.289471,40.670788],[-74.288727,40.670925],[-74.288563,40.670718],[-74.28848,40.670682],[-74.288146,40.670421],[-74.287369,40.669786],[-74.286794,40.669005],[-74.2864,40.668012],[-74.286056,40.667155],[-74.285991,40.667001],[-74.285666,40.66611],[-74.285593,40.665904],[-74.285597,40.665306],[-74.285561,40.665105],[-74.285518,40.664883],[-74.285376,40.664791],[-74.285291,40.663802],[-74.285223,40.663151],[-74.285191,40.662898],[-74.284991,40.661702],[-74.284194,40.659105],[-74.284159,40.658889],[-74.284202,40.658405],[-74.284275,40.658075],[-74.283511,40.658187],[-74.283369,40.657406],[-74.283562,40.656646],[-74.284041,40.656322],[-74.285284,40.655396],[-74.285786,40.655022],[-74.285583,40.654961],[-74.283931,40.654468],[-74.283273,40.654272],[-74.282763,40.653596],[-74.282693,40.653502],[-74.282696,40.652905],[-74.282669,40.652818],[-74.28238,40.651949],[-74.282174,40.651126],[-74.282094,40.650807],[-74.281917,40.650621],[-74.281494,40.650205],[-74.281488,40.650145],[-74.281304,40.648392],[-74.281494,40.647271],[-74.281258,40.647221],[-74.280949,40.646969],[-74.280858,40.646894],[-74.280691,40.645712],[-74.281458,40.645421],[-74.281393,40.645103],[-74.282183,40.644572],[-74.281815,40.644205],[-74.281687,40.643381],[-74.282656,40.642796],[-74.28314,40.642504],[-74.284074,40.641941],[-74.284524,40.641669],[-74.28481,40.641497],[-74.28559,40.641026],[-74.286363,40.64056],[-74.287001,40.640175],[-74.287135,40.640102],[-74.287325,40.639999],[-74.287663,40.639984],[-74.287897,40.639982],[-74.289528,40.639969],[-74.28982,40.639951],[-74.289965,40.639942],[-74.290342,40.639877],[-74.290426,40.639863],[-74.290542,40.639843],[-74.291175,40.639648],[-74.291856,40.639438],[-74.292843,40.639116],[-74.293126,40.639024],[-74.293486,40.638946],[-74.293596,40.638936],[-74.293708,40.638925],[-74.293962,40.638921],[-74.294154,40.638923],[-74.294367,40.638926],[-74.294561,40.638909],[-74.294777,40.638883],[-74.294983,40.638836],[-74.295419,40.638695],[-74.29577,40.638581],[-74.296661,40.638209],[-74.297152,40.63791],[-74.297558,40.637619],[-74.297845,40.637422],[-74.299572,40.636235],[-74.30022,40.63579],[-74.3006,40.635554],[-74.301751,40.634841],[-74.301979,40.634732],[-74.302259,40.634629],[-74.302512,40.634551],[-74.302633,40.634514],[-74.303213,40.634362],[-74.303462,40.634277],[-74.303626,40.63422],[-74.304094,40.633993],[-74.304511,40.633761],[-74.304907,40.633459],[-74.305488,40.633898],[-74.310559,40.63681],[-74.310851,40.636978],[-74.311401,40.637319],[-74.312349,40.637911],[-74.312485,40.638006],[-74.313192,40.638202],[-74.313492,40.638502],[-74.314321,40.63913],[-74.315301,40.639775],[-74.316318,40.640312],[-74.317428,40.640826],[-74.317602,40.640936],[-74.318092,40.641361],[-74.318914,40.641765],[-74.319678,40.641989],[-74.316485,40.645194],[-74.317312,40.64562],[-74.318199,40.646076],[-74.318436,40.646198],[-74.319547,40.646769],[-74.320663,40.647344],[-74.31965,40.648122],[-74.319486,40.648242],[-74.318956,40.648628],[-74.318664,40.64884],[-74.318242,40.649147],[-74.318069,40.649273],[-74.317577,40.649631],[-74.316909,40.650116],[-74.316825,40.650178],[-74.316584,40.650344],[-74.316457,40.65043],[-74.316306,40.650534],[-74.315487,40.651214],[-74.314765,40.652091],[-74.314593,40.652301],[-74.313681,40.653011],[-74.313538,40.653185],[-74.312298,40.654042],[-74.312573,40.654212],[-74.313595,40.654842],[-74.313775,40.654937],[-74.315149,40.655661],[-74.316551,40.65649],[-74.31687,40.656696]]]}},{"type":"Feature","properties":{"zip":"07922","name":"07922"},"geometry":{"type":"Polygon","coordinates":[[[-74.418795,40.687449],[-74.418743,40.687353],[-74.418317,40.686985],[-74.417912,40.686506],[-74.41744,40.686205],[-74.416375,40.685502],[-74.415647,40.684954],[-74.415031,40.68442],[-74.414822,40.683542],[-74.414577,40.682538],[-74.41416,40.68152],[-74.413728,40.680719],[-74.413699,40.680724],[-74.41366,40.680724],[-74.413598,40.680724],[-74.413551,40.680719],[-74.413351,40.680702],[-74.413151,40.680701],[-74.412951,40.680717],[-74.412754,40.680748],[-74.412563,40.680794],[-74.412379,40.680856],[-74.412258,40.680907],[-74.412001,40.681035],[-74.411881,40.680864],[-74.41155,40.680325],[-74.410653,40.679228],[-74.405483,40.682737],[-74.405031,40.682371],[-74.404969,40.682295],[-74.404917,40.682215],[-74.404877,40.682131],[-74.404849,40.682045],[-74.404832,40.681956],[-74.404828,40.681867],[-74.404836,40.681778],[-74.404856,40.68169],[-74.404888,40.681605],[-74.404915,40.681551],[-74.404953,40.681496],[-74.404984,40.681438],[-74.405006,40.681378],[-74.40502,40.681316],[-74.405026,40.681254],[-74.405023,40.681192],[-74.405011,40.68113],[-74.404991,40.681069],[-74.404963,40.681011],[-74.404916,40.68094],[-74.404788,40.680792],[-74.404717,40.680637],[-74.404682,40.680374],[-74.404647,40.680306],[-74.404478,40.680198],[-74.403487,40.679853],[-74.403417,40.679848],[-74.403346,40.679849],[-74.403276,40.679855],[-74.403207,40.679867],[-74.403141,40.679884],[-74.403077,40.679906],[-74.403016,40.679934],[-74.402959,40.679966],[-74.402905,40.680005],[-74.402625,40.680267],[-74.402557,40.680302],[-74.40248,40.680324],[-74.402399,40.680334],[-74.402318,40.680331],[-74.402238,40.680315],[-74.402205,40.680304],[-74.401955,40.680202],[-74.402007,40.68017],[-74.402147,40.680066],[-74.402271,40.679952],[-74.40238,40.679828],[-74.40247,40.679696],[-74.402542,40.679558],[-74.402595,40.679415],[-74.402628,40.679268],[-74.40264,40.67912],[-74.40264,40.679061],[-74.402515,40.678198],[-74.401812,40.678241],[-74.401121,40.678231],[-74.400327,40.67822],[-74.399538,40.678181],[-74.397755,40.679262],[-74.397733,40.679274],[-74.395342,40.680563],[-74.393303,40.681652],[-74.391953,40.682385],[-74.391287,40.682747],[-74.38937,40.683797],[-74.387588,40.684747],[-74.38755,40.684737],[-74.387397,40.684673],[-74.387272,40.684591],[-74.3872,40.684522],[-74.385406,40.685474],[-74.38485,40.685817],[-74.383802,40.686578],[-74.381404,40.688332],[-74.379718,40.685573],[-74.37945,40.685397],[-74.379566,40.685298],[-74.379768,40.685012],[-74.380064,40.684732],[-74.380223,40.684551],[-74.380418,40.684249],[-74.380452,40.684207],[-74.380533,40.684107],[-74.38067,40.683997],[-74.380808,40.683947],[-74.381176,40.683898],[-74.381392,40.68381],[-74.381601,40.683591],[-74.381609,40.683569],[-74.38184,40.683278],[-74.38228,40.682839],[-74.382641,40.682367],[-74.383204,40.681708],[-74.38332,40.681604],[-74.383601,40.68145],[-74.3842,40.681242],[-74.38446,40.681061],[-74.384677,40.680814],[-74.384814,40.680588],[-74.385081,40.68033],[-74.385298,40.680056],[-74.385767,40.679633],[-74.38607,40.679315],[-74.386503,40.678942],[-74.387037,40.678552],[-74.387621,40.678234],[-74.387701,40.67819],[-74.388856,40.677729],[-74.3897,40.677521],[-74.390392,40.677241],[-74.39146,40.676687],[-74.391742,40.676511],[-74.392009,40.676286],[-74.392377,40.676023],[-74.392701,40.675908],[-74.393257,40.675639],[-74.393538,40.675518],[-74.393971,40.675436],[-74.394079,40.675458],[-74.394534,40.67543],[-74.394793,40.675381],[-74.395183,40.675255],[-74.395558,40.675184],[-74.395818,40.675079],[-74.395854,40.675036],[-74.39589,40.674959],[-74.395861,40.674821],[-74.395905,40.674794],[-74.396078,40.674816],[-74.396164,40.674783],[-74.396229,40.674712],[-74.396193,40.674624],[-74.396164,40.674514],[-74.396208,40.674481],[-74.396294,40.674459],[-74.396547,40.674629],[-74.396604,40.674602],[-74.396633,40.674514],[-74.396605,40.674421],[-74.396619,40.674327],[-74.396756,40.674251],[-74.396872,40.674229],[-74.397247,40.674223],[-74.39786,40.674328],[-74.398033,40.674311],[-74.398155,40.674213],[-74.39817,40.674031],[-74.398004,40.67379],[-74.397975,40.673702],[-74.398033,40.673636],[-74.398466,40.673603],[-74.398704,40.673548],[-74.398935,40.673351],[-74.399144,40.673071],[-74.399253,40.672829],[-74.399419,40.672533],[-74.399671,40.672148],[-74.400068,40.671769],[-74.400386,40.671561],[-74.401012,40.671132],[-74.401541,40.670635],[-74.401605,40.670501],[-74.401597,40.670353],[-74.401576,40.669996],[-74.401591,40.669919],[-74.40157,40.669238],[-74.403396,40.667638],[-74.403496,40.667256],[-74.403468,40.666954],[-74.403353,40.666537],[-74.403571,40.666722],[-74.403606,40.666752],[-74.403689,40.666822],[-74.403766,40.666888],[-74.404117,40.667185],[-74.404492,40.667432],[-74.404874,40.667614],[-74.405097,40.667702],[-74.405281,40.667798],[-74.405515,40.667921],[-74.405681,40.667982],[-74.405927,40.66801],[-74.406136,40.667982],[-74.406366,40.667845],[-74.406468,40.667746],[-74.406713,40.667274],[-74.406901,40.667021],[-74.407362,40.666692],[-74.407773,40.666505],[-74.40832,40.66628],[-74.408836,40.666068],[-74.409122,40.665951],[-74.409258,40.665885],[-74.40944,40.665797],[-74.409743,40.665611],[-74.41006,40.665331],[-74.410522,40.664743],[-74.410789,40.66437],[-74.411158,40.663962],[-74.411402,40.663692],[-74.411431,40.663661],[-74.411857,40.663266],[-74.412037,40.66314],[-74.412405,40.6628],[-74.412655,40.66264],[-74.412939,40.662459],[-74.413138,40.662393],[-74.413335,40.662327],[-74.413631,40.662306],[-74.41428,40.662306],[-74.414742,40.662284],[-74.41534,40.662152],[-74.415665,40.662053],[-74.416169,40.661819],[-74.416199,40.661806],[-74.416927,40.66129],[-74.417216,40.660999],[-74.417273,40.660922],[-74.417375,40.6608],[-74.417448,40.660713],[-74.417646,40.66031],[-74.417739,40.659889],[-74.417742,40.659874],[-74.417793,40.659775],[-74.418594,40.659171],[-74.418839,40.658935],[-74.419077,40.65877],[-74.419293,40.658537],[-74.419711,40.658084],[-74.419784,40.658029],[-74.420166,40.657842],[-74.420462,40.657771],[-74.420772,40.657771],[-74.421038,40.657853],[-74.421392,40.658067],[-74.421615,40.658287],[-74.421983,40.65871],[-74.422437,40.659177],[-74.422747,40.659572],[-74.423158,40.659984],[-74.423281,40.660077],[-74.423756,40.660671],[-74.423879,40.660978],[-74.424066,40.661302],[-74.424189,40.661418],[-74.424715,40.661753],[-74.425314,40.662307],[-74.425351,40.662363],[-74.425386,40.662417],[-74.425398,40.662428],[-74.425497,40.662523],[-74.425609,40.662631],[-74.426243,40.662941],[-74.426294,40.662966],[-74.426951,40.663186],[-74.427724,40.663321],[-74.428025,40.663373],[-74.428162,40.663378],[-74.428379,40.663444],[-74.428645,40.663631],[-74.428723,40.663716],[-74.428728,40.663726],[-74.428738,40.663743],[-74.428763,40.663759],[-74.428797,40.663796],[-74.429006,40.664121],[-74.42902,40.664142],[-74.429179,40.664526],[-74.42928,40.664828],[-74.429316,40.664982],[-74.429424,40.665136],[-74.429612,40.665317],[-74.429799,40.665328],[-74.429958,40.66513],[-74.430051,40.665097],[-74.430477,40.665097],[-74.430809,40.664922],[-74.430953,40.664867],[-74.431148,40.664845],[-74.431465,40.66496],[-74.431854,40.665004],[-74.432244,40.664977],[-74.432626,40.664894],[-74.433112,40.664726],[-74.43314,40.664716],[-74.433344,40.664646],[-74.433449,40.66461],[-74.433537,40.66458],[-74.433946,40.664439],[-74.434025,40.6644],[-74.43427,40.664164],[-74.434307,40.664071],[-74.434369,40.664037],[-74.434475,40.663978],[-74.434552,40.663935],[-74.434653,40.663879],[-74.43481,40.66382],[-74.434963,40.663763],[-74.435308,40.663544],[-74.435576,40.663373],[-74.43572,40.663351],[-74.435749,40.663379],[-74.435814,40.663461],[-74.435915,40.6635],[-74.436333,40.6635],[-74.436456,40.663428],[-74.436513,40.663313],[-74.436492,40.66323],[-74.436297,40.663132],[-74.43621,40.663066],[-74.436239,40.662978],[-74.436311,40.662884],[-74.436441,40.662813],[-74.436578,40.662813],[-74.436722,40.66289],[-74.43691,40.662934],[-74.436982,40.662912],[-74.43704,40.662824],[-74.43704,40.662539],[-74.437112,40.662379],[-74.43722,40.662258],[-74.437739,40.661973],[-74.437775,40.661949],[-74.437905,40.661863],[-74.438605,40.661479],[-74.438728,40.6614],[-74.438768,40.661375],[-74.439073,40.661182],[-74.43983,40.660619],[-74.440055,40.660452],[-74.440067,40.660443],[-74.44027,40.660292],[-74.440287,40.660277],[-74.440862,40.659765],[-74.440919,40.659683],[-74.441013,40.659601],[-74.441165,40.659518],[-74.441255,40.659431],[-74.441273,40.659414],[-74.44138,40.659344],[-74.441568,40.659222],[-74.441677,40.659095],[-74.441669,40.658991],[-74.441626,40.658958],[-74.441352,40.658909],[-74.44128,40.658837],[-74.441287,40.65876],[-74.441359,40.658689],[-74.44154,40.65864],[-74.441756,40.658628],[-74.442001,40.658672],[-74.442253,40.658634],[-74.442556,40.658557],[-74.442696,40.658445],[-74.442866,40.65831],[-74.443047,40.658101],[-74.443466,40.657794],[-74.443797,40.657552],[-74.443941,40.657469],[-74.444157,40.657343],[-74.444265,40.657206],[-74.444272,40.657041],[-74.445697,40.656501],[-74.447196,40.655956],[-74.447897,40.655701],[-74.448544,40.655415],[-74.449186,40.655134],[-74.449289,40.655089],[-74.449637,40.654936],[-74.450078,40.654742],[-74.450397,40.654602],[-74.451697,40.654202],[-74.452568,40.656118],[-74.452697,40.656401],[-74.454314,40.659939],[-74.455897,40.663401],[-74.456175,40.663994],[-74.457331,40.66646],[-74.457406,40.66659],[-74.461015,40.673073],[-74.461109,40.673214],[-74.461195,40.673343],[-74.461231,40.673397],[-74.460701,40.674015],[-74.458721,40.674468],[-74.457941,40.674395],[-74.454573,40.67408],[-74.454156,40.674159],[-74.454024,40.674359],[-74.453948,40.674475],[-74.453834,40.675129],[-74.452584,40.676236],[-74.452717,40.676574],[-74.453342,40.67697],[-74.453275,40.677343],[-74.452508,40.677818],[-74.451968,40.678271],[-74.451852,40.678652],[-74.451542,40.679675],[-74.45159,40.679816],[-74.451617,40.679904],[-74.451622,40.679917],[-74.451638,40.679967],[-74.45166,40.680009],[-74.452319,40.681211],[-74.452878,40.681994],[-74.453029,40.682764],[-74.452385,40.684022],[-74.452072,40.684891],[-74.451949,40.685164],[-74.451892,40.685289],[-74.451853,40.685376],[-74.451495,40.68579],[-74.450538,40.686006],[-74.448909,40.685675],[-74.448855,40.685626],[-74.448672,40.685459],[-74.448,40.685574],[-74.447157,40.685898],[-74.446181,40.686408],[-74.445937,40.686765],[-74.445865,40.68687],[-74.445842,40.686904],[-74.445837,40.686912],[-74.445518,40.687379],[-74.445196,40.687978],[-74.445159,40.688047],[-74.444605,40.687995],[-74.444565,40.687991],[-74.444558,40.68799],[-74.444528,40.687987],[-74.444485,40.687983],[-74.444421,40.687977],[-74.444333,40.687969],[-74.444325,40.687968],[-74.443738,40.688033],[-74.442544,40.688601],[-74.441853,40.688974],[-74.4412,40.689549],[-74.439652,40.68972],[-74.43797,40.690247],[-74.437724,40.690736],[-74.437832,40.69176],[-74.437833,40.691765],[-74.437834,40.691777],[-74.437838,40.691812],[-74.437847,40.6919],[-74.436322,40.692396],[-74.434672,40.693495],[-74.434551,40.693575],[-74.434172,40.693575],[-74.433864,40.693462],[-74.433824,40.693447],[-74.432903,40.693108],[-74.432595,40.693086],[-74.432507,40.69308],[-74.432463,40.693077],[-74.432364,40.69307],[-74.43169,40.693022],[-74.431154,40.693276],[-74.431133,40.693286],[-74.431127,40.693289],[-74.431021,40.693339],[-74.430781,40.693453],[-74.430478,40.694438],[-74.430507,40.695667],[-74.430061,40.696325],[-74.429995,40.696422],[-74.429578,40.697004],[-74.429669,40.697182],[-74.429735,40.697312],[-74.429739,40.69732],[-74.429744,40.697329],[-74.429766,40.697372],[-74.430005,40.697838],[-74.429509,40.698301],[-74.429023,40.698754],[-74.428955,40.698691],[-74.425734,40.695657],[-74.425,40.694891],[-74.424817,40.694829],[-74.423098,40.694078],[-74.421532,40.693394],[-74.420409,40.692547],[-74.420734,40.690351],[-74.420879,40.689295],[-74.420451,40.68875],[-74.420265,40.688642],[-74.419361,40.688093],[-74.419202,40.688097],[-74.419085,40.688089],[-74.418973,40.688063],[-74.41892,40.688044],[-74.41887,40.68802],[-74.418782,40.687961],[-74.418744,40.687927],[-74.418684,40.687851],[-74.418662,40.687809],[-74.418646,40.687766],[-74.418633,40.687697],[-74.418642,40.687631],[-74.418669,40.687568],[-74.418712,40.687511],[-74.41877,40.687463],[-74.418795,40.687449]]]}},{"type":"Feature","properties":{"zip":"07066","name":"07066"},"geometry":{"type":"Polygon","coordinates":[[[-74.299572,40.636235],[-74.297845,40.637422],[-74.297558,40.637619],[-74.297152,40.63791],[-74.296661,40.638209],[-74.29577,40.638581],[-74.295419,40.638695],[-74.294983,40.638836],[-74.294777,40.638883],[-74.294561,40.638909],[-74.294367,40.638926],[-74.294154,40.638923],[-74.293962,40.638921],[-74.293708,40.638925],[-74.293596,40.638936],[-74.293486,40.638946],[-74.293126,40.639024],[-74.292843,40.639116],[-74.291856,40.639438],[-74.291175,40.639648],[-74.290542,40.639843],[-74.290426,40.639863],[-74.290342,40.639877],[-74.289965,40.639942],[-74.28982,40.639951],[-74.290513,40.638944],[-74.29065,40.638745],[-74.290699,40.638726],[-74.290643,40.638693],[-74.290491,40.638602],[-74.290991,40.638102],[-74.291091,40.636102],[-74.292309,40.634436],[-74.293018,40.633776],[-74.293119,40.633899],[-74.293309,40.633772],[-74.2935,40.633646],[-74.293808,40.633387],[-74.294085,40.633054],[-74.294903,40.632384],[-74.297134,40.62933],[-74.296379,40.628711],[-74.296059,40.628891],[-74.295198,40.629803],[-74.294497,40.630203],[-74.294496,40.630203],[-74.292494,40.630803],[-74.290491,40.632903],[-74.288291,40.633603],[-74.285991,40.634603],[-74.285491,40.635102],[-74.284991,40.634703],[-74.284592,40.634204],[-74.284475,40.634107],[-74.282815,40.632771],[-74.282197,40.632267],[-74.281189,40.631402],[-74.280705,40.630812],[-74.280624,40.63075],[-74.279942,40.630264],[-74.278844,40.629365],[-74.277218,40.627826],[-74.277009,40.62762],[-74.276918,40.62753],[-74.277174,40.627385],[-74.278805,40.626457],[-74.27945,40.625899],[-74.28017,40.625277],[-74.280231,40.625198],[-74.280258,40.625107],[-74.281046,40.625024],[-74.281198,40.625009],[-74.28159,40.624991],[-74.281671,40.624949],[-74.282569,40.624467],[-74.282692,40.624399],[-74.28339,40.624104],[-74.284091,40.623603],[-74.288691,40.621303],[-74.290701,40.620296],[-74.290814,40.62024],[-74.290925,40.620166],[-74.2924,40.619182],[-74.293286,40.618786],[-74.294191,40.618297],[-74.295226,40.617647],[-74.295785,40.617096],[-74.296338,40.616552],[-74.296858,40.616041],[-74.29738,40.615527],[-74.297865,40.615049],[-74.297997,40.614926],[-74.298171,40.614764],[-74.298878,40.614104],[-74.299224,40.613781],[-74.299516,40.613572],[-74.299732,40.613417],[-74.300135,40.613129],[-74.300633,40.612773],[-74.300896,40.612615],[-74.301016,40.612543],[-74.301295,40.612425],[-74.301559,40.612313],[-74.301915,40.612219],[-74.302148,40.612178],[-74.302262,40.612159],[-74.303111,40.612065],[-74.303166,40.612059],[-74.303255,40.612049],[-74.303286,40.612046],[-74.303361,40.611195],[-74.303392,40.608903],[-74.30457,40.608746],[-74.304892,40.608703],[-74.305043,40.608686],[-74.305262,40.608662],[-74.305274,40.608661],[-74.305481,40.608638],[-74.305792,40.608603],[-74.308643,40.608413],[-74.308792,40.608403],[-74.308825,40.608395],[-74.308833,40.608393],[-74.309192,40.608303],[-74.310449,40.608155],[-74.310892,40.608103],[-74.311691,40.608103],[-74.311892,40.608103],[-74.31192,40.608101],[-74.311927,40.6081],[-74.31193,40.6081],[-74.312034,40.608093],[-74.312471,40.608062],[-74.312512,40.608059],[-74.31253,40.608058],[-74.312548,40.608057],[-74.312642,40.60805],[-74.313199,40.60801],[-74.313292,40.608003],[-74.313694,40.607965],[-74.316492,40.607703],[-74.316659,40.607683],[-74.320553,40.607221],[-74.320692,40.607203],[-74.321908,40.607001],[-74.322161,40.606969],[-74.32218,40.606967],[-74.322228,40.606961],[-74.322235,40.60696],[-74.322247,40.606958],[-74.322263,40.606956],[-74.322321,40.606949],[-74.322811,40.606888],[-74.3233,40.606827],[-74.323492,40.606803],[-74.323957,40.60677],[-74.324451,40.606735],[-74.324659,40.60672],[-74.324668,40.606719],[-74.32468,40.606718],[-74.324695,40.606717],[-74.324723,40.606715],[-74.324792,40.60671],[-74.324975,40.606697],[-74.327692,40.606503],[-74.328392,40.606403],[-74.331527,40.606213],[-74.331641,40.606206],[-74.33166,40.606205],[-74.331683,40.606204],[-74.331693,40.606203],[-74.334293,40.605903],[-74.338493,40.605503],[-74.344778,40.604908],[-74.345089,40.604878],[-74.345993,40.604803],[-74.346893,40.604703],[-74.356393,40.603803],[-74.356866,40.603803],[-74.357292,40.603803],[-74.3573,40.603802],[-74.357311,40.6038],[-74.357389,40.603785],[-74.358315,40.603617],[-74.358349,40.603611],[-74.358393,40.603603],[-74.3584,40.603602],[-74.358456,40.603597],[-74.359118,40.603539],[-74.35894,40.603667],[-74.358357,40.604025],[-74.358191,40.604184],[-74.357622,40.604794],[-74.357377,40.60503],[-74.357089,40.605381],[-74.356506,40.606151],[-74.356002,40.606881],[-74.355721,40.607244],[-74.355138,40.607881],[-74.354793,40.608309],[-74.354505,40.608677],[-74.354289,40.609018],[-74.354138,40.609326],[-74.353972,40.609853],[-74.353972,40.610105],[-74.353907,40.610237],[-74.353857,40.610298],[-74.353547,40.610485],[-74.353238,40.610638],[-74.353158,40.610726],[-74.35305,40.610984],[-74.352928,40.611083],[-74.352503,40.611314],[-74.352366,40.611424],[-74.352157,40.611501],[-74.351912,40.611501],[-74.351364,40.611358],[-74.35104,40.611402],[-74.350745,40.611496],[-74.350385,40.61148],[-74.350226,40.611425],[-74.350053,40.611282],[-74.349974,40.611238],[-74.349707,40.611205],[-74.349476,40.611249],[-74.349239,40.611381],[-74.349152,40.611491],[-74.349073,40.61154],[-74.348821,40.611788],[-74.348583,40.611925],[-74.348446,40.611952],[-74.347337,40.611969],[-74.347265,40.611947],[-74.34712,40.611898],[-74.346393,40.611761],[-74.345996,40.611739],[-74.345858,40.61176],[-74.345412,40.611827],[-74.344332,40.612135],[-74.343799,40.612239],[-74.343157,40.612421],[-74.34292,40.612465],[-74.342754,40.612619],[-74.342552,40.612767],[-74.342314,40.612866],[-74.341774,40.613069],[-74.341205,40.613174],[-74.34065,40.613327],[-74.340268,40.613531],[-74.340167,40.613575],[-74.339764,40.613932],[-74.339245,40.614344],[-74.339036,40.614635],[-74.339341,40.615418],[-74.339401,40.616427],[-74.339225,40.617126],[-74.338158,40.617326],[-74.337452,40.616936],[-74.336781,40.616618],[-74.336428,40.616491],[-74.336277,40.616475],[-74.336196,40.616488],[-74.336155,40.616495],[-74.335808,40.616552],[-74.335527,40.616678],[-74.335455,40.616755],[-74.335333,40.617019],[-74.335304,40.617255],[-74.335216,40.61743],[-74.335065,40.617594],[-74.334854,40.617739],[-74.334288,40.617892],[-74.333906,40.617947],[-74.33364,40.617936],[-74.333524,40.617914],[-74.333236,40.617832],[-74.333121,40.617843],[-74.332955,40.617914],[-74.332761,40.618112],[-74.332624,40.618184],[-74.332343,40.618195],[-74.332177,40.618173],[-74.331896,40.618189],[-74.331679,40.618277],[-74.331312,40.618486],[-74.331045,40.618563],[-74.330858,40.618601],[-74.330649,40.618695],[-74.330613,40.618838],[-74.330664,40.618947],[-74.330858,40.618997],[-74.331096,40.619035],[-74.331161,40.619068],[-74.331255,40.619337],[-74.331168,40.619485],[-74.330858,40.619776],[-74.330448,40.619947],[-74.330161,40.620097],[-74.330123,40.620117],[-74.329877,40.620232],[-74.329561,40.620381],[-74.329345,40.62054],[-74.329194,40.620842],[-74.329007,40.62132],[-74.328903,40.621422],[-74.32879,40.621534],[-74.328495,40.62171],[-74.328208,40.621841],[-74.328172,40.621867],[-74.328029,40.621928],[-74.32783,40.622059],[-74.327508,40.622281],[-74.327392,40.622369],[-74.327168,40.622616],[-74.327025,40.622775],[-74.326643,40.623171],[-74.326484,40.623506],[-74.326434,40.623698],[-74.326463,40.623824],[-74.326503,40.623885],[-74.326211,40.624369],[-74.326016,40.624423],[-74.325894,40.6245],[-74.325865,40.62461],[-74.325865,40.624703],[-74.325807,40.624835],[-74.325771,40.625011],[-74.325685,40.625055],[-74.325635,40.625052],[-74.322826,40.627766],[-74.320686,40.629809],[-74.320548,40.629966],[-74.319471,40.631415],[-74.318483,40.632324],[-74.317713,40.63294],[-74.316984,40.633441],[-74.316929,40.633504],[-74.316901,40.633582],[-74.316916,40.633627],[-74.316623,40.633844],[-74.316749,40.634578],[-74.316543,40.634731],[-74.315494,40.635604],[-74.314031,40.637281],[-74.31349,40.637902],[-74.313381,40.638013],[-74.313192,40.638202],[-74.312485,40.638006],[-74.312349,40.637911],[-74.311401,40.637319],[-74.310851,40.636978],[-74.310559,40.63681],[-74.305488,40.633898],[-74.304907,40.633459],[-74.304511,40.633761],[-74.304094,40.633993],[-74.303626,40.63422],[-74.303462,40.634277],[-74.303213,40.634362],[-74.302633,40.634514],[-74.302512,40.634551],[-74.302259,40.634629],[-74.301979,40.634732],[-74.301751,40.634841],[-74.3006,40.635554],[-74.30022,40.63579],[-74.299572,40.636235]]]}},{"type":"Feature","properties":{"zip":"07078","name":"07078"},"geometry":{"type":"Polygon","coordinates":[[[-74.363462,40.757192],[-74.363761,40.757152],[-74.364079,40.75741],[-74.364152,40.757469],[-74.364297,40.757586],[-74.364605,40.757844],[-74.365083,40.758017],[-74.365184,40.758053],[-74.365709,40.75822],[-74.366114,40.758212],[-74.366736,40.758123],[-74.367209,40.758095],[-74.367587,40.758066],[-74.367733,40.758354],[-74.3675,40.758671],[-74.367254,40.75906],[-74.367101,40.759532],[-74.367165,40.759871],[-74.367321,40.760457],[-74.367265,40.760723],[-74.367358,40.760868],[-74.367318,40.760968],[-74.367278,40.761067],[-74.364866,40.760728],[-74.361333,40.760242],[-74.356308,40.759719],[-74.352982,40.759497],[-74.350102,40.759305],[-74.349707,40.759309],[-74.348622,40.759284],[-74.331516,40.758717],[-74.330374,40.758697],[-74.329695,40.758682],[-74.328946,40.758665],[-74.328182,40.758633],[-74.323475,40.758385],[-74.32323,40.758684],[-74.322812,40.759194],[-74.321817,40.758748],[-74.320045,40.757955],[-74.319913,40.757897],[-74.319715,40.757811],[-74.31958,40.757753],[-74.319354,40.757922],[-74.318702,40.758483],[-74.317714,40.758113],[-74.317331,40.75797],[-74.316332,40.757596],[-74.315979,40.757464],[-74.312286,40.756081],[-74.311362,40.755736],[-74.311256,40.755814],[-74.310917,40.756127],[-74.31083,40.756231],[-74.310599,40.756396],[-74.31013,40.756648],[-74.309899,40.756802],[-74.309191,40.75711],[-74.309075,40.757148],[-74.308676,40.75732],[-74.30831,40.757478],[-74.308028,40.757681],[-74.307868,40.757896],[-74.306282,40.757899],[-74.30616,40.757899],[-74.306093,40.7579],[-74.305241,40.757899],[-74.305049,40.757881],[-74.304907,40.757879],[-74.302191,40.757838],[-74.300095,40.757807],[-74.298149,40.757778],[-74.295759,40.757539],[-74.295865,40.75747],[-74.302242,40.753393],[-74.305488,40.749879],[-74.30589,40.748423],[-74.304771,40.747745],[-74.3083,40.73834],[-74.308493,40.7384],[-74.308875,40.737696],[-74.309983,40.736559],[-74.308515,40.731316],[-74.309419,40.730895],[-74.308027,40.73016],[-74.308199,40.729965],[-74.308355,40.729788],[-74.309367,40.728637],[-74.309465,40.728505],[-74.30951,40.728399],[-74.309532,40.728285],[-74.309532,40.728226],[-74.310993,40.72764],[-74.311006,40.727522],[-74.310454,40.727138],[-74.309591,40.726535],[-74.308838,40.725989],[-74.308395,40.725666],[-74.308925,40.725458],[-74.310527,40.724903],[-74.311168,40.724712],[-74.311873,40.72456],[-74.312331,40.724493],[-74.312874,40.724433],[-74.31371,40.724387],[-74.314869,40.724407],[-74.315365,40.724416],[-74.317006,40.724485],[-74.316848,40.723676],[-74.317896,40.722531],[-74.317779,40.720813],[-74.318067,40.720686],[-74.318797,40.720328],[-74.318643,40.719605],[-74.318594,40.719346],[-74.318607,40.719223],[-74.318608,40.719209],[-74.318609,40.7192],[-74.318889,40.719201],[-74.318906,40.719201],[-74.318992,40.719201],[-74.320065,40.719147],[-74.320083,40.719146],[-74.321408,40.719072],[-74.322519,40.718542],[-74.323296,40.718171],[-74.324619,40.71754],[-74.325542,40.717099],[-74.325596,40.717075],[-74.325861,40.7172],[-74.325885,40.717212],[-74.326108,40.717317],[-74.326218,40.717369],[-74.3263,40.717408],[-74.326418,40.717464],[-74.326754,40.717623],[-74.32872,40.718555],[-74.329091,40.718731],[-74.330334,40.719295],[-74.331105,40.719676],[-74.331432,40.719841],[-74.331697,40.719975],[-74.331735,40.719989],[-74.331905,40.720079],[-74.332088,40.720176],[-74.332214,40.720243],[-74.332913,40.720614],[-74.332963,40.72064],[-74.3332,40.720766],[-74.333545,40.72092],[-74.333776,40.721023],[-74.334897,40.721525],[-74.335207,40.721684],[-74.335495,40.721832],[-74.335981,40.722081],[-74.336126,40.722155],[-74.336401,40.722287],[-74.337347,40.722739],[-74.338681,40.723404],[-74.338814,40.72347],[-74.339249,40.723641],[-74.339312,40.723666],[-74.3398,40.723857],[-74.339884,40.723917],[-74.341008,40.724176],[-74.341298,40.72435],[-74.342682,40.725181],[-74.345436,40.727428],[-74.345454,40.727443],[-74.345832,40.727751],[-74.347408,40.729126],[-74.348486,40.730067],[-74.348663,40.730221],[-74.348765,40.730292],[-74.350196,40.731286],[-74.350265,40.731323],[-74.350582,40.731493],[-74.350919,40.731673],[-74.350991,40.731711],[-74.351141,40.731792],[-74.351278,40.731865],[-74.351874,40.732185],[-74.352664,40.732629],[-74.354,40.733382],[-74.353892,40.733498],[-74.353859,40.733534],[-74.353843,40.733568],[-74.353839,40.73359],[-74.35384,40.733611],[-74.353958,40.733719],[-74.354172,40.7339],[-74.35429,40.734],[-74.35435,40.73405],[-74.35445,40.734135],[-74.35486,40.734439],[-74.354869,40.734446],[-74.354902,40.73447],[-74.354937,40.734496],[-74.354942,40.7345],[-74.355325,40.734701],[-74.355689,40.734893],[-74.356252,40.73519],[-74.35646,40.734769],[-74.356876,40.735003],[-74.357591,40.735406],[-74.357603,40.735413],[-74.358939,40.735975],[-74.361889,40.736909],[-74.363077,40.737167],[-74.363623,40.737286],[-74.364204,40.737412],[-74.364448,40.737464],[-74.364633,40.737505],[-74.364887,40.73756],[-74.36524,40.737653],[-74.365485,40.737717],[-74.365785,40.737796],[-74.366261,40.737922],[-74.366471,40.737977],[-74.36724,40.738341],[-74.36735,40.738371],[-74.367566,40.738473],[-74.368675,40.738995],[-74.368993,40.739029],[-74.369164,40.739048],[-74.369231,40.739055],[-74.36941,40.739075],[-74.369514,40.739086],[-74.369617,40.739097],[-74.369691,40.739105],[-74.369998,40.739139],[-74.370264,40.73916],[-74.370616,40.739181],[-74.370943,40.739196],[-74.371066,40.739198],[-74.371485,40.739215],[-74.371507,40.739216],[-74.371518,40.739216],[-74.37153,40.739217],[-74.371923,40.739229],[-74.371957,40.739334],[-74.371973,40.739383],[-74.372021,40.739531],[-74.372177,40.73992],[-74.372479,40.740568],[-74.37256,40.741587],[-74.372426,40.741764],[-74.372395,40.741806],[-74.371979,40.742359],[-74.370902,40.742757],[-74.370846,40.742759],[-74.370774,40.74276],[-74.370488,40.742769],[-74.370374,40.742772],[-74.369284,40.742804],[-74.369244,40.742805],[-74.369042,40.742856],[-74.368949,40.74288],[-74.368435,40.743011],[-74.367176,40.743545],[-74.366562,40.743889],[-74.365906,40.744694],[-74.365442,40.745459],[-74.364905,40.746021],[-74.364737,40.746441],[-74.364765,40.746788],[-74.364986,40.74704],[-74.366045,40.74741],[-74.366394,40.747581],[-74.366499,40.747751],[-74.366773,40.747939],[-74.367153,40.748248],[-74.367501,40.748516],[-74.367547,40.748716],[-74.367572,40.748824],[-74.36741,40.749114],[-74.367089,40.74933],[-74.366424,40.749464],[-74.36553,40.749597],[-74.364481,40.749932],[-74.363856,40.750102],[-74.363648,40.750207],[-74.363388,40.750295],[-74.363072,40.750403],[-74.363069,40.750404],[-74.362313,40.75077],[-74.36169,40.750926],[-74.36109,40.750934],[-74.360461,40.750953],[-74.360287,40.750999],[-74.359995,40.751076],[-74.359634,40.751154],[-74.359491,40.751296],[-74.359354,40.751506],[-74.359078,40.752524],[-74.358746,40.752813],[-74.358368,40.75313],[-74.358268,40.753442],[-74.35818,40.753926],[-74.357817,40.754346],[-74.357436,40.7546],[-74.357396,40.754868],[-74.357528,40.755165],[-74.357652,40.755507],[-74.357626,40.755889],[-74.357624,40.756117],[-74.357894,40.756244],[-74.357984,40.75609],[-74.358112,40.756023],[-74.358435,40.755922],[-74.358894,40.755731],[-74.359299,40.755636],[-74.359884,40.755605],[-74.360468,40.755643],[-74.361186,40.755761],[-74.361413,40.755835],[-74.361732,40.75594],[-74.362297,40.756325],[-74.362983,40.756756],[-74.363252,40.756725],[-74.363224,40.756892],[-74.363462,40.757192]]]}},{"type":"Feature","properties":{"zip":"07106","name":"07106"},"geometry":{"type":"Polygon","coordinates":[[[-74.216882,40.741029],[-74.217187,40.741173],[-74.217209,40.741183],[-74.218075,40.740113],[-74.218211,40.739947],[-74.218268,40.739874],[-74.218935,40.740023],[-74.219372,40.740123],[-74.219457,40.739911],[-74.219653,40.739438],[-74.22008,40.739541],[-74.220076,40.739554],[-74.220515,40.739647],[-74.220653,40.739318],[-74.22081,40.739355],[-74.221088,40.73942],[-74.221187,40.739164],[-74.221616,40.739262],[-74.221647,40.739188],[-74.22169,40.739087],[-74.221788,40.738834],[-74.221829,40.738738],[-74.221895,40.738751],[-74.222248,40.738849],[-74.222685,40.738961],[-74.222922,40.738367],[-74.223344,40.738467],[-74.223775,40.738569],[-74.223805,40.738518],[-74.223913,40.738256],[-74.223936,40.738144],[-74.223948,40.73807],[-74.224124,40.737818],[-74.224446,40.737945],[-74.224576,40.737931],[-74.224664,40.737923],[-74.224983,40.738049],[-74.22537,40.737491],[-74.225686,40.737596],[-74.226235,40.737777],[-74.226306,40.737799],[-74.226621,40.737943],[-74.226879,40.737629],[-74.227443,40.736919],[-74.227905,40.73666],[-74.228329,40.736479],[-74.228516,40.736531],[-74.228635,40.736565],[-74.228908,40.736459],[-74.228968,40.736447],[-74.229601,40.736056],[-74.230271,40.735671],[-74.230972,40.735271],[-74.231037,40.735238],[-74.231505,40.734971],[-74.231634,40.734948],[-74.23177,40.734923],[-74.231882,40.734945],[-74.23202,40.734974],[-74.232017,40.734988],[-74.233413,40.735378],[-74.234199,40.735599],[-74.234334,40.735648],[-74.234456,40.73568],[-74.234861,40.734921],[-74.234898,40.734843],[-74.235335,40.734977],[-74.235773,40.735113],[-74.235872,40.734927],[-74.236214,40.734278],[-74.236494,40.733749],[-74.236685,40.733808],[-74.236819,40.733844],[-74.236921,40.7339],[-74.237017,40.733954],[-74.237343,40.734052],[-74.237367,40.734014],[-74.237599,40.733572],[-74.237631,40.733512],[-74.238068,40.733641],[-74.238242,40.733314],[-74.238488,40.73285],[-74.239111,40.733042],[-74.239196,40.73287],[-74.239324,40.732707],[-74.239772,40.731862],[-74.239967,40.731917],[-74.240304,40.732013],[-74.240429,40.732],[-74.240562,40.731983],[-74.240775,40.732047],[-74.240897,40.732082],[-74.240932,40.732096],[-74.24139,40.73122],[-74.241413,40.731176],[-74.241737,40.731275],[-74.241764,40.731283],[-74.241896,40.731292],[-74.241998,40.731292],[-74.242347,40.731395],[-74.242379,40.731331],[-74.242778,40.730582],[-74.24313,40.730689],[-74.243227,40.730701],[-74.243346,40.730717],[-74.243722,40.730831],[-74.243712,40.730845],[-74.243748,40.730852],[-74.243669,40.73099],[-74.243871,40.731055],[-74.243841,40.731106],[-74.243794,40.731115],[-74.243808,40.731173],[-74.243552,40.731106],[-74.243201,40.731767],[-74.243128,40.732],[-74.243541,40.732105],[-74.243956,40.732201],[-74.243708,40.732792],[-74.244036,40.732864],[-74.244378,40.732953],[-74.24438,40.733029],[-74.24438,40.733069],[-74.244379,40.73312],[-74.244388,40.733161],[-74.244406,40.733208],[-74.244402,40.733254],[-74.244388,40.733312],[-74.24446,40.733331],[-74.244509,40.733324],[-74.244532,40.733339],[-74.244568,40.733359],[-74.244615,40.733379],[-74.244669,40.733394],[-74.244727,40.733407],[-74.244911,40.733455],[-74.245348,40.733569],[-74.246282,40.733811],[-74.247655,40.734167],[-74.248151,40.734286],[-74.24865,40.734403],[-74.248686,40.734412],[-74.2489,40.734489],[-74.249179,40.734583],[-74.249371,40.734657],[-74.249546,40.734744],[-74.249703,40.73484],[-74.249803,40.734917],[-74.249951,40.735047],[-74.250121,40.735207],[-74.25023,40.735308],[-74.250583,40.735634],[-74.25079,40.735882],[-74.250861,40.735967],[-74.250948,40.736101],[-74.251008,40.736219],[-74.25109,40.736459],[-74.251123,40.736581],[-74.251237,40.737001],[-74.251324,40.737375],[-74.251361,40.737534],[-74.248368,40.739651],[-74.248049,40.739883],[-74.247678,40.739704],[-74.246495,40.740508],[-74.246046,40.740812],[-74.245956,40.740877],[-74.245055,40.740532],[-74.245012,40.740577],[-74.244164,40.741458],[-74.243914,40.741738],[-74.243642,40.74164],[-74.240608,40.74056],[-74.240426,40.740845],[-74.240365,40.740939],[-74.238969,40.742427],[-74.23892,40.742492],[-74.238795,40.742842],[-74.2391,40.742946],[-74.239081,40.743004],[-74.239077,40.743016],[-74.239008,40.743202],[-74.238897,40.743491],[-74.238436,40.744737],[-74.2379,40.744988],[-74.236888,40.74546],[-74.236861,40.745547],[-74.23703,40.745546],[-74.235903,40.74889],[-74.235741,40.748866],[-74.235517,40.749545],[-74.235298,40.75015],[-74.23525,40.750228],[-74.235442,40.750313],[-74.234841,40.7507],[-74.233681,40.751405],[-74.233557,40.751475],[-74.233126,40.751401],[-74.232628,40.751324],[-74.232173,40.751301],[-74.231367,40.751263],[-74.230315,40.751271],[-74.229296,40.751231],[-74.228334,40.751199],[-74.227347,40.751189],[-74.226678,40.751229],[-74.22672,40.750735],[-74.226728,40.750643],[-74.227222,40.750035],[-74.22787,40.749039],[-74.229143,40.746456],[-74.2287,40.746443],[-74.228407,40.74643],[-74.228158,40.746409],[-74.227995,40.746396],[-74.227784,40.74637],[-74.227567,40.746348],[-74.227189,40.74629],[-74.227015,40.746263],[-74.226903,40.746241],[-74.226625,40.746188],[-74.22632,40.74612],[-74.226102,40.746062],[-74.225881,40.746009],[-74.225234,40.745817],[-74.22519,40.745803],[-74.225153,40.745793],[-74.225081,40.745771],[-74.224518,40.745604],[-74.224309,40.745547],[-74.224217,40.745522],[-74.223826,40.745416],[-74.223424,40.745329],[-74.223214,40.745283],[-74.222818,40.745212],[-74.222318,40.745149],[-74.22188,40.745094],[-74.22111,40.747046],[-74.220892,40.747602],[-74.220545,40.748417],[-74.220428,40.748807],[-74.219815,40.748814],[-74.219815,40.748813],[-74.218773,40.748853],[-74.218695,40.748855],[-74.218758,40.748877],[-74.217708,40.748926],[-74.216881,40.748989],[-74.216653,40.748999],[-74.215976,40.749001],[-74.21559,40.749039],[-74.214393,40.749134],[-74.213691,40.749198],[-74.213409,40.749198],[-74.212528,40.749197],[-74.207298,40.749295],[-74.207041,40.749284],[-74.206927,40.74961],[-74.206894,40.749761],[-74.206172,40.74957],[-74.206269,40.749379],[-74.20645,40.749023],[-74.207291,40.74728],[-74.208359,40.747694],[-74.209296,40.74629],[-74.209734,40.745632],[-74.209995,40.745245],[-74.210145,40.745022],[-74.210813,40.74403],[-74.21145,40.744214],[-74.212275,40.742462],[-74.212103,40.742382],[-74.212065,40.742364],[-74.212091,40.742302],[-74.21217,40.74219],[-74.212276,40.742065],[-74.212926,40.742367],[-74.213049,40.742425],[-74.213309,40.742107],[-74.213419,40.741966],[-74.213548,40.741802],[-74.213669,40.741856],[-74.213788,40.74191],[-74.214112,40.741506],[-74.214366,40.741184],[-74.21439,40.741153],[-74.21446,40.74116],[-74.214799,40.741314],[-74.215203,40.7415],[-74.215268,40.741531],[-74.215372,40.741579],[-74.215646,40.741239],[-74.215964,40.740846],[-74.21601,40.740792],[-74.216105,40.740666],[-74.216518,40.740858],[-74.216671,40.740931],[-74.216882,40.741029]]]}},{"type":"Feature","properties":{"zip":"07946","name":"07946"},"geometry":{"type":"MultiPolygon","coordinates":[[[[-74.482337,40.682388],[-74.483578,40.682083],[-74.485018,40.681721],[-74.485498,40.681621],[-74.485732,40.681592],[-74.485795,40.681584],[-74.486286,40.681556],[-74.487262,40.683354],[-74.483191,40.684014],[-74.482257,40.68312],[-74.482337,40.682388]]],[[[-74.502622,40.701001],[-74.501505,40.701349],[-74.500332,40.701714],[-74.499475,40.702015],[-74.499356,40.702053],[-74.499106,40.702132],[-74.49812,40.702447],[-74.495448,40.703301],[-74.48809,40.705653],[-74.479929,40.708264],[-74.478338,40.708773],[-74.47739,40.70835],[-74.476875,40.708112],[-74.476664,40.708008],[-74.47655,40.707946],[-74.47644,40.707877],[-74.476347,40.707802],[-74.476282,40.707724],[-74.476227,40.707635],[-74.476197,40.707558],[-74.476183,40.707461],[-74.476165,40.707063],[-74.476106,40.706121],[-74.476054,40.705427],[-74.475958,40.704662],[-74.475929,40.704346],[-74.475882,40.703079],[-74.475878,40.70278],[-74.475888,40.70263],[-74.475903,40.702561],[-74.475912,40.702526],[-74.475952,40.702436],[-74.47605,40.702448],[-74.476182,40.702438],[-74.476673,40.702331],[-74.47757,40.702117],[-74.482263,40.701019],[-74.485608,40.700232],[-74.485365,40.699337],[-74.484648,40.696661],[-74.484598,40.696521],[-74.484827,40.696395],[-74.484888,40.696373],[-74.484955,40.696361],[-74.485025,40.696362],[-74.485111,40.696372],[-74.485152,40.696385],[-74.485207,40.696434],[-74.48535,40.696538],[-74.485383,40.696578],[-74.485421,40.696661],[-74.485486,40.696888],[-74.485516,40.696954],[-74.485562,40.696987],[-74.485615,40.697014],[-74.485691,40.697019],[-74.485801,40.696991],[-74.486111,40.696865],[-74.486227,40.696852],[-74.486275,40.696854],[-74.486354,40.696874],[-74.486399,40.696891],[-74.486454,40.696933],[-74.486488,40.696994],[-74.486521,40.697119],[-74.486542,40.697159],[-74.486617,40.69726],[-74.486654,40.697295],[-74.486703,40.697325],[-74.486753,40.697328],[-74.486832,40.697321],[-74.486909,40.697332],[-74.487081,40.697292],[-74.487186,40.697257],[-74.487301,40.697239],[-74.48739,40.697245],[-74.487507,40.697272],[-74.487594,40.697314],[-74.487696,40.697397],[-74.487863,40.697594],[-74.487972,40.697679],[-74.488115,40.697711],[-74.488293,40.697712],[-74.488479,40.697696],[-74.488539,40.697674],[-74.488615,40.697626],[-74.488828,40.697449],[-74.4889,40.697373],[-74.488953,40.697305],[-74.489056,40.697157],[-74.489239,40.696955],[-74.489663,40.696599],[-74.48971,40.69658],[-74.489784,40.696566],[-74.489876,40.696564],[-74.490011,40.696575],[-74.490133,40.696591],[-74.490579,40.696668],[-74.490669,40.696678],[-74.490805,40.696684],[-74.491293,40.696752],[-74.49138,40.696752],[-74.491469,40.696737],[-74.491674,40.696667],[-74.491721,40.696639],[-74.491786,40.696577],[-74.491867,40.696453],[-74.491891,40.696403],[-74.491924,40.696308],[-74.491982,40.696087],[-74.492019,40.696039],[-74.492053,40.696013],[-74.492112,40.69599],[-74.492214,40.695973],[-74.492445,40.69597],[-74.492639,40.695991],[-74.492827,40.695992],[-74.492978,40.695981],[-74.49328,40.695923],[-74.49358,40.695825],[-74.493724,40.695765],[-74.493791,40.695744],[-74.493864,40.695735],[-74.493938,40.695732],[-74.494029,40.69574],[-74.494117,40.695756],[-74.494285,40.695812],[-74.494402,40.695867],[-74.494487,40.695914],[-74.494605,40.695996],[-74.494671,40.696028],[-74.494802,40.696072],[-74.495033,40.69613],[-74.495114,40.696139],[-74.495169,40.696132],[-74.495244,40.696112],[-74.495324,40.696082],[-74.495412,40.696033],[-74.495468,40.695997],[-74.495513,40.695959],[-74.495656,40.695822],[-74.495701,40.695789],[-74.49576,40.69576],[-74.495917,40.695693],[-74.495977,40.695674],[-74.496059,40.69566],[-74.496104,40.695657],[-74.496178,40.695651],[-74.496297,40.695666],[-74.496359,40.695695],[-74.4964,40.695759],[-74.496457,40.69595],[-74.496524,40.69611],[-74.496587,40.696307],[-74.496677,40.696537],[-74.4967,40.69658],[-74.496774,40.696695],[-74.496978,40.696868],[-74.497047,40.696894],[-74.497137,40.696898],[-74.497249,40.696883],[-74.497314,40.696864],[-74.497597,40.696744],[-74.497688,40.696731],[-74.497755,40.69673],[-74.497805,40.696748],[-74.497742,40.69682],[-74.49767,40.696877],[-74.497641,40.696929],[-74.497669,40.696981],[-74.497746,40.697001],[-74.497935,40.697003],[-74.498118,40.696988],[-74.498195,40.696976],[-74.498366,40.696933],[-74.498508,40.696915],[-74.498673,40.696913],[-74.498795,40.696935],[-74.498981,40.696988],[-74.499082,40.696968],[-74.499163,40.696938],[-74.499233,40.696899],[-74.499287,40.696841],[-74.499338,40.696751],[-74.499373,40.69666],[-74.499403,40.696617],[-74.499469,40.696577],[-74.499594,40.696545],[-74.499644,40.696552],[-74.499743,40.696594],[-74.499818,40.696638],[-74.500002,40.696782],[-74.500084,40.696861],[-74.500309,40.696807],[-74.500486,40.696765],[-74.501857,40.696493],[-74.502533,40.696355],[-74.503203,40.696213],[-74.504356,40.695962],[-74.504317,40.695844],[-74.504292,40.695768],[-74.504279,40.695608],[-74.504255,40.695524],[-74.504151,40.695449],[-74.503976,40.695386],[-74.503712,40.695241],[-74.50179,40.68701],[-74.502207,40.686767],[-74.503292,40.686476],[-74.503845,40.686377],[-74.504035,40.686369],[-74.504481,40.686548],[-74.504647,40.686647],[-74.504903,40.686824],[-74.505083,40.686917],[-74.505298,40.68701],[-74.505564,40.687089],[-74.505732,40.68711],[-74.504084,40.680496],[-74.503631,40.678675],[-74.503606,40.678323],[-74.505683,40.677759],[-74.511844,40.676519],[-74.510874,40.672387],[-74.510304,40.672423],[-74.50935,40.672497],[-74.508464,40.672579],[-74.507465,40.672687],[-74.505959,40.672898],[-74.505789,40.672076],[-74.505601,40.67112],[-74.505589,40.67106],[-74.505591,40.670996],[-74.505593,40.670987],[-74.505476,40.670376],[-74.505466,40.670311],[-74.505437,40.670113],[-74.502506,40.668711],[-74.502225,40.667194],[-74.501449,40.667245],[-74.500568,40.667301],[-74.4995,40.666969],[-74.498898,40.665731],[-74.498985,40.665692],[-74.499164,40.665597],[-74.499454,40.665425],[-74.499788,40.665266],[-74.49995,40.665204],[-74.500096,40.665165],[-74.500346,40.665112],[-74.500649,40.665064],[-74.50116,40.665014],[-74.501342,40.664986],[-74.501466,40.664958],[-74.501571,40.664924],[-74.501657,40.664885],[-74.50179,40.664805],[-74.502041,40.664612],[-74.502059,40.664425],[-74.502136,40.664309],[-74.502415,40.66416],[-74.502679,40.664076],[-74.502864,40.664025],[-74.503057,40.663997],[-74.503212,40.663986],[-74.503591,40.663986],[-74.504195,40.664044],[-74.504465,40.664047],[-74.504559,40.664035],[-74.503868,40.659667],[-74.503862,40.659627],[-74.503863,40.659627],[-74.504197,40.659402],[-74.504366,40.659302],[-74.505372,40.658847],[-74.505748,40.65871],[-74.506054,40.658471],[-74.506131,40.658311],[-74.506056,40.658094],[-74.505898,40.657828],[-74.505663,40.657588],[-74.505293,40.657328],[-74.505137,40.657167],[-74.505095,40.656914],[-74.5052,40.656333],[-74.505436,40.655872],[-74.50565,40.655677],[-74.506093,40.655541],[-74.506347,40.655415],[-74.506501,40.655249],[-74.506532,40.655133],[-74.506646,40.654707],[-74.507411,40.652962],[-74.507595,40.652696],[-74.508384,40.652354],[-74.509871,40.65187],[-74.510381,40.651425],[-74.510463,40.650632],[-74.510412,40.650451],[-74.510502,40.650295],[-74.510775,40.650214],[-74.511502,40.650097],[-74.512314,40.649607],[-74.512549,40.649516],[-74.513011,40.649555],[-74.51306,40.649634],[-74.513348,40.650092],[-74.513791,40.650416],[-74.514557,40.650764],[-74.515323,40.651061],[-74.515736,40.651026],[-74.515833,40.650862],[-74.515864,40.65081],[-74.515856,40.650348],[-74.516021,40.65016],[-74.516456,40.650139],[-74.517238,40.650223],[-74.517794,40.650195],[-74.517816,40.650194],[-74.520144,40.649938],[-74.521045,40.649961],[-74.521909,40.649989],[-74.522863,40.649898],[-74.523242,40.649798],[-74.523291,40.649785],[-74.523342,40.649772],[-74.523522,40.649728],[-74.523609,40.649706],[-74.523627,40.649702],[-74.523632,40.649705],[-74.523722,40.649754],[-74.523769,40.649775],[-74.523881,40.649824],[-74.523972,40.649864],[-74.523669,40.64994],[-74.523153,40.650069],[-74.522078,40.650102],[-74.522074,40.650211],[-74.522454,40.650581],[-74.522558,40.65075],[-74.522603,40.651379],[-74.522675,40.651682],[-74.522825,40.651787],[-74.523077,40.651841],[-74.523223,40.651807],[-74.523463,40.65175],[-74.523804,40.651505],[-74.524121,40.651327],[-74.524296,40.651239],[-74.5245,40.651197],[-74.524787,40.651226],[-74.525044,40.65132],[-74.525729,40.651665],[-74.526104,40.651918],[-74.526111,40.651937],[-74.52619,40.652164],[-74.52587,40.652305],[-74.524454,40.652929],[-74.524074,40.653293],[-74.52377,40.653841],[-74.523723,40.654127],[-74.523838,40.654314],[-74.523868,40.654363],[-74.524141,40.654437],[-74.524597,40.654398],[-74.525835,40.653977],[-74.526102,40.653951],[-74.526301,40.654],[-74.526395,40.654097],[-74.526259,40.654292],[-74.526177,40.654409],[-74.526001,40.654711],[-74.52601,40.655139],[-74.525959,40.656184],[-74.526181,40.656683],[-74.526181,40.657267],[-74.526463,40.658052],[-74.526559,40.658208],[-74.526688,40.65842],[-74.526948,40.658554],[-74.527096,40.65863],[-74.52725,40.658824],[-74.527275,40.659123],[-74.527186,40.659265],[-74.526985,40.659584],[-74.526668,40.659778],[-74.526044,40.660278],[-74.525617,40.660706],[-74.525685,40.660797],[-74.525942,40.660804],[-74.526395,40.660992],[-74.526998,40.661509],[-74.527675,40.661915],[-74.528175,40.662247],[-74.528867,40.662782],[-74.528895,40.66288],[-74.528934,40.663018],[-74.529024,40.663485],[-74.529293,40.664154],[-74.529695,40.664803],[-74.529705,40.664819],[-74.530133,40.665123],[-74.530818,40.665469],[-74.531105,40.665614],[-74.531393,40.66567],[-74.531856,40.665761],[-74.533009,40.665619],[-74.533691,40.66543],[-74.533995,40.665483],[-74.534028,40.665595],[-74.534051,40.665675],[-74.533772,40.666217],[-74.534008,40.666654],[-74.534321,40.666954],[-74.534387,40.667256],[-74.534287,40.667454],[-74.534095,40.667716],[-74.533804,40.667868],[-74.533334,40.667898],[-74.532765,40.667772],[-74.532396,40.667436],[-74.532183,40.667192],[-74.532063,40.667055],[-74.531463,40.666962],[-74.530994,40.666962],[-74.530451,40.66708],[-74.530064,40.667399],[-74.529617,40.668206],[-74.529118,40.669179],[-74.528854,40.669435],[-74.528623,40.669563],[-74.528332,40.669633],[-74.527685,40.669633],[-74.52711,40.66971],[-74.52641,40.66996],[-74.526007,40.670284],[-74.525769,40.670584],[-74.525733,40.670942],[-74.525749,40.671087],[-74.52575,40.671099],[-74.52576,40.671172],[-74.525885,40.672067],[-74.525995,40.672852],[-74.526052,40.673256],[-74.526055,40.673274],[-74.52609,40.673527],[-74.5261,40.673601],[-74.527311,40.675483],[-74.527541,40.676393],[-74.527636,40.676766],[-74.527814,40.677469],[-74.527826,40.677508],[-74.528408,40.679405],[-74.528631,40.679718],[-74.528674,40.679785],[-74.528705,40.680127],[-74.528521,40.681203],[-74.528512,40.681253],[-74.528482,40.681394],[-74.528421,40.681675],[-74.528377,40.681876],[-74.528363,40.682698],[-74.528343,40.682738],[-74.527853,40.684434],[-74.527588,40.684593],[-74.527077,40.684898],[-74.526386,40.685161],[-74.526098,40.685698],[-74.525752,40.687084],[-74.525456,40.687428],[-74.525152,40.687471],[-74.524796,40.687608],[-74.524691,40.687946],[-74.524674,40.688864],[-74.524544,40.689047],[-74.524327,40.689354],[-74.523753,40.689539],[-74.52373,40.689538],[-74.523144,40.689514],[-74.521475,40.688459],[-74.520692,40.688466],[-74.520214,40.688471],[-74.519992,40.688471],[-74.519214,40.68852],[-74.518511,40.688564],[-74.517277,40.68887],[-74.516849,40.689251],[-74.51666,40.689688],[-74.51675,40.690569],[-74.517798,40.691302],[-74.518466,40.691485],[-74.518924,40.69167],[-74.519077,40.692029],[-74.519025,40.693443],[-74.518501,40.693859],[-74.51838,40.693847],[-74.517615,40.693773],[-74.516993,40.693312],[-74.516968,40.693293],[-74.516888,40.69324],[-74.51674,40.693142],[-74.516517,40.693138],[-74.516422,40.693164],[-74.516251,40.693212],[-74.516244,40.693217],[-74.515263,40.69394],[-74.514823,40.694183],[-74.514418,40.694406],[-74.51441,40.694532],[-74.514409,40.694545],[-74.514391,40.694674],[-74.514494,40.69487],[-74.514959,40.694926],[-74.515148,40.695029],[-74.514945,40.695756],[-74.514433,40.696412],[-74.513903,40.696695],[-74.513608,40.697339],[-74.513699,40.697701],[-74.51354,40.697748],[-74.51169,40.698294],[-74.511462,40.698361],[-74.510463,40.698656],[-74.509737,40.69887],[-74.509335,40.698989],[-74.509112,40.699055],[-74.504527,40.700408],[-74.503574,40.700704],[-74.502622,40.701001]]]]}},{"type":"Feature","properties":{"zip":"07980","name":"07980"},"geometry":{"type":"Polygon","coordinates":[[[-74.500309,40.696807],[-74.500084,40.696861],[-74.500002,40.696782],[-74.499818,40.696638],[-74.499743,40.696594],[-74.499644,40.696552],[-74.499594,40.696545],[-74.499469,40.696577],[-74.499403,40.696617],[-74.499373,40.69666],[-74.499338,40.696751],[-74.499287,40.696841],[-74.499233,40.696899],[-74.499163,40.696938],[-74.499082,40.696968],[-74.498981,40.696988],[-74.498795,40.696935],[-74.498673,40.696913],[-74.498508,40.696915],[-74.498366,40.696933],[-74.498195,40.696976],[-74.498118,40.696988],[-74.497935,40.697003],[-74.497746,40.697001],[-74.497669,40.696981],[-74.497641,40.696929],[-74.49767,40.696877],[-74.497742,40.69682],[-74.497805,40.696748],[-74.497755,40.69673],[-74.497688,40.696731],[-74.497597,40.696744],[-74.497314,40.696864],[-74.497249,40.696883],[-74.497137,40.696898],[-74.497047,40.696894],[-74.496978,40.696868],[-74.496774,40.696695],[-74.4967,40.69658],[-74.496677,40.696537],[-74.496587,40.696307],[-74.496524,40.69611],[-74.496457,40.69595],[-74.4964,40.695759],[-74.496359,40.695695],[-74.496297,40.695666],[-74.496178,40.695651],[-74.496104,40.695657],[-74.496059,40.69566],[-74.495977,40.695674],[-74.495917,40.695693],[-74.49576,40.69576],[-74.495701,40.695789],[-74.495656,40.695822],[-74.495513,40.695959],[-74.495468,40.695997],[-74.495412,40.696033],[-74.495324,40.696082],[-74.495244,40.696112],[-74.495169,40.696132],[-74.495114,40.696139],[-74.495033,40.69613],[-74.494802,40.696072],[-74.494671,40.696028],[-74.494605,40.695996],[-74.494487,40.695914],[-74.494402,40.695867],[-74.494285,40.695812],[-74.494117,40.695756],[-74.494029,40.69574],[-74.493938,40.695732],[-74.493864,40.695735],[-74.493791,40.695744],[-74.493724,40.695765],[-74.49358,40.695825],[-74.49328,40.695923],[-74.492978,40.695981],[-74.492827,40.695992],[-74.492639,40.695991],[-74.492445,40.69597],[-74.492214,40.695973],[-74.492112,40.69599],[-74.492053,40.696013],[-74.492019,40.696039],[-74.491982,40.696087],[-74.491924,40.696308],[-74.491891,40.696403],[-74.491867,40.696453],[-74.491786,40.696577],[-74.491721,40.696639],[-74.491674,40.696667],[-74.491469,40.696737],[-74.49138,40.696752],[-74.491293,40.696752],[-74.490805,40.696684],[-74.490669,40.696678],[-74.490579,40.696668],[-74.490133,40.696591],[-74.490011,40.696575],[-74.489876,40.696564],[-74.489784,40.696566],[-74.48971,40.69658],[-74.489663,40.696599],[-74.489239,40.696955],[-74.489056,40.697157],[-74.488953,40.697305],[-74.4889,40.697373],[-74.488828,40.697449],[-74.488615,40.697626],[-74.488539,40.697674],[-74.488479,40.697696],[-74.488293,40.697712],[-74.488115,40.697711],[-74.487972,40.697679],[-74.487863,40.697594],[-74.487696,40.697397],[-74.487594,40.697314],[-74.487507,40.697272],[-74.48739,40.697245],[-74.487301,40.697239],[-74.487186,40.697257],[-74.487081,40.697292],[-74.486909,40.697332],[-74.486832,40.697321],[-74.486753,40.697328],[-74.486703,40.697325],[-74.486654,40.697295],[-74.486617,40.69726],[-74.486542,40.697159],[-74.486521,40.697119],[-74.486488,40.696994],[-74.486454,40.696933],[-74.486399,40.696891],[-74.486354,40.696874],[-74.486275,40.696854],[-74.486227,40.696852],[-74.486111,40.696865],[-74.485801,40.696991],[-74.485691,40.697019],[-74.485615,40.697014],[-74.485562,40.696987],[-74.485516,40.696954],[-74.485486,40.696888],[-74.485421,40.696661],[-74.485383,40.696578],[-74.48535,40.696538],[-74.485207,40.696434],[-74.485152,40.696385],[-74.485111,40.696372],[-74.485025,40.696362],[-74.484955,40.696361],[-74.484888,40.696373],[-74.484827,40.696395],[-74.484598,40.696521],[-74.484554,40.696547],[-74.484489,40.696559],[-74.48439,40.696551],[-74.484322,40.696537],[-74.484229,40.696501],[-74.484113,40.696448],[-74.484011,40.696395],[-74.483854,40.696301],[-74.483799,40.696259],[-74.483858,40.696166],[-74.483886,40.696097],[-74.483968,40.695826],[-74.484069,40.695343],[-74.484104,40.695208],[-74.484176,40.694981],[-74.483873,40.693856],[-74.483127,40.693937],[-74.48126,40.687346],[-74.481357,40.687259],[-74.481583,40.687067],[-74.481686,40.686992],[-74.481855,40.686892],[-74.48197,40.686839],[-74.482251,40.686733],[-74.482533,40.686656],[-74.482965,40.686504],[-74.483152,40.686456],[-74.48338,40.686424],[-74.484233,40.686344],[-74.484666,40.686319],[-74.484883,40.686299],[-74.485125,40.686299],[-74.48536,40.68633],[-74.485437,40.686351],[-74.485598,40.686407],[-74.485867,40.686521],[-74.486033,40.686608],[-74.486167,40.686671],[-74.486296,40.686713],[-74.486499,40.686763],[-74.486613,40.686784],[-74.486734,40.686793],[-74.486726,40.68655],[-74.486957,40.68644],[-74.486952,40.686381],[-74.48692,40.686341],[-74.486848,40.686278],[-74.486793,40.686236],[-74.487262,40.683354],[-74.486286,40.681556],[-74.485795,40.681584],[-74.485732,40.681592],[-74.485498,40.681621],[-74.485018,40.681721],[-74.483578,40.682083],[-74.482337,40.682388],[-74.480809,40.682766],[-74.480505,40.682846],[-74.480427,40.682866],[-74.480368,40.682893],[-74.480126,40.682834],[-74.479824,40.682751],[-74.479669,40.682697],[-74.479397,40.682563],[-74.479046,40.682362],[-74.478797,40.682192],[-74.478645,40.682026],[-74.478589,40.681937],[-74.478569,40.681885],[-74.479461,40.681432],[-74.479528,40.681387],[-74.479578,40.681337],[-74.479644,40.681256],[-74.479674,40.681167],[-74.480564,40.681291],[-74.480706,40.681298],[-74.481016,40.681221],[-74.48125,40.681124],[-74.481656,40.681036],[-74.481931,40.681005],[-74.482008,40.681003],[-74.48212,40.680992],[-74.482229,40.680978],[-74.482332,40.68096],[-74.482436,40.680939],[-74.48254,40.680915],[-74.482644,40.680891],[-74.482749,40.680869],[-74.482858,40.680855],[-74.482966,40.68085],[-74.483071,40.680855],[-74.48317,40.680867],[-74.48326,40.680881],[-74.483354,40.680891],[-74.483441,40.680901],[-74.483523,40.680905],[-74.483602,40.68091],[-74.483676,40.680908],[-74.483808,40.680891],[-74.483902,40.680873],[-74.484077,40.680747],[-74.484229,40.680628],[-74.484352,40.680494],[-74.484432,40.680357],[-74.484465,40.680213],[-74.484461,40.680069],[-74.484373,40.679143],[-74.484309,40.678868],[-74.484293,40.678651],[-74.484255,40.678504],[-74.484215,40.678376],[-74.484171,40.678263],[-74.484036,40.677991],[-74.484366,40.6779],[-74.484714,40.677825],[-74.484978,40.677792],[-74.486319,40.677708],[-74.48689,40.677658],[-74.488165,40.677478],[-74.488651,40.67741],[-74.48874,40.677394],[-74.488809,40.677381],[-74.489019,40.677337],[-74.489266,40.677302],[-74.489658,40.677253],[-74.490536,40.67712],[-74.490889,40.677067],[-74.491267,40.677015],[-74.491573,40.677019],[-74.492604,40.67705],[-74.493198,40.677059],[-74.49332,40.676743],[-74.493365,40.676659],[-74.49302,40.676656],[-74.492934,40.676651],[-74.492396,40.676545],[-74.492246,40.67652],[-74.491844,40.67649],[-74.491409,40.67644],[-74.49121,40.676336],[-74.491088,40.676244],[-74.491,40.676224],[-74.490955,40.676202],[-74.490916,40.676164],[-74.49082,40.676139],[-74.49067,40.676127],[-74.49061,40.676118],[-74.490531,40.6761],[-74.490483,40.676074],[-74.490411,40.676014],[-74.490332,40.675978],[-74.489763,40.675874],[-74.489663,40.675845],[-74.489512,40.675782],[-74.489163,40.67569],[-74.488819,40.675567],[-74.488608,40.675524],[-74.488316,40.675446],[-74.488316,40.675422],[-74.48477,40.675931],[-74.47883,40.676783],[-74.478821,40.676743],[-74.478573,40.675713],[-74.478094,40.673596],[-74.478007,40.673242],[-74.477956,40.673017],[-74.477766,40.672183],[-74.477692,40.671881],[-74.477389,40.67052],[-74.478803,40.670145],[-74.481432,40.6695],[-74.482701,40.669179],[-74.48268,40.668888],[-74.48268,40.668836],[-74.482662,40.668753],[-74.482629,40.668426],[-74.482621,40.668283],[-74.482585,40.668092],[-74.482511,40.66755],[-74.482201,40.667585],[-74.481241,40.667648],[-74.481047,40.667638],[-74.480923,40.667592],[-74.480798,40.667465],[-74.480568,40.666741],[-74.480462,40.666354],[-74.480943,40.666356],[-74.481105,40.666349],[-74.481318,40.666325],[-74.482056,40.666225],[-74.482326,40.666182],[-74.482306,40.666038],[-74.482433,40.666042],[-74.483701,40.666083],[-74.484289,40.666065],[-74.484654,40.665918],[-74.484698,40.6659],[-74.484786,40.665673],[-74.484803,40.665604],[-74.484835,40.665472],[-74.484698,40.665201],[-74.484679,40.665158],[-74.484636,40.66506],[-74.484612,40.665006],[-74.484156,40.663958],[-74.484118,40.663387],[-74.48426,40.663236],[-74.484274,40.663221],[-74.484343,40.663147],[-74.484349,40.663141],[-74.484355,40.663135],[-74.485387,40.662488],[-74.48597,40.662431],[-74.486083,40.662402],[-74.486208,40.66249],[-74.486256,40.662524],[-74.486409,40.662632],[-74.486571,40.662747],[-74.486685,40.663146],[-74.487346,40.663745],[-74.489069,40.663759],[-74.48918,40.663741],[-74.490497,40.663524],[-74.49119,40.663288],[-74.491264,40.662754],[-74.491615,40.661676],[-74.491937,40.661453],[-74.492572,40.661349],[-74.492879,40.661299],[-74.493534,40.66111],[-74.493542,40.661108],[-74.494019,40.66105],[-74.494881,40.661599],[-74.495399,40.662001],[-74.496068,40.66201],[-74.496456,40.661573],[-74.497322,40.661223],[-74.49787,40.661189],[-74.498426,40.661354],[-74.498884,40.661406],[-74.499165,40.661338],[-74.499214,40.661326],[-74.499395,40.661126],[-74.499417,40.660796],[-74.499214,40.660237],[-74.498869,40.660004],[-74.498696,40.659747],[-74.498786,40.659451],[-74.499635,40.659268],[-74.500777,40.658932],[-74.501354,40.658795],[-74.501722,40.658756],[-74.501991,40.658854],[-74.502931,40.659441],[-74.503398,40.659604],[-74.50348,40.659633],[-74.503556,40.659632],[-74.503862,40.659627],[-74.503868,40.659667],[-74.504559,40.664035],[-74.504465,40.664047],[-74.504195,40.664044],[-74.503591,40.663986],[-74.503212,40.663986],[-74.503057,40.663997],[-74.502864,40.664025],[-74.502679,40.664076],[-74.502415,40.66416],[-74.502136,40.664309],[-74.502059,40.664425],[-74.502041,40.664612],[-74.50179,40.664805],[-74.501657,40.664885],[-74.501571,40.664924],[-74.501466,40.664958],[-74.501342,40.664986],[-74.50116,40.665014],[-74.500649,40.665064],[-74.500346,40.665112],[-74.500096,40.665165],[-74.49995,40.665204],[-74.499788,40.665266],[-74.499454,40.665425],[-74.499164,40.665597],[-74.498985,40.665692],[-74.498898,40.665731],[-74.4995,40.666969],[-74.500568,40.667301],[-74.501449,40.667245],[-74.502225,40.667194],[-74.502506,40.668711],[-74.505437,40.670113],[-74.505466,40.670311],[-74.505476,40.670376],[-74.505593,40.670987],[-74.505591,40.670996],[-74.505589,40.67106],[-74.505601,40.67112],[-74.505789,40.672076],[-74.505959,40.672898],[-74.507465,40.672687],[-74.508464,40.672579],[-74.50935,40.672497],[-74.510304,40.672423],[-74.510874,40.672387],[-74.511844,40.676519],[-74.505683,40.677759],[-74.503606,40.678323],[-74.503631,40.678675],[-74.504084,40.680496],[-74.505732,40.68711],[-74.505564,40.687089],[-74.505298,40.68701],[-74.505083,40.686917],[-74.504903,40.686824],[-74.504647,40.686647],[-74.504481,40.686548],[-74.504035,40.686369],[-74.503845,40.686377],[-74.503292,40.686476],[-74.502207,40.686767],[-74.50179,40.68701],[-74.503712,40.695241],[-74.503976,40.695386],[-74.504151,40.695449],[-74.504255,40.695524],[-74.504279,40.695608],[-74.504292,40.695768],[-74.504317,40.695844],[-74.504356,40.695962],[-74.503203,40.696213],[-74.502533,40.696355],[-74.501857,40.696493],[-74.500486,40.696765],[-74.500309,40.696807]]]}},{"type":"Feature","properties":{"zip":"07901","name":"07901"},"geometry":{"type":"Polygon","coordinates":[[[-74.384997,40.702798],[-74.383859,40.702742],[-74.384297,40.704012],[-74.386328,40.705287],[-74.386584,40.705268],[-74.386685,40.705296],[-74.386743,40.705356],[-74.386959,40.705411],[-74.387168,40.705433],[-74.387255,40.705543],[-74.38737,40.705576],[-74.387746,40.70556],[-74.387832,40.705598],[-74.38789,40.705681],[-74.387911,40.70573],[-74.387883,40.705906],[-74.387984,40.705944],[-74.388452,40.706032],[-74.388578,40.706098],[-74.388539,40.706225],[-74.388051,40.70769],[-74.387924,40.708071],[-74.386696,40.711699],[-74.386678,40.711751],[-74.386506,40.712113],[-74.386475,40.71217],[-74.387157,40.71229],[-74.38727,40.711882],[-74.387306,40.711784],[-74.387498,40.711262],[-74.3877,40.710975],[-74.387957,40.710716],[-74.388084,40.710625],[-74.388647,40.711473],[-74.389193,40.712076],[-74.389278,40.712155],[-74.38937,40.712225],[-74.389473,40.71228],[-74.389588,40.712327],[-74.389728,40.712355],[-74.391274,40.712538],[-74.391267,40.712954],[-74.391297,40.713075],[-74.391346,40.713181],[-74.391382,40.713241],[-74.391473,40.713353],[-74.392397,40.71429],[-74.39332,40.715232],[-74.39268,40.715629],[-74.391905,40.716111],[-74.392735,40.717981],[-74.392757,40.718046],[-74.392733,40.718049],[-74.392677,40.718056],[-74.391173,40.718117],[-74.390769,40.718294],[-74.390781,40.718381],[-74.390797,40.718494],[-74.390974,40.719008],[-74.39091,40.719861],[-74.390956,40.720333],[-74.391164,40.721287],[-74.391038,40.722079],[-74.391037,40.722088],[-74.390934,40.722738],[-74.391135,40.723645],[-74.390964,40.724874],[-74.39069,40.725499],[-74.390611,40.725575],[-74.390264,40.725909],[-74.389978,40.726022],[-74.38992,40.726045],[-74.389895,40.726055],[-74.389878,40.726062],[-74.389863,40.726068],[-74.389855,40.726071],[-74.389848,40.726073],[-74.389748,40.726113],[-74.388232,40.726165],[-74.387618,40.726036],[-74.386914,40.725741],[-74.386905,40.725731],[-74.386865,40.725684],[-74.386139,40.724828],[-74.385889,40.724671],[-74.385297,40.724299],[-74.384382,40.724385],[-74.382769,40.725626],[-74.382538,40.725804],[-74.382426,40.72589],[-74.382405,40.725906],[-74.382393,40.725915],[-74.382388,40.725919],[-74.382251,40.726024],[-74.379968,40.727835],[-74.379044,40.728904],[-74.378775,40.729345],[-74.377703,40.729782],[-74.377503,40.730032],[-74.377591,40.730145],[-74.377601,40.730158],[-74.377621,40.730184],[-74.377706,40.730293],[-74.377718,40.730309],[-74.377734,40.730329],[-74.377739,40.730335],[-74.377826,40.730447],[-74.378623,40.731473],[-74.379734,40.732393],[-74.379853,40.732492],[-74.37993,40.732633],[-74.379933,40.732638],[-74.379938,40.732647],[-74.38026,40.733236],[-74.380295,40.7333],[-74.379732,40.73396],[-74.379223,40.73416],[-74.377932,40.734319],[-74.377549,40.734278],[-74.376505,40.734051],[-74.376254,40.733997],[-74.376156,40.733976],[-74.376114,40.733967],[-74.375555,40.73368],[-74.375342,40.733588],[-74.37528,40.73359],[-74.375238,40.733592],[-74.375176,40.733594],[-74.374968,40.733601],[-74.374669,40.733545],[-74.373907,40.733643],[-74.372139,40.733978],[-74.371246,40.734627],[-74.370829,40.735753],[-74.370905,40.735965],[-74.371102,40.736517],[-74.371105,40.736524],[-74.37111,40.736537],[-74.371114,40.736547],[-74.371119,40.73656],[-74.371123,40.736572],[-74.371541,40.737748],[-74.371542,40.737754],[-74.37155,40.737789],[-74.371579,40.73796],[-74.371777,40.73905],[-74.371913,40.739216],[-74.371923,40.739229],[-74.37153,40.739217],[-74.371518,40.739216],[-74.371507,40.739216],[-74.371485,40.739215],[-74.371066,40.739198],[-74.370943,40.739196],[-74.370616,40.739181],[-74.370264,40.73916],[-74.369998,40.739139],[-74.369691,40.739105],[-74.369617,40.739097],[-74.369514,40.739086],[-74.36941,40.739075],[-74.369231,40.739055],[-74.369164,40.739048],[-74.368993,40.739029],[-74.368675,40.738995],[-74.367566,40.738473],[-74.36735,40.738371],[-74.36724,40.738341],[-74.366471,40.737977],[-74.366261,40.737922],[-74.365785,40.737796],[-74.365485,40.737717],[-74.36524,40.737653],[-74.364887,40.73756],[-74.364633,40.737505],[-74.364448,40.737464],[-74.364204,40.737412],[-74.363623,40.737286],[-74.363077,40.737167],[-74.361889,40.736909],[-74.358939,40.735975],[-74.357603,40.735413],[-74.357591,40.735406],[-74.356876,40.735003],[-74.35646,40.734769],[-74.356252,40.73519],[-74.355689,40.734893],[-74.355325,40.734701],[-74.354942,40.7345],[-74.354937,40.734496],[-74.354902,40.73447],[-74.354869,40.734446],[-74.35486,40.734439],[-74.35445,40.734135],[-74.35435,40.73405],[-74.35429,40.734],[-74.354172,40.7339],[-74.353958,40.733719],[-74.35384,40.733611],[-74.353839,40.73359],[-74.353843,40.733568],[-74.353859,40.733534],[-74.353892,40.733498],[-74.354,40.733382],[-74.352664,40.732629],[-74.351874,40.732185],[-74.351278,40.731865],[-74.351141,40.731792],[-74.350991,40.731711],[-74.350919,40.731673],[-74.350582,40.731493],[-74.350265,40.731323],[-74.350196,40.731286],[-74.348765,40.730292],[-74.348663,40.730221],[-74.348486,40.730067],[-74.347408,40.729126],[-74.345832,40.727751],[-74.345454,40.727443],[-74.345436,40.727428],[-74.342682,40.725181],[-74.341298,40.72435],[-74.341008,40.724176],[-74.339884,40.723917],[-74.3398,40.723857],[-74.339312,40.723666],[-74.339249,40.723641],[-74.338814,40.72347],[-74.338681,40.723404],[-74.337347,40.722739],[-74.336401,40.722287],[-74.336126,40.722155],[-74.335981,40.722081],[-74.335495,40.721832],[-74.335207,40.721684],[-74.334897,40.721525],[-74.333776,40.721023],[-74.333545,40.72092],[-74.3332,40.720766],[-74.332963,40.72064],[-74.332913,40.720614],[-74.332214,40.720243],[-74.332088,40.720176],[-74.331967,40.719732],[-74.3315,40.718525],[-74.331476,40.718194],[-74.331377,40.717896],[-74.331377,40.717853],[-74.331338,40.717736],[-74.331328,40.717707],[-74.331102,40.717008],[-74.330619,40.716055],[-74.330822,40.716058],[-74.331515,40.71619],[-74.331875,40.716305],[-74.332143,40.716464],[-74.332294,40.71653],[-74.332539,40.716585],[-74.332835,40.716695],[-74.332951,40.716717],[-74.333014,40.716708],[-74.333594,40.716901],[-74.334705,40.715936],[-74.334961,40.715714],[-74.33506,40.715647],[-74.335947,40.715049],[-74.336422,40.714613],[-74.3364,40.714553],[-74.336357,40.714481],[-74.336559,40.714261],[-74.336602,40.714168],[-74.336674,40.713883],[-74.33679,40.71369],[-74.337013,40.713509],[-74.337114,40.713454],[-74.337359,40.713234],[-74.337446,40.713119],[-74.337713,40.712883],[-74.337987,40.712548],[-74.33811,40.712213],[-74.338255,40.712006],[-74.338261,40.711998],[-74.338499,40.711834],[-74.338817,40.711663],[-74.338853,40.711674],[-74.339076,40.711405],[-74.3393,40.711202],[-74.339787,40.710648],[-74.339841,40.710587],[-74.34005,40.710378],[-74.340288,40.710071],[-74.340411,40.70995],[-74.340606,40.709714],[-74.340735,40.709626],[-74.340772,40.709571],[-74.341154,40.709345],[-74.341233,40.709274],[-74.341399,40.70889],[-74.341572,40.70856],[-74.341911,40.708214],[-74.341991,40.70806],[-74.342168,40.707896],[-74.342221,40.707846],[-74.342705,40.707588],[-74.342914,40.707522],[-74.34321,40.707538],[-74.343426,40.7075],[-74.343535,40.70745],[-74.343773,40.707148],[-74.34396,40.706813],[-74.344112,40.706654],[-74.344321,40.706555],[-74.344674,40.706489],[-74.344787,40.706443],[-74.345197,40.706199],[-74.347415,40.704747],[-74.350132,40.702989],[-74.352009,40.701764],[-74.352171,40.70148],[-74.352261,40.701433],[-74.352581,40.70166],[-74.352629,40.701652],[-74.352613,40.701383],[-74.355694,40.701001],[-74.357466,40.700663],[-74.358954,40.700389],[-74.36039,40.699821],[-74.362596,40.699483],[-74.362819,40.699381],[-74.363093,40.699186],[-74.363207,40.69908],[-74.363401,40.698998],[-74.363438,40.698887],[-74.363611,40.698761],[-74.363878,40.698475],[-74.363936,40.698442],[-74.364,40.698437],[-74.365385,40.697074],[-74.365515,40.696954],[-74.366236,40.696492],[-74.366538,40.696184],[-74.366618,40.695976],[-74.366589,40.69591],[-74.366546,40.695893],[-74.366476,40.695891],[-74.366618,40.695794],[-74.369156,40.694387],[-74.369416,40.694184],[-74.369509,40.694085],[-74.369646,40.693849],[-74.369776,40.69375],[-74.370086,40.693827],[-74.370159,40.693865],[-74.370079,40.693591],[-74.370089,40.693562],[-74.370115,40.693486],[-74.370129,40.693481],[-74.370173,40.693497],[-74.370295,40.693503],[-74.370468,40.693469],[-74.370919,40.693311],[-74.373192,40.691785],[-74.373756,40.691217],[-74.374994,40.690303],[-74.376273,40.688838],[-74.37754,40.687226],[-74.378654,40.686164],[-74.37945,40.685397],[-74.379718,40.685573],[-74.381404,40.688332],[-74.381489,40.688507],[-74.381499,40.688848],[-74.381802,40.691433],[-74.381917,40.691313],[-74.382092,40.691173],[-74.382331,40.691012],[-74.384563,40.689861],[-74.385276,40.689487],[-74.385368,40.68941],[-74.385432,40.689284],[-74.38556,40.688939],[-74.385748,40.689076],[-74.386198,40.68992],[-74.386576,40.690004],[-74.38639,40.690706],[-74.386709,40.694685],[-74.386219,40.69503],[-74.386445,40.695423],[-74.387008,40.696298],[-74.386802,40.69639],[-74.386636,40.696465],[-74.386457,40.696526],[-74.387,40.69694],[-74.388346,40.698716],[-74.38837,40.699807],[-74.38795,40.699843],[-74.387862,40.70022],[-74.387288,40.700098],[-74.387009,40.700038],[-74.386856,40.700203],[-74.386723,40.700383],[-74.386616,40.700573],[-74.386536,40.70077],[-74.386483,40.700973],[-74.386458,40.701179],[-74.386478,40.701411],[-74.386542,40.70172],[-74.386649,40.702021],[-74.386796,40.702312],[-74.386981,40.702589],[-74.38676,40.702707],[-74.386432,40.702902],[-74.38629,40.70301],[-74.386256,40.703035],[-74.386184,40.703114],[-74.386124,40.703193],[-74.385944,40.703436],[-74.385848,40.703588],[-74.38584,40.703607],[-74.384984,40.703539],[-74.385015,40.703503],[-74.384997,40.702798]]]}},{"type":"Feature","properties":{"zip":"07088","name":"07088"},"geometry":{"type":"Polygon","coordinates":[[[-74.283879,40.721654],[-74.283802,40.721632],[-74.283531,40.721543],[-74.282295,40.721104],[-74.282291,40.721103],[-74.281911,40.721006],[-74.281892,40.721001],[-74.281194,40.720993],[-74.280868,40.720868],[-74.280491,40.720702],[-74.28007,40.720599],[-74.279695,40.720499],[-74.279328,40.720355],[-74.278669,40.720335],[-74.278419,40.720207],[-74.278354,40.720174],[-74.278269,40.720131],[-74.277904,40.719952],[-74.27767,40.719859],[-74.277495,40.71979],[-74.27728,40.719705],[-74.27699,40.719702],[-74.276812,40.719635],[-74.276563,40.719542],[-74.276192,40.719403],[-74.27572,40.719266],[-74.275492,40.719199],[-74.275035,40.719112],[-74.274533,40.718941],[-74.273909,40.718725],[-74.273626,40.718628],[-74.273783,40.718315],[-74.276071,40.716241],[-74.275292,40.715809],[-74.274525,40.715384],[-74.274207,40.715208],[-74.274518,40.714903],[-74.27478,40.714647],[-74.274649,40.714573],[-74.274179,40.714309],[-74.273886,40.714144],[-74.273992,40.714117],[-74.274175,40.714053],[-74.274382,40.713953],[-74.274952,40.713599],[-74.275251,40.713646],[-74.275438,40.713676],[-74.275867,40.713744],[-74.277849,40.713948],[-74.278873,40.714027],[-74.27958,40.714082],[-74.281069,40.714162],[-74.281648,40.714185],[-74.281754,40.71462],[-74.281841,40.715164],[-74.281853,40.715209],[-74.28193,40.715487],[-74.281732,40.715567],[-74.281764,40.715695],[-74.281458,40.716252],[-74.282579,40.717525],[-74.282979,40.717335],[-74.284228,40.718416],[-74.285015,40.718288],[-74.285254,40.718248],[-74.286965,40.714665],[-74.290685,40.715532],[-74.293892,40.715601],[-74.296997,40.714371],[-74.297337,40.71403],[-74.297829,40.713991],[-74.297999,40.714149],[-74.29869,40.71479],[-74.297997,40.715564],[-74.297842,40.715737],[-74.297687,40.7158],[-74.297391,40.715982],[-74.29716,40.716091],[-74.296965,40.716229],[-74.296662,40.716481],[-74.296504,40.71658],[-74.295775,40.716909],[-74.295334,40.717129],[-74.295132,40.717261],[-74.294995,40.717381],[-74.294808,40.717596],[-74.294766,40.717645],[-74.294729,40.717687],[-74.294641,40.717788],[-74.294475,40.718139],[-74.294447,40.718352],[-74.294374,40.718919],[-74.294381,40.719194],[-74.294339,40.71933],[-74.29433,40.719358],[-74.294274,40.719451],[-74.294179,40.719611],[-74.293969,40.719721],[-74.293522,40.71999],[-74.293298,40.720226],[-74.293154,40.720462],[-74.292966,40.720621],[-74.292901,40.720649],[-74.292771,40.720703],[-74.292338,40.720967],[-74.292164,40.721148],[-74.292027,40.721241],[-74.29184,40.721307],[-74.29158,40.721335],[-74.29137,40.721324],[-74.291075,40.72139],[-74.290806,40.721495],[-74.29075,40.721505],[-74.290548,40.721543],[-74.289667,40.721378],[-74.289501,40.721389],[-74.28927,40.721455],[-74.289032,40.721609],[-74.288779,40.721708],[-74.288296,40.721729],[-74.288216,40.721768],[-74.287971,40.721949],[-74.287898,40.722053],[-74.287718,40.722218],[-74.287516,40.722268],[-74.287393,40.722256],[-74.287285,40.722223],[-74.286736,40.721965],[-74.286585,40.721927],[-74.286426,40.721932],[-74.286123,40.721976],[-74.286015,40.722047],[-74.285881,40.722211],[-74.28587,40.722225],[-74.285299,40.722055],[-74.284794,40.721905],[-74.283879,40.721654]]]}},{"type":"Feature","properties":{"zip":"07107","name":"07107"},"geometry":{"type":"Polygon","coordinates":[[[-74.196468,40.756726],[-74.19629,40.757055],[-74.195257,40.759042],[-74.195133,40.759289],[-74.194881,40.759215],[-74.193874,40.761002],[-74.193793,40.761225],[-74.193922,40.761272],[-74.194102,40.761354],[-74.194532,40.761574],[-74.194899,40.761752],[-74.193935,40.763014],[-74.193922,40.763218],[-74.194144,40.763949],[-74.194012,40.763872],[-74.193874,40.763825],[-74.193595,40.76373],[-74.192691,40.763462],[-74.19179,40.765099],[-74.191705,40.765308],[-74.191584,40.765605],[-74.190604,40.767357],[-74.190285,40.768019],[-74.189989,40.7686],[-74.1899,40.768783],[-74.189728,40.768582],[-74.189454,40.768277],[-74.189308,40.768554],[-74.189242,40.768752],[-74.18875,40.769884],[-74.188333,40.770924],[-74.187904,40.771987],[-74.187716,40.772434],[-74.187717,40.772435],[-74.187283,40.773504],[-74.187079,40.774004],[-74.186872,40.774522],[-74.186807,40.774522],[-74.186712,40.774484],[-74.186363,40.774617],[-74.186253,40.774661],[-74.186232,40.77463],[-74.186218,40.774609],[-74.186202,40.774587],[-74.185636,40.774717],[-74.185473,40.774771],[-74.185392,40.774852],[-74.185215,40.775011],[-74.184684,40.774854],[-74.184641,40.774841],[-74.184527,40.774803],[-74.184351,40.775157],[-74.184091,40.775645],[-74.183662,40.775568],[-74.183467,40.775944],[-74.183329,40.776206],[-74.183298,40.776252],[-74.18326,40.776278],[-74.183213,40.776294],[-74.183163,40.776298],[-74.183095,40.776284],[-74.182884,40.776222],[-74.182792,40.776195],[-74.18277,40.776242],[-74.182458,40.776831],[-74.18216,40.776736],[-74.182149,40.776737],[-74.182035,40.776701],[-74.182032,40.776702],[-74.18196,40.776678],[-74.181961,40.776677],[-74.181598,40.776572],[-74.181569,40.776601],[-74.181429,40.776872],[-74.181235,40.777246],[-74.180979,40.777506],[-74.180613,40.777878],[-74.180281,40.777673],[-74.179981,40.777494],[-74.179997,40.777482],[-74.180118,40.777307],[-74.180058,40.777279],[-74.179715,40.777192],[-74.179172,40.777033],[-74.178978,40.777395],[-74.178785,40.777757],[-74.178588,40.777699],[-74.178212,40.777558],[-74.17776,40.777419],[-74.177656,40.777624],[-74.177555,40.777826],[-74.176992,40.778905],[-74.176555,40.77974],[-74.176975,40.779867],[-74.177391,40.779995],[-74.176874,40.780974],[-74.177262,40.781179],[-74.177368,40.781279],[-74.177501,40.781354],[-74.177577,40.78139],[-74.177733,40.781466],[-74.177674,40.781522],[-74.177744,40.781593],[-74.177607,40.782148],[-74.177097,40.782673],[-74.176925,40.78286],[-74.176466,40.783259],[-74.176954,40.783441],[-74.175462,40.784902],[-74.175369,40.784994],[-74.175201,40.785159],[-74.175054,40.785334],[-74.174996,40.785388],[-74.174871,40.785504],[-74.17476,40.785607],[-74.17451,40.785466],[-74.174225,40.784943],[-74.17392,40.783661],[-74.174678,40.781788],[-74.174984,40.781676],[-74.175043,40.781483],[-74.174874,40.781399],[-74.174784,40.781256],[-74.174658,40.78092],[-74.174557,40.780586],[-74.174525,40.780121],[-74.174585,40.779796],[-74.174684,40.779442],[-74.17482,40.779108],[-74.174828,40.779088],[-74.174971,40.778772],[-74.175204,40.778397],[-74.174346,40.778147],[-74.174131,40.778085],[-74.172579,40.777583],[-74.172205,40.777464],[-74.172788,40.7765],[-74.172588,40.7755],[-74.172368,40.7754],[-74.172371,40.775394],[-74.171408,40.775105],[-74.172452,40.773109],[-74.173531,40.771045],[-74.173829,40.770474],[-74.174276,40.769618],[-74.17507,40.768096],[-74.177,40.764396],[-74.177182,40.764054],[-74.177883,40.76274],[-74.177938,40.762633],[-74.178917,40.764072],[-74.179081,40.764312],[-74.179724,40.765252],[-74.179814,40.765381],[-74.180016,40.765079],[-74.180048,40.765029],[-74.180455,40.764422],[-74.180976,40.763685],[-74.181399,40.763146],[-74.181777,40.762762],[-74.18212,40.762415],[-74.183023,40.761628],[-74.183399,40.761232],[-74.183695,40.760864],[-74.183948,40.760468],[-74.184307,40.759818],[-74.184582,40.759192],[-74.184763,40.758649],[-74.184818,40.758499],[-74.185037,40.757875],[-74.185165,40.757272],[-74.185209,40.756859],[-74.18517,40.756216],[-74.185122,40.755994],[-74.185091,40.755851],[-74.184933,40.755426],[-74.184346,40.75429],[-74.18419,40.753859],[-74.184061,40.753294],[-74.183983,40.752894],[-74.183914,40.752543],[-74.18387,40.752102],[-74.183864,40.751897],[-74.183918,40.751662],[-74.184077,40.751403],[-74.184295,40.751143],[-74.184415,40.751035],[-74.184599,40.750869],[-74.184667,40.750817],[-74.185218,40.750394],[-74.185396,40.750248],[-74.18556,40.750093],[-74.185708,40.749929],[-74.185859,40.749733],[-74.185973,40.749553],[-74.186069,40.749368],[-74.186138,40.749206],[-74.186212,40.748973],[-74.186256,40.748761],[-74.186277,40.748562],[-74.186279,40.748363],[-74.186259,40.748136],[-74.186214,40.747911],[-74.186194,40.747785],[-74.186159,40.747614],[-74.186099,40.747422],[-74.186051,40.747307],[-74.186254,40.747373],[-74.186854,40.747579],[-74.188152,40.748023],[-74.188818,40.747097],[-74.189376,40.746286],[-74.189845,40.745605],[-74.189743,40.745423],[-74.190636,40.743761],[-74.191228,40.742614],[-74.192132,40.742891],[-74.193028,40.743166],[-74.193923,40.743441],[-74.19492,40.743731],[-74.194951,40.743739],[-74.195881,40.744006],[-74.196749,40.744254],[-74.19764,40.74451],[-74.198509,40.744759],[-74.199387,40.74501],[-74.20028,40.745266],[-74.199245,40.747345],[-74.198143,40.749506],[-74.199034,40.749763],[-74.199905,40.750015],[-74.200784,40.750268],[-74.201135,40.750365],[-74.201695,40.750521],[-74.202332,40.750696],[-74.202247,40.750836],[-74.201792,40.750721],[-74.201601,40.750708],[-74.201478,40.750709],[-74.201365,40.750938],[-74.200846,40.752012],[-74.200567,40.752529],[-74.200467,40.752501],[-74.200325,40.752826],[-74.19981,40.754033],[-74.199732,40.75426],[-74.198899,40.754098],[-74.19849,40.754008],[-74.198375,40.754302],[-74.198167,40.75482],[-74.197799,40.755884],[-74.197589,40.7562],[-74.197058,40.755935],[-74.196604,40.756535],[-74.196468,40.756726]]]}},{"type":"Feature","properties":{"zip":"07112","name":"07112"},"geometry":{"type":"Polygon","coordinates":[[[-74.212693,40.69967],[-74.213275,40.700618],[-74.213298,40.700655],[-74.213391,40.700803],[-74.213587,40.700949],[-74.214649,40.701728],[-74.214888,40.7019],[-74.218776,40.70452],[-74.219187,40.704802],[-74.220011,40.705416],[-74.22039,40.705701],[-74.22066,40.705908],[-74.221242,40.706371],[-74.221499,40.706584],[-74.221914,40.706869],[-74.222452,40.707249],[-74.22263,40.707283],[-74.223554,40.707446],[-74.224703,40.707616],[-74.225461,40.707715],[-74.225944,40.707778],[-74.226077,40.707795],[-74.226118,40.707809],[-74.226189,40.707826],[-74.22689,40.707999],[-74.227016,40.708023],[-74.227986,40.70819],[-74.228571,40.70829],[-74.228552,40.708321],[-74.228552,40.708485],[-74.228559,40.708664],[-74.228535,40.708737],[-74.228482,40.708813],[-74.228073,40.709221],[-74.228044,40.709259],[-74.227621,40.70969],[-74.227398,40.709918],[-74.226861,40.710423],[-74.226641,40.710644],[-74.227149,40.710855],[-74.227558,40.7111],[-74.227812,40.711255],[-74.227064,40.712013],[-74.226941,40.712136],[-74.226862,40.712262],[-74.226809,40.71234],[-74.226576,40.712602],[-74.226527,40.712649],[-74.225937,40.713306],[-74.225762,40.713497],[-74.224278,40.715118],[-74.2242,40.715253],[-74.224143,40.715327],[-74.223838,40.715574],[-74.223591,40.715415],[-74.223461,40.715339],[-74.222525,40.716311],[-74.222421,40.716365],[-74.222341,40.716414],[-74.221859,40.716922],[-74.221554,40.717236],[-74.22115,40.717655],[-74.221151,40.717656],[-74.220939,40.717878],[-74.220862,40.717961],[-74.220816,40.717998],[-74.22048,40.718492],[-74.220354,40.718551],[-74.220298,40.718577],[-74.219308,40.719618],[-74.219151,40.719837],[-74.219032,40.719962],[-74.219073,40.719979],[-74.218849,40.720259],[-74.21893,40.720297],[-74.219091,40.720372],[-74.218643,40.721007],[-74.218511,40.720943],[-74.218318,40.721174],[-74.218172,40.721254],[-74.217995,40.721168],[-74.217218,40.720788],[-74.216579,40.721354],[-74.214723,40.720442],[-74.215176,40.719793],[-74.21505,40.719731],[-74.214981,40.719701],[-74.214926,40.719678],[-74.21483,40.719636],[-74.21442,40.71954],[-74.214322,40.719517],[-74.214033,40.719451],[-74.213776,40.719392],[-74.213673,40.719355],[-74.213469,40.719262],[-74.212975,40.719999],[-74.212905,40.720051],[-74.212823,40.720062],[-74.21274,40.720056],[-74.21265,40.72003],[-74.212554,40.719977],[-74.212389,40.719814],[-74.212368,40.719804],[-74.212355,40.719798],[-74.212024,40.719787],[-74.211858,40.71976],[-74.211728,40.719707],[-74.211631,40.719633],[-74.211576,40.71957],[-74.211556,40.719512],[-74.211556,40.719439],[-74.211563,40.719407],[-74.21109,40.719252],[-74.211125,40.719167],[-74.211352,40.71875],[-74.211494,40.718493],[-74.211172,40.718407],[-74.210802,40.718309],[-74.210708,40.718285],[-74.209173,40.71793],[-74.209108,40.717915],[-74.208981,40.718204],[-74.208945,40.718289],[-74.208808,40.718604],[-74.206268,40.717987],[-74.206143,40.718377],[-74.205921,40.718323],[-74.204838,40.718061],[-74.205338,40.716827],[-74.204372,40.716511],[-74.203415,40.716198],[-74.2025,40.7159],[-74.20166,40.715576],[-74.201574,40.715543],[-74.201436,40.71549],[-74.200654,40.715235],[-74.200507,40.715193],[-74.20045,40.715177],[-74.199728,40.714861],[-74.199672,40.714957],[-74.198734,40.714692],[-74.197809,40.714415],[-74.19667,40.714073],[-74.196252,40.715103],[-74.196062,40.715571],[-74.195927,40.715904],[-74.194768,40.715623],[-74.194721,40.715612],[-74.195063,40.714683],[-74.19514,40.714591],[-74.195399,40.714422],[-74.195573,40.714239],[-74.195765,40.713912],[-74.195821,40.713826],[-74.195785,40.713815],[-74.195651,40.713776],[-74.195495,40.713731],[-74.194629,40.71348],[-74.194452,40.713424],[-74.194332,40.713386],[-74.193474,40.713114],[-74.191466,40.712415],[-74.190191,40.711977],[-74.189851,40.71186],[-74.189985,40.711636],[-74.19042,40.711505],[-74.191972,40.710971],[-74.193002,40.710569],[-74.193903,40.710164],[-74.194403,40.709908],[-74.194718,40.709731],[-74.196809,40.708554],[-74.197155,40.708344],[-74.197585,40.708083],[-74.197358,40.707669],[-74.197335,40.707626],[-74.197292,40.707548],[-74.197258,40.707486],[-74.197227,40.70743],[-74.197198,40.707377],[-74.197115,40.707226],[-74.196769,40.706643],[-74.196684,40.706501],[-74.19625,40.705642],[-74.196195,40.705501],[-74.19533,40.7033],[-74.195159,40.702864],[-74.195148,40.702836],[-74.195886,40.701571],[-74.196079,40.701254],[-74.196164,40.701199],[-74.196823,40.700761],[-74.198471,40.699666],[-74.199122,40.699233],[-74.199147,40.699211],[-74.199725,40.698696],[-74.2004,40.698094],[-74.200754,40.698357],[-74.200892,40.698242],[-74.2011,40.69814],[-74.201202,40.698102],[-74.201317,40.69807],[-74.201437,40.698047],[-74.201559,40.698033],[-74.201682,40.69803],[-74.201805,40.698036],[-74.201926,40.698052],[-74.202045,40.698077],[-74.202159,40.698112],[-74.202268,40.698156],[-74.202371,40.698208],[-74.202465,40.698268],[-74.202551,40.698335],[-74.202628,40.698409],[-74.202693,40.698488],[-74.202748,40.698572],[-74.20279,40.69866],[-74.20282,40.698751],[-74.202838,40.698844],[-74.202788,40.699311],[-74.202722,40.699507],[-74.202747,40.699445],[-74.202791,40.699364],[-74.202846,40.699287],[-74.202911,40.699215],[-74.202985,40.699149],[-74.203069,40.699089],[-74.20316,40.699035],[-74.204532,40.698646],[-74.204756,40.698571],[-74.204977,40.698455],[-74.205659,40.698077],[-74.205813,40.698048],[-74.207001,40.698],[-74.207663,40.697841],[-74.20796,40.697805],[-74.208286,40.697806],[-74.208612,40.697851],[-74.208803,40.697902],[-74.209071,40.698042],[-74.20973,40.698467],[-74.209958,40.698684],[-74.210461,40.699164],[-74.211163,40.699835],[-74.211238,40.699906],[-74.211271,40.699938],[-74.211339,40.699897],[-74.21241,40.69926],[-74.212586,40.699498],[-74.212693,40.69967]]]}},{"type":"Feature","properties":{"zip":"08854","name":"08854"},"geometry":{"type":"Polygon","coordinates":[[[-74.477105,40.580744],[-74.476791,40.580941],[-74.47318,40.583274],[-74.470594,40.584944],[-74.469653,40.585552],[-74.469398,40.584005],[-74.469272,40.58324],[-74.469007,40.581594],[-74.468868,40.580725],[-74.468653,40.580744],[-74.467751,40.580825],[-74.466861,40.580904],[-74.466747,40.580914],[-74.46593,40.580987],[-74.465332,40.58104],[-74.464099,40.58115],[-74.462653,40.581279],[-74.461173,40.581418],[-74.459706,40.581556],[-74.459839,40.582427],[-74.460148,40.584075],[-74.460208,40.58439],[-74.458626,40.584568],[-74.456579,40.584552],[-74.456819,40.584907],[-74.45703,40.58526],[-74.455224,40.58673],[-74.452794,40.588842],[-74.452321,40.589253],[-74.452989,40.589855],[-74.453632,40.590397],[-74.455262,40.591746],[-74.457074,40.593677],[-74.457903,40.594192],[-74.455865,40.595502],[-74.455674,40.595502],[-74.455297,40.595502],[-74.454767,40.595581],[-74.454553,40.595613],[-74.454493,40.595622],[-74.454472,40.595625],[-74.454456,40.595628],[-74.453884,40.595714],[-74.453297,40.595802],[-74.452808,40.595802],[-74.45232,40.595802],[-74.451997,40.595802],[-74.45197,40.595806],[-74.451671,40.595853],[-74.451648,40.595857],[-74.451255,40.595919],[-74.45087,40.59598],[-74.450852,40.595983],[-74.450097,40.596102],[-74.449534,40.59602],[-74.449526,40.596019],[-74.449518,40.596018],[-74.44951,40.596017],[-74.449496,40.596015],[-74.449487,40.596014],[-74.449465,40.596011],[-74.449406,40.596003],[-74.449397,40.596002],[-74.449388,40.596003],[-74.449291,40.596017],[-74.449038,40.596053],[-74.448955,40.596065],[-74.447997,40.596202],[-74.447627,40.596276],[-74.447607,40.59628],[-74.447512,40.596299],[-74.447492,40.596302],[-74.446997,40.596303],[-74.446991,40.596303],[-74.445909,40.596401],[-74.445896,40.596402],[-74.444601,40.596494],[-74.444496,40.596502],[-74.443956,40.596551],[-74.443942,40.596552],[-74.443935,40.596553],[-74.443924,40.596554],[-74.443396,40.596602],[-74.442396,40.596707],[-74.442373,40.59671],[-74.442362,40.596711],[-74.442323,40.596715],[-74.44213,40.596735],[-74.441685,40.596783],[-74.441674,40.596784],[-74.441639,40.596788],[-74.441555,40.596797],[-74.441539,40.596799],[-74.441401,40.596814],[-74.441311,40.596824],[-74.440596,40.596902],[-74.440146,40.596952],[-74.440107,40.596956],[-74.440071,40.59696],[-74.438683,40.597065],[-74.438633,40.597069],[-74.438196,40.597102],[-74.437596,40.597162],[-74.437334,40.597188],[-74.437459,40.597078],[-74.437464,40.597073],[-74.438698,40.595992],[-74.439871,40.594956],[-74.440355,40.594528],[-74.440431,40.594467],[-74.440914,40.594046],[-74.440966,40.593991],[-74.441047,40.593925],[-74.440968,40.593876],[-74.440888,40.593722],[-74.440849,40.593495],[-74.440776,40.593066],[-74.44073,40.592795],[-74.440606,40.592065],[-74.440567,40.59184],[-74.440482,40.591341],[-74.440461,40.591216],[-74.440444,40.591088],[-74.44042,40.590919],[-74.440329,40.590253],[-74.440294,40.589995],[-74.440219,40.589444],[-74.440045,40.588175],[-74.439943,40.587427],[-74.439845,40.586713],[-74.439737,40.585911],[-74.439663,40.585351],[-74.439627,40.585086],[-74.439553,40.584522],[-74.439473,40.583926],[-74.43941,40.583452],[-74.439397,40.58319],[-74.439423,40.582996],[-74.438676,40.582384],[-74.438738,40.581591],[-74.438782,40.581526],[-74.440014,40.580974],[-74.439736,40.579329],[-74.43893,40.575786],[-74.43882,40.575204],[-74.438738,40.57477],[-74.438721,40.574683],[-74.438511,40.573638],[-74.438431,40.573241],[-74.438413,40.573151],[-74.438303,40.572688],[-74.438178,40.572159],[-74.43813,40.571956],[-74.43808,40.571734],[-74.438054,40.571619],[-74.437997,40.571366],[-74.437935,40.571112],[-74.437871,40.570959],[-74.437352,40.570339],[-74.437028,40.569885],[-74.436917,40.56973],[-74.436792,40.569493],[-74.436658,40.56886],[-74.436576,40.568329],[-74.43642,40.567317],[-74.4364,40.567186],[-74.436371,40.566982],[-74.436183,40.565682],[-74.436138,40.56543],[-74.435999,40.564647],[-74.43555,40.561828],[-74.43554,40.56177],[-74.435779,40.561619],[-74.435917,40.561532],[-74.436524,40.561184],[-74.437693,40.560528],[-74.438404,40.560115],[-74.439323,40.55958],[-74.439632,40.559359],[-74.439463,40.559293],[-74.438793,40.558923],[-74.438504,40.55872],[-74.438252,40.558518],[-74.437744,40.55811],[-74.437168,40.557647],[-74.437138,40.557624],[-74.436668,40.557258],[-74.435876,40.556642],[-74.434909,40.55589],[-74.434675,40.555708],[-74.434415,40.555506],[-74.434359,40.555454],[-74.434128,40.555236],[-74.434117,40.555216],[-74.43394,40.554912],[-74.433198,40.553347],[-74.432272,40.551394],[-74.432182,40.551208],[-74.432045,40.550924],[-74.431798,40.550572],[-74.431723,40.550494],[-74.4316,40.550364],[-74.431207,40.549996],[-74.430726,40.549546],[-74.42938,40.548302],[-74.427358,40.546434],[-74.42719,40.546416],[-74.423788,40.545935],[-74.419446,40.545321],[-74.418761,40.545227],[-74.417657,40.545074],[-74.41486,40.544687],[-74.41479,40.544678],[-74.412979,40.544428],[-74.411694,40.544251],[-74.410214,40.544046],[-74.409778,40.543986],[-74.409107,40.543893],[-74.408682,40.543835],[-74.408971,40.543207],[-74.409231,40.542579],[-74.409571,40.541792],[-74.409922,40.540775],[-74.410784,40.537137],[-74.411217,40.5356],[-74.411818,40.532816],[-74.41243,40.530378],[-74.412492,40.530252],[-74.412691,40.529997],[-74.412858,40.52994],[-74.413916,40.529577],[-74.41506,40.529186],[-74.41617,40.528774],[-74.417943,40.528167],[-74.420349,40.527322],[-74.420349,40.52739],[-74.420351,40.528149],[-74.421603,40.528156],[-74.421605,40.527796],[-74.421624,40.52775],[-74.421652,40.527706],[-74.421689,40.527666],[-74.421736,40.527632],[-74.421782,40.527597],[-74.421832,40.527564],[-74.421886,40.527536],[-74.421941,40.527508],[-74.421995,40.527483],[-74.422049,40.527455],[-74.422098,40.527422],[-74.422138,40.527382],[-74.422166,40.527336],[-74.422178,40.527283],[-74.422169,40.527236],[-74.422146,40.527189],[-74.422115,40.527145],[-74.422083,40.527101],[-74.422051,40.527055],[-74.422009,40.527003],[-74.421954,40.526951],[-74.421923,40.526908],[-74.421909,40.526887],[-74.421893,40.526863],[-74.421845,40.526795],[-74.422947,40.526407],[-74.423794,40.526111],[-74.423925,40.526031],[-74.425424,40.525114],[-74.426103,40.524698],[-74.426777,40.524068],[-74.427541,40.523352],[-74.429545,40.521784],[-74.432509,40.519209],[-74.433073,40.51896],[-74.435025,40.518099],[-74.435723,40.517676],[-74.437392,40.51488],[-74.438072,40.515152],[-74.438518,40.515315],[-74.439299,40.515488],[-74.439998,40.514501],[-74.439947,40.514464],[-74.443391,40.510047],[-74.444249,40.509024],[-74.444531,40.508741],[-74.446013,40.507077],[-74.446986,40.506009],[-74.447033,40.506028],[-74.447781,40.506412],[-74.448515,40.506824],[-74.449501,40.507302],[-74.449954,40.507466],[-74.450307,40.507554],[-74.450486,40.507593],[-74.45063,40.507654],[-74.450875,40.507757],[-74.451112,40.507884],[-74.451746,40.508032],[-74.452156,40.50807],[-74.452429,40.508087],[-74.452919,40.50818],[-74.453264,40.508262],[-74.453451,40.508345],[-74.453811,40.508438],[-74.455063,40.508564],[-74.455595,40.508652],[-74.45648,40.508739],[-74.457962,40.508871],[-74.458081,40.508884],[-74.458845,40.50897],[-74.458984,40.508986],[-74.459517,40.509014],[-74.460099,40.509101],[-74.460769,40.509156],[-74.462877,40.509243],[-74.463388,40.509221],[-74.463452,40.509227],[-74.463586,40.509227],[-74.464719,40.509227],[-74.465949,40.50927],[-74.467288,40.509484],[-74.467495,40.509533],[-74.467411,40.509233],[-74.467324,40.508931],[-74.467254,40.508678],[-74.467181,40.508425],[-74.467198,40.508446],[-74.467257,40.508518],[-74.467425,40.508722],[-74.467484,40.508736],[-74.468015,40.508864],[-74.468528,40.508987],[-74.468825,40.509058],[-74.469507,40.509221],[-74.470032,40.509348],[-74.471554,40.509761],[-74.473597,40.510204],[-74.477252,40.510748],[-74.477582,40.510797],[-74.477776,40.510826],[-74.478606,40.510952],[-74.479665,40.511109],[-74.480297,40.511203],[-74.481606,40.511922],[-74.481871,40.512068],[-74.482297,40.512303],[-74.482351,40.512372],[-74.482539,40.512614],[-74.482577,40.512664],[-74.482616,40.512713],[-74.482789,40.512935],[-74.485097,40.515903],[-74.485189,40.516024],[-74.486056,40.517159],[-74.48763,40.519223],[-74.488973,40.520984],[-74.489204,40.521287],[-74.48924,40.521334],[-74.489275,40.521381],[-74.490454,40.522926],[-74.490547,40.523048],[-74.490679,40.52322],[-74.491641,40.524479],[-74.491789,40.524673],[-74.491953,40.524888],[-74.49233,40.525381],[-74.492707,40.525874],[-74.493894,40.527431],[-74.495081,40.528988],[-74.495398,40.529403],[-74.495444,40.529433],[-74.496321,40.529998],[-74.497394,40.53069],[-74.497941,40.531038],[-74.499362,40.531951],[-74.500188,40.532407],[-74.501605,40.533188],[-74.501661,40.533234],[-74.50169,40.533245],[-74.501798,40.533328],[-74.50223,40.533559],[-74.502453,40.533669],[-74.502791,40.533861],[-74.503035,40.533971],[-74.503309,40.534119],[-74.504122,40.534603],[-74.504482,40.534824],[-74.504525,40.53485],[-74.504992,40.535191],[-74.505412,40.53547],[-74.50615,40.53596],[-74.50718,40.536632],[-74.507516,40.53698],[-74.507852,40.537328],[-74.50869,40.537875],[-74.509527,40.538422],[-74.509718,40.538569],[-74.509909,40.538716],[-74.511487,40.539694],[-74.51152,40.539716],[-74.51155,40.539737],[-74.51159,40.539764],[-74.511611,40.539779],[-74.511685,40.539829],[-74.51177,40.539887],[-74.511888,40.539967],[-74.51193,40.539996],[-74.512729,40.540541],[-74.513826,40.541627],[-74.514622,40.542711],[-74.51502,40.543405],[-74.51557,40.544363],[-74.515702,40.544732],[-74.51573,40.54481],[-74.515765,40.544908],[-74.515782,40.544955],[-74.516336,40.546504],[-74.516371,40.546601],[-74.516391,40.546736],[-74.516657,40.548562],[-74.516756,40.549229],[-74.516955,40.55056],[-74.517353,40.551972],[-74.518325,40.553642],[-74.519503,40.555324],[-74.519208,40.555428],[-74.51835,40.555929],[-74.518326,40.555953],[-74.51593,40.557598],[-74.515129,40.558043],[-74.512445,40.559532],[-74.511228,40.560227],[-74.511081,40.560258],[-74.509968,40.560248],[-74.509794,40.560197],[-74.509298,40.559665],[-74.509243,40.559616],[-74.509217,40.559593],[-74.509093,40.559624],[-74.50801,40.55989],[-74.507474,40.560053],[-74.507059,40.560258],[-74.506819,40.560405],[-74.506532,40.560583],[-74.5061,40.560847],[-74.505634,40.561133],[-74.505141,40.561435],[-74.503441,40.562464],[-74.503098,40.562636],[-74.502057,40.563157],[-74.502009,40.563188],[-74.500896,40.563904],[-74.500147,40.564104],[-74.499977,40.564064],[-74.499862,40.564004],[-74.499596,40.563949],[-74.49891,40.563713],[-74.498751,40.563554],[-74.498557,40.563302],[-74.498449,40.56311],[-74.498221,40.563289],[-74.496016,40.564892],[-74.495531,40.565245],[-74.491503,40.568174],[-74.490863,40.5686],[-74.49015,40.569053],[-74.489345,40.569567],[-74.486965,40.571052],[-74.486897,40.571094],[-74.48633,40.571434],[-74.484752,40.571843],[-74.483789,40.572093],[-74.483697,40.572117],[-74.482651,40.572389],[-74.481248,40.572753],[-74.480674,40.573097],[-74.479449,40.573831],[-74.480433,40.576107],[-74.481282,40.57807],[-74.480516,40.578551],[-74.479812,40.578994],[-74.479188,40.579386],[-74.479157,40.579407],[-74.478345,40.579954],[-74.478104,40.580117],[-74.477105,40.580744]]]}},{"type":"Feature","properties":{"zip":"08904","name":"08904"},"geometry":{"type":"Polygon","coordinates":[[[-74.422594,40.50615],[-74.422556,40.506165],[-74.421923,40.506329],[-74.420369,40.506637],[-74.419973,40.506758],[-74.419663,40.506813],[-74.419143,40.50682],[-74.418951,40.506823],[-74.418254,40.506711],[-74.418059,40.50668],[-74.417336,40.50652],[-74.417239,40.506499],[-74.416811,40.506463],[-74.41639,40.506428],[-74.415714,40.506296],[-74.415239,40.506241],[-74.41512,40.506242],[-74.415091,40.506235],[-74.415074,40.506243],[-74.415015,40.506244],[-74.414822,40.506246],[-74.414311,40.506323],[-74.414262,40.506339],[-74.413886,40.50646],[-74.411898,40.506615],[-74.411829,40.506426],[-74.411793,40.506299],[-74.411584,40.505453],[-74.411577,40.505424],[-74.411446,40.504891],[-74.411424,40.504764],[-74.411372,40.50447],[-74.411307,40.504098],[-74.411247,40.503752],[-74.411188,40.503415],[-74.411102,40.502943],[-74.411073,40.502741],[-74.411,40.502061],[-74.410902,40.50114],[-74.410895,40.501102],[-74.41161,40.501149],[-74.412523,40.501207],[-74.413441,40.501265],[-74.413449,40.501207],[-74.413622,40.50077],[-74.413856,40.500246],[-74.414152,40.499584],[-74.414254,40.499373],[-74.4145,40.498866],[-74.414512,40.49885],[-74.413922,40.498486],[-74.413804,40.498413],[-74.415318,40.494947],[-74.415526,40.493758],[-74.415951,40.492712],[-74.41612,40.492632],[-74.416911,40.492215],[-74.417242,40.492319],[-74.417328,40.492066],[-74.418141,40.491408],[-74.418846,40.490491],[-74.419703,40.489755],[-74.421041,40.488882],[-74.422098,40.488426],[-74.422494,40.488459],[-74.423113,40.488322],[-74.423551,40.488366],[-74.424321,40.48835],[-74.425026,40.488355],[-74.425731,40.488234],[-74.426054,40.488361],[-74.426436,40.488311],[-74.427594,40.488366],[-74.42786,40.488262],[-74.428809,40.488229],[-74.429579,40.488246],[-74.43031,40.488503],[-74.43142,40.488894],[-74.431788,40.489099],[-74.432005,40.48922],[-74.432758,40.489641],[-74.433453,40.490131],[-74.4336,40.490234],[-74.433758,40.490432],[-74.434197,40.490679],[-74.43447,40.490926],[-74.434628,40.49125],[-74.434628,40.491486],[-74.434679,40.491596],[-74.434815,40.491629],[-74.434945,40.491761],[-74.435225,40.492151],[-74.43539,40.492503],[-74.435441,40.492612],[-74.435578,40.493013],[-74.435647,40.493369],[-74.435736,40.493826],[-74.43575,40.493948],[-74.435923,40.495369],[-74.436131,40.495967],[-74.436397,40.496522],[-74.436635,40.496912],[-74.436822,40.497132],[-74.436973,40.497589],[-74.43698,40.49761],[-74.437894,40.498653],[-74.437907,40.498663],[-74.438318,40.498966],[-74.438426,40.499339],[-74.438667,40.4996],[-74.439099,40.500068],[-74.438973,40.50007],[-74.439092,40.50026],[-74.439197,40.500427],[-74.439298,40.500619],[-74.439593,40.500893],[-74.440255,40.501459],[-74.440294,40.501497],[-74.440564,40.501756],[-74.440838,40.502052],[-74.441435,40.50259],[-74.442104,40.503118],[-74.443262,40.503914],[-74.444212,40.504501],[-74.444766,40.504858],[-74.444982,40.504952],[-74.445881,40.505528],[-74.445999,40.50558],[-74.446752,40.505913],[-74.446986,40.506009],[-74.446013,40.507077],[-74.444531,40.508741],[-74.444249,40.509024],[-74.443391,40.510047],[-74.439947,40.514464],[-74.439495,40.514136],[-74.437623,40.512914],[-74.434637,40.511394],[-74.433235,40.510589],[-74.433006,40.510449],[-74.432326,40.51016],[-74.43214,40.509925],[-74.43144,40.509654],[-74.429999,40.508637],[-74.428462,40.507734],[-74.427721,40.507224],[-74.427679,40.507192],[-74.427633,40.507164],[-74.427293,40.50693],[-74.42696,40.506699],[-74.425457,40.505654],[-74.425329,40.505565],[-74.425247,40.505572],[-74.425067,40.505561],[-74.424348,40.505605],[-74.423923,40.505671],[-74.423585,40.505748],[-74.423038,40.505973],[-74.422594,40.50615]]]}},{"type":"Feature","properties":{"zip":"07080","name":"07080"},"geometry":{"type":"Polygon","coordinates":[[[-74.438698,40.595992],[-74.437464,40.597073],[-74.437459,40.597078],[-74.437334,40.597188],[-74.437196,40.597202],[-74.436067,40.597294],[-74.435979,40.597301],[-74.435954,40.597303],[-74.435943,40.597304],[-74.43393,40.597467],[-74.433496,40.597502],[-74.430786,40.597856],[-74.430396,40.597902],[-74.429017,40.597968],[-74.428296,40.598002],[-74.427242,40.598245],[-74.427084,40.598282],[-74.426996,40.598302],[-74.426712,40.598189],[-74.426705,40.598187],[-74.426698,40.598185],[-74.426496,40.598102],[-74.42641,40.598112],[-74.425177,40.5984],[-74.424699,40.598513],[-74.423759,40.59858],[-74.423635,40.598589],[-74.422736,40.598654],[-74.422673,40.598661],[-74.422583,40.598679],[-74.422564,40.598683],[-74.421829,40.598727],[-74.420975,40.598766],[-74.420946,40.598767],[-74.418544,40.598838],[-74.416106,40.59891],[-74.414695,40.599203],[-74.413582,40.599382],[-74.413477,40.599399],[-74.41084,40.599591],[-74.410695,40.599603],[-74.409987,40.599603],[-74.409861,40.599603],[-74.409819,40.599603],[-74.409787,40.599603],[-74.409695,40.599603],[-74.409543,40.599618],[-74.409177,40.599654],[-74.408811,40.599691],[-74.408695,40.599703],[-74.407921,40.59978],[-74.407695,40.599803],[-74.407464,40.599803],[-74.407395,40.599803],[-74.406795,40.599903],[-74.406569,40.599922],[-74.406542,40.599924],[-74.406311,40.599944],[-74.402272,40.600288],[-74.402095,40.600303],[-74.401223,40.600437],[-74.401173,40.600445],[-74.400795,40.600503],[-74.400505,40.600535],[-74.400289,40.600559],[-74.399895,40.600603],[-74.399246,40.600637],[-74.398197,40.600692],[-74.39723,40.600788],[-74.397095,40.600803],[-74.394634,40.600901],[-74.394611,40.600826],[-74.394493,40.600311],[-74.394465,40.600125],[-74.394326,40.599232],[-74.394317,40.599172],[-74.394176,40.598287],[-74.394045,40.597457],[-74.393847,40.596211],[-74.393844,40.596188],[-74.393444,40.593298],[-74.39344,40.593268],[-74.393384,40.592881],[-74.393346,40.592738],[-74.39328,40.592582],[-74.39323,40.592464],[-74.393111,40.592208],[-74.392841,40.591591],[-74.392317,40.590419],[-74.391945,40.589843],[-74.391299,40.58847],[-74.391215,40.588292],[-74.390877,40.587471],[-74.390463,40.58646],[-74.389014,40.582943],[-74.388756,40.582314],[-74.388464,40.581732],[-74.388146,40.581095],[-74.38737,40.579545],[-74.387117,40.579062],[-74.38616,40.577229],[-74.386189,40.577206],[-74.387217,40.575326],[-74.388523,40.573347],[-74.389844,40.571658],[-74.390232,40.571117],[-74.390943,40.57006],[-74.391019,40.569923],[-74.39147,40.569166],[-74.391905,40.568441],[-74.392239,40.567706],[-74.392209,40.567639],[-74.392509,40.566926],[-74.392721,40.566751],[-74.393257,40.566271],[-74.395284,40.567978],[-74.396172,40.565692],[-74.396321,40.565258],[-74.396365,40.564984],[-74.396353,40.564673],[-74.396315,40.564483],[-74.395439,40.563677],[-74.3953,40.5636],[-74.395242,40.563585],[-74.395359,40.563303],[-74.39584,40.561961],[-74.39677,40.560495],[-74.39898,40.557088],[-74.400119,40.555244],[-74.402613,40.552196],[-74.403073,40.551616],[-74.403753,40.550678],[-74.40448,40.54972],[-74.404924,40.549129],[-74.406685,40.546198],[-74.407275,40.545594],[-74.407387,40.545481],[-74.407987,40.544647],[-74.408682,40.543835],[-74.409107,40.543893],[-74.409778,40.543986],[-74.410214,40.544046],[-74.411694,40.544251],[-74.412979,40.544428],[-74.41479,40.544678],[-74.41486,40.544687],[-74.417657,40.545074],[-74.418761,40.545227],[-74.419446,40.545321],[-74.423788,40.545935],[-74.42719,40.546416],[-74.427358,40.546434],[-74.42938,40.548302],[-74.430726,40.549546],[-74.431207,40.549996],[-74.4316,40.550364],[-74.431723,40.550494],[-74.431798,40.550572],[-74.432045,40.550924],[-74.432182,40.551208],[-74.432272,40.551394],[-74.433198,40.553347],[-74.43394,40.554912],[-74.434117,40.555216],[-74.434128,40.555236],[-74.434359,40.555454],[-74.434415,40.555506],[-74.434675,40.555708],[-74.434909,40.55589],[-74.435876,40.556642],[-74.436668,40.557258],[-74.437138,40.557624],[-74.437168,40.557647],[-74.437744,40.55811],[-74.438252,40.558518],[-74.438504,40.55872],[-74.438793,40.558923],[-74.439463,40.559293],[-74.439632,40.559359],[-74.439323,40.55958],[-74.438404,40.560115],[-74.437693,40.560528],[-74.436524,40.561184],[-74.435917,40.561532],[-74.435779,40.561619],[-74.43554,40.56177],[-74.43555,40.561828],[-74.435999,40.564647],[-74.436138,40.56543],[-74.436183,40.565682],[-74.436371,40.566982],[-74.4364,40.567186],[-74.43642,40.567317],[-74.436576,40.568329],[-74.436658,40.56886],[-74.436792,40.569493],[-74.436917,40.56973],[-74.437028,40.569885],[-74.437352,40.570339],[-74.437871,40.570959],[-74.437935,40.571112],[-74.437997,40.571366],[-74.438054,40.571619],[-74.43808,40.571734],[-74.43813,40.571956],[-74.438178,40.572159],[-74.438303,40.572688],[-74.438413,40.573151],[-74.438431,40.573241],[-74.438511,40.573638],[-74.438721,40.574683],[-74.438738,40.57477],[-74.43882,40.575204],[-74.43893,40.575786],[-74.439736,40.579329],[-74.440014,40.580974],[-74.438782,40.581526],[-74.438738,40.581591],[-74.438676,40.582384],[-74.439423,40.582996],[-74.439397,40.58319],[-74.43941,40.583452],[-74.439473,40.583926],[-74.439553,40.584522],[-74.439627,40.585086],[-74.439663,40.585351],[-74.439737,40.585911],[-74.439845,40.586713],[-74.439943,40.587427],[-74.440045,40.588175],[-74.440219,40.589444],[-74.440294,40.589995],[-74.440329,40.590253],[-74.44042,40.590919],[-74.440444,40.591088],[-74.440461,40.591216],[-74.440482,40.591341],[-74.440567,40.59184],[-74.440606,40.592065],[-74.44073,40.592795],[-74.440776,40.593066],[-74.440849,40.593495],[-74.440888,40.593722],[-74.440968,40.593876],[-74.441047,40.593925],[-74.440966,40.593991],[-74.440914,40.594046],[-74.440431,40.594467],[-74.440355,40.594528],[-74.439871,40.594956],[-74.438698,40.595992]]]}},{"type":"Feature","properties":{"zip":"07935","name":"07935"},"geometry":{"type":"Polygon","coordinates":[[[-74.451328,40.729515],[-74.451579,40.728879],[-74.451848,40.728393],[-74.452001,40.728224],[-74.452542,40.727898],[-74.453029,40.727494],[-74.453203,40.727439],[-74.45377,40.727309],[-74.455405,40.726952],[-74.45644,40.726771],[-74.457082,40.726867],[-74.457553,40.726937],[-74.457773,40.726946],[-74.457774,40.727074],[-74.457765,40.727269],[-74.457749,40.727351],[-74.457706,40.727489],[-74.457672,40.727574],[-74.457585,40.727726],[-74.457447,40.727911],[-74.45736,40.728003],[-74.457147,40.728188],[-74.456028,40.729116],[-74.455413,40.729589],[-74.455304,40.729688],[-74.455256,40.72974],[-74.455211,40.729813],[-74.455192,40.729857],[-74.455183,40.729918],[-74.455185,40.729972],[-74.455224,40.730078],[-74.455286,40.730205],[-74.455301,40.730237],[-74.455622,40.730827],[-74.455739,40.731029],[-74.455905,40.731359],[-74.455944,40.731451],[-74.455999,40.731633],[-74.456014,40.73171],[-74.456024,40.731795],[-74.456023,40.731945],[-74.456014,40.732016],[-74.455999,40.732072],[-74.455951,40.73219],[-74.45579,40.732456],[-74.455723,40.732618],[-74.455694,40.73272],[-74.455668,40.732841],[-74.455615,40.733216],[-74.455595,40.733358],[-74.455536,40.733904],[-74.455533,40.733986],[-74.455537,40.734082],[-74.45556,40.73422],[-74.455658,40.734542],[-74.455662,40.73457],[-74.455671,40.73463],[-74.455667,40.734669],[-74.455736,40.734752],[-74.455801,40.734798],[-74.455868,40.734817],[-74.455991,40.734805],[-74.45662,40.734758],[-74.457584,40.734654],[-74.457917,40.734628],[-74.45842,40.734599],[-74.458414,40.734702],[-74.458449,40.734985],[-74.458397,40.735153],[-74.458187,40.735701],[-74.458074,40.735832],[-74.457988,40.735866],[-74.457798,40.735876],[-74.457675,40.735946],[-74.457635,40.736001],[-74.457549,40.736202],[-74.457286,40.736505],[-74.457264,40.736639],[-74.457186,40.737214],[-74.457205,40.737591],[-74.45726,40.737709],[-74.457376,40.737775],[-74.45784,40.737957],[-74.458557,40.738178],[-74.458597,40.738235],[-74.458597,40.738385],[-74.458566,40.738525],[-74.458442,40.738898],[-74.458449,40.739107],[-74.458545,40.739279],[-74.458652,40.739525],[-74.458652,40.73955],[-74.458649,40.739575],[-74.458654,40.73962],[-74.458658,40.739731],[-74.458797,40.73992],[-74.458744,40.740303],[-74.458786,40.740771],[-74.458682,40.741243],[-74.458686,40.741457],[-74.458924,40.741915],[-74.458984,40.742647],[-74.45915,40.743411],[-74.459157,40.743428],[-74.459105,40.743408],[-74.459039,40.743375],[-74.458975,40.743326],[-74.45891,40.743261],[-74.458793,40.743121],[-74.458709,40.743008],[-74.458637,40.742887],[-74.458591,40.742798],[-74.458543,40.74266],[-74.458482,40.742521],[-74.458397,40.742345],[-74.458326,40.742216],[-74.45823,40.742059],[-74.458091,40.741875],[-74.458002,40.741777],[-74.457921,40.741696],[-74.457792,40.741592],[-74.457663,40.741495],[-74.456848,40.740932],[-74.456746,40.740854],[-74.456371,40.741832],[-74.456245,40.742125],[-74.456046,40.742642],[-74.455836,40.743224],[-74.4554,40.744427],[-74.454747,40.746246],[-74.454734,40.746282],[-74.454456,40.747255],[-74.454367,40.747534],[-74.454288,40.747769],[-74.454129,40.748245],[-74.454013,40.748573],[-74.453426,40.750235],[-74.452607,40.752626],[-74.452454,40.753094],[-74.452402,40.753142],[-74.452317,40.753182],[-74.451577,40.753269],[-74.451434,40.75328],[-74.451305,40.753285],[-74.45117,40.753284],[-74.45078,40.753256],[-74.450687,40.753242],[-74.449677,40.753066],[-74.4487,40.752878],[-74.448081,40.752746],[-74.447588,40.752632],[-74.447411,40.752591],[-74.447196,40.75256],[-74.447068,40.752552],[-74.446842,40.752551],[-74.446601,40.752591],[-74.445935,40.752729],[-74.443042,40.753355],[-74.442166,40.75354],[-74.441669,40.753651],[-74.441272,40.753731],[-74.441088,40.753758],[-74.440863,40.753778],[-74.440506,40.753782],[-74.44007,40.753761],[-74.439548,40.753724],[-74.439035,40.753681],[-74.438658,40.75363],[-74.438613,40.753582],[-74.438534,40.753508],[-74.438505,40.753384],[-74.43849,40.75332],[-74.438528,40.753088],[-74.438532,40.752905],[-74.438509,40.752784],[-74.438414,40.752582],[-74.438198,40.752308],[-74.437528,40.751496],[-74.437236,40.751151],[-74.436889,40.750756],[-74.436344,40.750161],[-74.436232,40.750006],[-74.43609,40.749779],[-74.436001,40.74962],[-74.435543,40.748865],[-74.435028,40.748108],[-74.434856,40.74789],[-74.434702,40.747732],[-74.434679,40.747716],[-74.434527,40.74758],[-74.434486,40.747547],[-74.434395,40.747486],[-74.434255,40.747384],[-74.433931,40.747158],[-74.433891,40.74713],[-74.433726,40.747029],[-74.433596,40.746958],[-74.433398,40.746869],[-74.43322,40.746797],[-74.432999,40.746715],[-74.432394,40.746509],[-74.432156,40.746447],[-74.432591,40.746092],[-74.433192,40.745633],[-74.433739,40.745181],[-74.434174,40.744787],[-74.434526,40.744417],[-74.435096,40.743825],[-74.435344,40.74358],[-74.435443,40.7435],[-74.435635,40.743346],[-74.436239,40.742942],[-74.436418,40.742841],[-74.436662,40.742691],[-74.436983,40.742471],[-74.437449,40.742089],[-74.437561,40.741997],[-74.437879,40.74175],[-74.438047,40.741641],[-74.438285,40.741528],[-74.438882,40.741305],[-74.439761,40.740948],[-74.440641,40.740567],[-74.441508,40.740176],[-74.444308,40.738929],[-74.444089,40.738476],[-74.443988,40.738293],[-74.44361,40.737649],[-74.443445,40.737334],[-74.44316,40.736849],[-74.443013,40.736583],[-74.44294,40.736404],[-74.442899,40.73624],[-74.44289,40.73607],[-74.442891,40.735942],[-74.441043,40.736868],[-74.440925,40.73675],[-74.440868,40.736682],[-74.440977,40.736595],[-74.441326,40.736617],[-74.441386,40.736606],[-74.44142,40.736542],[-74.441287,40.736339],[-74.441251,40.736242],[-74.441309,40.736072],[-74.441482,40.735928],[-74.441535,40.735865],[-74.441485,40.735672],[-74.441482,40.7356],[-74.441631,40.735573],[-74.441732,40.735545],[-74.441744,40.735486],[-74.441719,40.735391],[-74.441596,40.735225],[-74.441463,40.735085],[-74.441196,40.734872],[-74.441112,40.734833],[-74.440979,40.734785],[-74.440803,40.734753],[-74.440706,40.734761],[-74.440613,40.734783],[-74.440511,40.734815],[-74.440437,40.734854],[-74.440276,40.734981],[-74.439847,40.735486],[-74.439659,40.735794],[-74.439595,40.736006],[-74.439682,40.736043],[-74.440766,40.7362],[-74.44084,40.736254],[-74.440861,40.736338],[-74.44084,40.73642],[-74.440728,40.736462],[-74.43996,40.736404],[-74.439713,40.736421],[-74.439362,40.736666],[-74.439304,40.736718],[-74.439214,40.73673],[-74.439168,40.736712],[-74.439089,40.736663],[-74.439018,40.7366],[-74.438984,40.736559],[-74.438974,40.736496],[-74.438968,40.736341],[-74.438956,40.736262],[-74.438882,40.736149],[-74.438802,40.736064],[-74.438762,40.736034],[-74.438707,40.736011],[-74.438636,40.735989],[-74.438564,40.73598],[-74.438464,40.735982],[-74.438267,40.735995],[-74.437821,40.735998],[-74.437733,40.735995],[-74.437644,40.735978],[-74.437473,40.735922],[-74.437348,40.73587],[-74.437298,40.735818],[-74.437292,40.735759],[-74.437335,40.735658],[-74.437441,40.735252],[-74.437467,40.735121],[-74.436631,40.735251],[-74.434311,40.735493],[-74.432798,40.736704],[-74.43278,40.73665],[-74.432723,40.736556],[-74.43261,40.736434],[-74.432547,40.736375],[-74.432481,40.736336],[-74.432387,40.736296],[-74.432133,40.736351],[-74.432041,40.736414],[-74.431781,40.736611],[-74.431672,40.73668],[-74.431507,40.736775],[-74.43134,40.736918],[-74.431249,40.736954],[-74.431175,40.736971],[-74.431059,40.736987],[-74.430837,40.737006],[-74.430678,40.737003],[-74.430564,40.73698],[-74.430504,40.736946],[-74.430375,40.736929],[-74.43032,40.736951],[-74.43029,40.736982],[-74.430268,40.737018],[-74.430218,40.737168],[-74.430219,40.73725],[-74.430231,40.737293],[-74.430256,40.737331],[-74.430317,40.737372],[-74.430373,40.737397],[-74.430409,40.737428],[-74.430431,40.73748],[-74.430428,40.737538],[-74.430416,40.73759],[-74.430379,40.737634],[-74.430316,40.737672],[-74.430213,40.7377],[-74.430076,40.73769],[-74.429811,40.737629],[-74.429717,40.73759],[-74.429662,40.73756],[-74.429588,40.737501],[-74.429547,40.737425],[-74.429537,40.737375],[-74.429537,40.737159],[-74.429561,40.736852],[-74.429547,40.736787],[-74.429496,40.736718],[-74.429265,40.736644],[-74.429207,40.736636],[-74.429068,40.736632],[-74.428674,40.736668],[-74.428488,40.736674],[-74.428419,40.73667],[-74.428375,40.736652],[-74.428308,40.736575],[-74.428298,40.736522],[-74.428307,40.736483],[-74.428331,40.736435],[-74.428578,40.736123],[-74.428643,40.736067],[-74.428724,40.736072],[-74.428786,40.736092],[-74.428829,40.736115],[-74.429048,40.73625],[-74.429158,40.736292],[-74.429258,40.736308],[-74.42936,40.736282],[-74.429453,40.736237],[-74.4295,40.736201],[-74.429597,40.73609],[-74.429686,40.736021],[-74.430089,40.735739],[-74.430391,40.735555],[-74.430623,40.735395],[-74.430765,40.735285],[-74.430796,40.735239],[-74.430807,40.735143],[-74.430783,40.73509],[-74.430731,40.735028],[-74.430591,40.734904],[-74.430449,40.734831],[-74.430366,40.734822],[-74.430319,40.734874],[-74.430269,40.734968],[-74.430234,40.735058],[-74.430055,40.735274],[-74.429962,40.735368],[-74.429846,40.735466],[-74.429468,40.735748],[-74.429368,40.735812],[-74.429306,40.735841],[-74.429199,40.735878],[-74.429116,40.735888],[-74.429044,40.735882],[-74.428959,40.735859],[-74.42863,40.73568],[-74.428546,40.735647],[-74.428403,40.7356],[-74.428027,40.735495],[-74.427864,40.735482],[-74.427761,40.735481],[-74.427615,40.735496],[-74.427523,40.735511],[-74.427398,40.735543],[-74.427347,40.735562],[-74.427258,40.735603],[-74.427155,40.735664],[-74.426906,40.73583],[-74.426846,40.735846],[-74.426785,40.735839],[-74.426747,40.735816],[-74.426704,40.735779],[-74.426611,40.735657],[-74.426538,40.735528],[-74.426537,40.735456],[-74.426615,40.735239],[-74.426655,40.735147],[-74.426661,40.735087],[-74.426656,40.735048],[-74.426553,40.734865],[-74.426538,40.734787],[-74.426579,40.734733],[-74.426812,40.73474],[-74.426913,40.734755],[-74.427076,40.734768],[-74.427128,40.734768],[-74.42719,40.734753],[-74.427233,40.734724],[-74.427277,40.734685],[-74.427366,40.734579],[-74.42741,40.734512],[-74.427436,40.734457],[-74.42746,40.734387],[-74.42747,40.734326],[-74.427468,40.734278],[-74.427424,40.734167],[-74.427319,40.734013],[-74.427149,40.73385],[-74.427121,40.733787],[-74.427116,40.733689],[-74.427159,40.73363],[-74.427243,40.733584],[-74.427377,40.733527],[-74.427376,40.733482],[-74.427336,40.733444],[-74.427273,40.733422],[-74.427185,40.733414],[-74.427118,40.733413],[-74.426952,40.733428],[-74.426877,40.73347],[-74.426743,40.733577],[-74.426663,40.733625],[-74.426605,40.733653],[-74.426514,40.733689],[-74.426447,40.733707],[-74.426346,40.733707],[-74.426292,40.733701],[-74.426091,40.73365],[-74.426062,40.73359],[-74.426053,40.73352],[-74.426062,40.733366],[-74.426048,40.733344],[-74.425556,40.733778],[-74.424466,40.734709],[-74.42443,40.734745],[-74.424407,40.73479],[-74.424381,40.734759],[-74.424382,40.734726],[-74.426029,40.73079],[-74.426842,40.729088],[-74.429727,40.727462],[-74.429684,40.727401],[-74.429965,40.727255],[-74.437223,40.723493],[-74.43757,40.723426],[-74.437925,40.72328],[-74.438275,40.723076],[-74.438727,40.722908],[-74.438926,40.722944],[-74.439101,40.722898],[-74.440364,40.72233],[-74.442721,40.721214],[-74.446445,40.719586],[-74.447002,40.71931],[-74.447841,40.718904],[-74.448161,40.718817],[-74.448509,40.718673],[-74.448555,40.718667],[-74.448618,40.71867],[-74.448773,40.718717],[-74.448883,40.71873],[-74.448961,40.718746],[-74.449065,40.718807],[-74.449115,40.718872],[-74.449296,40.718869],[-74.449337,40.718874],[-74.449427,40.718903],[-74.449475,40.718907],[-74.44956,40.718892],[-74.449736,40.718831],[-74.450549,40.725065],[-74.450571,40.726074],[-74.450829,40.726306],[-74.451328,40.729515]]]}},{"type":"Feature","properties":{"zip":"07920","name":"07920"},"geometry":{"type":"Polygon","coordinates":[[[-74.588871,40.684139],[-74.588937,40.684363],[-74.589156,40.685113],[-74.589399,40.686103],[-74.589658,40.68698],[-74.589812,40.687505],[-74.589906,40.687882],[-74.589689,40.687876],[-74.589802,40.688239],[-74.591027,40.692784],[-74.594038,40.693192],[-74.597563,40.697159],[-74.597843,40.697474],[-74.595549,40.698169],[-74.590109,40.699465],[-74.582131,40.702081],[-74.581514,40.702285],[-74.580793,40.702524],[-74.577212,40.703567],[-74.573686,40.704562],[-74.571361,40.704976],[-74.570112,40.705277],[-74.567761,40.706455],[-74.566102,40.708036],[-74.56529,40.709013],[-74.563123,40.711173],[-74.562648,40.711589],[-74.561878,40.712298],[-74.560443,40.713599],[-74.559833,40.714137],[-74.557413,40.716684],[-74.556246,40.717896],[-74.556141,40.717909],[-74.555852,40.718007],[-74.555794,40.718006],[-74.555346,40.71814],[-74.55518,40.718193],[-74.555022,40.718238],[-74.554848,40.718309],[-74.554683,40.718399],[-74.554524,40.718497],[-74.55438,40.718605],[-74.55431,40.718648],[-74.554236,40.718694],[-74.554135,40.718775],[-74.553968,40.718873],[-74.553708,40.719016],[-74.553535,40.719106],[-74.55337,40.719159],[-74.5533,40.719188],[-74.55409,40.720037],[-74.554322,40.720278],[-74.555477,40.721368],[-74.555301,40.722],[-74.552547,40.722803],[-74.556359,40.724807],[-74.558624,40.725972],[-74.559663,40.726507],[-74.560994,40.727192],[-74.564013,40.728933],[-74.563703,40.729413],[-74.563661,40.729469],[-74.563643,40.729522],[-74.563613,40.730158],[-74.563589,40.730214],[-74.563545,40.730267],[-74.563446,40.730332],[-74.563202,40.730469],[-74.563138,40.730486],[-74.562932,40.730512],[-74.562706,40.730519],[-74.562504,40.730547],[-74.561999,40.730659],[-74.561788,40.730769],[-74.560814,40.731351],[-74.56023,40.731747],[-74.560019,40.731923],[-74.559936,40.732015],[-74.559896,40.732086],[-74.559669,40.732728],[-74.559605,40.73282],[-74.559569,40.732849],[-74.55896,40.733126],[-74.558772,40.733201],[-74.558571,40.73326],[-74.558106,40.733376],[-74.557989,40.733418],[-74.557893,40.733463],[-74.557732,40.733569],[-74.557446,40.733896],[-74.556975,40.73455],[-74.55681,40.734716],[-74.556731,40.73478],[-74.558357,40.735886],[-74.55856,40.736104],[-74.554792,40.73805],[-74.555017,40.738072],[-74.555041,40.738079],[-74.555056,40.738098],[-74.555046,40.73812],[-74.555012,40.738142],[-74.554622,40.738301],[-74.554325,40.738526],[-74.5536,40.739164],[-74.553288,40.739371],[-74.552524,40.739751],[-74.552349,40.739821],[-74.552071,40.739917],[-74.551958,40.739985],[-74.55188,40.740055],[-74.551714,40.740247],[-74.551395,40.740677],[-74.551214,40.740987],[-74.550874,40.741426],[-74.551,40.741437],[-74.551124,40.741443],[-74.551183,40.741447],[-74.551134,40.741483],[-74.551148,40.741543],[-74.550988,40.741647],[-74.550866,40.741701],[-74.55048,40.741754],[-74.550108,40.741681],[-74.549892,40.741562],[-74.5498,40.741383],[-74.549757,40.741324],[-74.548999,40.740994],[-74.548998,40.740947],[-74.548985,40.740884],[-74.548979,40.740855],[-74.548972,40.740823],[-74.548981,40.740795],[-74.548989,40.740767],[-74.54901,40.740697],[-74.549016,40.74068],[-74.549122,40.740396],[-74.54908,40.740052],[-74.54896,40.739746],[-74.548841,40.739517],[-74.548765,40.739315],[-74.548763,40.739145],[-74.548796,40.739041],[-74.548852,40.738948],[-74.54885,40.738838],[-74.54863,40.73862],[-74.548534,40.738468],[-74.548493,40.738211],[-74.548532,40.737975],[-74.548616,40.737782],[-74.548683,40.737556],[-74.548725,40.737441],[-74.548688,40.737392],[-74.548579,40.73736],[-74.54852,40.737317],[-74.548477,40.737257],[-74.548624,40.737042],[-74.548557,40.73695],[-74.548448,40.736858],[-74.548487,40.736676],[-74.548677,40.73634],[-74.548718,40.736241],[-74.548738,40.736131],[-74.548744,40.736055],[-74.548735,40.735994],[-74.548618,40.735935],[-74.54863,40.735904],[-74.548611,40.735883],[-74.548571,40.735796],[-74.548579,40.735658],[-74.54862,40.735561],[-74.548831,40.735325],[-74.548856,40.735298],[-74.549008,40.735084],[-74.549099,40.734957],[-74.549172,40.734884],[-74.549261,40.734777],[-74.549335,40.734612],[-74.54937,40.734493],[-74.549371,40.734475],[-74.549409,40.734139],[-74.549412,40.734018],[-74.549388,40.733933],[-74.549337,40.73387],[-74.54922,40.733803],[-74.549086,40.73376],[-74.549036,40.733754],[-74.548928,40.733741],[-74.548708,40.73374],[-74.548592,40.733752],[-74.548537,40.733771],[-74.548328,40.733842],[-74.548227,40.73387],[-74.548106,40.733897],[-74.547815,40.73388],[-74.547727,40.733875],[-74.547426,40.733858],[-74.547229,40.733854],[-74.547126,40.733864],[-74.546559,40.73408],[-74.546401,40.734129],[-74.546379,40.73413],[-74.54625,40.734134],[-74.546096,40.734118],[-74.546033,40.734104],[-74.545999,40.734082],[-74.545984,40.734072],[-74.545913,40.733958],[-74.545875,40.733921],[-74.545861,40.733911],[-74.545079,40.733136],[-74.54487,40.733101],[-74.544772,40.733121],[-74.544695,40.733137],[-74.544596,40.733159],[-74.544061,40.733207],[-74.542958,40.733179],[-74.542835,40.733176],[-74.542051,40.733199],[-74.541721,40.733341],[-74.541351,40.733403],[-74.540928,40.733521],[-74.540805,40.733575],[-74.540577,40.73374],[-74.54056,40.733753],[-74.540468,40.733785],[-74.540349,40.733812],[-74.540226,40.73383],[-74.540113,40.733819],[-74.540061,40.733814],[-74.540018,40.733799],[-74.539981,40.733786],[-74.539961,40.733778],[-74.53994,40.733767],[-74.539907,40.733749],[-74.539867,40.733667],[-74.539863,40.733419],[-74.539828,40.733341],[-74.539786,40.733283],[-74.539519,40.732996],[-74.539452,40.732965],[-74.539264,40.732905],[-74.539193,40.732859],[-74.539177,40.73284],[-74.539117,40.73277],[-74.53905,40.73267],[-74.538973,40.732518],[-74.538859,40.732402],[-74.538663,40.732301],[-74.538464,40.732226],[-74.538283,40.732181],[-74.537981,40.732125],[-74.537957,40.73212],[-74.537838,40.732098],[-74.537615,40.732002],[-74.537496,40.731981],[-74.537365,40.731965],[-74.537316,40.731959],[-74.537299,40.731957],[-74.537213,40.731946],[-74.537201,40.731945],[-74.537078,40.731903],[-74.536864,40.731874],[-74.536757,40.731824],[-74.53664,40.73172],[-74.536538,40.731613],[-74.536483,40.731526],[-74.536463,40.731461],[-74.536448,40.731221],[-74.536444,40.731163],[-74.536384,40.731149],[-74.536288,40.731142],[-74.536207,40.731161],[-74.536164,40.731176],[-74.536073,40.73121],[-74.53599,40.731208],[-74.535878,40.731194],[-74.535717,40.731165],[-74.535626,40.731129],[-74.535557,40.731095],[-74.535413,40.731025],[-74.535324,40.730968],[-74.535215,40.730879],[-74.535026,40.7307],[-74.534907,40.730632],[-74.534883,40.730646],[-74.534517,40.730848],[-74.534347,40.730917],[-74.534219,40.730953],[-74.534074,40.730976],[-74.533716,40.73099],[-74.533056,40.73098],[-74.532785,40.730966],[-74.532678,40.730955],[-74.532416,40.730902],[-74.532132,40.730813],[-74.531996,40.730763],[-74.531804,40.730674],[-74.531458,40.730457],[-74.531037,40.730118],[-74.53097,40.730054],[-74.530843,40.729823],[-74.53078,40.729709],[-74.530675,40.729539],[-74.530448,40.729271],[-74.530329,40.729163],[-74.530217,40.729068],[-74.530041,40.728824],[-74.52995,40.728723],[-74.529823,40.728616],[-74.529524,40.728479],[-74.528979,40.728287],[-74.528913,40.728253],[-74.52887,40.728232],[-74.528827,40.728133],[-74.528853,40.728004],[-74.528925,40.727796],[-74.52916,40.727421],[-74.529241,40.727249],[-74.529358,40.726781],[-74.52938,40.726693],[-74.529446,40.726548],[-74.529459,40.726529],[-74.529707,40.726173],[-74.529957,40.725901],[-74.530175,40.725744],[-74.530444,40.725551],[-74.530439,40.725545],[-74.530409,40.725488],[-74.530391,40.725352],[-74.530376,40.72528],[-74.530364,40.724888],[-74.530431,40.724521],[-74.530511,40.724257],[-74.53066,40.723956],[-74.530759,40.72373],[-74.530889,40.72328],[-74.530998,40.723013],[-74.531057,40.722817],[-74.53153,40.721309],[-74.531525,40.721277],[-74.531512,40.721215],[-74.531479,40.721218],[-74.531348,40.721244],[-74.531248,40.721286],[-74.531148,40.721349],[-74.531047,40.721467],[-74.530971,40.721597],[-74.530938,40.721731],[-74.530912,40.721877],[-74.53092,40.721987],[-74.530924,40.722039],[-74.530955,40.722169],[-74.53098,40.722321],[-74.530988,40.72247],[-74.530985,40.7225],[-74.530977,40.72262],[-74.530938,40.722761],[-74.530885,40.722919],[-74.530815,40.723058],[-74.530694,40.723225],[-74.530545,40.72334],[-74.530374,40.723443],[-74.529802,40.723701],[-74.529513,40.723843],[-74.529294,40.723965],[-74.528862,40.724254],[-74.528689,40.724357],[-74.528598,40.724406],[-74.528452,40.724475],[-74.528293,40.724515],[-74.528383,40.724591],[-74.528422,40.724651],[-74.528425,40.724697],[-74.528422,40.724749],[-74.528229,40.725057],[-74.528072,40.725297],[-74.527897,40.725586],[-74.527621,40.726087],[-74.527318,40.726677],[-74.527228,40.726881],[-74.526986,40.727384],[-74.526906,40.727534],[-74.526827,40.72772],[-74.526649,40.728232],[-74.52659,40.72834],[-74.526481,40.728516],[-74.526343,40.728713],[-74.526123,40.728998],[-74.526027,40.729133],[-74.52601,40.729159],[-74.52595,40.729253],[-74.525873,40.729436],[-74.525812,40.729568],[-74.525655,40.729905],[-74.525645,40.729927],[-74.525568,40.730129],[-74.525395,40.730515],[-74.525326,40.730766],[-74.525265,40.731293],[-74.525236,40.731373],[-74.525203,40.731436],[-74.525199,40.731444],[-74.525127,40.731545],[-74.525034,40.731654],[-74.524694,40.731959],[-74.524569,40.732086],[-74.524529,40.732139],[-74.52451,40.7322],[-74.524505,40.732264],[-74.524516,40.732335],[-74.524585,40.732534],[-74.524611,40.732625],[-74.524617,40.732692],[-74.524601,40.732751],[-74.524569,40.732811],[-74.524479,40.732894],[-74.524429,40.732935],[-74.524338,40.73301],[-74.524098,40.733219],[-74.524043,40.733316],[-74.524021,40.733387],[-74.524027,40.733468],[-74.524059,40.733535],[-74.524162,40.733628],[-74.524269,40.733706],[-74.524428,40.733814],[-74.524564,40.733917],[-74.524931,40.734224],[-74.524995,40.734277],[-74.525123,40.734374],[-74.525572,40.734689],[-74.52614,40.735232],[-74.526312,40.735645],[-74.526255,40.735912],[-74.526135,40.736189],[-74.526043,40.736476],[-74.525913,40.736513],[-74.525754,40.736581],[-74.525507,40.736734],[-74.525337,40.736853],[-74.525185,40.736952],[-74.524808,40.737224],[-74.52457,40.737408],[-74.524355,40.737566],[-74.524055,40.737788],[-74.523754,40.738004],[-74.523685,40.738054],[-74.523574,40.738141],[-74.522919,40.738593],[-74.522729,40.738707],[-74.522642,40.738739],[-74.522558,40.738758],[-74.522473,40.73877],[-74.522397,40.738772],[-74.52234,40.738775],[-74.522238,40.73877],[-74.522199,40.738765],[-74.521922,40.738732],[-74.521365,40.738704],[-74.52119,40.738698],[-74.520837,40.738685],[-74.520604,40.738677],[-74.520357,40.738657],[-74.520258,40.738644],[-74.520153,40.738631],[-74.520044,40.738606],[-74.519259,40.738429],[-74.519,40.738379],[-74.518083,40.738243],[-74.517693,40.738164],[-74.51755,40.73813],[-74.517255,40.738043],[-74.51707,40.737984],[-74.516761,40.737866],[-74.516708,40.737846],[-74.516466,40.737775],[-74.516317,40.737743],[-74.516251,40.73773],[-74.51581,40.737657],[-74.515332,40.737551],[-74.515132,40.737498],[-74.514777,40.737411],[-74.514631,40.737366],[-74.514415,40.737292],[-74.514282,40.737229],[-74.514138,40.737142],[-74.513922,40.736991],[-74.513897,40.736972],[-74.513403,40.736594],[-74.513291,40.736515],[-74.512866,40.736216],[-74.512728,40.736112],[-74.512656,40.736064],[-74.512532,40.73598],[-74.51233,40.73586],[-74.512026,40.735649],[-74.511844,40.735508],[-74.511693,40.735405],[-74.511318,40.735148],[-74.511115,40.735015],[-74.510956,40.734922],[-74.510472,40.734665],[-74.51066,40.734373],[-74.510738,40.734242],[-74.510653,40.734215],[-74.510557,40.734202],[-74.510426,40.734197],[-74.510211,40.734206],[-74.510174,40.734035],[-74.510132,40.733931],[-74.510098,40.733849],[-74.509965,40.733574],[-74.509907,40.733472],[-74.509971,40.733256],[-74.510013,40.732885],[-74.510007,40.732674],[-74.509988,40.732626],[-74.509865,40.732435],[-74.509844,40.732251],[-74.509876,40.732028],[-74.509927,40.73179],[-74.509972,40.7317],[-74.510079,40.73145],[-74.510214,40.731303],[-74.510362,40.731201],[-74.510429,40.731108],[-74.510542,40.731016],[-74.510603,40.730919],[-74.510738,40.730652],[-74.510831,40.730421],[-74.510852,40.730295],[-74.510866,40.730081],[-74.5109,40.72997],[-74.510909,40.72963],[-74.510965,40.729237],[-74.511141,40.728373],[-74.511262,40.72787],[-74.511299,40.727547],[-74.511318,40.727519],[-74.511332,40.727493],[-74.51141,40.726931],[-74.511524,40.726568],[-74.51152,40.726473],[-74.511485,40.726405],[-74.511342,40.726217],[-74.51131,40.726096],[-74.511303,40.725984],[-74.51114,40.725621],[-74.511135,40.72533],[-74.511158,40.725179],[-74.511226,40.725019],[-74.511273,40.72497],[-74.511336,40.724944],[-74.511534,40.724888],[-74.511549,40.724747],[-74.511458,40.72377],[-74.511447,40.723328],[-74.511456,40.722029],[-74.511381,40.721876],[-74.511375,40.721829],[-74.511075,40.721806],[-74.511182,40.721747],[-74.512398,40.721394],[-74.512625,40.721297],[-74.512728,40.721245],[-74.512793,40.721204],[-74.512869,40.721004],[-74.512877,40.720951],[-74.512909,40.720902],[-74.512945,40.720822],[-74.512985,40.720771],[-74.51349,40.720553],[-74.513708,40.720405],[-74.513791,40.720358],[-74.513903,40.720311],[-74.51405,40.720284],[-74.514263,40.72029],[-74.514464,40.720276],[-74.515262,40.720061],[-74.515912,40.719843],[-74.516124,40.719764],[-74.516288,40.719678],[-74.516391,40.719598],[-74.516598,40.719367],[-74.516906,40.71908],[-74.517127,40.718802],[-74.517511,40.71848],[-74.517554,40.718413],[-74.517579,40.718328],[-74.517624,40.717787],[-74.517629,40.717238],[-74.51758,40.716839],[-74.517539,40.716645],[-74.517499,40.716461],[-74.51746,40.716372],[-74.517394,40.716302],[-74.517294,40.716207],[-74.517061,40.716037],[-74.5163,40.715531],[-74.515844,40.715268],[-74.515177,40.714787],[-74.514661,40.714465],[-74.514362,40.714292],[-74.514487,40.714235],[-74.514663,40.714178],[-74.514974,40.714138],[-74.515084,40.714112],[-74.51546,40.713828],[-74.51557,40.713739],[-74.515617,40.713684],[-74.515735,40.713549],[-74.515813,40.713417],[-74.515839,40.71333],[-74.515808,40.712929],[-74.515812,40.712735],[-74.515919,40.712261],[-74.515936,40.712115],[-74.515907,40.711782],[-74.515832,40.711392],[-74.515807,40.71123],[-74.515821,40.711141],[-74.515845,40.711082],[-74.515916,40.710981],[-74.51605,40.710856],[-74.516475,40.710597],[-74.516536,40.710544],[-74.516583,40.710475],[-74.516578,40.710425],[-74.516427,40.710298],[-74.516249,40.710167],[-74.516046,40.71006],[-74.515944,40.709996],[-74.515881,40.709937],[-74.515811,40.70983],[-74.515714,40.709578],[-74.515696,40.709421],[-74.515694,40.709195],[-74.515773,40.708452],[-74.515792,40.708312],[-74.515823,40.708212],[-74.515891,40.708091],[-74.516202,40.707778],[-74.516418,40.70753],[-74.516515,40.707412],[-74.516727,40.707087],[-74.516888,40.706713],[-74.516978,40.706555],[-74.517013,40.706504],[-74.517079,40.706409],[-74.517157,40.70632],[-74.517366,40.706173],[-74.517474,40.70607],[-74.517613,40.705908],[-74.517719,40.705753],[-74.517771,40.70562],[-74.517793,40.705529],[-74.517796,40.705463],[-74.517878,40.705385],[-74.517718,40.704815],[-74.517714,40.704796],[-74.517622,40.704378],[-74.517382,40.704079],[-74.517263,40.703833],[-74.517132,40.703729],[-74.516869,40.703595],[-74.516767,40.7035],[-74.516761,40.703374],[-74.516841,40.703193],[-74.516835,40.703076],[-74.516641,40.702752],[-74.516801,40.702397],[-74.516801,40.702263],[-74.516717,40.702201],[-74.515903,40.702261],[-74.515381,40.702221],[-74.515001,40.701983],[-74.514858,40.701882],[-74.514047,40.701199],[-74.513864,40.701001],[-74.513838,40.700852],[-74.513995,40.700862],[-74.5141,40.700932],[-74.514243,40.700949],[-74.514352,40.700889],[-74.514374,40.700816],[-74.514393,40.700635],[-74.514417,40.700329],[-74.514413,40.700237],[-74.514317,40.700084],[-74.513903,40.700053],[-74.513838,40.69987],[-74.513864,40.699701],[-74.513668,40.699602],[-74.513511,40.699523],[-74.513537,40.699384],[-74.513699,40.699201],[-74.513853,40.698545],[-74.513699,40.697701],[-74.513608,40.697339],[-74.513903,40.696695],[-74.514433,40.696412],[-74.514945,40.695756],[-74.515148,40.695029],[-74.514959,40.694926],[-74.514494,40.69487],[-74.514391,40.694674],[-74.514409,40.694545],[-74.51441,40.694532],[-74.514418,40.694406],[-74.514823,40.694183],[-74.515263,40.69394],[-74.516244,40.693217],[-74.516251,40.693212],[-74.516422,40.693164],[-74.516517,40.693138],[-74.51674,40.693142],[-74.516888,40.69324],[-74.516968,40.693293],[-74.516993,40.693312],[-74.517615,40.693773],[-74.51838,40.693847],[-74.518501,40.693859],[-74.519025,40.693443],[-74.519077,40.692029],[-74.518924,40.69167],[-74.518466,40.691485],[-74.517798,40.691302],[-74.51675,40.690569],[-74.51666,40.689688],[-74.516849,40.689251],[-74.517277,40.68887],[-74.518511,40.688564],[-74.519214,40.68852],[-74.519992,40.688471],[-74.520214,40.688471],[-74.520692,40.688466],[-74.521475,40.688459],[-74.523144,40.689514],[-74.52373,40.689538],[-74.523753,40.689539],[-74.524327,40.689354],[-74.524544,40.689047],[-74.524674,40.688864],[-74.524691,40.687946],[-74.524796,40.687608],[-74.525152,40.687471],[-74.525456,40.687428],[-74.525752,40.687084],[-74.526098,40.685698],[-74.526386,40.685161],[-74.527077,40.684898],[-74.527588,40.684593],[-74.527853,40.684434],[-74.528343,40.682738],[-74.528363,40.682698],[-74.528377,40.681876],[-74.528421,40.681675],[-74.528482,40.681394],[-74.528512,40.681253],[-74.528521,40.681203],[-74.528705,40.680127],[-74.528674,40.679785],[-74.528631,40.679718],[-74.528408,40.679405],[-74.527826,40.677508],[-74.527814,40.677469],[-74.527636,40.676766],[-74.527541,40.676393],[-74.527311,40.675483],[-74.5261,40.673601],[-74.52609,40.673527],[-74.526055,40.673274],[-74.526052,40.673256],[-74.525995,40.672852],[-74.525885,40.672067],[-74.52576,40.671172],[-74.52575,40.671099],[-74.525749,40.671087],[-74.525733,40.670942],[-74.525769,40.670584],[-74.526007,40.670284],[-74.52641,40.66996],[-74.52711,40.66971],[-74.527685,40.669633],[-74.528332,40.669633],[-74.528623,40.669563],[-74.528854,40.669435],[-74.529118,40.669179],[-74.529617,40.668206],[-74.530064,40.667399],[-74.530451,40.66708],[-74.530994,40.666962],[-74.531463,40.666962],[-74.532063,40.667055],[-74.532183,40.667192],[-74.532396,40.667436],[-74.532765,40.667772],[-74.533334,40.667898],[-74.533804,40.667868],[-74.534095,40.667716],[-74.534287,40.667454],[-74.534387,40.667256],[-74.534321,40.666954],[-74.534008,40.666654],[-74.533772,40.666217],[-74.534051,40.665675],[-74.534028,40.665595],[-74.533995,40.665483],[-74.533691,40.66543],[-74.533009,40.665619],[-74.531856,40.665761],[-74.531393,40.66567],[-74.531105,40.665614],[-74.530818,40.665469],[-74.530133,40.665123],[-74.529705,40.664819],[-74.529695,40.664803],[-74.529293,40.664154],[-74.529024,40.663485],[-74.528934,40.663018],[-74.528895,40.66288],[-74.528867,40.662782],[-74.528175,40.662247],[-74.527675,40.661915],[-74.526998,40.661509],[-74.526395,40.660992],[-74.525942,40.660804],[-74.525685,40.660797],[-74.525617,40.660706],[-74.526044,40.660278],[-74.526668,40.659778],[-74.526985,40.659584],[-74.527186,40.659265],[-74.527275,40.659123],[-74.52725,40.658824],[-74.527096,40.65863],[-74.526948,40.658554],[-74.526688,40.65842],[-74.526559,40.658208],[-74.526463,40.658052],[-74.526181,40.657267],[-74.526181,40.656683],[-74.525959,40.656184],[-74.52601,40.655139],[-74.526001,40.654711],[-74.526177,40.654409],[-74.526259,40.654292],[-74.526395,40.654097],[-74.526301,40.654],[-74.526102,40.653951],[-74.525835,40.653977],[-74.524597,40.654398],[-74.524141,40.654437],[-74.523868,40.654363],[-74.523838,40.654314],[-74.523723,40.654127],[-74.52377,40.653841],[-74.524074,40.653293],[-74.524454,40.652929],[-74.52587,40.652305],[-74.52619,40.652164],[-74.526111,40.651937],[-74.526104,40.651918],[-74.525729,40.651665],[-74.525044,40.65132],[-74.524787,40.651226],[-74.5245,40.651197],[-74.524296,40.651239],[-74.524121,40.651327],[-74.523804,40.651505],[-74.523463,40.65175],[-74.523223,40.651807],[-74.523077,40.651841],[-74.522825,40.651787],[-74.522675,40.651682],[-74.522603,40.651379],[-74.522558,40.65075],[-74.522454,40.650581],[-74.522074,40.650211],[-74.522078,40.650102],[-74.523153,40.650069],[-74.523669,40.64994],[-74.523972,40.649864],[-74.523881,40.649824],[-74.523769,40.649775],[-74.523722,40.649754],[-74.523632,40.649705],[-74.523627,40.649702],[-74.523637,40.649688],[-74.523823,40.649488],[-74.523862,40.649446],[-74.524155,40.649131],[-74.524472,40.648835],[-74.524728,40.648725],[-74.525004,40.648615],[-74.525047,40.648555],[-74.525122,40.648359],[-74.52521,40.648205],[-74.525412,40.648146],[-74.525817,40.648131],[-74.526097,40.648133],[-74.526321,40.648134],[-74.526734,40.64815],[-74.526819,40.648153],[-74.527017,40.648172],[-74.527082,40.648091],[-74.527133,40.648107],[-74.527157,40.648101],[-74.52729,40.648155],[-74.527404,40.648202],[-74.527857,40.648326],[-74.528045,40.648358],[-74.528245,40.648425],[-74.52862,40.64852],[-74.528877,40.648537],[-74.529013,40.648505],[-74.529367,40.648349],[-74.52954,40.648242],[-74.529857,40.648086],[-74.530171,40.647987],[-74.530319,40.647965],[-74.530546,40.64796],[-74.531014,40.648015],[-74.531156,40.64807],[-74.531414,40.648166],[-74.531511,40.648519],[-74.531535,40.648521],[-74.531583,40.648557],[-74.531679,40.648668],[-74.531727,40.648696],[-74.531973,40.648954],[-74.532003,40.649122],[-74.53206,40.649335],[-74.532147,40.649434],[-74.532402,40.649607],[-74.532489,40.649657],[-74.532572,40.649681],[-74.532735,40.649696],[-74.53296,40.64973],[-74.533004,40.649698],[-74.533296,40.649602],[-74.533451,40.649597],[-74.533537,40.649614],[-74.533585,40.649633],[-74.533767,40.649646],[-74.534048,40.649741],[-74.534256,40.649852],[-74.534572,40.649975],[-74.534838,40.650064],[-74.535191,40.650113],[-74.535297,40.650109],[-74.535328,40.650103],[-74.535785,40.649961],[-74.535896,40.649967],[-74.535993,40.650017],[-74.536115,40.650043],[-74.536367,40.650121],[-74.536599,40.650095],[-74.536844,40.650014],[-74.53696,40.649932],[-74.537263,40.64995],[-74.537352,40.64998],[-74.537432,40.649979],[-74.537476,40.650022],[-74.537609,40.650067],[-74.537701,40.650133],[-74.537699,40.650491],[-74.537776,40.650667],[-74.537883,40.650855],[-74.538017,40.650962],[-74.538213,40.650994],[-74.538493,40.65107],[-74.5385,40.651238],[-74.538611,40.651354],[-74.53869,40.651387],[-74.538734,40.651385],[-74.538773,40.651403],[-74.539133,40.651471],[-74.539313,40.651521],[-74.539543,40.651633],[-74.539729,40.651738],[-74.539967,40.651816],[-74.540277,40.651834],[-74.540508,40.651813],[-74.540776,40.651677],[-74.54085,40.651507],[-74.540932,40.651457],[-74.54111,40.651443],[-74.5413,40.651564],[-74.541416,40.651607],[-74.541605,40.651687],[-74.541743,40.651734],[-74.541843,40.651727],[-74.541951,40.651727],[-74.542052,40.651811],[-74.54221,40.65185],[-74.542384,40.651807],[-74.542563,40.65181],[-74.542692,40.651703],[-74.542818,40.651661],[-74.54297,40.651552],[-74.543103,40.651447],[-74.543273,40.65148],[-74.543334,40.651472],[-74.543433,40.651504],[-74.543555,40.6515],[-74.5437,40.651445],[-74.543816,40.651412],[-74.543896,40.651406],[-74.543974,40.651414],[-74.544097,40.651414],[-74.544185,40.651349],[-74.544358,40.651256],[-74.54446,40.651239],[-74.544542,40.651196],[-74.544705,40.651202],[-74.544834,40.651223],[-74.545004,40.651224],[-74.545305,40.651324],[-74.545368,40.651325],[-74.545552,40.651405],[-74.545763,40.651483],[-74.545936,40.651539],[-74.546033,40.65151],[-74.546149,40.651473],[-74.546261,40.651442],[-74.546399,40.651377],[-74.546536,40.651312],[-74.546918,40.651346],[-74.547229,40.651343],[-74.54728,40.65131],[-74.547503,40.651221],[-74.547563,40.651157],[-74.547728,40.651147],[-74.547951,40.651247],[-74.548073,40.651352],[-74.548353,40.651458],[-74.548656,40.651454],[-74.548859,40.651373],[-74.548997,40.65128],[-74.549142,40.651112],[-74.549238,40.651059],[-74.549275,40.651004],[-74.549339,40.650958],[-74.54949,40.650903],[-74.549695,40.65091],[-74.549866,40.650906],[-74.550003,40.650862],[-74.550063,40.650687],[-74.550179,40.650473],[-74.550268,40.650265],[-74.550312,40.650221],[-74.55042,40.650172],[-74.550565,40.650145],[-74.551149,40.650148],[-74.551466,40.650177],[-74.551641,40.650232],[-74.552113,40.650261],[-74.55244,40.650193],[-74.552809,40.650074],[-74.553149,40.650026],[-74.553431,40.650012],[-74.553755,40.649963],[-74.553915,40.649882],[-74.554038,40.649794],[-74.554327,40.64973],[-74.55442,40.649722],[-74.554464,40.649713],[-74.554612,40.649704],[-74.554903,40.649799],[-74.555414,40.650071],[-74.555643,40.650231],[-74.555858,40.650326],[-74.555924,40.650352],[-74.555991,40.650377],[-74.556018,40.650381],[-74.556088,40.650377],[-74.556357,40.650339],[-74.556547,40.65036],[-74.556647,40.65038],[-74.556857,40.650391],[-74.557163,40.650312],[-74.557208,40.650277],[-74.557477,40.650098],[-74.557802,40.65],[-74.557973,40.649955],[-74.558286,40.649926],[-74.558444,40.649903],[-74.558503,40.649861],[-74.558901,40.649525],[-74.559106,40.649402],[-74.559229,40.649365],[-74.559323,40.649266],[-74.559339,40.649107],[-74.559566,40.648811],[-74.559689,40.64874],[-74.559778,40.648741],[-74.559826,40.648741],[-74.560012,40.64883],[-74.560457,40.648872],[-74.560526,40.648846],[-74.560669,40.6488],[-74.561002,40.648708],[-74.561285,40.648539],[-74.561921,40.648262],[-74.562254,40.648231],[-74.562889,40.648146],[-74.563331,40.648137],[-74.564156,40.648328],[-74.564799,40.648441],[-74.565061,40.64847],[-74.565829,40.648474],[-74.566101,40.648525],[-74.566462,40.648571],[-74.566705,40.64872],[-74.566979,40.648809],[-74.567241,40.648871],[-74.567449,40.649053],[-74.5676,40.64917],[-74.567873,40.649286],[-74.568168,40.649376],[-74.568606,40.649526],[-74.568902,40.649615],[-74.569074,40.649748],[-74.569181,40.64987],[-74.569288,40.650068],[-74.569386,40.650376],[-74.569433,40.650789],[-74.569416,40.651074],[-74.569373,40.651168],[-74.569177,40.651282],[-74.568965,40.651578],[-74.568891,40.651803],[-74.568837,40.652264],[-74.568884,40.652627],[-74.568935,40.65278],[-74.568996,40.652963],[-74.56921,40.65326],[-74.569331,40.65342],[-74.569453,40.653652],[-74.569385,40.65397],[-74.56944,40.654278],[-74.569574,40.654669],[-74.569695,40.654829],[-74.570172,40.654744],[-74.570196,40.654743],[-74.570482,40.654866],[-74.570792,40.654922],[-74.571157,40.65495],[-74.571594,40.655034],[-74.572068,40.65509],[-74.572506,40.655285],[-74.573198,40.65573],[-74.573285,40.656037],[-74.573512,40.655993],[-74.573629,40.655945],[-74.573785,40.655794],[-74.573906,40.655587],[-74.57413,40.655344],[-74.574485,40.655047],[-74.574758,40.654945],[-74.574784,40.654937],[-74.574842,40.654932],[-74.575014,40.654946],[-74.575259,40.654983],[-74.575389,40.654979],[-74.575534,40.654943],[-74.57568,40.654874],[-74.575815,40.654706],[-74.575892,40.654554],[-74.575987,40.654501],[-74.576041,40.654391],[-74.576135,40.654265],[-74.576236,40.65422],[-74.576329,40.654167],[-74.576451,40.653996],[-74.576517,40.653924],[-74.576582,40.653879],[-74.57669,40.653781],[-74.576733,40.653737],[-74.57662,40.653656],[-74.575843,40.653089],[-74.575824,40.653018],[-74.57568,40.652468],[-74.575402,40.651271],[-74.575127,40.650072],[-74.575091,40.649811],[-74.575081,40.649466],[-74.575139,40.648849],[-74.575196,40.648526],[-74.575252,40.648034],[-74.575437,40.647014],[-74.575499,40.646651],[-74.575547,40.64643],[-74.575568,40.646246],[-74.575728,40.645472],[-74.57579,40.645087],[-74.57579,40.644893],[-74.575764,40.64471],[-74.575706,40.644495],[-74.575672,40.644403],[-74.57551,40.64397],[-74.575314,40.643637],[-74.575044,40.643218],[-74.574693,40.64263],[-74.574538,40.64234],[-74.574395,40.642046],[-74.574327,40.641841],[-74.574281,40.641637],[-74.574128,40.640772],[-74.573962,40.639686],[-74.573723,40.638336],[-74.573615,40.638075],[-74.573348,40.636771],[-74.573123,40.635806],[-74.572857,40.634446],[-74.57281,40.634031],[-74.572817,40.633646],[-74.57286,40.633051],[-74.572872,40.632915],[-74.572897,40.632657],[-74.573038,40.632007],[-74.573067,40.631811],[-74.573081,40.631651],[-74.573038,40.631409],[-74.572972,40.631195],[-74.572478,40.63012],[-74.57173,40.628531],[-74.571621,40.628344],[-74.571379,40.627959],[-74.570916,40.627349],[-74.570493,40.626877],[-74.569709,40.625953],[-74.569297,40.625427],[-74.568983,40.625102],[-74.568705,40.624868],[-74.568268,40.624522],[-74.567548,40.624009],[-74.56686,40.623541],[-74.566272,40.623221],[-74.565688,40.622916],[-74.565512,40.622784],[-74.565336,40.622608],[-74.564396,40.6215],[-74.564164,40.62117],[-74.563662,40.620334],[-74.5633,40.619711],[-74.563113,40.619446],[-74.562725,40.618858],[-74.562651,40.618718],[-74.562599,40.618577],[-74.562572,40.618462],[-74.562535,40.618277],[-74.56253,40.617987],[-74.562556,40.617741],[-74.562634,40.617492],[-74.56269,40.617361],[-74.562803,40.617146],[-74.563183,40.616608],[-74.563482,40.616201],[-74.563565,40.616044],[-74.563738,40.615611],[-74.563741,40.615594],[-74.563767,40.615423],[-74.563765,40.615289],[-74.563738,40.61511],[-74.563687,40.614936],[-74.563635,40.614817],[-74.563599,40.614762],[-74.563289,40.614273],[-74.563172,40.614032],[-74.56314,40.613768],[-74.563123,40.613031],[-74.563111,40.612853],[-74.563074,40.612708],[-74.5629,40.612288],[-74.562838,40.612112],[-74.562819,40.611977],[-74.562823,40.611767],[-74.562888,40.611336],[-74.562975,40.611068],[-74.563146,40.610738],[-74.567914,40.613891],[-74.568227,40.614079],[-74.568859,40.614497],[-74.569617,40.614605],[-74.569794,40.614615],[-74.570002,40.614605],[-74.570268,40.614574],[-74.570715,40.614507],[-74.571044,40.614477],[-74.571238,40.614474],[-74.571466,40.614505],[-74.571667,40.614546],[-74.572003,40.614633],[-74.572443,40.614723],[-74.572626,40.614726],[-74.572865,40.614705],[-74.572901,40.614661],[-74.572954,40.614636],[-74.573019,40.614615],[-74.573082,40.614592],[-74.573141,40.614574],[-74.573159,40.614568],[-74.573177,40.614603],[-74.573224,40.61467],[-74.573261,40.614695],[-74.573303,40.614746],[-74.573339,40.614788],[-74.573362,40.614835],[-74.573384,40.614885],[-74.573414,40.614942],[-74.573438,40.614985],[-74.573464,40.615031],[-74.57349,40.615075],[-74.573514,40.615118],[-74.573538,40.615163],[-74.573566,40.615208],[-74.573575,40.615267],[-74.573591,40.615314],[-74.573604,40.61536],[-74.573623,40.615406],[-74.573643,40.615451],[-74.573675,40.615499],[-74.573706,40.615543],[-74.573739,40.615587],[-74.573762,40.61563],[-74.573785,40.615678],[-74.573799,40.615727],[-74.573805,40.615775],[-74.573799,40.615829],[-74.573792,40.615876],[-74.573765,40.615929],[-74.573724,40.615964],[-74.573671,40.616005],[-74.573615,40.616028],[-74.573543,40.616049],[-74.573497,40.61608],[-74.573434,40.616113],[-74.573367,40.616124],[-74.573303,40.616132],[-74.573241,40.616138],[-74.573172,40.616148],[-74.573108,40.616152],[-74.573045,40.616148],[-74.572983,40.616145],[-74.572917,40.616133],[-74.572838,40.616133],[-74.572775,40.616126],[-74.5727,40.616124],[-74.572637,40.616124],[-74.572574,40.616125],[-74.57251,40.616125],[-74.572424,40.616138],[-74.57235,40.61614],[-74.572287,40.616132],[-74.572213,40.616123],[-74.572153,40.616117],[-74.572083,40.616108],[-74.572021,40.616094],[-74.571962,40.61608],[-74.571899,40.616073],[-74.571832,40.616067],[-74.571772,40.616059],[-74.571709,40.616058],[-74.571645,40.616057],[-74.571577,40.616057],[-74.571517,40.616054],[-74.571445,40.616047],[-74.571373,40.616047],[-74.571292,40.616048],[-74.571231,40.616045],[-74.571194,40.616046],[-74.571614,40.616324],[-74.578329,40.620679],[-74.584277,40.624537],[-74.593248,40.629907],[-74.597315,40.632075],[-74.599173,40.633223],[-74.600385,40.633809],[-74.60116,40.634352],[-74.601901,40.634702],[-74.60281,40.635234],[-74.604324,40.636124],[-74.606414,40.637373],[-74.608052,40.638342],[-74.609501,40.639201],[-74.609547,40.639231],[-74.609611,40.639125],[-74.609785,40.638911],[-74.610131,40.638544],[-74.610789,40.637954],[-74.61127,40.637546],[-74.611772,40.63714],[-74.611479,40.63655],[-74.61258,40.636236],[-74.612731,40.636175],[-74.612941,40.63605],[-74.613674,40.63539],[-74.614181,40.634917],[-74.614483,40.634669],[-74.614821,40.63443],[-74.615984,40.63365],[-74.616102,40.633743],[-74.61744,40.634527],[-74.618931,40.635437],[-74.619056,40.635513],[-74.619109,40.635514],[-74.619226,40.635524],[-74.619304,40.635524],[-74.619397,40.63547],[-74.619564,40.635354],[-74.619588,40.635354],[-74.619644,40.635345],[-74.619707,40.635327],[-74.619764,40.635336],[-74.619824,40.635355],[-74.619945,40.635355],[-74.620018,40.635337],[-74.62006,40.635337],[-74.62014,40.635319],[-74.62022,40.635311],[-74.620343,40.63532],[-74.620421,40.635338],[-74.620515,40.635402],[-74.620623,40.635492],[-74.620761,40.635628],[-74.620904,40.635781],[-74.621041,40.635908],[-74.621157,40.636061],[-74.621316,40.636188],[-74.621461,40.636315],[-74.62151,40.636354],[-74.621561,40.636396],[-74.62167,40.636469],[-74.621784,40.636523],[-74.621966,40.636632],[-74.622022,40.636686],[-74.622095,40.636758],[-74.622189,40.636831],[-74.622282,40.636912],[-74.622356,40.636993],[-74.622391,40.637066],[-74.6225,40.63712],[-74.622535,40.637147],[-74.622702,40.63722],[-74.622838,40.637292],[-74.622983,40.637392],[-74.623091,40.637455],[-74.623227,40.637555],[-74.623336,40.637663],[-74.623423,40.637781],[-74.623495,40.637889],[-74.623574,40.637961],[-74.623623,40.638043],[-74.623704,40.638142],[-74.623827,40.638268],[-74.623884,40.63835],[-74.623966,40.638545],[-74.624031,40.6385],[-74.624212,40.638407],[-74.62441,40.638326],[-74.624507,40.638296],[-74.623454,40.637002],[-74.623457,40.636973],[-74.623461,40.636946],[-74.623508,40.636907],[-74.623578,40.636869],[-74.624419,40.636575],[-74.625242,40.637564],[-74.625424,40.63777],[-74.62594,40.63828],[-74.62524,40.639019],[-74.625447,40.639167],[-74.625715,40.639299],[-74.626317,40.63953],[-74.626641,40.63919],[-74.627068,40.638696],[-74.627501,40.638184],[-74.627844,40.637804],[-74.628018,40.63761],[-74.628073,40.637576],[-74.628137,40.637566],[-74.628252,40.637605],[-74.629037,40.63838],[-74.629473,40.638725],[-74.629754,40.638946],[-74.630455,40.63955],[-74.63049,40.639609],[-74.63051,40.639748],[-74.6305,40.639813],[-74.630465,40.639902],[-74.630405,40.639987],[-74.630172,40.640235],[-74.629614,40.641135],[-74.629598,40.641129],[-74.629523,40.641099],[-74.629452,40.641065],[-74.62938,40.641034],[-74.629319,40.641009],[-74.62924,40.640969],[-74.628876,40.640928],[-74.628781,40.640926],[-74.628683,40.640941],[-74.628648,40.640956],[-74.628611,40.640988],[-74.628561,40.641056],[-74.628471,40.641252],[-74.628614,40.641275],[-74.628765,40.64133],[-74.629032,40.641538],[-74.62906,40.641583],[-74.629241,40.641738],[-74.629356,40.641836],[-74.629385,40.641845],[-74.629522,40.641954],[-74.629659,40.642035],[-74.629882,40.642153],[-74.630057,40.642217],[-74.630106,40.642235],[-74.630444,40.642308],[-74.630602,40.642336],[-74.631028,40.642373],[-74.631208,40.642409],[-74.631425,40.642491],[-74.631518,40.642545],[-74.631821,40.642672],[-74.631994,40.642718],[-74.632174,40.642728],[-74.632493,40.642703],[-74.633147,40.642467],[-74.631317,40.643578],[-74.631226,40.643869],[-74.630704,40.645533],[-74.629672,40.646947],[-74.629456,40.646889],[-74.629054,40.646725],[-74.62858,40.646511],[-74.627585,40.645966],[-74.627126,40.645686],[-74.625127,40.644365],[-74.6247,40.644341],[-74.623788,40.644268],[-74.623269,40.644208],[-74.622726,40.644135],[-74.620823,40.643819],[-74.620633,40.643777],[-74.619626,40.643546],[-74.617866,40.643186],[-74.617348,40.643073],[-74.616668,40.642942],[-74.615975,40.642829],[-74.615744,40.6428],[-74.615684,40.642792],[-74.615106,40.642738],[-74.614936,40.642725],[-74.615056,40.642813],[-74.615803,40.643359],[-74.618538,40.645368],[-74.619882,40.646303],[-74.624162,40.649283],[-74.625147,40.65131],[-74.626331,40.654903],[-74.627027,40.657017],[-74.627474,40.658123],[-74.628007,40.659552],[-74.629407,40.662844],[-74.629424,40.662965],[-74.629677,40.663696],[-74.63021,40.664405],[-74.630414,40.665384],[-74.630393,40.665443],[-74.630399,40.665586],[-74.630471,40.665858],[-74.630471,40.666009],[-74.630686,40.666997],[-74.630869,40.667574],[-74.629929,40.667659],[-74.629812,40.667676],[-74.629095,40.667757],[-74.628649,40.667797],[-74.628467,40.667801],[-74.628305,40.667792],[-74.627526,40.667683],[-74.626889,40.66758],[-74.625433,40.667279],[-74.625001,40.667227],[-74.624735,40.667204],[-74.624513,40.6672],[-74.623784,40.66723],[-74.62377,40.667198],[-74.623715,40.667143],[-74.622992,40.666539],[-74.622795,40.666309],[-74.622693,40.666156],[-74.62262,40.665941],[-74.622468,40.665369],[-74.622432,40.665296],[-74.622377,40.665216],[-74.622279,40.665107],[-74.622115,40.664903],[-74.622027,40.664815],[-74.621705,40.664531],[-74.621515,40.664404],[-74.620549,40.663854],[-74.620494,40.663808],[-74.62043,40.663702],[-74.620314,40.663466],[-74.620278,40.663416],[-74.620214,40.663358],[-74.619879,40.663163],[-74.619768,40.663114],[-74.619691,40.663098],[-74.619575,40.663207],[-74.619499,40.663222],[-74.61935,40.663207],[-74.619088,40.663258],[-74.618991,40.663263],[-74.618666,40.663245],[-74.618638,40.663251],[-74.618534,40.663316],[-74.618319,40.663513],[-74.618239,40.663555],[-74.618141,40.663584],[-74.617975,40.663617],[-74.617862,40.663628],[-74.617778,40.663617],[-74.617707,40.663597],[-74.617657,40.663569],[-74.617616,40.663531],[-74.617592,40.663499],[-74.617365,40.663198],[-74.617229,40.663045],[-74.617094,40.662963],[-74.616923,40.662912],[-74.616576,40.662766],[-74.616483,40.662743],[-74.616345,40.66273],[-74.615716,40.662542],[-74.615641,40.662488],[-74.615468,40.662265],[-74.615114,40.661682],[-74.614849,40.6612],[-74.614359,40.660249],[-74.614235,40.660359],[-74.613905,40.660599],[-74.612556,40.659208],[-74.609041,40.66015],[-74.608444,40.661689],[-74.605388,40.660127],[-74.60483,40.660673],[-74.603113,40.659874],[-74.602723,40.660311],[-74.601942,40.661574],[-74.602487,40.662314],[-74.602213,40.66243],[-74.602004,40.662474],[-74.601803,40.662537],[-74.601587,40.662562],[-74.601349,40.662607],[-74.601147,40.662651],[-74.601827,40.66486],[-74.60216,40.664825],[-74.602213,40.665784],[-74.6013,40.665858],[-74.600705,40.665907],[-74.598956,40.666025],[-74.59793,40.666061],[-74.597245,40.66611],[-74.596687,40.666139],[-74.596541,40.666147],[-74.596364,40.66615],[-74.596094,40.666116],[-74.595877,40.6661],[-74.594829,40.666037],[-74.594127,40.666022],[-74.593721,40.666],[-74.593424,40.665984],[-74.593181,40.665984],[-74.591864,40.665923],[-74.590731,40.665888],[-74.590392,40.665887],[-74.589798,40.665902],[-74.589153,40.66595],[-74.587089,40.666167],[-74.585519,40.666308],[-74.585204,40.666308],[-74.585094,40.666295],[-74.585232,40.666523],[-74.586396,40.668616],[-74.586596,40.668929],[-74.586836,40.669177],[-74.587255,40.669541],[-74.587731,40.669971],[-74.58785,40.670079],[-74.588549,40.67073],[-74.588983,40.671017],[-74.589562,40.671383],[-74.589609,40.671412],[-74.590354,40.671845],[-74.590765,40.672063],[-74.590784,40.672073],[-74.591067,40.672202],[-74.591425,40.672347],[-74.591386,40.672525],[-74.591314,40.672988],[-74.591121,40.674167],[-74.590953,40.67519],[-74.590888,40.675581],[-74.590806,40.675945],[-74.590667,40.676448],[-74.590476,40.676992],[-74.590259,40.677562],[-74.590113,40.678115],[-74.589953,40.679062],[-74.589883,40.679956],[-74.589834,40.680124],[-74.589784,40.680218],[-74.589688,40.680337],[-74.589657,40.680358],[-74.589442,40.680494],[-74.589244,40.680595],[-74.589059,40.680708],[-74.588655,40.6811],[-74.588417,40.681365],[-74.588307,40.681511],[-74.588249,40.68161],[-74.588227,40.681757],[-74.588243,40.681933],[-74.588343,40.682258],[-74.588755,40.683721],[-74.588871,40.684139]],[[-74.555669,40.672482],[-74.557722,40.672064],[-74.557639,40.67146],[-74.557753,40.671418],[-74.557862,40.671405],[-74.558277,40.671353],[-74.5587,40.671235],[-74.558927,40.671199],[-74.559588,40.671149],[-74.560662,40.670987],[-74.560729,40.67097],[-74.560843,40.670924],[-74.560869,40.670911],[-74.558051,40.670648],[-74.557948,40.670605],[-74.557694,40.670488],[-74.557946,40.670477],[-74.558288,40.670423],[-74.558552,40.670359],[-74.558728,40.670304],[-74.559059,40.670161],[-74.559547,40.669906],[-74.559736,40.669779],[-74.559851,40.669661],[-74.559875,40.66961],[-74.559904,40.66944],[-74.559901,40.66933],[-74.559883,40.669208],[-74.559845,40.66908],[-74.559789,40.668944],[-74.559502,40.668404],[-74.559617,40.668375],[-74.559711,40.668324],[-74.559899,40.668189],[-74.559943,40.668136],[-74.55997,40.668074],[-74.559981,40.668018],[-74.560012,40.667843],[-74.560009,40.667726],[-74.559965,40.667484],[-74.55989,40.667018],[-74.559843,40.66655],[-74.559861,40.666187],[-74.559934,40.666041],[-74.560659,40.665098],[-74.560997,40.664517],[-74.561124,40.66418],[-74.561235,40.663754],[-74.561258,40.663349],[-74.561265,40.663234],[-74.561263,40.663192],[-74.561237,40.662754],[-74.561196,40.662558],[-74.560919,40.661738],[-74.558967,40.662141],[-74.556784,40.6626],[-74.554353,40.663104],[-74.553721,40.663218],[-74.553348,40.663278],[-74.550751,40.663662],[-74.549664,40.66383],[-74.549314,40.663907],[-74.54919,40.663944],[-74.549053,40.664005],[-74.548849,40.664109],[-74.548744,40.664174],[-74.548597,40.664265],[-74.548195,40.664566],[-74.547619,40.665022],[-74.547325,40.665253],[-74.547177,40.665353],[-74.547067,40.665415],[-74.546902,40.665472],[-74.54662,40.665539],[-74.545787,40.665603],[-74.546556,40.667037],[-74.547024,40.667909],[-74.549826,40.674868],[-74.551504,40.674564],[-74.550776,40.672958],[-74.550251,40.671452],[-74.551336,40.67125],[-74.553542,40.671126],[-74.553705,40.671341],[-74.555383,40.671037],[-74.555498,40.671689],[-74.555581,40.672083],[-74.555645,40.672371],[-74.555669,40.672482]]]}},{"type":"Feature","properties":{"zip":"07060","name":"07060"},"geometry":{"type":"Polygon","coordinates":[[[-74.421906,40.633973],[-74.421237,40.633518],[-74.420146,40.632774],[-74.420028,40.632694],[-74.419734,40.632521],[-74.419283,40.632275],[-74.418881,40.632068],[-74.418536,40.631884],[-74.417248,40.631311],[-74.416912,40.631129],[-74.41641,40.63086],[-74.415773,40.630533],[-74.415451,40.630335],[-74.414363,40.6296],[-74.41491,40.628756],[-74.415229,40.628264],[-74.415266,40.628207],[-74.415469,40.627909],[-74.413929,40.627034],[-74.412889,40.626442],[-74.412104,40.625993],[-74.411005,40.625363],[-74.410281,40.624948],[-74.410163,40.624877],[-74.409348,40.624387],[-74.409031,40.624197],[-74.408593,40.623947],[-74.407833,40.623511],[-74.407397,40.623262],[-74.407179,40.623139],[-74.406568,40.622789],[-74.406548,40.622774],[-74.40622,40.622531],[-74.405744,40.622223],[-74.405511,40.622073],[-74.404859,40.62168],[-74.403687,40.620973],[-74.403287,40.620732],[-74.4032,40.620598],[-74.403124,40.620116],[-74.402089,40.620208],[-74.400463,40.620353],[-74.399605,40.620429],[-74.399579,40.620574],[-74.399527,40.620672],[-74.39944,40.620837],[-74.399213,40.621138],[-74.399172,40.621249],[-74.397675,40.621521],[-74.395515,40.622897],[-74.395132,40.622716],[-74.393145,40.621774],[-74.392968,40.621612],[-74.392658,40.621898],[-74.391484,40.622977],[-74.391192,40.623245],[-74.391178,40.623217],[-74.390962,40.62302],[-74.390388,40.622526],[-74.390255,40.622411],[-74.39017,40.622338],[-74.3898,40.622079],[-74.390235,40.620704],[-74.390276,40.62068],[-74.390432,40.620549],[-74.390493,40.620497],[-74.39079,40.61967],[-74.390867,40.619573],[-74.392702,40.61728],[-74.393095,40.616002],[-74.394461,40.613256],[-74.395971,40.610432],[-74.396045,40.609893],[-74.395844,40.60966],[-74.395839,40.609568],[-74.395866,40.609443],[-74.395948,40.60934],[-74.396106,40.609202],[-74.397329,40.608218],[-74.397253,40.608146],[-74.397151,40.608054],[-74.396382,40.607356],[-74.396327,40.607289],[-74.395874,40.606736],[-74.39578,40.606622],[-74.395739,40.606571],[-74.395597,40.606398],[-74.395478,40.606182],[-74.395379,40.60594],[-74.395304,40.605707],[-74.395272,40.605433],[-74.395266,40.605119],[-74.395264,40.605008],[-74.395289,40.604147],[-74.39531,40.603378],[-74.395311,40.603194],[-74.395311,40.60297],[-74.395297,40.60288],[-74.395268,40.602679],[-74.395181,40.602338],[-74.395012,40.601825],[-74.394924,40.601559],[-74.39489,40.60147],[-74.39487,40.601418],[-74.394818,40.601308],[-74.394697,40.601051],[-74.394634,40.600901],[-74.397095,40.600803],[-74.39723,40.600788],[-74.398197,40.600692],[-74.399246,40.600637],[-74.399895,40.600603],[-74.400289,40.600559],[-74.400505,40.600535],[-74.400795,40.600503],[-74.401173,40.600445],[-74.401223,40.600437],[-74.402095,40.600303],[-74.402272,40.600288],[-74.406311,40.599944],[-74.406542,40.599924],[-74.406569,40.599922],[-74.406795,40.599903],[-74.407395,40.599803],[-74.407464,40.599803],[-74.407695,40.599803],[-74.407921,40.59978],[-74.408695,40.599703],[-74.408811,40.599691],[-74.409177,40.599654],[-74.409543,40.599618],[-74.409695,40.599603],[-74.409787,40.599603],[-74.409819,40.599603],[-74.409861,40.599603],[-74.409987,40.599603],[-74.410695,40.599603],[-74.41084,40.599591],[-74.413477,40.599399],[-74.413582,40.599382],[-74.414695,40.599203],[-74.416106,40.59891],[-74.418544,40.598838],[-74.420946,40.598767],[-74.420975,40.598766],[-74.421829,40.598727],[-74.422564,40.598683],[-74.422583,40.598679],[-74.422673,40.598661],[-74.422736,40.598654],[-74.423635,40.598589],[-74.423759,40.59858],[-74.424699,40.598513],[-74.42473,40.598782],[-74.424803,40.599508],[-74.424902,40.600497],[-74.425017,40.601643],[-74.425136,40.601715],[-74.425942,40.60221],[-74.426788,40.602728],[-74.427911,40.603417],[-74.429596,40.60445],[-74.430603,40.605044],[-74.430949,40.605247],[-74.431711,40.605695],[-74.432617,40.606226],[-74.432706,40.606309],[-74.433591,40.607135],[-74.434403,40.607893],[-74.434652,40.608115],[-74.4353,40.608694],[-74.436047,40.609361],[-74.436761,40.609801],[-74.437138,40.610034],[-74.437181,40.610063],[-74.437548,40.610301],[-74.437612,40.61034],[-74.437615,40.610335],[-74.437723,40.610168],[-74.437802,40.61008],[-74.437911,40.609981],[-74.43792,40.609976],[-74.437948,40.609961],[-74.438033,40.609914],[-74.43804,40.60991],[-74.438444,40.609794],[-74.438485,40.609792],[-74.440528,40.611521],[-74.441078,40.611103],[-74.441257,40.611138],[-74.441421,40.611226],[-74.442505,40.611885],[-74.442826,40.612078],[-74.443491,40.612479],[-74.443923,40.612752],[-74.44405,40.612847],[-74.4442,40.612978],[-74.444765,40.613393],[-74.444837,40.613393],[-74.444932,40.613409],[-74.445089,40.61347],[-74.445293,40.613583],[-74.446043,40.614051],[-74.446128,40.614104],[-74.446352,40.614241],[-74.446979,40.61461],[-74.44688,40.614738],[-74.446782,40.614917],[-74.446712,40.615131],[-74.446712,40.615248],[-74.446727,40.615375],[-74.446767,40.615532],[-74.446855,40.615769],[-74.44703,40.616111],[-74.447102,40.616364],[-74.447108,40.616452],[-74.447088,40.616639],[-74.447055,40.616771],[-74.447184,40.616678],[-74.44727,40.616645],[-74.44791,40.61753],[-74.448271,40.618407],[-74.448649,40.618316],[-74.448677,40.618309],[-74.449748,40.619455],[-74.449382,40.619788],[-74.449515,40.619871],[-74.450224,40.619211],[-74.450395,40.619034],[-74.450924,40.618556],[-74.451212,40.618298],[-74.45148,40.618083],[-74.451969,40.617681],[-74.452742,40.617065],[-74.453176,40.616702],[-74.453447,40.616514],[-74.454028,40.616093],[-74.454605,40.615689],[-74.45486,40.6155],[-74.45554,40.615057],[-74.456377,40.614534],[-74.456768,40.614296],[-74.458467,40.613295],[-74.458554,40.613151],[-74.458614,40.613096],[-74.458752,40.612997],[-74.459015,40.612788],[-74.459057,40.612742],[-74.459069,40.612665],[-74.459045,40.612602],[-74.459057,40.612561],[-74.459092,40.612511],[-74.459152,40.612452],[-74.459415,40.612293],[-74.459487,40.612257],[-74.459559,40.612261],[-74.459612,40.612275],[-74.459678,40.612298],[-74.459744,40.612298],[-74.459834,40.612261],[-74.460664,40.611839],[-74.460808,40.61179],[-74.460951,40.611753],[-74.461125,40.611722],[-74.461289,40.611625],[-74.460567,40.611117],[-74.461033,40.610288],[-74.462695,40.609186],[-74.462913,40.608891],[-74.463569,40.609662],[-74.463641,40.609753],[-74.463782,40.609902],[-74.463937,40.610077],[-74.464102,40.60998],[-74.464167,40.610045],[-74.465242,40.61111],[-74.46488,40.61131],[-74.463896,40.611976],[-74.462506,40.612956],[-74.455113,40.618552],[-74.45481,40.618782],[-74.453212,40.619904],[-74.451978,40.620772],[-74.44986,40.622359],[-74.447853,40.623905],[-74.446552,40.624738],[-74.446563,40.624762],[-74.446539,40.624808],[-74.446317,40.625003],[-74.445554,40.625726],[-74.44379,40.62736],[-74.443589,40.627567],[-74.443291,40.627874],[-74.442157,40.628944],[-74.44185,40.629235],[-74.441695,40.629386],[-74.441613,40.629424],[-74.440203,40.630103],[-74.439285,40.630519],[-74.43851,40.630942],[-74.436744,40.631715],[-74.43597,40.632094],[-74.434365,40.632829],[-74.433931,40.633029],[-74.433062,40.633361],[-74.432588,40.633572],[-74.432225,40.633764],[-74.430854,40.634255],[-74.429353,40.635044],[-74.429076,40.635155],[-74.4291,40.635111],[-74.429338,40.634665],[-74.42912,40.634485],[-74.428927,40.634344],[-74.428629,40.634156],[-74.428577,40.634083],[-74.428531,40.634037],[-74.428251,40.633834],[-74.428097,40.633947],[-74.427888,40.634106],[-74.426971,40.634866],[-74.42694,40.634914],[-74.426943,40.634976],[-74.426971,40.635021],[-74.427019,40.635059],[-74.427639,40.635419],[-74.427843,40.635516],[-74.427927,40.635544],[-74.427992,40.635549],[-74.428088,40.635594],[-74.427619,40.635821],[-74.426558,40.636284],[-74.425643,40.63671],[-74.425062,40.636973],[-74.424881,40.637054],[-74.424392,40.637299],[-74.423639,40.637634],[-74.423549,40.637673],[-74.422115,40.638313],[-74.420668,40.638937],[-74.419823,40.639239],[-74.419743,40.639278],[-74.418944,40.639651],[-74.418869,40.639598],[-74.416368,40.640762],[-74.415947,40.640949],[-74.415765,40.641037],[-74.415308,40.641273],[-74.415095,40.641397],[-74.414841,40.64154],[-74.414785,40.641576],[-74.414729,40.641539],[-74.415043,40.641222],[-74.415369,40.640928],[-74.416046,40.640285],[-74.417317,40.639106],[-74.417475,40.638972],[-74.41802,40.638511],[-74.418127,40.638419],[-74.418328,40.638534],[-74.418488,40.638619],[-74.418692,40.638672],[-74.418767,40.638675],[-74.419001,40.638659],[-74.419153,40.63862],[-74.419507,40.638471],[-74.420725,40.6378],[-74.421761,40.637123],[-74.422557,40.636602],[-74.422689,40.636492],[-74.42273,40.63644],[-74.422761,40.636372],[-74.422786,40.636275],[-74.422786,40.636197],[-74.422765,40.636057],[-74.422703,40.635957],[-74.421801,40.635273],[-74.422691,40.634507],[-74.421906,40.633973]]]}},{"type":"Feature","properties":{"zip":"08823","name":"08823"},"geometry":{"type":"Polygon","coordinates":[[[-74.539735,40.436713],[-74.540794,40.436231],[-74.542254,40.435567],[-74.542946,40.435252],[-74.543257,40.435111],[-74.544024,40.434762],[-74.544549,40.434524],[-74.544738,40.434438],[-74.54494,40.434346],[-74.544957,40.434338],[-74.544966,40.434334],[-74.545781,40.433963],[-74.546123,40.433808],[-74.546766,40.433515],[-74.546821,40.433495],[-74.547048,40.433394],[-74.547315,40.433275],[-74.547796,40.433065],[-74.549305,40.432407],[-74.550224,40.432008],[-74.5505,40.43189],[-74.550802,40.431761],[-74.550848,40.431741],[-74.551779,40.431343],[-74.551968,40.431262],[-74.552834,40.430892],[-74.553861,40.430453],[-74.554115,40.430344],[-74.55414,40.430333],[-74.554314,40.430259],[-74.554485,40.430186],[-74.554546,40.43016],[-74.554752,40.430084],[-74.555038,40.429978],[-74.555487,40.429812],[-74.555519,40.4298],[-74.555686,40.429739],[-74.555769,40.429708],[-74.557416,40.429099],[-74.558023,40.428874],[-74.558322,40.428763],[-74.558723,40.428615],[-74.558775,40.428596],[-74.560293,40.428034],[-74.560467,40.42797],[-74.56196,40.427418],[-74.563325,40.426913],[-74.56367,40.426786],[-74.564189,40.426594],[-74.564888,40.426336],[-74.565307,40.426181],[-74.565358,40.426162],[-74.56606,40.425903],[-74.566278,40.425822],[-74.567031,40.425543],[-74.56708,40.425525],[-74.567499,40.425371],[-74.569265,40.424746],[-74.569873,40.424531],[-74.569996,40.424487],[-74.571129,40.424086],[-74.571633,40.423908],[-74.571653,40.423946],[-74.571877,40.424389],[-74.572001,40.42461],[-74.572121,40.424828],[-74.572179,40.424932],[-74.572508,40.425528],[-74.572583,40.42572],[-74.572657,40.425905],[-74.57272,40.426093],[-74.572732,40.426129],[-74.572844,40.426672],[-74.572888,40.427023],[-74.572915,40.427239],[-74.572907,40.427411],[-74.572758,40.42804],[-74.572743,40.428189],[-74.572743,40.428495],[-74.572951,40.429298],[-74.573277,40.430355],[-74.573329,40.430474],[-74.57343,40.43065],[-74.573554,40.430803],[-74.573762,40.430991],[-74.573837,40.43106],[-74.573968,40.431152],[-74.575402,40.431795],[-74.576978,40.432413],[-74.578792,40.433169],[-74.580084,40.433706],[-74.581656,40.434343],[-74.58302,40.434903],[-74.581833,40.436436],[-74.58115,40.437378],[-74.580991,40.437557],[-74.580889,40.437641],[-74.580621,40.437824],[-74.58058,40.437865],[-74.580556,40.437916],[-74.580563,40.437954],[-74.580608,40.437992],[-74.580971,40.438165],[-74.582606,40.441874],[-74.582554,40.441946],[-74.582366,40.44211],[-74.582168,40.442326],[-74.582116,40.442397],[-74.582021,40.442596],[-74.581885,40.443095],[-74.581776,40.443413],[-74.581346,40.444144],[-74.582974,40.44481],[-74.584232,40.445276],[-74.586403,40.44608],[-74.589229,40.447146],[-74.590698,40.447723],[-74.593013,40.448588],[-74.592848,40.448656],[-74.592782,40.448701],[-74.592198,40.44934],[-74.59165,40.450047],[-74.591049,40.45074],[-74.589325,40.452666],[-74.589181,40.452826],[-74.588801,40.453251],[-74.588453,40.453635],[-74.587897,40.454233],[-74.586586,40.45555],[-74.585635,40.456461],[-74.585392,40.456678],[-74.585063,40.456866],[-74.584991,40.456919],[-74.584894,40.457022],[-74.581933,40.459878],[-74.581416,40.460396],[-74.579402,40.459404],[-74.577833,40.458618],[-74.576374,40.45791],[-74.576003,40.457703],[-74.575951,40.457664],[-74.575869,40.457565],[-74.575831,40.457446],[-74.575838,40.457287],[-74.575895,40.457112],[-74.575969,40.457006],[-74.576273,40.456631],[-74.576288,40.456605],[-74.576305,40.456427],[-74.576267,40.456312],[-74.576177,40.4562],[-74.575991,40.456092],[-74.574281,40.45537],[-74.567894,40.452614],[-74.567099,40.452287],[-74.567569,40.451627],[-74.568722,40.45001],[-74.567241,40.449387],[-74.563904,40.447947],[-74.561637,40.446963],[-74.560806,40.448034],[-74.560591,40.448336],[-74.559941,40.449251],[-74.559215,40.448942],[-74.558026,40.448473],[-74.557447,40.448225],[-74.557263,40.448108],[-74.556856,40.447831],[-74.5564,40.447465],[-74.556085,40.447269],[-74.555906,40.447181],[-74.554807,40.446733],[-74.553296,40.446157],[-74.55269,40.445902],[-74.550583,40.445068],[-74.548423,40.444216],[-74.547351,40.444755],[-74.546725,40.44503],[-74.546328,40.445167],[-74.54616,40.445198],[-74.545908,40.445213],[-74.545717,40.445198],[-74.545213,40.445068],[-74.545043,40.445065],[-74.544999,40.445068],[-74.544915,40.445122],[-74.544701,40.445335],[-74.544504,40.445562],[-74.544227,40.445834],[-74.543977,40.446168],[-74.543857,40.446328],[-74.543846,40.446343],[-74.543372,40.446953],[-74.542743,40.447851],[-74.541343,40.447259],[-74.539925,40.446654],[-74.5387,40.446133],[-74.538523,40.446058],[-74.537156,40.445476],[-74.536766,40.445312],[-74.536683,40.445098],[-74.535991,40.444543],[-74.535744,40.444881],[-74.535256,40.444647],[-74.534968,40.444469],[-74.534834,40.444363],[-74.534267,40.443874],[-74.533379,40.443092],[-74.532744,40.442507],[-74.531796,40.441623],[-74.531557,40.441435],[-74.531476,40.441383],[-74.53312,40.440335],[-74.535058,40.4391],[-74.536159,40.438346],[-74.53619,40.438326],[-74.536248,40.4383],[-74.53765,40.437662],[-74.537869,40.437563],[-74.538029,40.43749],[-74.538845,40.437118],[-74.539735,40.436713]]]}},{"type":"Feature","properties":{"zip":"07090","name":"07090"},"geometry":{"type":"Polygon","coordinates":[[[-74.371037,40.656512],[-74.371911,40.657676],[-74.372138,40.658123],[-74.372794,40.658802],[-74.372994,40.659002],[-74.37381,40.660185],[-74.373888,40.660298],[-74.3741,40.660706],[-74.374194,40.660902],[-74.374694,40.661102],[-74.375084,40.661677],[-74.375622,40.663178],[-74.3766,40.66414],[-74.377105,40.664825],[-74.378958,40.667351],[-74.378993,40.667402],[-74.379359,40.667584],[-74.378844,40.667716],[-74.37828,40.667861],[-74.377452,40.668074],[-74.376994,40.668183],[-74.375162,40.66862],[-74.374321,40.668733],[-74.374276,40.66874],[-74.373932,40.667629],[-74.373484,40.666787],[-74.373436,40.666697],[-74.373235,40.666636],[-74.372122,40.666268],[-74.371862,40.666135],[-74.371573,40.665913],[-74.371376,40.66607],[-74.368963,40.668191],[-74.368305,40.6685],[-74.365399,40.668801],[-74.362994,40.669102],[-74.360893,40.669502],[-74.357992,40.667802],[-74.360627,40.66589],[-74.359755,40.665448],[-74.35923,40.665318],[-74.357568,40.664295],[-74.357434,40.664401],[-74.356439,40.665121],[-74.356342,40.665191],[-74.355151,40.666119],[-74.354773,40.666414],[-74.35424,40.66683],[-74.354225,40.666841],[-74.353467,40.66743],[-74.352304,40.66695],[-74.352476,40.666641],[-74.35185,40.666395],[-74.351263,40.666102],[-74.351116,40.666017],[-74.351081,40.666148],[-74.350996,40.666299],[-74.349886,40.665641],[-74.348919,40.666287],[-74.345993,40.668394],[-74.345892,40.669302],[-74.345903,40.669425],[-74.346006,40.670545],[-74.346033,40.670836],[-74.346055,40.671438],[-74.346313,40.671569],[-74.348346,40.672629],[-74.348055,40.67283],[-74.347579,40.673034],[-74.347208,40.673096],[-74.346888,40.673223],[-74.346189,40.6735],[-74.346149,40.67353],[-74.346051,40.673517],[-74.345639,40.673595],[-74.345359,40.67368],[-74.344895,40.673507],[-74.344398,40.674404],[-74.344262,40.674558],[-74.344093,40.674674],[-74.343541,40.675001],[-74.343101,40.675281],[-74.342481,40.675589],[-74.34202,40.675847],[-74.341811,40.675946],[-74.341573,40.676017],[-74.341464,40.676034],[-74.341175,40.676004],[-74.340981,40.676001],[-74.34101,40.675913],[-74.340967,40.675908],[-74.340902,40.675941],[-74.340245,40.676182],[-74.339409,40.676496],[-74.339214,40.676589],[-74.337959,40.677232],[-74.337772,40.677287],[-74.337556,40.67733],[-74.33729,40.677384],[-74.336793,40.676801],[-74.334093,40.677802],[-74.334517,40.678054],[-74.334036,40.678254],[-74.333242,40.678485],[-74.332781,40.678567],[-74.332326,40.678606],[-74.331764,40.678584],[-74.331504,40.678551],[-74.331298,40.67854],[-74.331302,40.678643],[-74.331322,40.67874],[-74.331344,40.678841],[-74.331389,40.678957],[-74.331497,40.679198],[-74.331566,40.679388],[-74.331603,40.679534],[-74.331612,40.679908],[-74.331564,40.680226],[-74.331557,40.680264],[-74.331504,40.680546],[-74.331487,40.680699],[-74.33148,40.680763],[-74.331466,40.681105],[-74.331406,40.68199],[-74.331358,40.682192],[-74.324453,40.67845],[-74.322575,40.677433],[-74.322371,40.677443],[-74.322402,40.677321],[-74.322615,40.676954],[-74.322825,40.676591],[-74.32292,40.676427],[-74.323621,40.675217],[-74.324391,40.67444],[-74.323228,40.672276],[-74.323413,40.671417],[-74.323615,40.670664],[-74.32419,40.66978],[-74.324191,40.669403],[-74.325192,40.669503],[-74.326093,40.668202],[-74.325347,40.6677],[-74.325199,40.667596],[-74.325693,40.666502],[-74.327693,40.662904],[-74.327647,40.662743],[-74.327397,40.661901],[-74.327099,40.661017],[-74.327078,40.660862],[-74.326893,40.659602],[-74.326593,40.658502],[-74.326593,40.657702],[-74.327706,40.657489],[-74.328911,40.657259],[-74.329727,40.655795],[-74.330421,40.654607],[-74.331409,40.653421],[-74.332239,40.652299],[-74.33276,40.651686],[-74.332648,40.65141],[-74.332147,40.650473],[-74.333532,40.649527],[-74.333759,40.649326],[-74.332908,40.648941],[-74.332704,40.648849],[-74.33111,40.648307],[-74.330056,40.64757],[-74.328024,40.646974],[-74.326536,40.646334],[-74.325568,40.646],[-74.325406,40.645944],[-74.324913,40.645585],[-74.324489,40.645271],[-74.32329,40.64465],[-74.321868,40.642897],[-74.319678,40.641989],[-74.318914,40.641765],[-74.318092,40.641361],[-74.317602,40.640936],[-74.317428,40.640826],[-74.316318,40.640312],[-74.315301,40.639775],[-74.314321,40.63913],[-74.313492,40.638502],[-74.313192,40.638202],[-74.313381,40.638013],[-74.31349,40.637902],[-74.314031,40.637281],[-74.315494,40.635604],[-74.316543,40.634731],[-74.316749,40.634578],[-74.316623,40.633844],[-74.316916,40.633627],[-74.316901,40.633582],[-74.316929,40.633504],[-74.316984,40.633441],[-74.317713,40.63294],[-74.318483,40.632324],[-74.319471,40.631415],[-74.320548,40.629966],[-74.320686,40.629809],[-74.322826,40.627766],[-74.325635,40.625052],[-74.325699,40.625073],[-74.327512,40.624985],[-74.327976,40.624968],[-74.328043,40.624947],[-74.328148,40.624931],[-74.328276,40.624927],[-74.328412,40.624943],[-74.328529,40.624973],[-74.331418,40.625793],[-74.331554,40.625832],[-74.331574,40.62584],[-74.332003,40.626012],[-74.33214,40.626083],[-74.333758,40.62692],[-74.334195,40.627147],[-74.334515,40.627289],[-74.337496,40.6244],[-74.339995,40.625703],[-74.340133,40.62582],[-74.340713,40.626319],[-74.340903,40.62635],[-74.341197,40.62646],[-74.341479,40.626565],[-74.343287,40.627617],[-74.343586,40.627791],[-74.344185,40.628144],[-74.345335,40.628821],[-74.345543,40.628943],[-74.345763,40.629073],[-74.346,40.629275],[-74.346774,40.630151],[-74.346967,40.630315],[-74.347391,40.63058],[-74.348512,40.631264],[-74.349741,40.632011],[-74.350747,40.632623],[-74.351142,40.632901],[-74.351251,40.632978],[-74.351617,40.633347],[-74.352154,40.633888],[-74.352893,40.634747],[-74.352979,40.634846],[-74.353028,40.634881],[-74.352674,40.635189],[-74.354021,40.635545],[-74.35451,40.635862],[-74.355411,40.636372],[-74.355689,40.636516],[-74.356247,40.636808],[-74.357138,40.637271],[-74.358111,40.637777],[-74.358778,40.638124],[-74.358905,40.638194],[-74.359636,40.638596],[-74.360969,40.639328],[-74.361426,40.640174],[-74.361885,40.640939],[-74.362126,40.641293],[-74.362441,40.641773],[-74.362392,40.641919],[-74.3624,40.642127],[-74.362458,40.642308],[-74.362804,40.642825],[-74.362898,40.642918],[-74.363388,40.643603],[-74.363389,40.643604],[-74.363801,40.643958],[-74.363953,40.644303],[-74.364494,40.645402],[-74.364842,40.646011],[-74.364898,40.646106],[-74.365128,40.646247],[-74.365206,40.646302],[-74.36544,40.647011],[-74.365758,40.647736],[-74.366363,40.648557],[-74.366717,40.649228],[-74.366763,40.649333],[-74.367202,40.650115],[-74.367697,40.650803],[-74.368197,40.651632],[-74.369514,40.654811],[-74.369826,40.655184],[-74.370625,40.655931],[-74.370864,40.656225],[-74.371037,40.656512]]]}},{"type":"Feature","properties":{"zip":"07205","name":"07205"},"geometry":{"type":"Polygon","coordinates":[[[-74.244328,40.711144],[-74.244311,40.71119],[-74.244245,40.711176],[-74.244168,40.711165],[-74.24411,40.711157],[-74.244013,40.711143],[-74.243982,40.711142],[-74.243856,40.711139],[-74.243802,40.711137],[-74.243702,40.711143],[-74.243409,40.711088],[-74.243089,40.711028],[-74.24307,40.711026],[-74.242088,40.710798],[-74.241672,40.71072],[-74.240991,40.710603],[-74.240755,40.710513],[-74.239995,40.710199],[-74.239249,40.710087],[-74.238844,40.710024],[-74.238447,40.709963],[-74.236767,40.70965],[-74.236521,40.709614],[-74.235242,40.709418],[-74.235035,40.709386],[-74.232676,40.709002],[-74.231732,40.708837],[-74.230689,40.708651],[-74.230421,40.708608],[-74.230127,40.708558],[-74.22957,40.708462],[-74.229301,40.708416],[-74.228747,40.708323],[-74.228571,40.70829],[-74.227986,40.70819],[-74.227016,40.708023],[-74.22689,40.707999],[-74.226189,40.707826],[-74.226118,40.707809],[-74.226077,40.707795],[-74.225944,40.707778],[-74.225461,40.707715],[-74.224703,40.707616],[-74.223554,40.707446],[-74.22263,40.707283],[-74.222452,40.707249],[-74.221914,40.706869],[-74.221499,40.706584],[-74.221242,40.706371],[-74.22066,40.705908],[-74.22039,40.705701],[-74.220011,40.705416],[-74.219187,40.704802],[-74.218776,40.70452],[-74.214888,40.7019],[-74.214649,40.701728],[-74.213587,40.700949],[-74.213391,40.700803],[-74.213298,40.700655],[-74.213275,40.700618],[-74.212693,40.69967],[-74.212586,40.699498],[-74.21241,40.69926],[-74.212288,40.699102],[-74.211626,40.696744],[-74.211389,40.695902],[-74.211089,40.695002],[-74.209789,40.690802],[-74.209042,40.690428],[-74.212786,40.689981],[-74.214889,40.688827],[-74.214868,40.688607],[-74.214851,40.688425],[-74.214821,40.688105],[-74.214788,40.687751],[-74.214755,40.687391],[-74.214681,40.6866],[-74.215489,40.685702],[-74.215994,40.684619],[-74.216458,40.683766],[-74.217072,40.682884],[-74.217505,40.682854],[-74.217632,40.682828],[-74.218133,40.682588],[-74.217751,40.68212],[-74.218226,40.681371],[-74.218865,40.680409],[-74.219213,40.679765],[-74.219827,40.678783],[-74.220231,40.678022],[-74.220895,40.677205],[-74.221303,40.675986],[-74.222252,40.675048],[-74.222286,40.67509],[-74.222302,40.67511],[-74.222489,40.675341],[-74.222533,40.67544],[-74.222688,40.675546],[-74.22332,40.675924],[-74.223866,40.676149],[-74.224196,40.676384],[-74.224442,40.676587],[-74.22461,40.676652],[-74.2255,40.676779],[-74.225937,40.676902],[-74.226202,40.677029],[-74.22621,40.677038],[-74.226306,40.677142],[-74.226482,40.677448],[-74.226573,40.677851],[-74.226293,40.678307],[-74.22618,40.678499],[-74.225804,40.679019],[-74.225624,40.679532],[-74.225865,40.679924],[-74.226786,40.680649],[-74.227369,40.681316],[-74.227865,40.68192],[-74.227972,40.68205],[-74.228563,40.68258],[-74.228791,40.682785],[-74.229317,40.683362],[-74.229447,40.683504],[-74.229506,40.683611],[-74.229405,40.68388],[-74.229324,40.684078],[-74.229341,40.684269],[-74.229663,40.684794],[-74.230066,40.684995],[-74.23036,40.685072],[-74.230645,40.685305],[-74.231042,40.685253],[-74.231321,40.685395],[-74.231499,40.685531],[-74.232301,40.685808],[-74.232397,40.685918],[-74.232458,40.685988],[-74.232484,40.686133],[-74.232414,40.686479],[-74.232416,40.686566],[-74.232403,40.686593],[-74.23244,40.686602],[-74.232521,40.686646],[-74.232616,40.686666],[-74.232893,40.686583],[-74.232981,40.68654],[-74.2333,40.686355],[-74.233799,40.686057],[-74.234112,40.685979],[-74.23443,40.686168],[-74.234623,40.686283],[-74.235036,40.686608],[-74.2356,40.686736],[-74.236463,40.686497],[-74.236903,40.686363],[-74.237114,40.68636],[-74.237287,40.686482],[-74.237432,40.68666],[-74.237478,40.686805],[-74.237479,40.686989],[-74.237488,40.687078],[-74.237367,40.687495],[-74.237385,40.687841],[-74.237679,40.689788],[-74.237684,40.689795],[-74.237793,40.689953],[-74.238037,40.690823],[-74.23858,40.691291],[-74.238672,40.69137],[-74.238787,40.691498],[-74.23886,40.69158],[-74.238906,40.691717],[-74.238831,40.691833],[-74.238219,40.692199],[-74.238169,40.692459],[-74.238326,40.692818],[-74.238718,40.69319],[-74.238815,40.69373],[-74.238906,40.694233],[-74.238909,40.694419],[-74.238939,40.694468],[-74.239026,40.694607],[-74.239247,40.694746],[-74.239432,40.694862],[-74.239616,40.694979],[-74.239628,40.695005],[-74.239716,40.6951],[-74.239811,40.695236],[-74.240038,40.69556],[-74.240273,40.695782],[-74.240457,40.6959],[-74.240678,40.69595],[-74.241397,40.695866],[-74.24201,40.695806],[-74.242344,40.695808],[-74.24257,40.69581],[-74.24276,40.695861],[-74.243065,40.695942],[-74.24324,40.696038],[-74.243463,40.696161],[-74.243725,40.696372],[-74.24385,40.696542],[-74.244097,40.696664],[-74.244176,40.69668],[-74.244581,40.696763],[-74.244908,40.696792],[-74.245362,40.696833],[-74.245689,40.696875],[-74.24629,40.696951],[-74.2465,40.697049],[-74.246582,40.697307],[-74.246705,40.697613],[-74.246783,40.697796],[-74.246808,40.697855],[-74.246997,40.697969],[-74.247552,40.698164],[-74.247841,40.698296],[-74.248051,40.698455],[-74.248274,40.698702],[-74.248491,40.699092],[-74.248549,40.699405],[-74.248694,40.699657],[-74.248874,40.699926],[-74.249113,40.700206],[-74.249228,40.700442],[-74.24928,40.700777],[-74.249305,40.70094],[-74.249337,40.701145],[-74.249309,40.701436],[-74.248999,40.702106],[-74.248617,40.702661],[-74.247644,40.703436],[-74.247514,40.703595],[-74.247161,40.704189],[-74.247118,40.704342],[-74.247162,40.705012],[-74.247241,40.705232],[-74.247267,40.705528],[-74.247307,40.705984],[-74.247279,40.706687],[-74.247214,40.70694],[-74.247088,40.70724],[-74.246847,40.707813],[-74.246631,40.708214],[-74.246054,40.708851],[-74.245965,40.709033],[-74.245946,40.709071],[-74.24596,40.709434],[-74.245968,40.709653],[-74.245943,40.709723],[-74.245867,40.709939],[-74.245542,40.710235],[-74.245406,40.710411],[-74.244328,40.711144]]]}},{"type":"Feature","properties":{"zip":"07105","name":"07105"},"geometry":{"type":"Polygon","coordinates":[[[-74.167681,40.731376],[-74.166652,40.732419],[-74.166433,40.732619],[-74.166099,40.732923],[-74.165816,40.733169],[-74.16547,40.733469],[-74.164927,40.733917],[-74.16438,40.73435],[-74.163604,40.734933],[-74.163352,40.735131],[-74.163093,40.735313],[-74.162887,40.735443],[-74.162239,40.735836],[-74.161982,40.735572],[-74.161669,40.735781],[-74.161645,40.735764],[-74.15998,40.734485],[-74.159441,40.734361],[-74.158204,40.734078],[-74.157404,40.733894],[-74.156618,40.733714],[-74.156331,40.733648],[-74.155687,40.733501],[-74.155279,40.733538],[-74.15476,40.733584],[-74.154242,40.73363],[-74.153997,40.733652],[-74.153969,40.733654],[-74.153696,40.733679],[-74.153301,40.733713],[-74.152274,40.733804],[-74.152164,40.733814],[-74.151691,40.733856],[-74.151188,40.733901],[-74.148184,40.734277],[-74.148066,40.734292],[-74.147253,40.734393],[-74.147188,40.734401],[-74.147112,40.734453],[-74.145342,40.735664],[-74.145288,40.735701],[-74.145264,40.735735],[-74.142688,40.739301],[-74.142358,40.739434],[-74.141564,40.739755],[-74.139925,40.740416],[-74.138308,40.741068],[-74.137703,40.741313],[-74.137492,40.741398],[-74.137218,40.741414],[-74.124585,40.742015],[-74.123863,40.74205],[-74.123454,40.742069],[-74.123273,40.742078],[-74.123141,40.742084],[-74.122786,40.742101],[-74.122709,40.742081],[-74.122374,40.741998],[-74.122318,40.741984],[-74.121926,40.741886],[-74.121187,40.741701],[-74.121113,40.741658],[-74.121087,40.741643],[-74.121044,40.741618],[-74.120924,40.741547],[-74.120825,40.741489],[-74.120536,40.74132],[-74.11996,40.740983],[-74.119466,40.740692],[-74.118971,40.740401],[-74.118629,40.740201],[-74.118287,40.740001],[-74.11818,40.739944],[-74.117985,40.73984],[-74.117605,40.739638],[-74.117509,40.739243],[-74.117439,40.738956],[-74.117218,40.738051],[-74.117181,40.737899],[-74.11707,40.737443],[-74.116993,40.737125],[-74.117093,40.736716],[-74.117199,40.736283],[-74.11749,40.735091],[-74.1175,40.735046],[-74.118087,40.732501],[-74.118105,40.732442],[-74.118968,40.729586],[-74.120369,40.724949],[-74.120987,40.722901],[-74.121387,40.721001],[-74.12097,40.718873],[-74.120287,40.715901],[-74.120191,40.715737],[-74.119665,40.714838],[-74.119139,40.713938],[-74.118798,40.713356],[-74.118457,40.712773],[-74.117187,40.710602],[-74.117057,40.710381],[-74.116514,40.709454],[-74.11597,40.708527],[-74.114703,40.706368],[-74.113436,40.704208],[-74.112787,40.703102],[-74.113338,40.702477],[-74.114287,40.701402],[-74.114559,40.701072],[-74.117267,40.697808],[-74.117618,40.697982],[-74.119529,40.698878],[-74.120089,40.69914],[-74.122037,40.700131],[-74.122528,40.700407],[-74.123472,40.700937],[-74.125632,40.702032],[-74.127243,40.702914],[-74.128584,40.703707],[-74.129478,40.704289],[-74.130404,40.704812],[-74.130437,40.704831],[-74.132003,40.705708],[-74.132726,40.706088],[-74.133508,40.706514],[-74.133986,40.706762],[-74.134459,40.707015],[-74.134905,40.707236],[-74.135775,40.707609],[-74.14087,40.709461],[-74.142527,40.710087],[-74.14429,40.710859],[-74.144553,40.710994],[-74.145657,40.711349],[-74.146058,40.711462],[-74.146772,40.711085],[-74.147485,40.710709],[-74.148048,40.710353],[-74.148671,40.70996],[-74.148693,40.709991],[-74.148821,40.710138],[-74.148969,40.710273],[-74.149113,40.710382],[-74.150294,40.711112],[-74.150333,40.711142],[-74.150395,40.711163],[-74.150505,40.7112],[-74.151255,40.71145],[-74.151719,40.711608],[-74.151776,40.711628],[-74.155712,40.712972],[-74.154924,40.713905],[-74.154594,40.714215],[-74.154327,40.714466],[-74.155087,40.714769],[-74.155393,40.714918],[-74.15488,40.71553],[-74.154379,40.716127],[-74.15433,40.716184],[-74.154437,40.716199],[-74.15452,40.716211],[-74.154578,40.716224],[-74.154716,40.716255],[-74.154904,40.716314],[-74.155502,40.716522],[-74.155759,40.716611],[-74.158004,40.717391],[-74.158254,40.717478],[-74.159062,40.717368],[-74.161636,40.717016],[-74.162945,40.716837],[-74.165623,40.7165],[-74.165569,40.716624],[-74.164319,40.718705],[-74.164294,40.718755],[-74.163949,40.719454],[-74.166707,40.720411],[-74.168692,40.721105],[-74.168749,40.721125],[-74.168618,40.721442],[-74.168966,40.721594],[-74.16887,40.72185],[-74.170244,40.722424],[-74.170304,40.722326],[-74.170564,40.722416],[-74.171828,40.722857],[-74.17449,40.723782],[-74.174889,40.723921],[-74.174303,40.7245],[-74.173818,40.724914],[-74.173233,40.725451],[-74.17307,40.725651],[-74.172545,40.726177],[-74.172795,40.726264],[-74.172257,40.726791],[-74.171588,40.727445],[-74.170796,40.728219],[-74.170574,40.728444],[-74.17002,40.729005],[-74.169455,40.729579],[-74.169095,40.729943],[-74.168446,40.730601],[-74.167681,40.731376]]]}},{"type":"Feature","properties":{"zip":"07114","name":"07114"},"geometry":{"type":"Polygon","coordinates":[[[-74.183693,40.724522],[-74.182407,40.725128],[-74.182085,40.725279],[-74.181729,40.725447],[-74.180749,40.725909],[-74.18072,40.725923],[-74.180319,40.726113],[-74.179633,40.725829],[-74.179919,40.725346],[-74.180101,40.725048],[-74.180517,40.724365],[-74.179038,40.723848],[-74.178619,40.724534],[-74.176965,40.723961],[-74.17736,40.723261],[-74.176772,40.723054],[-74.176603,40.723196],[-74.175965,40.723615],[-74.175939,40.723606],[-74.175864,40.72358],[-74.175628,40.723499],[-74.175517,40.72346],[-74.175019,40.723757],[-74.174889,40.723921],[-74.17449,40.723782],[-74.171828,40.722857],[-74.170564,40.722416],[-74.170304,40.722326],[-74.170244,40.722424],[-74.16887,40.72185],[-74.168966,40.721594],[-74.168618,40.721442],[-74.168749,40.721125],[-74.168692,40.721105],[-74.166707,40.720411],[-74.163949,40.719454],[-74.164294,40.718755],[-74.164319,40.718705],[-74.165569,40.716624],[-74.165623,40.7165],[-74.162945,40.716837],[-74.161636,40.717016],[-74.159062,40.717368],[-74.158254,40.717478],[-74.158004,40.717391],[-74.155759,40.716611],[-74.155502,40.716522],[-74.154904,40.716314],[-74.154716,40.716255],[-74.154578,40.716224],[-74.15452,40.716211],[-74.154437,40.716199],[-74.15433,40.716184],[-74.154379,40.716127],[-74.15488,40.71553],[-74.155393,40.714918],[-74.155087,40.714769],[-74.154327,40.714466],[-74.154594,40.714215],[-74.154924,40.713905],[-74.155712,40.712972],[-74.151776,40.711628],[-74.151719,40.711608],[-74.151255,40.71145],[-74.150505,40.7112],[-74.150395,40.711163],[-74.150333,40.711142],[-74.150294,40.711112],[-74.149113,40.710382],[-74.148969,40.710273],[-74.148821,40.710138],[-74.148693,40.709991],[-74.148671,40.70996],[-74.148048,40.710353],[-74.147485,40.710709],[-74.146772,40.711085],[-74.146058,40.711462],[-74.145657,40.711349],[-74.144553,40.710994],[-74.14429,40.710859],[-74.142527,40.710087],[-74.14087,40.709461],[-74.135775,40.707609],[-74.134905,40.707236],[-74.134459,40.707015],[-74.133986,40.706762],[-74.133508,40.706514],[-74.132726,40.706088],[-74.132003,40.705708],[-74.130437,40.704831],[-74.130404,40.704812],[-74.129478,40.704289],[-74.128584,40.703707],[-74.127243,40.702914],[-74.125632,40.702032],[-74.123472,40.700937],[-74.122528,40.700407],[-74.122037,40.700131],[-74.120089,40.69914],[-74.119529,40.698878],[-74.117618,40.697982],[-74.117267,40.697808],[-74.119206,40.695572],[-74.120754,40.693739],[-74.122887,40.691202],[-74.122911,40.691172],[-74.128648,40.684234],[-74.129208,40.683557],[-74.131403,40.680902],[-74.131487,40.680802],[-74.131891,40.680308],[-74.132658,40.679368],[-74.133433,40.678434],[-74.133652,40.67817],[-74.136161,40.675084],[-74.136703,40.674444],[-74.138816,40.673903],[-74.138809,40.674024],[-74.138895,40.674057],[-74.139126,40.674018],[-74.144204,40.677146],[-74.144317,40.677216],[-74.14496,40.677612],[-74.145229,40.677777],[-74.145479,40.67793],[-74.145957,40.678225],[-74.147413,40.67912],[-74.148599,40.679849],[-74.151375,40.681556],[-74.151774,40.681802],[-74.154459,40.683453],[-74.155475,40.684078],[-74.156442,40.684672],[-74.156713,40.684839],[-74.157817,40.685518],[-74.158247,40.685782],[-74.158602,40.686001],[-74.159604,40.686617],[-74.160427,40.687128],[-74.160524,40.687727],[-74.160658,40.688558],[-74.160694,40.688669],[-74.160704,40.688699],[-74.160856,40.688871],[-74.160859,40.688896],[-74.160974,40.689],[-74.161161,40.689066],[-74.161659,40.689357],[-74.161744,40.689397],[-74.162246,40.689634],[-74.162577,40.689663],[-74.162999,40.6897],[-74.163087,40.689701],[-74.163941,40.689897],[-74.164463,40.69003],[-74.164691,40.690111],[-74.164952,40.690159],[-74.165187,40.690203],[-74.166089,40.6901],[-74.166885,40.690003],[-74.16748,40.689901],[-74.168089,40.689896],[-74.168192,40.689604],[-74.169085,40.688909],[-74.169692,40.688599],[-74.178672,40.688323],[-74.179273,40.688304],[-74.180627,40.688298],[-74.182086,40.688301],[-74.182726,40.688062],[-74.182893,40.688001],[-74.184148,40.687883],[-74.187332,40.687606],[-74.187384,40.687602],[-74.187512,40.68759],[-74.187566,40.687585],[-74.188482,40.687497],[-74.189076,40.6875],[-74.189391,40.687502],[-74.189966,40.68742],[-74.190096,40.6874],[-74.190183,40.687396],[-74.19182,40.68733],[-74.191829,40.68733],[-74.192491,40.687302],[-74.192788,40.687304],[-74.192985,40.687262],[-74.193289,40.687202],[-74.197182,40.687019],[-74.197494,40.687],[-74.198023,40.686948],[-74.19849,40.686902],[-74.199613,40.686827],[-74.199989,40.686802],[-74.200752,40.686708],[-74.200899,40.68669],[-74.201502,40.686615],[-74.201589,40.686602],[-74.201889,40.686702],[-74.203646,40.687693],[-74.204041,40.687916],[-74.20452,40.688192],[-74.204532,40.6882],[-74.20537,40.688684],[-74.206389,40.689202],[-74.207497,40.689663],[-74.207589,40.689702],[-74.208344,40.690081],[-74.209042,40.690428],[-74.209789,40.690802],[-74.211089,40.695002],[-74.211389,40.695902],[-74.211626,40.696744],[-74.212288,40.699102],[-74.21241,40.69926],[-74.211339,40.699897],[-74.211271,40.699938],[-74.211238,40.699906],[-74.211163,40.699835],[-74.210461,40.699164],[-74.209958,40.698684],[-74.20973,40.698467],[-74.209071,40.698042],[-74.208803,40.697902],[-74.208612,40.697851],[-74.208286,40.697806],[-74.20796,40.697805],[-74.207663,40.697841],[-74.207001,40.698],[-74.205813,40.698048],[-74.205659,40.698077],[-74.204977,40.698455],[-74.204756,40.698571],[-74.204532,40.698646],[-74.20316,40.699035],[-74.203069,40.699089],[-74.202985,40.699149],[-74.202911,40.699215],[-74.202846,40.699287],[-74.202791,40.699364],[-74.202747,40.699445],[-74.202722,40.699507],[-74.202788,40.699311],[-74.202838,40.698844],[-74.20282,40.698751],[-74.20279,40.69866],[-74.202748,40.698572],[-74.202693,40.698488],[-74.202628,40.698409],[-74.202551,40.698335],[-74.202465,40.698268],[-74.202371,40.698208],[-74.202268,40.698156],[-74.202159,40.698112],[-74.202045,40.698077],[-74.201926,40.698052],[-74.201805,40.698036],[-74.201682,40.69803],[-74.201559,40.698033],[-74.201437,40.698047],[-74.201317,40.69807],[-74.201202,40.698102],[-74.2011,40.69814],[-74.200892,40.698242],[-74.200754,40.698357],[-74.2004,40.698094],[-74.199725,40.698696],[-74.199147,40.699211],[-74.199122,40.699233],[-74.198471,40.699666],[-74.196823,40.700761],[-74.196164,40.701199],[-74.196079,40.701254],[-74.195886,40.701571],[-74.195148,40.702836],[-74.195159,40.702864],[-74.19533,40.7033],[-74.196195,40.705501],[-74.19625,40.705642],[-74.196684,40.706501],[-74.196769,40.706643],[-74.197115,40.707226],[-74.197198,40.707377],[-74.197227,40.70743],[-74.197258,40.707486],[-74.197292,40.707548],[-74.197335,40.707626],[-74.197358,40.707669],[-74.197585,40.708083],[-74.197155,40.708344],[-74.196809,40.708554],[-74.194718,40.709731],[-74.194403,40.709908],[-74.193903,40.710164],[-74.193002,40.710569],[-74.191972,40.710971],[-74.19042,40.711505],[-74.189985,40.711636],[-74.189851,40.71186],[-74.190191,40.711977],[-74.191466,40.712415],[-74.190684,40.713723],[-74.192575,40.714393],[-74.192147,40.715008],[-74.191665,40.715699],[-74.19126,40.716278],[-74.190792,40.716947],[-74.190773,40.716943],[-74.189122,40.71635],[-74.188752,40.716975],[-74.190452,40.717585],[-74.190087,40.718256],[-74.189739,40.718895],[-74.189374,40.719566],[-74.189017,40.720223],[-74.188672,40.720857],[-74.188302,40.721537],[-74.187508,40.721267],[-74.18722,40.721812],[-74.187012,40.722189],[-74.186491,40.722404],[-74.183861,40.723468],[-74.184385,40.724196],[-74.184236,40.724266],[-74.183693,40.724522]]]}},{"type":"Feature","properties":{"zip":"08876","name":"08876"},"geometry":{"type":"MultiPolygon","coordinates":[[[[-74.601823,40.563332],[-74.602277,40.563407],[-74.605926,40.563981],[-74.606031,40.564001],[-74.606069,40.563933],[-74.606275,40.563507],[-74.606483,40.56323],[-74.60661,40.563078],[-74.606691,40.56298],[-74.606913,40.562791],[-74.607081,40.562684],[-74.607306,40.562616],[-74.607516,40.562558],[-74.607663,40.562461],[-74.607745,40.562078],[-74.607744,40.561762],[-74.607747,40.561715],[-74.607774,40.561591],[-74.607794,40.561499],[-74.607803,40.561458],[-74.607875,40.561125],[-74.607887,40.561074],[-74.607985,40.560812],[-74.60807,40.56062],[-74.608131,40.560467],[-74.608231,40.560238],[-74.608246,40.560205],[-74.608371,40.560091],[-74.608561,40.559995],[-74.608647,40.559936],[-74.608797,40.559779],[-74.608849,40.559692],[-74.608974,40.559536],[-74.609006,40.559496],[-74.609174,40.559394],[-74.609228,40.559391],[-74.60934,40.559386],[-74.609544,40.559336],[-74.609652,40.559302],[-74.609805,40.559217],[-74.609966,40.55912],[-74.610091,40.559018],[-74.610121,40.558966],[-74.610167,40.558876],[-74.610145,40.558743],[-74.609971,40.558647],[-74.60918,40.558562],[-74.60887,40.558494],[-74.608685,40.558469],[-74.608549,40.558445],[-74.608096,40.558356],[-74.608362,40.558267],[-74.60873,40.558161],[-74.609222,40.558059],[-74.609915,40.558003],[-74.610325,40.558015],[-74.610663,40.558053],[-74.611066,40.558059],[-74.611578,40.558039],[-74.612379,40.558018],[-74.612582,40.557898],[-74.613136,40.557744],[-74.613626,40.557534],[-74.614115,40.557199],[-74.614778,40.556756],[-74.614994,40.556632],[-74.615138,40.556411],[-74.61517,40.556393],[-74.615197,40.556345],[-74.615588,40.556152],[-74.615915,40.556064],[-74.615982,40.556056],[-74.616006,40.556053],[-74.616014,40.556077],[-74.61615,40.556569],[-74.616224,40.556797],[-74.616308,40.557009],[-74.616445,40.557301],[-74.616556,40.557493],[-74.616666,40.557665],[-74.616829,40.557901],[-74.617003,40.558129],[-74.617909,40.559226],[-74.618373,40.559776],[-74.618609,40.560074],[-74.618674,40.560152],[-74.620339,40.558157],[-74.620614,40.557827],[-74.620629,40.557948],[-74.62061,40.55814],[-74.620635,40.558429],[-74.620606,40.558637],[-74.620633,40.558832],[-74.620732,40.559033],[-74.620838,40.559397],[-74.620927,40.559601],[-74.620995,40.559784],[-74.621006,40.5598],[-74.620743,40.559885],[-74.620697,40.5599],[-74.620768,40.559935],[-74.62098,40.560042],[-74.621322,40.560213],[-74.621672,40.560608],[-74.622179,40.561072],[-74.622885,40.561665],[-74.623358,40.562041],[-74.623927,40.562346],[-74.62444,40.562563],[-74.624609,40.562618],[-74.626395,40.563153],[-74.626376,40.56325],[-74.626358,40.563348],[-74.626001,40.56521],[-74.625952,40.565552],[-74.625921,40.565824],[-74.623412,40.565836],[-74.623973,40.566512],[-74.624285,40.566899],[-74.624648,40.567343],[-74.624838,40.567595],[-74.624953,40.567769],[-74.625074,40.567967],[-74.62529,40.568388],[-74.625316,40.568451],[-74.625436,40.568731],[-74.625461,40.568801],[-74.625301,40.56965],[-74.625404,40.570455],[-74.625506,40.570959],[-74.625649,40.571513],[-74.625602,40.572013],[-74.625549,40.57247],[-74.625483,40.573039],[-74.625383,40.573897],[-74.625273,40.574917],[-74.625153,40.575915],[-74.624987,40.577199],[-74.624963,40.578057],[-74.624867,40.578916],[-74.624858,40.578992],[-74.624842,40.579135],[-74.62451,40.580438],[-74.624483,40.580426],[-74.623969,40.580259],[-74.623669,40.580143],[-74.623548,40.580101],[-74.623419,40.580053],[-74.623126,40.579955],[-74.622783,40.579851],[-74.622369,40.579686],[-74.622141,40.579609],[-74.621955,40.580579],[-74.621043,40.580557],[-74.621003,40.580043],[-74.620516,40.579897],[-74.620534,40.580043],[-74.620512,40.58007],[-74.620381,40.580133],[-74.620232,40.580258],[-74.619864,40.5806],[-74.619816,40.580671],[-74.619757,40.580716],[-74.619699,40.580779],[-74.619397,40.581013],[-74.619376,40.581048],[-74.619303,40.58112],[-74.619218,40.581273],[-74.619231,40.5813],[-74.619196,40.581401],[-74.619172,40.58147],[-74.618959,40.581496],[-74.618785,40.581542],[-74.618646,40.581602],[-74.618512,40.581697],[-74.618202,40.581649],[-74.616238,40.58136],[-74.61473,40.581158],[-74.614564,40.581138],[-74.614342,40.581114],[-74.612344,40.580924],[-74.611061,40.580787],[-74.609587,40.58065],[-74.608979,40.580596],[-74.608882,40.580587],[-74.608504,40.580551],[-74.608564,40.580267],[-74.608657,40.579924],[-74.608723,40.579647],[-74.608929,40.578793],[-74.606334,40.578423],[-74.605015,40.578159],[-74.604258,40.580234],[-74.603174,40.580169],[-74.602865,40.580149],[-74.601377,40.58005],[-74.600516,40.579983],[-74.599685,40.579892],[-74.5994,40.579852],[-74.598696,40.57975],[-74.598801,40.579455],[-74.599352,40.577941],[-74.599505,40.577521],[-74.59955,40.577401],[-74.598574,40.577154],[-74.596383,40.576627],[-74.596947,40.575239],[-74.59378,40.574865],[-74.594932,40.571106],[-74.594205,40.571074],[-74.5936,40.571036],[-74.592722,40.570979],[-74.591851,40.570923],[-74.591013,40.57087],[-74.590953,40.570866],[-74.590007,40.570802],[-74.588748,40.570716],[-74.588616,40.570706],[-74.587511,40.570626],[-74.586259,40.570531],[-74.586689,40.569423],[-74.586827,40.569061],[-74.587143,40.568152],[-74.587434,40.567354],[-74.587597,40.566909],[-74.588073,40.565613],[-74.588239,40.565118],[-74.588505,40.564382],[-74.588902,40.563167],[-74.589048,40.562709],[-74.589287,40.561993],[-74.589791,40.562101],[-74.589861,40.5621],[-74.589912,40.562082],[-74.589987,40.56198],[-74.590181,40.561467],[-74.590191,40.561429],[-74.59225,40.561768],[-74.593215,40.561924],[-74.596987,40.562534],[-74.599088,40.562881],[-74.601823,40.563332]]],[[[-74.71545,40.580385],[-74.715332,40.580566],[-74.715103,40.580907],[-74.71493,40.581177],[-74.714807,40.581369],[-74.714602,40.581679],[-74.714432,40.581937],[-74.714325,40.582108],[-74.71424,40.582239],[-74.714157,40.582363],[-74.714145,40.582381],[-74.714142,40.582386],[-74.714139,40.582391],[-74.714115,40.582427],[-74.714096,40.582454],[-74.713989,40.582625],[-74.71376,40.582967],[-74.713526,40.58333],[-74.713348,40.583606],[-74.713184,40.583852],[-74.71315,40.583903],[-74.713058,40.584055],[-74.712962,40.584231],[-74.713417,40.584385],[-74.713725,40.584507],[-74.713731,40.58451],[-74.713739,40.584513],[-74.713898,40.584576],[-74.714055,40.584634],[-74.714064,40.584637],[-74.714071,40.58464],[-74.714348,40.584743],[-74.714516,40.584807],[-74.714684,40.584879],[-74.715225,40.585092],[-74.71548,40.585189],[-74.715965,40.585373],[-74.716705,40.585664],[-74.71699,40.585774],[-74.716998,40.585777],[-74.717011,40.585782],[-74.717023,40.585787],[-74.717278,40.585886],[-74.718048,40.586198],[-74.718475,40.586363],[-74.718635,40.586425],[-74.718743,40.586467],[-74.718834,40.586502],[-74.718945,40.586546],[-74.719079,40.586599],[-74.719094,40.586605],[-74.719129,40.586619],[-74.719168,40.586634],[-74.719227,40.586657],[-74.719314,40.586691],[-74.71939,40.586721],[-74.719399,40.586724],[-74.719409,40.586728],[-74.719424,40.586734],[-74.719434,40.586738],[-74.71946,40.586748],[-74.719501,40.586764],[-74.719522,40.586772],[-74.719566,40.586789],[-74.719615,40.586808],[-74.719643,40.586819],[-74.719651,40.586822],[-74.719658,40.586825],[-74.720002,40.586961],[-74.720011,40.586965],[-74.720223,40.587046],[-74.720375,40.587109],[-74.720631,40.587209],[-74.720644,40.587214],[-74.720655,40.587218],[-74.720661,40.587221],[-74.720672,40.587225],[-74.720978,40.587345],[-74.721167,40.587416],[-74.72122,40.587436],[-74.721351,40.587481],[-74.721726,40.587572],[-74.721901,40.587618],[-74.722164,40.587712],[-74.722397,40.587794],[-74.722589,40.587867],[-74.7229,40.587985],[-74.723251,40.588125],[-74.72369,40.588289],[-74.723793,40.588329],[-74.723968,40.588397],[-74.724152,40.588465],[-74.724327,40.588533],[-74.72451,40.588601],[-74.724693,40.588665],[-74.724876,40.588733],[-74.724937,40.588755],[-74.725144,40.588833],[-74.725235,40.588869],[-74.725418,40.588937],[-74.725769,40.589073],[-74.725937,40.589136],[-74.726105,40.589204],[-74.726273,40.589263],[-74.72644,40.589327],[-74.726608,40.589399],[-74.726944,40.589517],[-74.727119,40.589567],[-74.727295,40.589608],[-74.727478,40.58964],[-74.728043,40.589722],[-74.728638,40.589805],[-74.728836,40.589837],[-74.729026,40.589863],[-74.729233,40.589892],[-74.729424,40.589915],[-74.729614,40.589951],[-74.729782,40.589988],[-74.729935,40.590037],[-74.730087,40.590105],[-74.730232,40.590178],[-74.730362,40.590273],[-74.730499,40.590368],[-74.730774,40.590566],[-74.730919,40.590675],[-74.731064,40.590779],[-74.731214,40.590883],[-74.730927,40.591261],[-74.730843,40.591364],[-74.730759,40.591463],[-74.730675,40.591571],[-74.730591,40.591683],[-74.730492,40.591796],[-74.7304,40.591912],[-74.730301,40.592029],[-74.730209,40.592151],[-74.730118,40.592268],[-74.730026,40.592389],[-74.729942,40.59251],[-74.729866,40.592627],[-74.729805,40.592744],[-74.729752,40.592857],[-74.729706,40.592969],[-74.729599,40.593199],[-74.729538,40.593307],[-74.729454,40.593415],[-74.729362,40.593518],[-74.729248,40.593612],[-74.729134,40.593702],[-74.729004,40.593778],[-74.728874,40.593846],[-74.728744,40.5939],[-74.728615,40.593944],[-74.728509,40.593985],[-74.728368,40.594099],[-74.727673,40.594921],[-74.727581,40.594882],[-74.727451,40.594855],[-74.727369,40.594823],[-74.727196,40.594796],[-74.726994,40.594772],[-74.726918,40.594756],[-74.726839,40.594734],[-74.726774,40.594729],[-74.726663,40.594677],[-74.72658,40.594614],[-74.7265,40.594565],[-74.726324,40.594464],[-74.726226,40.594434],[-74.726143,40.594412],[-74.726039,40.594393],[-74.725953,40.594374],[-74.725819,40.594364],[-74.725758,40.594356],[-74.725668,40.594353],[-74.725549,40.594353],[-74.725488,40.594334],[-74.72542,40.594335],[-74.725301,40.594324],[-74.725211,40.594338],[-74.725132,40.594341],[-74.725063,40.594355],[-74.725002,40.59438],[-74.724909,40.594454],[-74.724858,40.594485],[-74.72479,40.594564],[-74.724743,40.594606],[-74.724661,40.594658],[-74.724614,40.594713],[-74.724553,40.594757],[-74.724474,40.594826],[-74.724427,40.594876],[-74.724398,40.594955],[-74.724345,40.595082],[-74.724287,40.59514],[-74.724179,40.595145],[-74.724122,40.595184],[-74.724046,40.595231],[-74.723963,40.595322],[-74.723895,40.595382],[-74.723791,40.595385],[-74.723672,40.595408],[-74.723582,40.595444],[-74.72351,40.595479],[-74.723449,40.595518],[-74.723388,40.59554],[-74.723312,40.59556],[-74.723211,40.595552],[-74.723132,40.59553],[-74.723031,40.595528],[-74.722941,40.595544],[-74.722884,40.595591],[-74.722805,40.595652],[-74.722715,40.595685],[-74.722672,40.595767],[-74.722646,40.595811],[-74.7226,40.59588],[-74.722521,40.595917],[-74.722565,40.595997],[-74.722611,40.596106],[-74.722648,40.596214],[-74.722672,40.596331],[-74.722687,40.596457],[-74.722695,40.596597],[-74.722686,40.596752],[-74.722672,40.597047],[-74.722671,40.597205],[-74.722664,40.597367],[-74.722656,40.59752],[-74.722633,40.597673],[-74.722603,40.597817],[-74.722564,40.597952],[-74.722511,40.598087],[-74.722435,40.598218],[-74.722359,40.598344],[-74.722275,40.598474],[-74.722183,40.5986],[-74.722107,40.598726],[-74.721771,40.59923],[-74.72168,40.599365],[-74.721596,40.599495],[-74.721413,40.599765],[-74.721329,40.599904],[-74.721252,40.600044],[-74.721191,40.600188],[-74.721138,40.600336],[-74.72111,40.600402],[-74.721599,40.600548],[-74.721611,40.600551],[-74.721619,40.600553],[-74.721628,40.600556],[-74.721638,40.600559],[-74.721705,40.600579],[-74.721168,40.601355],[-74.720929,40.6017],[-74.720917,40.601809],[-74.720871,40.601935],[-74.720802,40.602061],[-74.720726,40.602178],[-74.720631,40.60231],[-74.72061,40.602339],[-74.720558,40.602411],[-74.720482,40.602537],[-74.720414,40.602633],[-74.720348,40.602726],[-74.720331,40.60275],[-74.720193,40.602948],[-74.720186,40.602958],[-74.72018,40.602966],[-74.720176,40.602973],[-74.719902,40.603365],[-74.719818,40.603477],[-74.719711,40.60363],[-74.719835,40.603666],[-74.724362,40.604914],[-74.729972,40.606528],[-74.732701,40.6069],[-74.73262,40.607003],[-74.732521,40.607124],[-74.732429,40.60725],[-74.732323,40.607376],[-74.732223,40.607506],[-74.732124,40.607637],[-74.732017,40.607767],[-74.731918,40.607898],[-74.731812,40.608033],[-74.731598,40.608302],[-74.731483,40.608442],[-74.731384,40.608577],[-74.73127,40.608716],[-74.731163,40.608851],[-74.731049,40.60899],[-74.730835,40.609269],[-74.73072,40.609408],[-74.730614,40.609548],[-74.7304,40.609818],[-74.730072,40.610218],[-74.729973,40.610348],[-74.729874,40.610474],[-74.729782,40.610595],[-74.729683,40.610717],[-74.729591,40.610838],[-74.7295,40.610955],[-74.729408,40.611067],[-74.734268,40.612097],[-74.738533,40.613881],[-74.738434,40.614012],[-74.738243,40.614254],[-74.738159,40.614367],[-74.738075,40.614484],[-74.737999,40.614592],[-74.737923,40.614691],[-74.737854,40.61479],[-74.737778,40.614879],[-74.737774,40.614883],[-74.737511,40.615248],[-74.737396,40.615207],[-74.737288,40.615173],[-74.737137,40.615126],[-74.736626,40.614958],[-74.736366,40.614876],[-74.736115,40.61479],[-74.735863,40.614713],[-74.735611,40.614627],[-74.735367,40.614545],[-74.735123,40.614454],[-74.735016,40.614416],[-74.734886,40.614368],[-74.734413,40.614187],[-74.734184,40.614096],[-74.734002,40.61403],[-74.733836,40.614261],[-74.733681,40.614203],[-74.733429,40.614117],[-74.732941,40.613936],[-74.732452,40.613764],[-74.732208,40.613673],[-74.731964,40.613591],[-74.731728,40.613505],[-74.731483,40.613428],[-74.730987,40.613283],[-74.730743,40.613215],[-74.730492,40.613142],[-74.730248,40.613083],[-74.729744,40.612965],[-74.729492,40.61291],[-74.72924,40.61286],[-74.728996,40.612814],[-74.728816,40.612787],[-74.728714,40.612922],[-74.728684,40.612967],[-74.728653,40.613025],[-74.728607,40.613093],[-74.728546,40.613169],[-74.728485,40.613263],[-74.728409,40.613358],[-74.72834,40.613457],[-74.728256,40.61356],[-74.72818,40.613664],[-74.728104,40.613772],[-74.728027,40.613875],[-74.727951,40.613987],[-74.727797,40.614195],[-74.727707,40.614311],[-74.727631,40.614419],[-74.727547,40.614527],[-74.72747,40.614639],[-74.727303,40.614873],[-74.727219,40.614986],[-74.727127,40.615103],[-74.726959,40.615336],[-74.726868,40.615458],[-74.726784,40.615575],[-74.726616,40.615818],[-74.726433,40.61606],[-74.726341,40.616186],[-74.726166,40.616429],[-74.726074,40.61655],[-74.725983,40.616663],[-74.725899,40.61678],[-74.725823,40.616883],[-74.725746,40.616982],[-74.725601,40.617171],[-74.725533,40.617265],[-74.725395,40.617445],[-74.725334,40.617526],[-74.725273,40.617616],[-74.725205,40.617702],[-74.725136,40.617796],[-74.724997,40.617978],[-74.72493,40.61807],[-74.724869,40.618156],[-74.7248,40.618246],[-74.724759,40.618303],[-74.724678,40.618416],[-74.724609,40.618502],[-74.724548,40.618587],[-74.724495,40.618668],[-74.724426,40.618749],[-74.724365,40.618826],[-74.724236,40.619005],[-74.724174,40.619086],[-74.724113,40.619163],[-74.723976,40.619307],[-74.723892,40.619365],[-74.723808,40.619428],[-74.723725,40.619495],[-74.7237,40.619523],[-74.723655,40.619572],[-74.723587,40.619662],[-74.723526,40.619756],[-74.723457,40.61985],[-74.723389,40.619949],[-74.72332,40.620053],[-74.723251,40.620152],[-74.723175,40.620246],[-74.723106,40.620345],[-74.723038,40.62044],[-74.722969,40.620534],[-74.722832,40.620714],[-74.722779,40.62079],[-74.722717,40.620876],[-74.722649,40.620961],[-74.72258,40.621051],[-74.722511,40.621145],[-74.722374,40.621325],[-74.722313,40.621411],[-74.722244,40.621496],[-74.722183,40.621582],[-74.722115,40.621667],[-74.722053,40.621752],[-74.721992,40.621842],[-74.721931,40.621923],[-74.72187,40.622018],[-74.721809,40.622108],[-74.721741,40.622202],[-74.721535,40.622472],[-74.721466,40.622557],[-74.721405,40.622643],[-74.721275,40.622805],[-74.721222,40.622881],[-74.721115,40.623016],[-74.721069,40.623083],[-74.721023,40.623137],[-74.720986,40.623191],[-74.720948,40.62324],[-74.720917,40.62329],[-74.720892,40.62332],[-74.720726,40.62322],[-74.720585,40.623144],[-74.720456,40.623067],[-74.720311,40.62301],[-74.720102,40.622874],[-74.719835,40.622727],[-74.719734,40.622661],[-74.719648,40.622601],[-74.719532,40.62253],[-74.719431,40.622492],[-74.719334,40.622449],[-74.719215,40.622419],[-74.719111,40.622431],[-74.718923,40.622461],[-74.718747,40.622487],[-74.718574,40.622518],[-74.71838,40.622554],[-74.71825,40.622582],[-74.718106,40.622632],[-74.718005,40.622668],[-74.717854,40.622734],[-74.717739,40.622792],[-74.71766,40.622837],[-74.717534,40.622922],[-74.717429,40.622997],[-74.71726,40.623101],[-74.717099,40.623242],[-74.717027,40.623319],[-74.716987,40.623385],[-74.716969,40.623448],[-74.716955,40.62352],[-74.716934,40.623588],[-74.716898,40.623673],[-74.716862,40.623748],[-74.716822,40.623819],[-74.716761,40.62391],[-74.716711,40.623976],[-74.716661,40.624069],[-74.716614,40.624127],[-74.716564,40.624196],[-74.71651,40.624273],[-74.716373,40.624433],[-74.716309,40.624515],[-74.716235,40.624597],[-74.716161,40.624656],[-74.716104,40.624733],[-74.716025,40.62481],[-74.715964,40.624892],[-74.715906,40.624956],[-74.715841,40.625033],[-74.71575,40.625071],[-74.715588,40.625193],[-74.71552,40.625256],[-74.715469,40.6253],[-74.715383,40.625369],[-74.715332,40.625411],[-74.715271,40.625458],[-74.715163,40.625535],[-74.715105,40.625554],[-74.715015,40.625593],[-74.714939,40.625634],[-74.71487,40.62567],[-74.71478,40.625709],[-74.714665,40.625756],[-74.714575,40.625789],[-74.71447,40.625817],[-74.714373,40.625864],[-74.714239,40.625935],[-74.71412,40.626032],[-74.714055,40.626054],[-74.713961,40.626096],[-74.713868,40.626134],[-74.713741,40.626165],[-74.713676,40.626187],[-74.713608,40.626184],[-74.713543,40.62619],[-74.713384,40.626231],[-74.713312,40.626251],[-74.713232,40.626267],[-74.713135,40.626273],[-74.713015,40.626254],[-74.712925,40.626232],[-74.712838,40.626216],[-74.712687,40.626177],[-74.712614,40.626147],[-74.71251,40.626125],[-74.712452,40.626109],[-74.712369,40.62607],[-74.712307,40.626037],[-74.712217,40.625991],[-74.712155,40.625947],[-74.712097,40.625886],[-74.711988,40.625837],[-74.711963,40.625927],[-74.71191,40.626029],[-74.711881,40.626059],[-74.711846,40.626144],[-74.711817,40.626219],[-74.71171,40.626364],[-74.711675,40.626406],[-74.711653,40.626483],[-74.711629,40.626554],[-74.711594,40.626689],[-74.711558,40.626801],[-74.711534,40.626903],[-74.711478,40.627125],[-74.711471,40.627227],[-74.711475,40.627296],[-74.711497,40.627345],[-74.711552,40.627476],[-74.711635,40.627558],[-74.711722,40.627621],[-74.711788,40.627692],[-74.711915,40.627884],[-74.711977,40.627968],[-74.712039,40.628059],[-74.712126,40.628196],[-74.712181,40.628313],[-74.712236,40.628426],[-74.712251,40.628546],[-74.712256,40.628719],[-74.712242,40.628807],[-74.712272,40.628895],[-74.712344,40.628971],[-74.712421,40.629059],[-74.712464,40.629124],[-74.712534,40.629245],[-74.712599,40.629346],[-74.712675,40.629436],[-74.712741,40.629507],[-74.712933,40.629674],[-74.71302,40.629761],[-74.713111,40.629857],[-74.71318,40.629955],[-74.713238,40.630057],[-74.713278,40.630117],[-74.713322,40.630194],[-74.713348,40.630259],[-74.713366,40.630339],[-74.713363,40.630429],[-74.713371,40.630506],[-74.713379,40.630564],[-74.713397,40.630635],[-74.713445,40.630698],[-74.713502,40.630725],[-74.713578,40.630736],[-74.713657,40.630724],[-74.713704,40.630722],[-74.713823,40.630696],[-74.713935,40.630668],[-74.713989,40.630657],[-74.71405,40.630651],[-74.71414,40.630648],[-74.714371,40.630647],[-74.714475,40.630652],[-74.714537,40.630666],[-74.714659,40.630674],[-74.714728,40.630687],[-74.71485,40.630717],[-74.714941,40.630752],[-74.715035,40.630798],[-74.715136,40.630833],[-74.715212,40.630861],[-74.715349,40.630904],[-74.715461,40.630936],[-74.715602,40.630996],[-74.715735,40.631063],[-74.71583,40.63113],[-74.715888,40.631168],[-74.715986,40.631225],[-74.716116,40.631334],[-74.716203,40.631393],[-74.716219,40.631413],[-74.716258,40.63143],[-74.716409,40.631454],[-74.716535,40.631475],[-74.716626,40.63148],[-74.716658,40.631494],[-74.716734,40.631524],[-74.716774,40.631543],[-74.716814,40.631559],[-74.716936,40.63158],[-74.716951,40.631564],[-74.716968,40.631509],[-74.716993,40.63147],[-74.717022,40.631435],[-74.717097,40.631382],[-74.717133,40.631352],[-74.717176,40.631313],[-74.717229,40.631283],[-74.717257,40.631228],[-74.717408,40.631121],[-74.717455,40.631082],[-74.717634,40.630991],[-74.717792,40.630938],[-74.717976,40.630907],[-74.718106,40.63089],[-74.71835,40.630865],[-74.718646,40.630841],[-74.718934,40.630807],[-74.719089,40.630785],[-74.719316,40.63077],[-74.719532,40.630802],[-74.719713,40.630856],[-74.720171,40.630898],[-74.720391,40.630892],[-74.720557,40.630932],[-74.720719,40.630984],[-74.72086,40.631035],[-74.721157,40.631256],[-74.721414,40.631357],[-74.721648,40.631391],[-74.721875,40.63142],[-74.722034,40.631434],[-74.722261,40.631411],[-74.722452,40.631382],[-74.72265,40.631382],[-74.722841,40.631362],[-74.723295,40.631357],[-74.723353,40.631365],[-74.7235,40.631375],[-74.723673,40.63138],[-74.723893,40.631379],[-74.724124,40.631342],[-74.724307,40.631303],[-74.724527,40.631278],[-74.724747,40.631288],[-74.724949,40.631303],[-74.725108,40.631333],[-74.725273,40.631351],[-74.72544,40.631395],[-74.725519,40.631444],[-74.725628,40.631495],[-74.725805,40.631571],[-74.725957,40.631647],[-74.726047,40.631699],[-74.726167,40.631784],[-74.72629,40.63192],[-74.726395,40.632016],[-74.726508,40.632109],[-74.726573,40.632155],[-74.726693,40.632248],[-74.72683,40.632371],[-74.726965,40.632576],[-74.727013,40.632751],[-74.726871,40.632491],[-74.726722,40.632324],[-74.726567,40.632208],[-74.726603,40.632295],[-74.726655,40.632486],[-74.726652,40.632613],[-74.726674,40.632758],[-74.726744,40.632903],[-74.726814,40.633081],[-74.726865,40.633229],[-74.72692,40.633366],[-74.726965,40.633514],[-74.727017,40.633725],[-74.727058,40.633944],[-74.727083,40.634049],[-74.726978,40.634072],[-74.726942,40.634077],[-74.726919,40.633933],[-74.726918,40.633928],[-74.726916,40.633918],[-74.7269,40.633817],[-74.726895,40.633786],[-74.726884,40.633738],[-74.726881,40.633725],[-74.726811,40.633433],[-74.726763,40.633231],[-74.72658,40.6327],[-74.726545,40.632508],[-74.726397,40.632305],[-74.726169,40.632101],[-74.726044,40.632019],[-74.725776,40.63189],[-74.725711,40.631842],[-74.725597,40.631785],[-74.725501,40.631736],[-74.725273,40.631662],[-74.72501,40.631603],[-74.724851,40.631589],[-74.724452,40.631553],[-74.723967,40.631572],[-74.72366,40.631583],[-74.723485,40.631625],[-74.723276,40.631632],[-74.722671,40.631593],[-74.722331,40.631591],[-74.722152,40.631579],[-74.721896,40.631555],[-74.721623,40.631521],[-74.721483,40.631502],[-74.721397,40.631485],[-74.72133,40.631438],[-74.721204,40.631348],[-74.721066,40.631292],[-74.720924,40.631225],[-74.720825,40.631159],[-74.720738,40.6311],[-74.72064,40.631073],[-74.720433,40.631028],[-74.720283,40.631008],[-74.720087,40.630993],[-74.719944,40.630988],[-74.719824,40.630972],[-74.719715,40.630963],[-74.719571,40.630936],[-74.719402,40.630912],[-74.719245,40.630909],[-74.719052,40.630916],[-74.718907,40.630916],[-74.718721,40.630919],[-74.718594,40.630929],[-74.718364,40.630941],[-74.71784,40.631078],[-74.717635,40.63115],[-74.717469,40.631273],[-74.71739,40.631427],[-74.717352,40.6315],[-74.717275,40.631578],[-74.717223,40.631631],[-74.717037,40.631701],[-74.717028,40.631706],[-74.717017,40.631705],[-74.716788,40.631695],[-74.716659,40.631672],[-74.716531,40.631644],[-74.716348,40.631587],[-74.716192,40.631501],[-74.716027,40.631422],[-74.715851,40.631327],[-74.715524,40.631149],[-74.715284,40.631052],[-74.715111,40.631],[-74.714956,40.630951],[-74.714719,40.630889],[-74.714536,40.630886],[-74.714453,40.630911],[-74.714194,40.630931],[-74.714021,40.630914],[-74.713934,40.630852],[-74.713705,40.630811],[-74.713561,40.630786],[-74.713373,40.630697],[-74.713323,40.630629],[-74.713263,40.63053],[-74.71323,40.630461],[-74.713154,40.630303],[-74.713133,40.630274],[-74.713084,40.630074],[-74.712989,40.629859],[-74.712986,40.629854],[-74.71297,40.629833],[-74.712966,40.629828],[-74.712901,40.62974],[-74.712829,40.629662],[-74.712735,40.629585],[-74.712644,40.629498],[-74.71253,40.629408],[-74.712466,40.629325],[-74.712393,40.629255],[-74.712291,40.629163],[-74.712201,40.629028],[-74.712174,40.628958],[-74.712129,40.628858],[-74.712092,40.62875],[-74.712076,40.628647],[-74.712031,40.628396],[-74.711977,40.628259],[-74.711945,40.62816],[-74.711872,40.628044],[-74.711633,40.627767],[-74.711557,40.627714],[-74.711543,40.627695],[-74.711403,40.627507],[-74.711399,40.627501],[-74.711386,40.627483],[-74.711339,40.627319],[-74.711377,40.626868],[-74.711506,40.626435],[-74.711508,40.62643],[-74.711509,40.626425],[-74.711522,40.626381],[-74.711547,40.626333],[-74.711587,40.626251],[-74.711591,40.626245],[-74.711595,40.626239],[-74.711599,40.626233],[-74.71171,40.626022],[-74.711737,40.625971],[-74.711754,40.62592],[-74.711805,40.625767],[-74.711807,40.625745],[-74.711821,40.625598],[-74.711822,40.625587],[-74.711821,40.625582],[-74.711789,40.62543],[-74.711704,40.625287],[-74.711601,40.625122],[-74.711598,40.625117],[-74.71159,40.625105],[-74.711545,40.625038],[-74.711429,40.624929],[-74.711329,40.624869],[-74.711087,40.624777],[-74.710962,40.624727],[-74.710779,40.624672],[-74.710609,40.624633],[-74.71047,40.624605],[-74.710317,40.624594],[-74.710207,40.624628],[-74.710068,40.624682],[-74.709849,40.624796],[-74.709742,40.624797],[-74.709634,40.624779],[-74.70931,40.62468],[-74.709103,40.624601],[-74.708764,40.624452],[-74.708562,40.624357],[-74.70842,40.624273],[-74.708221,40.624115],[-74.707883,40.623775],[-74.707834,40.623651],[-74.707394,40.623083],[-74.706879,40.622683],[-74.706323,40.622168],[-74.70581,40.621808],[-74.70562,40.621695],[-74.705302,40.621595],[-74.704807,40.621563],[-74.704429,40.621536],[-74.704193,40.621505],[-74.703995,40.62143],[-74.703819,40.621358],[-74.703689,40.621296],[-74.703536,40.621224],[-74.703488,40.621201],[-74.703355,40.621166],[-74.703222,40.621131],[-74.703152,40.621123],[-74.703041,40.62111],[-74.702912,40.621121],[-74.702718,40.621144],[-74.70254,40.621216],[-74.702231,40.621371],[-74.702081,40.621536],[-74.701925,40.621806],[-74.70187,40.622053],[-74.701806,40.622229],[-74.701743,40.622339],[-74.70152,40.62244],[-74.701363,40.622494],[-74.700858,40.62254],[-74.700685,40.622541],[-74.700556,40.622513],[-74.700432,40.622453],[-74.700251,40.622377],[-74.700151,40.622345],[-74.700036,40.622356],[-74.700006,40.622363],[-74.699926,40.622383],[-74.699834,40.622406],[-74.699611,40.6225],[-74.699447,40.622583],[-74.699325,40.622699],[-74.699226,40.622908],[-74.699178,40.623265],[-74.699244,40.624286],[-74.69929,40.624654],[-74.699299,40.62489],[-74.699281,40.625118],[-74.699315,40.625588],[-74.699399,40.625989],[-74.699583,40.626402],[-74.699826,40.626749],[-74.699961,40.627029],[-74.699998,40.627139],[-74.700116,40.627491],[-74.70037,40.628134],[-74.700524,40.628843],[-74.700563,40.629365],[-74.700546,40.629694],[-74.700414,40.630078],[-74.700173,40.63045],[-74.69981,40.630844],[-74.699332,40.631237],[-74.698853,40.631537],[-74.698303,40.631875],[-74.697876,40.632076],[-74.69727,40.632211],[-74.696859,40.632286],[-74.696651,40.632319],[-74.696426,40.632355],[-74.695993,40.632414],[-74.695437,40.632543],[-74.695097,40.632745],[-74.69467,40.632891],[-74.694303,40.632967],[-74.693798,40.632942],[-74.693331,40.632847],[-74.693093,40.632775],[-74.692959,40.632714],[-74.692813,40.632647],[-74.692646,40.632608],[-74.692544,40.632583],[-74.692441,40.632559],[-74.692244,40.632513],[-74.691698,40.632407],[-74.69128,40.632421],[-74.690818,40.632485],[-74.6904,40.632527],[-74.690025,40.632553],[-74.6896,40.632546],[-74.689405,40.632484],[-74.68919,40.632385],[-74.688888,40.632279],[-74.688492,40.632255],[-74.688131,40.632369],[-74.687906,40.632549],[-74.687651,40.632883],[-74.687516,40.633158],[-74.687358,40.63348],[-74.687176,40.633836],[-74.686942,40.634173],[-74.686814,40.634325],[-74.6867,40.634439],[-74.686642,40.634497],[-74.686484,40.634656],[-74.68592,40.634983],[-74.685479,40.635195],[-74.685095,40.635342],[-74.68477,40.635429],[-74.684476,40.635411],[-74.684173,40.635371],[-74.68382,40.635287],[-74.683504,40.635143],[-74.683203,40.635021],[-74.682983,40.63482],[-74.682873,40.634707],[-74.682775,40.634464],[-74.6828,40.634319],[-74.68282,40.634196],[-74.68293,40.633878],[-74.683018,40.633697],[-74.683099,40.633516],[-74.683209,40.633242],[-74.683347,40.633034],[-74.683356,40.633004],[-74.683503,40.632519],[-74.683526,40.632228],[-74.683532,40.631977],[-74.683537,40.631789],[-74.683417,40.63141],[-74.683248,40.630964],[-74.683208,40.630888],[-74.683063,40.630612],[-74.682806,40.630282],[-74.682449,40.629874],[-74.682099,40.629515],[-74.681797,40.629239],[-74.681468,40.629019],[-74.681172,40.628835],[-74.680866,40.628626],[-74.680637,40.628378],[-74.680508,40.628257],[-74.680517,40.628027],[-74.68057,40.627692],[-74.680695,40.627418],[-74.68082,40.627056],[-74.680966,40.626788],[-74.681105,40.626602],[-74.681287,40.626393],[-74.681301,40.626378],[-74.681432,40.62617],[-74.681528,40.625978],[-74.681464,40.625813],[-74.681431,40.625743],[-74.68135,40.625571],[-74.681236,40.625386],[-74.680943,40.625085],[-74.680707,40.624838],[-74.680327,40.624488],[-74.680153,40.624339],[-74.680068,40.624097],[-74.680029,40.623918],[-74.679978,40.623687],[-74.679934,40.623529],[-74.679887,40.623363],[-74.679842,40.62316],[-74.679706,40.622912],[-74.679601,40.622751],[-74.679479,40.622677],[-74.678754,40.622028],[-74.678347,40.621704],[-74.677934,40.621451],[-74.677781,40.621339],[-74.677622,40.621221],[-74.677343,40.621066],[-74.677316,40.621028],[-74.676077,40.619973],[-74.675267,40.619268],[-74.675133,40.619152],[-74.674891,40.618983],[-74.674584,40.618819],[-74.672919,40.618034],[-74.672239,40.617576],[-74.671779,40.617182],[-74.671247,40.616764],[-74.671048,40.616626],[-74.670715,40.6164],[-74.670339,40.616275],[-74.669921,40.616172],[-74.66948,40.616047],[-74.669026,40.615961],[-74.668913,40.615961],[-74.668723,40.615962],[-74.668305,40.616029],[-74.668025,40.616107],[-74.667758,40.616097],[-74.667412,40.616021],[-74.667274,40.615956],[-74.667035,40.615786],[-74.666854,40.615584],[-74.666788,40.615398],[-74.666744,40.615162],[-74.666692,40.614964],[-74.666561,40.614773],[-74.666459,40.614652],[-74.666423,40.614559],[-74.666465,40.614487],[-74.666537,40.614344],[-74.666558,40.614202],[-74.666564,40.613955],[-74.666519,40.613812],[-74.666475,40.613631],[-74.66651,40.613318],[-74.666602,40.613147],[-74.666717,40.612988],[-74.666853,40.612878],[-74.667358,40.612719],[-74.667532,40.612691],[-74.667903,40.612659],[-74.668044,40.612653],[-74.668489,40.612614],[-74.668685,40.61258],[-74.668934,40.612537],[-74.669143,40.612488],[-74.669344,40.612441],[-74.669613,40.612288],[-74.669744,40.612183],[-74.669767,40.612143],[-74.669881,40.611879],[-74.669937,40.611621],[-74.669877,40.611242],[-74.669717,40.610837],[-74.669528,40.61053],[-74.669287,40.610174],[-74.668875,40.609879],[-74.668484,40.609616],[-74.66818,40.609337],[-74.667782,40.609042],[-74.667535,40.608774],[-74.667476,40.608683],[-74.66731,40.608429],[-74.667163,40.60804],[-74.667118,40.607639],[-74.667101,40.607304],[-74.667035,40.607107],[-74.667048,40.606794],[-74.667197,40.60648],[-74.66734,40.606129],[-74.667546,40.605705],[-74.667782,40.605249],[-74.668084,40.604727],[-74.668431,40.604236],[-74.668738,40.603741],[-74.669273,40.60291],[-74.669481,40.602734],[-74.669558,40.602697],[-74.66977,40.602596],[-74.670322,40.60238],[-74.67109,40.602058],[-74.67133,40.601842],[-74.671635,40.601786],[-74.671979,40.601671],[-74.672247,40.601537],[-74.672717,40.601173],[-74.672884,40.600949],[-74.673119,40.600693],[-74.673422,40.600296],[-74.673561,40.600066],[-74.673626,40.599959],[-74.673673,40.599932],[-74.673706,40.599918],[-74.67384,40.59986],[-74.673882,40.599825],[-74.674133,40.599705],[-74.674571,40.599511],[-74.674667,40.599435],[-74.675009,40.599164],[-74.675454,40.59869],[-74.675674,40.598261],[-74.675837,40.597832],[-74.675965,40.597394],[-74.676003,40.597271],[-74.676042,40.597145],[-74.67604,40.597053],[-74.676037,40.596957],[-74.676032,40.596728],[-74.675981,40.596464],[-74.675907,40.596267],[-74.675804,40.595933],[-74.675852,40.595488],[-74.676202,40.594976],[-74.676582,40.594557],[-74.676853,40.594238],[-74.67699,40.594078],[-74.677227,40.593599],[-74.677488,40.593077],[-74.677799,40.59248],[-74.677865,40.592352],[-74.678236,40.591719],[-74.678529,40.591246],[-74.678908,40.590783],[-74.679353,40.590414],[-74.679782,40.590034],[-74.680155,40.589648],[-74.680246,40.589384],[-74.680361,40.589192],[-74.680416,40.589137],[-74.680547,40.589004],[-74.680841,40.588866],[-74.681091,40.588748],[-74.681178,40.588707],[-74.681287,40.588656],[-74.681552,40.588502],[-74.681753,40.588221],[-74.681895,40.587885],[-74.682101,40.587511],[-74.682486,40.586846],[-74.682701,40.586549],[-74.683015,40.586163],[-74.68328,40.58585],[-74.683502,40.585552],[-74.683621,40.584975],[-74.683746,40.584283],[-74.683772,40.583717],[-74.683767,40.583575],[-74.683754,40.583168],[-74.683622,40.582851],[-74.683346,40.582401],[-74.682823,40.581656],[-74.682124,40.580577],[-74.681908,40.580376],[-74.681702,40.58017],[-74.68154,40.579826],[-74.681322,40.57934],[-74.681167,40.578825],[-74.68113,40.578445],[-74.680972,40.577872],[-74.680763,40.577063],[-74.680623,40.576432],[-74.680476,40.575889],[-74.680393,40.575335],[-74.680303,40.574786],[-74.680266,40.574406],[-74.680234,40.574089],[-74.680169,40.573789],[-74.680115,40.573551],[-74.680113,40.573117],[-74.680074,40.572552],[-74.679868,40.571998],[-74.679498,40.571511],[-74.679216,40.571281],[-74.678948,40.571008],[-74.678659,40.570617],[-74.678519,40.570427],[-74.678449,40.570349],[-74.678317,40.570203],[-74.678221,40.569901],[-74.678168,40.569751],[-74.678145,40.569685],[-74.67811,40.569585],[-74.678067,40.56946],[-74.678045,40.569397],[-74.677776,40.569019],[-74.677378,40.56863],[-74.677038,40.568258],[-74.676624,40.567661],[-74.67626,40.567179],[-74.676078,40.566905],[-74.676005,40.56668],[-74.675911,40.566521],[-74.675851,40.566242],[-74.675899,40.565797],[-74.675992,40.565538],[-74.676054,40.565324],[-74.676205,40.56517],[-74.676492,40.565021],[-74.676787,40.564937],[-74.677363,40.564814],[-74.67742,40.564805],[-74.677823,40.564742],[-74.678362,40.564663],[-74.678874,40.564623],[-74.679374,40.564538],[-74.679672,40.564373],[-74.679872,40.564251],[-74.680059,40.564202],[-74.680339,40.564058],[-74.680584,40.563898],[-74.680769,40.563645],[-74.68083,40.563548],[-74.680905,40.56343],[-74.681005,40.563243],[-74.681053,40.563073],[-74.681183,40.562935],[-74.681362,40.562792],[-74.681835,40.562532],[-74.682425,40.562255],[-74.682978,40.561984],[-74.683438,40.561785],[-74.683889,40.561575],[-74.6845,40.561277],[-74.684938,40.561105],[-74.68544,40.560823],[-74.686129,40.560349],[-74.686573,40.559897],[-74.686966,40.55938],[-74.687005,40.559263],[-74.687136,40.558874],[-74.687183,40.558446],[-74.687159,40.55799],[-74.687157,40.557677],[-74.687306,40.557336],[-74.687578,40.556961],[-74.687802,40.556668],[-74.687828,40.556637],[-74.687856,40.556522],[-74.687905,40.556324],[-74.687903,40.556093],[-74.68775,40.555808],[-74.687565,40.555556],[-74.687409,40.555354],[-74.687573,40.555267],[-74.687861,40.555116],[-74.688197,40.554582],[-74.688388,40.554197],[-74.688552,40.553851],[-74.688774,40.553592],[-74.689153,40.553207],[-74.689591,40.552908],[-74.689845,40.552764],[-74.690021,40.552665],[-74.690495,40.552433],[-74.691041,40.552124],[-74.691685,40.551578],[-74.692129,40.551154],[-74.692529,40.550669],[-74.692843,40.550223],[-74.693193,40.5497],[-74.693586,40.54926],[-74.694015,40.548797],[-74.694315,40.548374],[-74.694794,40.547768],[-74.695387,40.547184],[-74.695968,40.546808],[-74.696032,40.546778],[-74.69617,40.546714],[-74.696228,40.546746],[-74.696289,40.546781],[-74.697193,40.547315],[-74.697439,40.547446],[-74.697997,40.547687],[-74.699406,40.548221],[-74.699951,40.548457],[-74.699663,40.548954],[-74.699538,40.549231],[-74.6995,40.549359],[-74.699486,40.549518],[-74.699486,40.549695],[-74.699503,40.549809],[-74.700029,40.551414],[-74.700209,40.552004],[-74.700348,40.552516],[-74.700515,40.55307],[-74.700677,40.553608],[-74.70084,40.553972],[-74.700975,40.554188],[-74.701366,40.554726],[-74.701588,40.554958],[-74.701975,40.555251],[-74.70239,40.555544],[-74.702457,40.555591],[-74.702911,40.55589],[-74.70326,40.556101],[-74.703676,40.556319],[-74.703906,40.556403],[-74.704215,40.555615],[-74.704312,40.555501],[-74.704447,40.555421],[-74.704683,40.555328],[-74.704884,40.555272],[-74.704998,40.555265],[-74.705161,40.555279],[-74.706189,40.555409],[-74.706386,40.55544],[-74.706445,40.555464],[-74.706528,40.55552],[-74.706656,40.555689],[-74.70707,40.556377],[-74.7072,40.55623],[-74.707366,40.556123],[-74.707827,40.555936],[-74.709409,40.55538],[-74.71016,40.555126],[-74.710382,40.555074],[-74.710607,40.55504],[-74.710926,40.555026],[-74.712287,40.555024],[-74.712508,40.555031],[-74.71265,40.555062],[-74.712771,40.555107],[-74.712976,40.555213],[-74.713357,40.555483],[-74.713914,40.555946],[-74.714376,40.556299],[-74.714689,40.55654],[-74.716905,40.555738],[-74.716993,40.55571],[-74.717117,40.555665],[-74.71794,40.554828],[-74.718917,40.554128],[-74.719384,40.553823],[-74.719553,40.553693],[-74.720111,40.553894],[-74.720385,40.554008],[-74.720913,40.554311],[-74.723426,40.553418],[-74.72404,40.5532],[-74.725235,40.552766],[-74.72657,40.552294],[-74.727946,40.551814],[-74.72824,40.5517],[-74.728986,40.551435],[-74.730726,40.550809],[-74.733471,40.549822],[-74.73782,40.548289],[-74.738172,40.548165],[-74.738367,40.548248],[-74.738607,40.54835],[-74.738864,40.548442],[-74.739335,40.54861],[-74.738512,40.550058],[-74.737387,40.552043],[-74.7376,40.552307],[-74.737908,40.552653],[-74.73798,40.552708],[-74.738296,40.552881],[-74.738465,40.552961],[-74.739054,40.553167],[-74.739583,40.553365],[-74.73984,40.553461],[-74.740224,40.553175],[-74.740299,40.553119],[-74.741283,40.552462],[-74.741401,40.552545],[-74.741513,40.552609],[-74.741618,40.552674],[-74.741844,40.552789],[-74.74296,40.553228],[-74.743089,40.553257],[-74.742659,40.553898],[-74.735542,40.558898],[-74.73549,40.558934],[-74.734707,40.559884],[-74.734431,40.560218],[-74.734164,40.560542],[-74.733672,40.561139],[-74.733569,40.561231],[-74.73227,40.562382],[-74.73217,40.56247],[-74.730702,40.563584],[-74.728752,40.564129],[-74.728666,40.564153],[-74.728157,40.564295],[-74.72636,40.565222],[-74.726053,40.56538],[-74.724936,40.565957],[-74.724644,40.566108],[-74.722536,40.569484],[-74.722237,40.569952],[-74.722176,40.570051],[-74.722054,40.570249],[-74.721909,40.570469],[-74.72184,40.570586],[-74.72168,40.570829],[-74.721577,40.570989],[-74.721574,40.570994],[-74.721421,40.571232],[-74.721417,40.571239],[-74.721413,40.571245],[-74.721408,40.571253],[-74.721184,40.571601],[-74.721175,40.571615],[-74.721172,40.57162],[-74.721167,40.571628],[-74.721162,40.571635],[-74.721142,40.571666],[-74.721129,40.571687],[-74.721054,40.571805],[-74.720955,40.571949],[-74.720863,40.572093],[-74.720764,40.572237],[-74.720673,40.572385],[-74.720574,40.572524],[-74.720299,40.572956],[-74.720199,40.573105],[-74.720046,40.573345],[-74.720042,40.573352],[-74.71991,40.573559],[-74.719668,40.573923],[-74.719519,40.574154],[-74.719399,40.574332],[-74.719299,40.574494],[-74.719192,40.574652],[-74.718979,40.574994],[-74.718869,40.575157],[-74.718787,40.575285],[-74.71875,40.575343],[-74.718707,40.575412],[-74.71863,40.575533],[-74.718581,40.57561],[-74.718422,40.575848],[-74.718363,40.575934],[-74.718536,40.575992],[-74.718597,40.57602],[-74.718689,40.576056],[-74.718803,40.576097],[-74.718941,40.576142],[-74.719086,40.576197],[-74.719238,40.576251],[-74.719398,40.57631],[-74.719566,40.576369],[-74.719734,40.576432],[-74.720085,40.576559],[-74.720261,40.576627],[-74.720444,40.576691],[-74.720993,40.576895],[-74.721367,40.577035],[-74.72155,40.577099],[-74.721741,40.577167],[-74.721924,40.577235],[-74.722114,40.577303],[-74.722298,40.577375],[-74.722481,40.577439],[-74.722664,40.577507],[-74.722847,40.57757],[-74.723022,40.577638],[-74.723679,40.577879],[-74.723846,40.577933],[-74.723999,40.577988],[-74.724152,40.578038],[-74.724297,40.578092],[-74.724426,40.578146],[-74.724777,40.578269],[-74.724861,40.578305],[-74.725114,40.578396],[-74.725067,40.578472],[-74.724998,40.578589],[-74.724922,40.578711],[-74.724846,40.578836],[-74.724777,40.578953],[-74.724632,40.579187],[-74.724495,40.579403],[-74.724434,40.579507],[-74.724373,40.579597],[-74.72432,40.579687],[-74.724274,40.579763],[-74.724228,40.579835],[-74.724182,40.579893],[-74.724096,40.579997],[-74.723991,40.579965],[-74.723671,40.579847],[-74.723511,40.579793],[-74.723351,40.579729],[-74.72319,40.579675],[-74.723022,40.579611],[-74.722855,40.579552],[-74.722504,40.579425],[-74.722328,40.579366],[-74.721977,40.579239],[-74.721794,40.579171],[-74.721611,40.579099],[-74.721428,40.579031],[-74.721245,40.578958],[-74.721062,40.57889],[-74.720871,40.578822],[-74.720688,40.578759],[-74.720497,40.578691],[-74.720314,40.578623],[-74.720123,40.57855],[-74.719933,40.578482],[-74.719749,40.578414],[-74.719559,40.578346],[-74.719375,40.578283],[-74.719009,40.578147],[-74.718834,40.578079],[-74.718666,40.57802],[-74.718498,40.577956],[-74.718346,40.577902],[-74.718185,40.577843],[-74.718033,40.577789],[-74.717896,40.577739],[-74.717766,40.577689],[-74.717644,40.577652],[-74.717321,40.577526],[-74.717201,40.577714],[-74.717022,40.577982],[-74.716843,40.57825],[-74.716728,40.578434],[-74.716606,40.578609],[-74.716487,40.578792],[-74.716241,40.579173],[-74.716141,40.57932],[-74.715912,40.57968],[-74.71579,40.57986],[-74.715601,40.580152],[-74.715597,40.580159],[-74.715577,40.58019],[-74.715571,40.580199],[-74.71545,40.580385]]]]}},{"type":"Feature","properties":{"zip":"08812","name":"08812"},"geometry":{"type":"Polygon","coordinates":[[[-74.452989,40.589855],[-74.452321,40.589253],[-74.452794,40.588842],[-74.455224,40.58673],[-74.45703,40.58526],[-74.456819,40.584907],[-74.456579,40.584552],[-74.458626,40.584568],[-74.460208,40.58439],[-74.460148,40.584075],[-74.459839,40.582427],[-74.459706,40.581556],[-74.461173,40.581418],[-74.462653,40.581279],[-74.464099,40.58115],[-74.465332,40.58104],[-74.46593,40.580987],[-74.466747,40.580914],[-74.466861,40.580904],[-74.467751,40.580825],[-74.468653,40.580744],[-74.468868,40.580725],[-74.469007,40.581594],[-74.469272,40.58324],[-74.469398,40.584005],[-74.469653,40.585552],[-74.469446,40.585686],[-74.469533,40.585742],[-74.469656,40.585769],[-74.469828,40.585654],[-74.469951,40.585544],[-74.470167,40.585456],[-74.470513,40.585423],[-74.470909,40.585456],[-74.470995,40.5855],[-74.471118,40.585648],[-74.471128,40.585669],[-74.472953,40.586033],[-74.473106,40.58601],[-74.473279,40.586043],[-74.47387,40.586399],[-74.47475,40.587109],[-74.475454,40.587792],[-74.475466,40.587809],[-74.475489,40.587825],[-74.475643,40.587975],[-74.475859,40.588217],[-74.475917,40.58826],[-74.476486,40.588447],[-74.476679,40.588538],[-74.476785,40.588914],[-74.475679,40.589405],[-74.47608,40.589864],[-74.476784,40.590731],[-74.477358,40.591937],[-74.478087,40.593371],[-74.47819,40.593236],[-74.478203,40.593219],[-74.478542,40.592669],[-74.478772,40.592422],[-74.479219,40.592158],[-74.479701,40.591971],[-74.479768,40.591917],[-74.479867,40.59184],[-74.480313,40.591356],[-74.480443,40.591257],[-74.480579,40.591191],[-74.481357,40.591191],[-74.481588,40.59112],[-74.481746,40.590988],[-74.481854,40.590801],[-74.481976,40.59023],[-74.482142,40.590027],[-74.482322,40.589922],[-74.482488,40.589862],[-74.482689,40.589697],[-74.482765,40.58966],[-74.483064,40.589515],[-74.483539,40.589362],[-74.484094,40.589273],[-74.484418,40.589246],[-74.484864,40.589246],[-74.484961,40.589229],[-74.48521,40.589185],[-74.485647,40.588963],[-74.485772,40.588899],[-74.486053,40.588717],[-74.486113,40.588678],[-74.486434,40.588471],[-74.486508,40.588438],[-74.486708,40.58835],[-74.486749,40.588346],[-74.486819,40.588338],[-74.486974,40.588322],[-74.48776,40.588316],[-74.488069,40.588267],[-74.488307,40.588151],[-74.488581,40.587921],[-74.48866,40.587811],[-74.488744,40.587727],[-74.489128,40.587344],[-74.489477,40.587083],[-74.489728,40.586896],[-74.489776,40.58686],[-74.489984,40.586761],[-74.490215,40.586673],[-74.490458,40.58663],[-74.490589,40.586607],[-74.490794,40.586642],[-74.490813,40.586645],[-74.490899,40.586728],[-74.490964,40.58686],[-74.490962,40.5869],[-74.490955,40.58706],[-74.490951,40.587166],[-74.49095,40.587178],[-74.490993,40.587266],[-74.491145,40.587398],[-74.491267,40.587463],[-74.491462,40.587496],[-74.49161,40.587475],[-74.492016,40.587419],[-74.492153,40.587447],[-74.492398,40.587534],[-74.4925,40.587534],[-74.492578,40.587534],[-74.492614,40.587523],[-74.492838,40.587452],[-74.493154,40.587325],[-74.49355,40.587265],[-74.493687,40.587226],[-74.493875,40.587127],[-74.493982,40.586968],[-74.494004,40.586886],[-74.494133,40.586671],[-74.494285,40.586539],[-74.494381,40.586521],[-74.494515,40.586495],[-74.494955,40.586523],[-74.495538,40.586478],[-74.495826,40.586418],[-74.496157,40.586291],[-74.496489,40.586203],[-74.496762,40.586214],[-74.497133,40.5863],[-74.497404,40.586362],[-74.497557,40.586348],[-74.497584,40.586346],[-74.497656,40.586302],[-74.497684,40.586236],[-74.497674,40.58616],[-74.497655,40.586016],[-74.497706,40.585934],[-74.497828,40.585912],[-74.497972,40.585972],[-74.498066,40.586032],[-74.49834,40.586076],[-74.498714,40.586087],[-74.498981,40.586158],[-74.499021,40.58619],[-74.499118,40.586268],[-74.499215,40.586445],[-74.499226,40.586466],[-74.499305,40.586636],[-74.499399,40.586724],[-74.499572,40.5868],[-74.500292,40.586213],[-74.500511,40.586034],[-74.500764,40.585828],[-74.500867,40.585812],[-74.500907,40.585806],[-74.501204,40.58576],[-74.50128,40.585748],[-74.50129,40.585746],[-74.501535,40.58568],[-74.501715,40.585598],[-74.501823,40.585527],[-74.50184,40.585489],[-74.501852,40.585461],[-74.501857,40.585391],[-74.501859,40.585357],[-74.501831,40.585291],[-74.501607,40.58512],[-74.501406,40.58501],[-74.501291,40.584878],[-74.501226,40.58478],[-74.501204,40.584692],[-74.501291,40.584483],[-74.50132,40.584452],[-74.501399,40.584368],[-74.501771,40.584085],[-74.50193,40.583964],[-74.502005,40.583907],[-74.502041,40.583846],[-74.502113,40.583857],[-74.502278,40.583918],[-74.502428,40.584001],[-74.502437,40.584006],[-74.502581,40.584116],[-74.50271,40.584237],[-74.502732,40.584292],[-74.502761,40.584319],[-74.502789,40.584407],[-74.502805,40.584512],[-74.502825,40.584638],[-74.502861,40.584698],[-74.502889,40.584722],[-74.502991,40.584808],[-74.503101,40.584857],[-74.50319,40.584897],[-74.503269,40.584933],[-74.503369,40.584978],[-74.503394,40.584989],[-74.50361,40.585116],[-74.503689,40.585178],[-74.503819,40.585281],[-74.503891,40.585385],[-74.50389,40.585407],[-74.503927,40.585451],[-74.503963,40.585544],[-74.503984,40.585555],[-74.503997,40.585633],[-74.504017,40.585759],[-74.50402,40.585781],[-74.504028,40.585814],[-74.504041,40.585868],[-74.504092,40.585907],[-74.504121,40.585962],[-74.504214,40.586028],[-74.504394,40.586105],[-74.504646,40.586165],[-74.504827,40.586169],[-74.504898,40.586171],[-74.504963,40.586163],[-74.504985,40.58616],[-74.50541,40.586039],[-74.506044,40.585782],[-74.506332,40.585578],[-74.506491,40.585277],[-74.50656,40.585138],[-74.506686,40.584887],[-74.506801,40.584766],[-74.506924,40.584695],[-74.507075,40.584673],[-74.507147,40.584711],[-74.507226,40.584772],[-74.507226,40.585024],[-74.507327,40.58514],[-74.507449,40.585129],[-74.507925,40.584997],[-74.50801,40.584966],[-74.508021,40.584962],[-74.508544,40.584772],[-74.508573,40.584764],[-74.508914,40.584665],[-74.508941,40.584657],[-74.509063,40.584608],[-74.509243,40.584493],[-74.509474,40.584317],[-74.509589,40.584224],[-74.509726,40.584053],[-74.509784,40.583916],[-74.510001,40.583175],[-74.510145,40.582972],[-74.510203,40.582922],[-74.510325,40.582846],[-74.510491,40.582774],[-74.510671,40.582719],[-74.511067,40.58261],[-74.511428,40.582478],[-74.511961,40.582182],[-74.512183,40.582029],[-74.513615,40.583757],[-74.513664,40.583823],[-74.515799,40.586302],[-74.517733,40.587354],[-74.513714,40.591312],[-74.512268,40.592799],[-74.509649,40.59519],[-74.508577,40.596187],[-74.507374,40.597293],[-74.505286,40.599357],[-74.503422,40.6012],[-74.501956,40.602676],[-74.497566,40.606608],[-74.496116,40.608025],[-74.495831,40.608303],[-74.494867,40.609245],[-74.492044,40.611954],[-74.487298,40.616883],[-74.486988,40.617033],[-74.486557,40.61742],[-74.484636,40.619144],[-74.483793,40.619944],[-74.482432,40.621267],[-74.482386,40.621201],[-74.481111,40.619173],[-74.480209,40.617768],[-74.478573,40.617921],[-74.472832,40.618591],[-74.467106,40.619156],[-74.465733,40.619292],[-74.462373,40.619624],[-74.458845,40.619896],[-74.457145,40.621415],[-74.45564,40.622927],[-74.453212,40.619904],[-74.45481,40.618782],[-74.455113,40.618552],[-74.462506,40.612956],[-74.463896,40.611976],[-74.46488,40.61131],[-74.465242,40.61111],[-74.464167,40.610045],[-74.464102,40.60998],[-74.463937,40.610077],[-74.463782,40.609902],[-74.463641,40.609753],[-74.463569,40.609662],[-74.462913,40.608891],[-74.462777,40.608731],[-74.462483,40.608387],[-74.461202,40.606864],[-74.460465,40.606],[-74.460014,40.605461],[-74.459913,40.605342],[-74.459806,40.605214],[-74.459488,40.604835],[-74.458997,40.604263],[-74.458791,40.603996],[-74.458511,40.603679],[-74.458035,40.603117],[-74.45752,40.602466],[-74.457342,40.602252],[-74.457314,40.602216],[-74.457293,40.602191],[-74.456152,40.600654],[-74.457976,40.598524],[-74.460519,40.596669],[-74.460157,40.59634],[-74.459303,40.595565],[-74.458466,40.594805],[-74.458197,40.594502],[-74.457097,40.595302],[-74.4568,40.5955],[-74.455865,40.595502],[-74.457903,40.594192],[-74.457074,40.593677],[-74.455262,40.591746],[-74.453632,40.590397],[-74.452989,40.589855]]]}},{"type":"Feature","properties":{"zip":"08840","name":"08840"},"geometry":{"type":"MultiPolygon","coordinates":[[[[-74.329118,40.552581],[-74.329172,40.552814],[-74.330092,40.556678],[-74.329065,40.556952],[-74.328771,40.55703],[-74.327631,40.557348],[-74.323248,40.558573],[-74.322855,40.558677],[-74.320643,40.559263],[-74.318419,40.554937],[-74.31815,40.554413],[-74.31784,40.55381],[-74.317746,40.553627],[-74.317156,40.55273],[-74.317473,40.552557],[-74.318658,40.551911],[-74.319055,40.551695],[-74.319403,40.551505],[-74.320675,40.550783],[-74.320937,40.550634],[-74.321329,40.550417],[-74.321844,40.550131],[-74.322962,40.549512],[-74.32466,40.548572],[-74.324767,40.548512],[-74.325226,40.548258],[-74.326564,40.547517],[-74.327067,40.547239],[-74.328098,40.546667],[-74.328178,40.547155],[-74.328271,40.54772],[-74.328457,40.548755],[-74.328549,40.549414],[-74.328552,40.549443],[-74.328638,40.550262],[-74.328947,40.550928],[-74.329168,40.551661],[-74.329118,40.552581]]],[[[-74.35187,40.532019],[-74.352579,40.530765],[-74.352798,40.530412],[-74.353142,40.530012],[-74.354093,40.528904],[-74.35423,40.52873],[-74.354602,40.528261],[-74.35484,40.528222],[-74.356048,40.528045],[-74.356423,40.527991],[-74.35803,40.527756],[-74.35852,40.52771],[-74.359242,40.527643],[-74.360587,40.527666],[-74.361932,40.527747],[-74.3626,40.527823],[-74.363304,40.527904],[-74.364172,40.528023],[-74.365021,40.52814],[-74.365161,40.528159],[-74.367115,40.528644],[-74.367966,40.528984],[-74.369156,40.52946],[-74.370137,40.529881],[-74.371195,40.530334],[-74.371414,40.530428],[-74.373801,40.531817],[-74.375378,40.532776],[-74.375566,40.532891],[-74.376795,40.533639],[-74.377561,40.536032],[-74.377618,40.536205],[-74.378007,40.536795],[-74.378136,40.537232],[-74.378238,40.53757],[-74.378334,40.537885],[-74.378488,40.538371],[-74.37854,40.538535],[-74.378972,40.539639],[-74.37895,40.539652],[-74.379202,40.541063],[-74.379353,40.541851],[-74.37945,40.542549],[-74.379534,40.543235],[-74.379727,40.543832],[-74.379706,40.54415],[-74.379737,40.544328],[-74.381048,40.549749],[-74.381381,40.551178],[-74.381507,40.552158],[-74.380317,40.552391],[-74.371167,40.552899],[-74.369511,40.553126],[-74.368575,40.553269],[-74.36706,40.553495],[-74.365351,40.553759],[-74.365332,40.553759],[-74.364499,40.55374],[-74.361253,40.553758],[-74.360378,40.553772],[-74.359509,40.553783],[-74.358673,40.553908],[-74.357859,40.55406],[-74.356814,40.554142],[-74.355647,40.554124],[-74.355377,40.554151],[-74.351385,40.554643],[-74.350525,40.55475],[-74.346356,40.555089],[-74.344913,40.553083],[-74.344941,40.55302],[-74.34503,40.552812],[-74.34526,40.552274],[-74.346289,40.549977],[-74.346538,40.54951],[-74.34684,40.548944],[-74.347547,40.547879],[-74.347849,40.547495],[-74.348027,40.547268],[-74.34737,40.545457],[-74.347319,40.54527],[-74.347244,40.544627],[-74.346876,40.544315],[-74.345976,40.541821],[-74.345681,40.541423],[-74.345352,40.540053],[-74.345649,40.539475],[-74.346895,40.538096],[-74.347031,40.537955],[-74.348133,40.536693],[-74.349484,40.534817],[-74.349966,40.534397],[-74.350254,40.534085],[-74.35086,40.533289],[-74.351402,40.532599],[-74.35187,40.532019]]]]}},{"type":"Feature","properties":{"zip":"08846","name":"08846"},"geometry":{"type":"Polygon","coordinates":[[[-74.477105,40.580744],[-74.478104,40.580117],[-74.478345,40.579954],[-74.479157,40.579407],[-74.479188,40.579386],[-74.479812,40.578994],[-74.480516,40.578551],[-74.481282,40.57807],[-74.480433,40.576107],[-74.479449,40.573831],[-74.480674,40.573097],[-74.481248,40.572753],[-74.482651,40.572389],[-74.483697,40.572117],[-74.483789,40.572093],[-74.484752,40.571843],[-74.48633,40.571434],[-74.486897,40.571094],[-74.486965,40.571052],[-74.489345,40.569567],[-74.49015,40.569053],[-74.490863,40.5686],[-74.491503,40.568174],[-74.495531,40.565245],[-74.496016,40.564892],[-74.498221,40.563289],[-74.498449,40.56311],[-74.498557,40.563302],[-74.498751,40.563554],[-74.49891,40.563713],[-74.499596,40.563949],[-74.499862,40.564004],[-74.499977,40.564064],[-74.500147,40.564104],[-74.500896,40.563904],[-74.502009,40.563188],[-74.502057,40.563157],[-74.503098,40.562636],[-74.503441,40.562464],[-74.505141,40.561435],[-74.505634,40.561133],[-74.5061,40.560847],[-74.506532,40.560583],[-74.506819,40.560405],[-74.507059,40.560258],[-74.507474,40.560053],[-74.50801,40.55989],[-74.509093,40.559624],[-74.509217,40.559593],[-74.509243,40.559616],[-74.509298,40.559665],[-74.509794,40.560197],[-74.509968,40.560248],[-74.511081,40.560258],[-74.511228,40.560227],[-74.512445,40.559532],[-74.515129,40.558043],[-74.51593,40.557598],[-74.518326,40.555953],[-74.51835,40.555929],[-74.519208,40.555428],[-74.519503,40.555324],[-74.519561,40.555406],[-74.519748,40.55558],[-74.520683,40.556455],[-74.522306,40.55778],[-74.523836,40.558757],[-74.524045,40.558816],[-74.524197,40.558859],[-74.52467,40.558991],[-74.525191,40.559137],[-74.525294,40.559166],[-74.52535,40.559182],[-74.525512,40.55923],[-74.526568,40.559544],[-74.527025,40.559601],[-74.526999,40.559704],[-74.526967,40.559759],[-74.526934,40.559813],[-74.526854,40.559945],[-74.526645,40.56029],[-74.525449,40.560304],[-74.525352,40.560305],[-74.525336,40.56051],[-74.525331,40.560571],[-74.525327,40.560626],[-74.525305,40.560665],[-74.525291,40.560725],[-74.52524,40.560873],[-74.525189,40.560984],[-74.525089,40.5612],[-74.524833,40.561908],[-74.524772,40.562076],[-74.52466,40.562259],[-74.524628,40.562312],[-74.52462,40.562383],[-74.524635,40.562405],[-74.524635,40.562515],[-74.52464,40.562522],[-74.524663,40.562554],[-74.524678,40.562652],[-74.524685,40.56296],[-74.524706,40.563078],[-74.524714,40.563119],[-74.524721,40.563366],[-74.524771,40.563465],[-74.524774,40.563498],[-74.52478,40.563547],[-74.524816,40.563684],[-74.524809,40.563739],[-74.52483,40.563755],[-74.524838,40.56381],[-74.524866,40.563854],[-74.524902,40.564019],[-74.524924,40.564035],[-74.524945,40.564112],[-74.524916,40.564431],[-74.524938,40.564563],[-74.524988,40.564678],[-74.525017,40.564799],[-74.525031,40.564826],[-74.525039,40.56487],[-74.525161,40.56526],[-74.525316,40.56568],[-74.525319,40.565689],[-74.525333,40.565706],[-74.525339,40.565712],[-74.525318,40.565742],[-74.525346,40.565898],[-74.52536,40.565953],[-74.525367,40.566058],[-74.525403,40.566211],[-74.525422,40.566549],[-74.525424,40.56659],[-74.52546,40.566772],[-74.525467,40.566969],[-74.525496,40.567183],[-74.525546,40.567409],[-74.525575,40.567606],[-74.525597,40.567623],[-74.525597,40.567645],[-74.525676,40.567744],[-74.525863,40.568057],[-74.525913,40.568194],[-74.525913,40.56837],[-74.525899,40.568507],[-74.525762,40.568688],[-74.525625,40.568782],[-74.525416,40.568853],[-74.52533,40.568847],[-74.525222,40.568809],[-74.52479,40.568562],[-74.524674,40.568523],[-74.52466,40.568501],[-74.524574,40.568474],[-74.524496,40.568496],[-74.524336,40.56854],[-74.524249,40.5686],[-74.524237,40.568625],[-74.524084,40.56871],[-74.524064,40.568719],[-74.52394,40.568776],[-74.523817,40.568869],[-74.523731,40.569017],[-74.523709,40.569099],[-74.523707,40.569137],[-74.523702,40.56927],[-74.523732,40.569331],[-74.523759,40.569385],[-74.523818,40.569519],[-74.523824,40.569533],[-74.523853,40.569649],[-74.523845,40.569764],[-74.523781,40.569918],[-74.523701,40.570006],[-74.523593,40.570077],[-74.52342,40.570159],[-74.523327,40.570242],[-74.523269,40.570313],[-74.523248,40.570324],[-74.523168,40.570489],[-74.523139,40.570604],[-74.523139,40.571098],[-74.523016,40.571318],[-74.522988,40.571345],[-74.52275,40.571614],[-74.522735,40.571664],[-74.52262,40.571845],[-74.522534,40.571922],[-74.52226,40.572119],[-74.522267,40.572235],[-74.522289,40.572279],[-74.522299,40.572362],[-74.522317,40.57252],[-74.522224,40.572652],[-74.522216,40.572696],[-74.5222,40.572717],[-74.522195,40.572723],[-74.522202,40.572811],[-74.522237,40.572836],[-74.522447,40.572987],[-74.522466,40.573003],[-74.522569,40.573092],[-74.522641,40.573185],[-74.52267,40.5733],[-74.522677,40.573405],[-74.522655,40.573465],[-74.522598,40.573564],[-74.52259,40.573597],[-74.522533,40.573674],[-74.522475,40.573712],[-74.522338,40.573767],[-74.522136,40.573816],[-74.521589,40.573849],[-74.521423,40.573882],[-74.521204,40.574003],[-74.521135,40.574041],[-74.521122,40.574052],[-74.520912,40.574233],[-74.520616,40.574431],[-74.52053,40.574513],[-74.520458,40.57459],[-74.520371,40.574727],[-74.520227,40.575007],[-74.520213,40.575057],[-74.520148,40.575189],[-74.520061,40.575326],[-74.519809,40.575573],[-74.519586,40.575765],[-74.51947,40.575847],[-74.51924,40.576028],[-74.519031,40.576133],[-74.518793,40.576231],[-74.518613,40.576341],[-74.518519,40.576413],[-74.518362,40.576581],[-74.518361,40.576599],[-74.518339,40.57661],[-74.518144,40.576951],[-74.518058,40.57706],[-74.518051,40.577088],[-74.517806,40.577253],[-74.517683,40.577307],[-74.517481,40.577428],[-74.517352,40.577527],[-74.517215,40.577686],[-74.517135,40.577796],[-74.516818,40.578153],[-74.51653,40.578444],[-74.515694,40.579207],[-74.515478,40.579394],[-74.51537,40.579487],[-74.515284,40.579535],[-74.515175,40.579595],[-74.515132,40.579694],[-74.515153,40.579832],[-74.515254,40.580002],[-74.515316,40.580044],[-74.515319,40.580062],[-74.515456,40.580194],[-74.515513,40.580211],[-74.515708,40.580326],[-74.515808,40.580365],[-74.515981,40.58048],[-74.516017,40.580524],[-74.516183,40.580678],[-74.516233,40.580837],[-74.516226,40.580908],[-74.516182,40.581035],[-74.516009,40.581216],[-74.515858,40.581287],[-74.515642,40.581331],[-74.515282,40.581342],[-74.515116,40.581303],[-74.51459,40.581221],[-74.514432,40.58121],[-74.514148,40.581229],[-74.513928,40.581243],[-74.513646,40.581299],[-74.513596,40.581309],[-74.513006,40.581507],[-74.512681,40.581671],[-74.5124,40.58188],[-74.512183,40.582029],[-74.511961,40.582182],[-74.511428,40.582478],[-74.511067,40.58261],[-74.510671,40.582719],[-74.510491,40.582774],[-74.510325,40.582846],[-74.510203,40.582922],[-74.510145,40.582972],[-74.510001,40.583175],[-74.509784,40.583916],[-74.509726,40.584053],[-74.509589,40.584224],[-74.509474,40.584317],[-74.509243,40.584493],[-74.509063,40.584608],[-74.508941,40.584657],[-74.508914,40.584665],[-74.508573,40.584764],[-74.508544,40.584772],[-74.508021,40.584962],[-74.50801,40.584966],[-74.507925,40.584997],[-74.507449,40.585129],[-74.507327,40.58514],[-74.507226,40.585024],[-74.507226,40.584772],[-74.507147,40.584711],[-74.507075,40.584673],[-74.506924,40.584695],[-74.506801,40.584766],[-74.506686,40.584887],[-74.50656,40.585138],[-74.506491,40.585277],[-74.506332,40.585578],[-74.506044,40.585782],[-74.50541,40.586039],[-74.504985,40.58616],[-74.504963,40.586163],[-74.504898,40.586171],[-74.504827,40.586169],[-74.504646,40.586165],[-74.504394,40.586105],[-74.504214,40.586028],[-74.504121,40.585962],[-74.504092,40.585907],[-74.504041,40.585868],[-74.504028,40.585814],[-74.50402,40.585781],[-74.504017,40.585759],[-74.503997,40.585633],[-74.503984,40.585555],[-74.503963,40.585544],[-74.503927,40.585451],[-74.50389,40.585407],[-74.503891,40.585385],[-74.503819,40.585281],[-74.503689,40.585178],[-74.50361,40.585116],[-74.503394,40.584989],[-74.503369,40.584978],[-74.503269,40.584933],[-74.50319,40.584897],[-74.503101,40.584857],[-74.502991,40.584808],[-74.502889,40.584722],[-74.502861,40.584698],[-74.502825,40.584638],[-74.502805,40.584512],[-74.502789,40.584407],[-74.502761,40.584319],[-74.502732,40.584292],[-74.50271,40.584237],[-74.502581,40.584116],[-74.502437,40.584006],[-74.502428,40.584001],[-74.502278,40.583918],[-74.502113,40.583857],[-74.502041,40.583846],[-74.502005,40.583907],[-74.50193,40.583964],[-74.501771,40.584085],[-74.501399,40.584368],[-74.50132,40.584452],[-74.501291,40.584483],[-74.501204,40.584692],[-74.501226,40.58478],[-74.501291,40.584878],[-74.501406,40.58501],[-74.501607,40.58512],[-74.501831,40.585291],[-74.501859,40.585357],[-74.501857,40.585391],[-74.501852,40.585461],[-74.50184,40.585489],[-74.501823,40.585527],[-74.501715,40.585598],[-74.501535,40.58568],[-74.50129,40.585746],[-74.50128,40.585748],[-74.501204,40.58576],[-74.500907,40.585806],[-74.500867,40.585812],[-74.500764,40.585828],[-74.500511,40.586034],[-74.500292,40.586213],[-74.499572,40.5868],[-74.499399,40.586724],[-74.499305,40.586636],[-74.499226,40.586466],[-74.499215,40.586445],[-74.499118,40.586268],[-74.499021,40.58619],[-74.498981,40.586158],[-74.498714,40.586087],[-74.49834,40.586076],[-74.498066,40.586032],[-74.497972,40.585972],[-74.497828,40.585912],[-74.497706,40.585934],[-74.497655,40.586016],[-74.497674,40.58616],[-74.497684,40.586236],[-74.497656,40.586302],[-74.497584,40.586346],[-74.497557,40.586348],[-74.497404,40.586362],[-74.497133,40.5863],[-74.496762,40.586214],[-74.496489,40.586203],[-74.496157,40.586291],[-74.495826,40.586418],[-74.495538,40.586478],[-74.494955,40.586523],[-74.494515,40.586495],[-74.494381,40.586521],[-74.494285,40.586539],[-74.494133,40.586671],[-74.494004,40.586886],[-74.493982,40.586968],[-74.493875,40.587127],[-74.493687,40.587226],[-74.49355,40.587265],[-74.493154,40.587325],[-74.492838,40.587452],[-74.492614,40.587523],[-74.492578,40.587534],[-74.4925,40.587534],[-74.492398,40.587534],[-74.492153,40.587447],[-74.492016,40.587419],[-74.49161,40.587475],[-74.491462,40.587496],[-74.491267,40.587463],[-74.491145,40.587398],[-74.490993,40.587266],[-74.49095,40.587178],[-74.490951,40.587166],[-74.490955,40.58706],[-74.490962,40.5869],[-74.490964,40.58686],[-74.490899,40.586728],[-74.490813,40.586645],[-74.490794,40.586642],[-74.490589,40.586607],[-74.490458,40.58663],[-74.490215,40.586673],[-74.489984,40.586761],[-74.489776,40.58686],[-74.489728,40.586896],[-74.489477,40.587083],[-74.489128,40.587344],[-74.488744,40.587727],[-74.48866,40.587811],[-74.488581,40.587921],[-74.488307,40.588151],[-74.488069,40.588267],[-74.48776,40.588316],[-74.486974,40.588322],[-74.486819,40.588338],[-74.486749,40.588346],[-74.486708,40.58835],[-74.486508,40.588438],[-74.486434,40.588471],[-74.486113,40.588678],[-74.486053,40.588717],[-74.485772,40.588899],[-74.485647,40.588963],[-74.48521,40.589185],[-74.484961,40.589229],[-74.484864,40.589246],[-74.484418,40.589246],[-74.484094,40.589273],[-74.483539,40.589362],[-74.483064,40.589515],[-74.482765,40.58966],[-74.482689,40.589697],[-74.482488,40.589862],[-74.482322,40.589922],[-74.482142,40.590027],[-74.481976,40.59023],[-74.481854,40.590801],[-74.481746,40.590988],[-74.481588,40.59112],[-74.481357,40.591191],[-74.480579,40.591191],[-74.480443,40.591257],[-74.480313,40.591356],[-74.479867,40.59184],[-74.479768,40.591917],[-74.479701,40.591971],[-74.479219,40.592158],[-74.478772,40.592422],[-74.478542,40.592669],[-74.478203,40.593219],[-74.47819,40.593236],[-74.478087,40.593371],[-74.477358,40.591937],[-74.476784,40.590731],[-74.47608,40.589864],[-74.475679,40.589405],[-74.476785,40.588914],[-74.476679,40.588538],[-74.476486,40.588447],[-74.475917,40.58826],[-74.475859,40.588217],[-74.475643,40.587975],[-74.475489,40.587825],[-74.475466,40.587809],[-74.475454,40.587792],[-74.47475,40.587109],[-74.47387,40.586399],[-74.473279,40.586043],[-74.473106,40.58601],[-74.472953,40.586033],[-74.471128,40.585669],[-74.471118,40.585648],[-74.470995,40.5855],[-74.470909,40.585456],[-74.470513,40.585423],[-74.470167,40.585456],[-74.469951,40.585544],[-74.469828,40.585654],[-74.469656,40.585769],[-74.469533,40.585742],[-74.469446,40.585686],[-74.469653,40.585552],[-74.470594,40.584944],[-74.47318,40.583274],[-74.476791,40.580941],[-74.477105,40.580744]]]}},{"type":"Feature","properties":{"zip":"07931","name":"07931"},"geometry":{"type":"MultiPolygon","coordinates":[[[[-74.668017,40.694641],[-74.667116,40.695681],[-74.666622,40.696131],[-74.666555,40.696181],[-74.666272,40.696328],[-74.665476,40.696712],[-74.664406,40.69721],[-74.664213,40.6973],[-74.664007,40.697405],[-74.663893,40.697484],[-74.663276,40.698098],[-74.66277,40.69861],[-74.662694,40.698687],[-74.662163,40.699119],[-74.662029,40.699255],[-74.6617,40.699778],[-74.661658,40.699835],[-74.661522,40.700022],[-74.661338,40.700222],[-74.661185,40.700342],[-74.660371,40.700869],[-74.660241,40.701011],[-74.660203,40.701086],[-74.660065,40.701355],[-74.659886,40.701769],[-74.659628,40.701191],[-74.659444,40.700805],[-74.659562,40.700814],[-74.659626,40.700796],[-74.659649,40.700706],[-74.659619,40.700445],[-74.659598,40.700436],[-74.659598,40.700391],[-74.659563,40.70031],[-74.659556,40.700265],[-74.659533,40.700255],[-74.659512,40.70021],[-74.659512,40.700165],[-74.659448,40.700057],[-74.659418,40.699994],[-74.65908,40.699605],[-74.659015,40.699524],[-74.658943,40.699371],[-74.6589,40.699208],[-74.658892,40.699001],[-74.658836,40.698803],[-74.658792,40.698712],[-74.658777,40.698649],[-74.658747,40.698595],[-74.658733,40.698496],[-74.658691,40.698424],[-74.658691,40.69818],[-74.658662,40.697964],[-74.65864,40.697919],[-74.65864,40.697595],[-74.658669,40.697442],[-74.658705,40.697342],[-74.658734,40.697225],[-74.658814,40.697036],[-74.658959,40.696757],[-74.659119,40.696478],[-74.659256,40.696272],[-74.659414,40.696092],[-74.659494,40.696038],[-74.659595,40.69593],[-74.659609,40.695903],[-74.659754,40.695814],[-74.659992,40.69558],[-74.660029,40.695548],[-74.668017,40.694641]]],[[[-74.668017,40.694641],[-74.668066,40.694546],[-74.668091,40.694445],[-74.668153,40.693766],[-74.668174,40.693675],[-74.668227,40.693448],[-74.668258,40.693347],[-74.668357,40.693023],[-74.668437,40.692762],[-74.668676,40.69207],[-74.668806,40.691694],[-74.668997,40.690973],[-74.669101,40.69058],[-74.669549,40.689079],[-74.669581,40.688908],[-74.669656,40.688725],[-74.670213,40.687928],[-74.670537,40.687496],[-74.670846,40.687155],[-74.670908,40.687108],[-74.670999,40.687068],[-74.671608,40.686863],[-74.671768,40.686776],[-74.671841,40.686718],[-74.67202,40.686518],[-74.672217,40.686255],[-74.672625,40.685753],[-74.67272,40.6856],[-74.672888,40.685133],[-74.672984,40.684915],[-74.673203,40.684667],[-74.673772,40.684073],[-74.67387,40.683933],[-74.673956,40.683742],[-74.674022,40.683476],[-74.674123,40.683017],[-74.674178,40.682884],[-74.674577,40.68216],[-74.674647,40.682037],[-74.675219,40.681268],[-74.675365,40.681122],[-74.675491,40.681025],[-74.676244,40.68058],[-74.67655,40.680383],[-74.677195,40.679898],[-74.677556,40.679658],[-74.678008,40.679374],[-74.678347,40.679035],[-74.678522,40.678824],[-74.678555,40.678751],[-74.67857,40.678674],[-74.678544,40.678441],[-74.678475,40.678218],[-74.6783,40.677753],[-74.677932,40.676999],[-74.677902,40.676893],[-74.677851,40.676376],[-74.677837,40.675931],[-74.677844,40.675858],[-74.67787,40.675789],[-74.678005,40.675549],[-74.678099,40.675461],[-74.679117,40.674682],[-74.679277,40.674616],[-74.680131,40.674349],[-74.680779,40.674139],[-74.68098,40.674055],[-74.680991,40.67408],[-74.681084,40.674295],[-74.681241,40.674621],[-74.681288,40.674697],[-74.681322,40.674732],[-74.681737,40.67516],[-74.681825,40.67524],[-74.682234,40.675611],[-74.6825,40.675878],[-74.683159,40.676468],[-74.683466,40.676734],[-74.683856,40.677072],[-74.683937,40.677182],[-74.684043,40.677363],[-74.684224,40.67775],[-74.68465,40.678746],[-74.685022,40.679443],[-74.685222,40.679761],[-74.685346,40.680023],[-74.685492,40.68041],[-74.685675,40.681003],[-74.685751,40.681258],[-74.68593,40.681225],[-74.685962,40.681217],[-74.686196,40.681157],[-74.68844,40.680366],[-74.688696,40.680212],[-74.689069,40.680027],[-74.689262,40.679964],[-74.689352,40.679947],[-74.68959,40.679931],[-74.689701,40.679909],[-74.690642,40.679649],[-74.692334,40.679111],[-74.692576,40.679277],[-74.6929,40.679466],[-74.693419,40.679688],[-74.694129,40.679951],[-74.694286,40.679988],[-74.694474,40.680011],[-74.694889,40.680036],[-74.695181,40.680032],[-74.695936,40.680045],[-74.696382,40.680081],[-74.696636,40.680138],[-74.697218,40.680343],[-74.697304,40.680368],[-74.697661,40.680473],[-74.697958,40.680546],[-74.698112,40.680609],[-74.698277,40.680698],[-74.698358,40.680775],[-74.698451,40.680925],[-74.698492,40.681015],[-74.69856,40.681137],[-74.698658,40.681244],[-74.698707,40.68128],[-74.698899,40.681421],[-74.698957,40.681439],[-74.699046,40.681436],[-74.699133,40.68141],[-74.699227,40.681349],[-74.699266,40.681293],[-74.705985,40.685354],[-74.706056,40.685266],[-74.706079,40.685221],[-74.706202,40.685141],[-74.706454,40.685078],[-74.706649,40.685016],[-74.707254,40.684729],[-74.707536,40.684522],[-74.707665,40.68446],[-74.708027,40.684244],[-74.70848,40.684048],[-74.708878,40.683868],[-74.708957,40.683825],[-74.710334,40.683821],[-74.710412,40.683821],[-74.710553,40.68384],[-74.710619,40.683881],[-74.710643,40.683982],[-74.710633,40.684099],[-74.710439,40.685151],[-74.710307,40.686094],[-74.710124,40.688063],[-74.710023,40.6889],[-74.709791,40.689331],[-74.709743,40.689518],[-74.709739,40.689588],[-74.709732,40.689712],[-74.709736,40.690404],[-74.709728,40.690774],[-74.715488,40.689208],[-74.71835,40.688397],[-74.720025,40.687913],[-74.720168,40.687871],[-74.720453,40.687807],[-74.720575,40.68779],[-74.72065,40.687797],[-74.72073,40.687827],[-74.721143,40.688088],[-74.721736,40.688477],[-74.721826,40.688553],[-74.721955,40.688696],[-74.722017,40.688795],[-74.722079,40.688939],[-74.722106,40.689076],[-74.722114,40.689191],[-74.722093,40.68946],[-74.722054,40.68965],[-74.721961,40.689875],[-74.721912,40.690011],[-74.721624,40.690735],[-74.721569,40.690821],[-74.721494,40.690906],[-74.721364,40.691029],[-74.720498,40.691778],[-74.719987,40.692296],[-74.719344,40.692997],[-74.719094,40.69323],[-74.718542,40.693779],[-74.718214,40.694182],[-74.718043,40.694421],[-74.717843,40.694681],[-74.717419,40.695231],[-74.717344,40.695316],[-74.717098,40.695498],[-74.716916,40.695679],[-74.716598,40.696041],[-74.716394,40.696298],[-74.716288,40.69649],[-74.716032,40.697208],[-74.715571,40.698038],[-74.715515,40.698119],[-74.715297,40.698358],[-74.71478,40.698791],[-74.714464,40.699077],[-74.714419,40.699139],[-74.714385,40.699218],[-74.714347,40.699368],[-74.71421,40.700128],[-74.714159,40.70062],[-74.714135,40.701396],[-74.714145,40.701512],[-74.71418,40.701686],[-74.714405,40.702322],[-74.714546,40.703118],[-74.71457,40.703191],[-74.714601,40.703286],[-74.714758,40.703607],[-74.715108,40.70427],[-74.716135,40.706196],[-74.716506,40.706814],[-74.71666,40.70707],[-74.716701,40.707162],[-74.716717,40.707245],[-74.716725,40.707391],[-74.716711,40.70788],[-74.716738,40.708101],[-74.716802,40.708241],[-74.716896,40.708388],[-74.717039,40.708553],[-74.717798,40.709288],[-74.716043,40.710233],[-74.716015,40.710283],[-74.71601,40.710366],[-74.716023,40.710421],[-74.71676,40.712347],[-74.716813,40.712515],[-74.717102,40.713656],[-74.717138,40.713973],[-74.717147,40.714164],[-74.717136,40.714274],[-74.717102,40.714393],[-74.717069,40.714456],[-74.717025,40.714508],[-74.715883,40.714068],[-74.71554,40.713966],[-74.715214,40.713911],[-74.715093,40.713903],[-74.714808,40.713884],[-74.713958,40.713844],[-74.713491,40.713849],[-74.713251,40.713871],[-74.712255,40.713995],[-74.711856,40.714011],[-74.711369,40.713997],[-74.711145,40.713971],[-74.710757,40.713893],[-74.709977,40.713691],[-74.709328,40.71351],[-74.708793,40.713334],[-74.708513,40.713223],[-74.707879,40.712934],[-74.707094,40.712576],[-74.706495,40.712319],[-74.706395,40.712298],[-74.706148,40.712288],[-74.706024,40.712303],[-74.705001,40.712555],[-74.704083,40.712793],[-74.703337,40.712997],[-74.702595,40.713237],[-74.702296,40.713326],[-74.701768,40.713487],[-74.701553,40.713512],[-74.700878,40.71351],[-74.700639,40.71349],[-74.700295,40.713421],[-74.699526,40.713249],[-74.698065,40.712922],[-74.697415,40.712791],[-74.697382,40.712784],[-74.697094,40.712753],[-74.696545,40.712742],[-74.696231,40.712778],[-74.695918,40.712838],[-74.69521,40.713053],[-74.694895,40.71319],[-74.694441,40.71346],[-74.694335,40.713537],[-74.69417,40.713682],[-74.69396,40.713895],[-74.693732,40.714194],[-74.693372,40.714853],[-74.69266,40.71613],[-74.692456,40.716394],[-74.69239,40.716457],[-74.686211,40.711562],[-74.686448,40.71121],[-74.686516,40.711075],[-74.686734,40.710697],[-74.686847,40.710537],[-74.686873,40.710451],[-74.686869,40.710377],[-74.686847,40.710322],[-74.686486,40.709966],[-74.686454,40.709903],[-74.686428,40.709723],[-74.686395,40.709588],[-74.686335,40.709445],[-74.686362,40.709359],[-74.686181,40.709213],[-74.686131,40.709141],[-74.686096,40.709113],[-74.686023,40.708987],[-74.686002,40.708888],[-74.685936,40.708762],[-74.685922,40.708699],[-74.685872,40.708626],[-74.685865,40.708581],[-74.685785,40.708473],[-74.685778,40.70841],[-74.685582,40.708103],[-74.685553,40.708022],[-74.685481,40.707941],[-74.685474,40.707896],[-74.685409,40.707814],[-74.685387,40.707742],[-74.685359,40.707715],[-74.685331,40.707615],[-74.685301,40.707597],[-74.685301,40.707579],[-74.685286,40.707561],[-74.685286,40.707543],[-74.685229,40.707462],[-74.685179,40.707345],[-74.68515,40.707309],[-74.685049,40.707029],[-74.685035,40.707011],[-74.685035,40.706957],[-74.684941,40.706578],[-74.684862,40.706335],[-74.684855,40.70628],[-74.684833,40.706263],[-74.684796,40.706145],[-74.684342,40.70618],[-74.682292,40.706175],[-74.682328,40.70631],[-74.682364,40.706364],[-74.682375,40.706403],[-74.682351,40.706398],[-74.680153,40.706395],[-74.68002,40.706104],[-74.679309,40.706526],[-74.678765,40.706636],[-74.678293,40.706691],[-74.677966,40.706306],[-74.678075,40.705757],[-74.678114,40.705296],[-74.678114,40.705137],[-74.678069,40.705002],[-74.678005,40.704916],[-74.677846,40.704916],[-74.677712,40.704933],[-74.676975,40.705096],[-74.676572,40.705221],[-74.676472,40.705242],[-74.676335,40.705226],[-74.676237,40.704779],[-74.676189,40.70412],[-74.67619,40.703885],[-74.676177,40.703646],[-74.676141,40.703525],[-74.676013,40.703304],[-74.675441,40.702405],[-74.675362,40.702218],[-74.675369,40.702044],[-74.675467,40.701562],[-74.675513,40.701339],[-74.675569,40.700932],[-74.675608,40.7006],[-74.675597,40.700498],[-74.675555,40.700385],[-74.675281,40.699892],[-74.675035,40.699512],[-74.674987,40.699349],[-74.674996,40.699304],[-74.67504,40.699233],[-74.675299,40.698913],[-74.675709,40.698432],[-74.675768,40.698343],[-74.675789,40.69829],[-74.675806,40.698105],[-74.675792,40.698032],[-74.675743,40.697913],[-74.675578,40.697688],[-74.675445,40.697587],[-74.675058,40.697374],[-74.674407,40.697086],[-74.673319,40.696688],[-74.671747,40.696082],[-74.670976,40.695794],[-74.668578,40.694881],[-74.668017,40.694641]]],[[[-74.618646,40.706683],[-74.618226,40.704919],[-74.618795,40.702276],[-74.618729,40.699578],[-74.618622,40.695149],[-74.618383,40.695233],[-74.617834,40.69544],[-74.61752,40.695535],[-74.617174,40.69561],[-74.616581,40.695686],[-74.61599,40.695721],[-74.615538,40.695705],[-74.615243,40.695661],[-74.614474,40.695511],[-74.613958,40.695451],[-74.613165,40.69539],[-74.61247,40.69533],[-74.612192,40.695316],[-74.611868,40.695312],[-74.611571,40.695318],[-74.611319,40.695338],[-74.61095,40.695407],[-74.610645,40.695495],[-74.610404,40.695587],[-74.609648,40.695877],[-74.609197,40.696081],[-74.608333,40.694918],[-74.607957,40.694414],[-74.605839,40.695055],[-74.597843,40.697474],[-74.597563,40.697159],[-74.594038,40.693192],[-74.591027,40.692784],[-74.589802,40.688239],[-74.589689,40.687876],[-74.589906,40.687882],[-74.589812,40.687505],[-74.589658,40.68698],[-74.589399,40.686103],[-74.589156,40.685113],[-74.588937,40.684363],[-74.588871,40.684139],[-74.588755,40.683721],[-74.588343,40.682258],[-74.588243,40.681933],[-74.588227,40.681757],[-74.588249,40.68161],[-74.588307,40.681511],[-74.588417,40.681365],[-74.588655,40.6811],[-74.589059,40.680708],[-74.589244,40.680595],[-74.589442,40.680494],[-74.589657,40.680358],[-74.589688,40.680337],[-74.589784,40.680218],[-74.589834,40.680124],[-74.589883,40.679956],[-74.589953,40.679062],[-74.590113,40.678115],[-74.590259,40.677562],[-74.590476,40.676992],[-74.590667,40.676448],[-74.590806,40.675945],[-74.590888,40.675581],[-74.590953,40.67519],[-74.591121,40.674167],[-74.591314,40.672988],[-74.591386,40.672525],[-74.591425,40.672347],[-74.591067,40.672202],[-74.590784,40.672073],[-74.590765,40.672063],[-74.590354,40.671845],[-74.589609,40.671412],[-74.589562,40.671383],[-74.588983,40.671017],[-74.588549,40.67073],[-74.58785,40.670079],[-74.587731,40.669971],[-74.587255,40.669541],[-74.586836,40.669177],[-74.586596,40.668929],[-74.586396,40.668616],[-74.585232,40.666523],[-74.585094,40.666295],[-74.585204,40.666308],[-74.585519,40.666308],[-74.587089,40.666167],[-74.589153,40.66595],[-74.589798,40.665902],[-74.590392,40.665887],[-74.590731,40.665888],[-74.591864,40.665923],[-74.593181,40.665984],[-74.593424,40.665984],[-74.593721,40.666],[-74.594127,40.666022],[-74.594829,40.666037],[-74.595877,40.6661],[-74.596094,40.666116],[-74.596364,40.66615],[-74.596541,40.666147],[-74.596687,40.666139],[-74.597245,40.66611],[-74.59793,40.666061],[-74.598956,40.666025],[-74.600705,40.665907],[-74.6013,40.665858],[-74.602213,40.665784],[-74.60216,40.664825],[-74.601827,40.66486],[-74.601147,40.662651],[-74.601349,40.662607],[-74.601587,40.662562],[-74.601803,40.662537],[-74.602004,40.662474],[-74.602213,40.66243],[-74.602487,40.662314],[-74.601942,40.661574],[-74.602723,40.660311],[-74.603113,40.659874],[-74.60483,40.660673],[-74.605388,40.660127],[-74.608444,40.661689],[-74.609041,40.66015],[-74.612556,40.659208],[-74.613905,40.660599],[-74.614235,40.660359],[-74.614359,40.660249],[-74.614849,40.6612],[-74.615114,40.661682],[-74.615468,40.662265],[-74.615641,40.662488],[-74.615716,40.662542],[-74.616345,40.66273],[-74.616483,40.662743],[-74.616576,40.662766],[-74.616923,40.662912],[-74.617094,40.662963],[-74.617229,40.663045],[-74.617365,40.663198],[-74.617592,40.663499],[-74.617616,40.663531],[-74.617657,40.663569],[-74.617707,40.663597],[-74.617778,40.663617],[-74.617862,40.663628],[-74.617975,40.663617],[-74.618141,40.663584],[-74.618239,40.663555],[-74.618319,40.663513],[-74.618534,40.663316],[-74.618638,40.663251],[-74.618666,40.663245],[-74.618991,40.663263],[-74.619088,40.663258],[-74.61935,40.663207],[-74.619499,40.663222],[-74.619575,40.663207],[-74.619691,40.663098],[-74.619768,40.663114],[-74.619879,40.663163],[-74.620214,40.663358],[-74.620278,40.663416],[-74.620314,40.663466],[-74.62043,40.663702],[-74.620494,40.663808],[-74.620549,40.663854],[-74.621515,40.664404],[-74.621705,40.664531],[-74.622027,40.664815],[-74.622115,40.664903],[-74.622279,40.665107],[-74.622377,40.665216],[-74.622432,40.665296],[-74.622468,40.665369],[-74.62262,40.665941],[-74.622693,40.666156],[-74.622795,40.666309],[-74.622992,40.666539],[-74.623715,40.667143],[-74.62377,40.667198],[-74.623784,40.66723],[-74.624513,40.6672],[-74.624735,40.667204],[-74.625001,40.667227],[-74.625433,40.667279],[-74.626889,40.66758],[-74.627526,40.667683],[-74.628305,40.667792],[-74.628467,40.667801],[-74.628649,40.667797],[-74.629095,40.667757],[-74.629812,40.667676],[-74.629929,40.667659],[-74.630869,40.667574],[-74.631638,40.669153],[-74.631862,40.669612],[-74.633429,40.673652],[-74.634423,40.676243],[-74.636405,40.681327],[-74.636454,40.681456],[-74.636515,40.681615],[-74.636543,40.681719],[-74.636521,40.681895],[-74.636578,40.682038],[-74.636713,40.682247],[-74.636849,40.682397],[-74.63689,40.682474],[-74.636961,40.682549],[-74.637053,40.682609],[-74.637139,40.68263],[-74.637408,40.682592],[-74.637487,40.682588],[-74.637691,40.68262],[-74.637931,40.682639],[-74.638057,40.682649],[-74.638331,40.682683],[-74.638396,40.682755],[-74.638466,40.682823],[-74.638593,40.682949],[-74.63881,40.683154],[-74.63893,40.683266],[-74.638999,40.683291],[-74.639135,40.68339],[-74.639305,40.683455],[-74.639434,40.683477],[-74.639774,40.683574],[-74.640307,40.683698],[-74.640428,40.683735],[-74.640527,40.683752],[-74.640726,40.6838],[-74.64079,40.683832],[-74.641045,40.683908],[-74.64123,40.683972],[-74.641379,40.684016],[-74.641507,40.684064],[-74.641532,40.684065],[-74.641614,40.684091],[-74.641727,40.684107],[-74.641788,40.684122],[-74.642082,40.684199],[-74.642168,40.684236],[-74.642238,40.684252],[-74.642331,40.684263],[-74.6427,40.684333],[-74.643176,40.684392],[-74.64346,40.684403],[-74.643709,40.684446],[-74.643921,40.684451],[-74.644157,40.684431],[-74.644332,40.684441],[-74.644495,40.684683],[-74.644576,40.684861],[-74.644606,40.685034],[-74.644632,40.685083],[-74.644671,40.685282],[-74.644688,40.685306],[-74.645006,40.685756],[-74.64525,40.68607],[-74.645414,40.686334],[-74.645754,40.686934],[-74.645818,40.687094],[-74.646011,40.687336],[-74.646455,40.687629],[-74.646727,40.687888],[-74.64678,40.687985],[-74.646824,40.688019],[-74.646881,40.688116],[-74.646896,40.688201],[-74.64709,40.688615],[-74.647238,40.68889],[-74.647357,40.689352],[-74.647373,40.689566],[-74.647383,40.689692],[-74.647357,40.690345],[-74.647267,40.690641],[-74.647071,40.690876],[-74.647049,40.690903],[-74.646917,40.691259],[-74.646904,40.691321],[-74.647211,40.691463],[-74.647357,40.69155],[-74.647521,40.691663],[-74.647633,40.691763],[-74.647732,40.691863],[-74.647831,40.691998],[-74.64791,40.69214],[-74.648092,40.692523],[-74.648155,40.692696],[-74.648225,40.692952],[-74.648294,40.693198],[-74.648393,40.693651],[-74.648523,40.694131],[-74.648561,40.694228],[-74.648687,40.694436],[-74.648858,40.694638],[-74.648944,40.694719],[-74.649721,40.695372],[-74.649891,40.695525],[-74.65037,40.69596],[-74.651022,40.696414],[-74.651143,40.696496],[-74.651334,40.696623],[-74.651718,40.696876],[-74.653487,40.697934],[-74.653635,40.69804],[-74.653799,40.69819],[-74.653917,40.698334],[-74.654162,40.698674],[-74.65433,40.698939],[-74.654474,40.699251],[-74.654521,40.699386],[-74.654568,40.699589],[-74.654604,40.69997],[-74.654603,40.700152],[-74.654541,40.701029],[-74.654532,40.701345],[-74.654566,40.701893],[-74.654634,40.702355],[-74.654678,40.702882],[-74.654691,40.703324],[-74.654727,40.703652],[-74.654777,40.703921],[-74.654836,40.704156],[-74.65494,40.70444],[-74.655224,40.705209],[-74.655467,40.705854],[-74.655714,40.706583],[-74.655764,40.706752],[-74.652675,40.708081],[-74.65116,40.710698],[-74.651076,40.710636],[-74.650864,40.710406],[-74.65079,40.710339],[-74.650691,40.710268],[-74.650608,40.710222],[-74.650349,40.710136],[-74.649147,40.709817],[-74.64767,40.709406],[-74.646594,40.70911],[-74.646507,40.709095],[-74.644338,40.708909],[-74.643896,40.708854],[-74.643839,40.708845],[-74.643682,40.708788],[-74.643392,40.708657],[-74.64283,40.708374],[-74.642689,40.708326],[-74.642609,40.708308],[-74.642459,40.708293],[-74.641324,40.708228],[-74.641255,40.708231],[-74.641208,40.708239],[-74.641155,40.708264],[-74.641114,40.708298],[-74.640965,40.708472],[-74.640896,40.708586],[-74.640735,40.708937],[-74.640649,40.709172],[-74.640567,40.709492],[-74.64052,40.709911],[-74.640518,40.710137],[-74.640532,40.710379],[-74.640596,40.710693],[-74.640667,40.710937],[-74.640732,40.711122],[-74.640763,40.711246],[-74.640797,40.711299],[-74.640881,40.711347],[-74.641307,40.7115],[-74.641695,40.711664],[-74.641908,40.711818],[-74.642679,40.712459],[-74.643075,40.712763],[-74.643244,40.712934],[-74.643399,40.713242],[-74.643505,40.713399],[-74.643654,40.713537],[-74.644008,40.713835],[-74.643909,40.713415],[-74.643721,40.712804],[-74.64359,40.712242],[-74.643598,40.712217],[-74.643642,40.712184],[-74.644305,40.712025],[-74.645392,40.711714],[-74.645815,40.711602],[-74.645918,40.711546],[-74.646262,40.711266],[-74.646314,40.711237],[-74.646412,40.711202],[-74.646955,40.711123],[-74.647192,40.711062],[-74.648412,40.710737],[-74.648589,40.71071],[-74.648845,40.710717],[-74.649026,40.710741],[-74.649191,40.710788],[-74.649269,40.710831],[-74.649375,40.710906],[-74.649859,40.711401],[-74.650189,40.711688],[-74.650283,40.711758],[-74.651311,40.71231],[-74.651378,40.712369],[-74.652202,40.713226],[-74.652346,40.71332],[-74.652394,40.713351],[-74.652162,40.71372],[-74.651609,40.714272],[-74.651609,40.714437],[-74.653168,40.71814],[-74.653273,40.718398],[-74.652888,40.71853],[-74.652047,40.718838],[-74.651504,40.719025],[-74.651194,40.719132],[-74.650856,40.71928],[-74.65075,40.71934],[-74.650652,40.719414],[-74.649931,40.720048],[-74.649555,40.72041],[-74.649482,40.72049],[-74.649131,40.720884],[-74.648984,40.721048],[-74.648621,40.721464],[-74.648182,40.721946],[-74.647825,40.722361],[-74.64778,40.722427],[-74.647528,40.722915],[-74.647432,40.723079],[-74.64729,40.723283],[-74.647189,40.723388],[-74.646932,40.723595],[-74.646778,40.723676],[-74.646715,40.723704],[-74.646408,40.723842],[-74.645321,40.724332],[-74.644534,40.724687],[-74.644481,40.724711],[-74.644409,40.724735],[-74.644326,40.724746],[-74.644067,40.724737],[-74.644142,40.724862],[-74.644152,40.724952],[-74.644148,40.725364],[-74.644145,40.725723],[-74.644099,40.72592],[-74.643983,40.726189],[-74.644487,40.726292],[-74.644891,40.726336],[-74.645092,40.726336],[-74.645395,40.726311],[-74.645704,40.726305],[-74.645899,40.726317],[-74.646101,40.72638],[-74.646233,40.726468],[-74.646321,40.726588],[-74.646357,40.726711],[-74.646378,40.726867],[-74.646389,40.727088],[-74.649339,40.728373],[-74.649634,40.728965],[-74.650031,40.729282],[-74.650671,40.729385],[-74.651126,40.729282],[-74.651234,40.729251],[-74.652039,40.729027],[-74.652489,40.728953],[-74.652508,40.728971],[-74.65257,40.729007],[-74.652575,40.729068],[-74.652563,40.729117],[-74.652582,40.729184],[-74.65266,40.729304],[-74.652713,40.729378],[-74.652761,40.729438],[-74.652803,40.729491],[-74.652839,40.729532],[-74.652903,40.729621],[-74.653007,40.729539],[-74.653127,40.729484],[-74.653547,40.729378],[-74.653596,40.729483],[-74.653624,40.729569],[-74.653631,40.729792],[-74.65361,40.729845],[-74.653477,40.730064],[-74.653336,40.730452],[-74.65321,40.730963],[-74.652824,40.731564],[-74.652803,40.731783],[-74.652803,40.73215],[-74.652747,40.732379],[-74.652599,40.732549],[-74.651932,40.733241],[-74.651805,40.733475],[-74.651862,40.73372],[-74.651974,40.733874],[-74.652122,40.734013],[-74.65229,40.734231],[-74.652402,40.734459],[-74.652473,40.734676],[-74.652494,40.734742],[-74.652543,40.734859],[-74.652634,40.734933],[-74.652761,40.734944],[-74.652898,40.734939],[-74.65306,40.734913],[-74.653178,40.73486],[-74.653263,40.734759],[-74.653431,40.734456],[-74.653508,40.734404],[-74.65362,40.734378],[-74.65376,40.734362],[-74.654061,40.734512],[-74.654523,40.734709],[-74.654985,40.73489],[-74.655034,40.734943],[-74.655026,40.734996],[-74.654998,40.735049],[-74.654928,40.735086],[-74.654305,40.735328],[-74.65387,40.735472],[-74.653387,40.735669],[-74.653289,40.73572],[-74.653109,40.735857],[-74.652803,40.736184],[-74.655349,40.735648],[-74.657005,40.735299],[-74.658504,40.735],[-74.662678,40.734221],[-74.663539,40.734061],[-74.664069,40.733961],[-74.664218,40.733933],[-74.664249,40.733927],[-74.664404,40.7339],[-74.666697,40.733403],[-74.666735,40.73339],[-74.667004,40.7333],[-74.667099,40.7333],[-74.667304,40.7333],[-74.668011,40.733085],[-74.668295,40.732999],[-74.668304,40.732999],[-74.668619,40.733],[-74.668704,40.733],[-74.668779,40.732982],[-74.67354,40.731842],[-74.673574,40.731834],[-74.67359,40.73183],[-74.67361,40.73184],[-74.673683,40.731875],[-74.678995,40.73058],[-74.679202,40.730529],[-74.67941,40.730477],[-74.679633,40.730425],[-74.679665,40.730417],[-74.68123,40.730034],[-74.682605,40.7297],[-74.681558,40.726178],[-74.679761,40.720163],[-74.679406,40.71933],[-74.679699,40.719314],[-74.680104,40.719258],[-74.681353,40.719085],[-74.68238,40.718965],[-74.682741,40.718933],[-74.683441,40.71887],[-74.683708,40.718839],[-74.684138,40.718823],[-74.68426,40.718818],[-74.685344,40.718841],[-74.686578,40.718971],[-74.687802,40.719059],[-74.687972,40.719106],[-74.688897,40.719508],[-74.68917,40.719587],[-74.689275,40.7196],[-74.690332,40.719632],[-74.690411,40.719641],[-74.690492,40.719687],[-74.69077,40.719921],[-74.691104,40.720302],[-74.691328,40.72059],[-74.691402,40.720708],[-74.691876,40.721607],[-74.692527,40.722907],[-74.692893,40.723532],[-74.692967,40.723626],[-74.693041,40.723688],[-74.693187,40.723774],[-74.693338,40.723729],[-74.693411,40.723725],[-74.693521,40.723747],[-74.69365,40.723791],[-74.69393,40.723925],[-74.694291,40.72405],[-74.69442,40.724112],[-74.6952,40.724633],[-74.695334,40.724781],[-74.695419,40.724917],[-74.695463,40.725037],[-74.695619,40.725242],[-74.695756,40.72548],[-74.695934,40.725847],[-74.696119,40.72627],[-74.69797,40.725853],[-74.701037,40.725162],[-74.701104,40.725242],[-74.701224,40.725429],[-74.70134,40.725644],[-74.701427,40.72585],[-74.701537,40.726115],[-74.701615,40.726328],[-74.701653,40.726464],[-74.701688,40.726648],[-74.701702,40.726799],[-74.701711,40.726976],[-74.701698,40.727135],[-74.701661,40.727317],[-74.701606,40.727481],[-74.701496,40.727686],[-74.701309,40.727954],[-74.701157,40.728124],[-74.701021,40.728254],[-74.700857,40.728392],[-74.70055,40.728596],[-74.700396,40.728674],[-74.700021,40.728851],[-74.699922,40.728911],[-74.699837,40.728976],[-74.699765,40.729057],[-74.69964,40.729263],[-74.700195,40.729395],[-74.701251,40.729628],[-74.701507,40.729684],[-74.702471,40.72988],[-74.70293,40.729976],[-74.703428,40.730081],[-74.703684,40.730141],[-74.703823,40.730183],[-74.703842,40.730192],[-74.704038,40.730283],[-74.70417,40.730368],[-74.70474,40.730699],[-74.707116,40.732121],[-74.707213,40.732181],[-74.707462,40.732335],[-74.707784,40.732509],[-74.707972,40.732606],[-74.708119,40.732697],[-74.708345,40.732822],[-74.708776,40.733085],[-74.708851,40.733142],[-74.708942,40.733221],[-74.709044,40.733319],[-74.709217,40.733504],[-74.709624,40.733906],[-74.709996,40.7343],[-74.710236,40.734541],[-74.711666,40.736027],[-74.713248,40.737727],[-74.713938,40.738452],[-74.714441,40.738941],[-74.714693,40.739221],[-74.715061,40.739666],[-74.715617,40.740284],[-74.715831,40.740514],[-74.715973,40.740687],[-74.716056,40.740763],[-74.716152,40.740828],[-74.716239,40.740872],[-74.716356,40.740914],[-74.716463,40.740943],[-74.716766,40.741008],[-74.716836,40.741047],[-74.717145,40.741366],[-74.717358,40.741571],[-74.717553,40.741747],[-74.717772,40.741953],[-74.717988,40.742132],[-74.718225,40.742348],[-74.718311,40.742451],[-74.718573,40.74279],[-74.718632,40.74287],[-74.718809,40.743112],[-74.718963,40.743371],[-74.719073,40.743591],[-74.71915,40.743787],[-74.719185,40.743941],[-74.719189,40.744015],[-74.71917,40.744093],[-74.719144,40.74415],[-74.719092,40.744213],[-74.718996,40.744293],[-74.718828,40.744444],[-74.718742,40.744539],[-74.718724,40.744587],[-74.718705,40.744667],[-74.718711,40.744761],[-74.71876,40.744869],[-74.718813,40.744941],[-74.719579,40.745866],[-74.7197,40.74602],[-74.719755,40.746169],[-74.719755,40.746234],[-74.719725,40.746348],[-74.71956,40.746859],[-74.719519,40.746959],[-74.719478,40.747031],[-74.719407,40.747122],[-74.71934,40.747199],[-74.719239,40.747288],[-74.719097,40.747397],[-74.718769,40.74766],[-74.71862,40.747794],[-74.718403,40.748001],[-74.718078,40.747925],[-74.717265,40.747759],[-74.716266,40.747535],[-74.716112,40.747503],[-74.715744,40.747427],[-74.714519,40.747148],[-74.71412,40.747054],[-74.713782,40.746966],[-74.712811,40.746734],[-74.712133,40.746564],[-74.711932,40.746536],[-74.71178,40.746507],[-74.711547,40.746483],[-74.711306,40.746459],[-74.710666,40.746426],[-74.710324,40.746395],[-74.70999,40.746372],[-74.709005,40.746253],[-74.708667,40.746199],[-74.708337,40.746167],[-74.707824,40.746125],[-74.707747,40.746119],[-74.707397,40.7461],[-74.707139,40.746068],[-74.706541,40.746012],[-74.705173,40.74585],[-74.704766,40.745784],[-74.704202,40.745707],[-74.703743,40.74565],[-74.702944,40.745568],[-74.701921,40.745521],[-74.701512,40.745497],[-74.701389,40.74549],[-74.700818,40.745436],[-74.700197,40.745388],[-74.699723,40.745319],[-74.699449,40.745285],[-74.699178,40.745245],[-74.698954,40.745203],[-74.698132,40.745083],[-74.697923,40.745063],[-74.697608,40.74504],[-74.697145,40.745015],[-74.696896,40.74501],[-74.696046,40.744971],[-74.695486,40.744934],[-74.695145,40.744917],[-74.694659,40.744884],[-74.69442,40.744864],[-74.69436,40.744863],[-74.69432,40.744773],[-74.6941,40.744272],[-74.693848,40.743694],[-74.693802,40.743587],[-74.693384,40.742634],[-74.692259,40.740065],[-74.691973,40.739383],[-74.691884,40.739154],[-74.691737,40.739274],[-74.691655,40.73935],[-74.691462,40.73956],[-74.691452,40.739568],[-74.691328,40.739671],[-74.691266,40.739708],[-74.690702,40.739984],[-74.690593,40.740042],[-74.690412,40.740139],[-74.690342,40.740176],[-74.690143,40.740273],[-74.690046,40.740325],[-74.68974,40.740528],[-74.689727,40.740536],[-74.689625,40.740617],[-74.689534,40.740697],[-74.689429,40.740793],[-74.689302,40.740938],[-74.689237,40.741011],[-74.688841,40.74149],[-74.688761,40.741588],[-74.688533,40.74188],[-74.688445,40.741985],[-74.688388,40.742055],[-74.688309,40.742132],[-74.688278,40.742163],[-74.688169,40.742258],[-74.688048,40.742321],[-74.687933,40.742373],[-74.687685,40.742452],[-74.687464,40.742505],[-74.68728,40.742556],[-74.687227,40.742569],[-74.687056,40.742612],[-74.687006,40.742627],[-74.686882,40.742663],[-74.686755,40.742716],[-74.686616,40.742804],[-74.686481,40.742922],[-74.686385,40.743028],[-74.686327,40.743107],[-74.686288,40.743181],[-74.686273,40.743275],[-74.686277,40.74339],[-74.686317,40.743557],[-74.686385,40.743786],[-74.686428,40.744004],[-74.686444,40.744163],[-74.686436,40.744265],[-74.686404,40.744395],[-74.686343,40.744562],[-74.68606,40.745183],[-74.686039,40.745246],[-74.685987,40.745403],[-74.685751,40.745824],[-74.685731,40.745854],[-74.685593,40.746054],[-74.685416,40.746198],[-74.685261,40.746295],[-74.685224,40.746316],[-74.685094,40.74639],[-74.684839,40.74654],[-74.684507,40.746746],[-74.684189,40.74692],[-74.683899,40.747059],[-74.683737,40.74715],[-74.683533,40.747236],[-74.683843,40.747747],[-74.683954,40.747946],[-74.684024,40.748111],[-74.684094,40.748325],[-74.684106,40.748428],[-74.684124,40.748725],[-74.684113,40.748972],[-74.684122,40.749166],[-74.684131,40.749237],[-74.683503,40.749568],[-74.679885,40.746103],[-74.679376,40.7461],[-74.679374,40.746043],[-74.67931,40.746006],[-74.679236,40.745983],[-74.67899,40.745591],[-74.678942,40.74554],[-74.67882,40.745459],[-74.678751,40.745428],[-74.67867,40.745422],[-74.678579,40.745319],[-74.678422,40.745177],[-74.678358,40.745138],[-74.678289,40.745107],[-74.678212,40.745084],[-74.678052,40.745059],[-74.677974,40.745053],[-74.677568,40.74504],[-74.677487,40.745032],[-74.67742,40.745018],[-74.677328,40.744914],[-74.677272,40.744871],[-74.677208,40.744833],[-74.677129,40.744817],[-74.677071,40.744775],[-74.677023,40.744725],[-74.676951,40.744698],[-74.676903,40.74458],[-74.676887,40.744519],[-74.676884,40.744457],[-74.67681,40.74443],[-74.676747,40.744393],[-74.676693,40.744345],[-74.67663,40.744305],[-74.676576,40.744189],[-74.676541,40.744135],[-74.676525,40.744012],[-74.676477,40.743962],[-74.676398,40.743945],[-74.676332,40.743912],[-74.676284,40.743862],[-74.676271,40.7438],[-74.676279,40.743739],[-74.676276,40.743615],[-74.676244,40.743559],[-74.676173,40.743532],[-74.676012,40.743494],[-74.675972,40.74344],[-74.675906,40.743405],[-74.675847,40.743363],[-74.675799,40.743313],[-74.675719,40.743206],[-74.675668,40.743158],[-74.675503,40.74302],[-74.675445,40.742978],[-74.675285,40.742839],[-74.675206,40.742826],[-74.675045,40.742836],[-74.674882,40.742828],[-74.674727,40.742791],[-74.674655,40.742764],[-74.674589,40.742726],[-74.674533,40.742682],[-74.674488,40.74263],[-74.674466,40.742571],[-74.674483,40.742447],[-74.674507,40.742389],[-74.674543,40.742333],[-74.674562,40.742273],[-74.674567,40.742211],[-74.674552,40.741838],[-74.674517,40.741783],[-74.674421,40.741683],[-74.674383,40.741628],[-74.674335,40.74151],[-74.674293,40.741458],[-74.674108,40.741255],[-74.673887,40.741072],[-74.673627,40.740924],[-74.673457,40.740792],[-74.673414,40.74074],[-74.673401,40.740679],[-74.673404,40.740555],[-74.673391,40.740494],[-74.673351,40.740442],[-74.673326,40.740383],[-74.673308,40.740322],[-74.673096,40.73992],[-74.673059,40.7398],[-74.673054,40.739738],[-74.673059,40.739677],[-74.673073,40.739617],[-74.673103,40.739559],[-74.673125,40.7395],[-74.673098,40.739251],[-74.673085,40.739191],[-74.673079,40.739066],[-74.673088,40.73882],[-74.673145,40.738389],[-74.67313,40.737894],[-74.673154,40.737836],[-74.673157,40.737774],[-74.673104,40.737593],[-74.673077,40.737534],[-74.673029,40.737484],[-74.672989,40.737429],[-74.672973,40.73737],[-74.672908,40.737191],[-74.672898,40.73713],[-74.672882,40.736945],[-74.672866,40.736884],[-74.672769,40.736648],[-74.672737,40.736464],[-74.672716,40.736403],[-74.672689,40.736346],[-74.672654,40.73629],[-74.672411,40.735967],[-74.672211,40.735773],[-74.671993,40.735587],[-74.671942,40.735539],[-74.671873,40.735427],[-74.67182,40.735377],[-74.671753,40.735342],[-74.671679,40.735317],[-74.671447,40.735261],[-74.671374,40.735238],[-74.671305,40.735203],[-74.671124,40.73508],[-74.671053,40.735051],[-74.6709,40.735012],[-74.67069,40.734916],[-74.670624,40.734879],[-74.670446,40.734754],[-74.67038,40.734718],[-74.670242,40.734652],[-74.670048,40.734542],[-74.669926,40.734458],[-74.669862,40.734421],[-74.669791,40.73439],[-74.669426,40.734257],[-74.669355,40.734226],[-74.669349,40.734205],[-74.669237,40.734183],[-74.667969,40.733784],[-74.667315,40.733584],[-74.667047,40.733496],[-74.667038,40.733508],[-74.666876,40.733516],[-74.666795,40.733524],[-74.666718,40.733546],[-74.66668,40.733599],[-74.666647,40.733657],[-74.666625,40.733715],[-74.666611,40.733777],[-74.666584,40.733835],[-74.666543,40.73389],[-74.666494,40.733938],[-74.666376,40.734023],[-74.666324,40.734069],[-74.666278,40.734122],[-74.666239,40.734176],[-74.666152,40.734349],[-74.665866,40.735313],[-74.665787,40.735678],[-74.665781,40.73574],[-74.665795,40.735799],[-74.665848,40.735917],[-74.66584,40.735979],[-74.665824,40.736039],[-74.665714,40.736204],[-74.665595,40.736435],[-74.665491,40.736737],[-74.665352,40.737028],[-74.665148,40.737563],[-74.665118,40.737621],[-74.665082,40.737675],[-74.665033,40.737726],[-74.664929,40.737819],[-74.664861,40.737931],[-74.664839,40.737991],[-74.664812,40.738113],[-74.66479,40.738173],[-74.66476,40.738229],[-74.664711,40.738278],[-74.664576,40.738349],[-74.664524,40.738395],[-74.664478,40.738448],[-74.664409,40.738558],[-74.664382,40.738617],[-74.664385,40.738678],[-74.664401,40.738801],[-74.664382,40.738861],[-74.664283,40.738962],[-74.664106,40.739239],[-74.664076,40.739298],[-74.664001,40.739318],[-74.663944,40.739362],[-74.663806,40.739429],[-74.663754,40.739476],[-74.663727,40.739598],[-74.663694,40.739718],[-74.663699,40.739904],[-74.66372,40.739963],[-74.663779,40.740007],[-74.663843,40.740043],[-74.663896,40.740091],[-74.663906,40.740214],[-74.663906,40.740275],[-74.663882,40.740397],[-74.663903,40.740458],[-74.663943,40.740511],[-74.663997,40.740558],[-74.664015,40.740618],[-74.664028,40.740804],[-74.664017,40.740864],[-74.663914,40.740961],[-74.663894,40.741019],[-74.663812,40.741512],[-74.663706,40.741872],[-74.663649,40.742302],[-74.663662,40.742612],[-74.663651,40.742674],[-74.663626,40.742732],[-74.663541,40.742839],[-74.663522,40.742899],[-74.663519,40.743084],[-74.663508,40.743146],[-74.663487,40.743204],[-74.663416,40.743316],[-74.663361,40.743361],[-74.663377,40.743422],[-74.663435,40.743464],[-74.663513,40.743448],[-74.663594,40.743439],[-74.663639,40.74349],[-74.663628,40.743552],[-74.663584,40.743604],[-74.66342,40.743739],[-74.663373,40.74379],[-74.663308,40.743883],[-74.663221,40.744009],[-74.66313,40.74411],[-74.662969,40.744249],[-74.662871,40.744353],[-74.662924,40.744536],[-74.663004,40.744711],[-74.663026,40.74477],[-74.663036,40.744831],[-74.663044,40.745077],[-74.66303,40.745139],[-74.662984,40.74519],[-74.662973,40.745252],[-74.662986,40.745621],[-74.663023,40.745678],[-74.66308,40.745793],[-74.663098,40.745852],[-74.66313,40.745909],[-74.663181,40.745957],[-74.663148,40.746013],[-74.663151,40.746075],[-74.663201,40.746123],[-74.663228,40.74618],[-74.663241,40.746246],[-74.663419,40.746237],[-74.663432,40.746329],[-74.66351,40.746688],[-74.663571,40.746795],[-74.663583,40.746828],[-74.663587,40.746896],[-74.663577,40.746947],[-74.663656,40.747159],[-74.663702,40.74727],[-74.663796,40.747497],[-74.663887,40.747803],[-74.663986,40.748112],[-74.664063,40.748295],[-74.664137,40.748437],[-74.664232,40.748635],[-74.664293,40.74871],[-74.664379,40.7488],[-74.664196,40.748858],[-74.66408,40.748894],[-74.663896,40.748947],[-74.663645,40.749078],[-74.663546,40.74917],[-74.663493,40.749257],[-74.663332,40.749585],[-74.663213,40.749781],[-74.663026,40.75001],[-74.662871,40.750175],[-74.662563,40.750443],[-74.661934,40.751006],[-74.661598,40.751287],[-74.661424,40.751427],[-74.661291,40.751487],[-74.661135,40.751538],[-74.66092,40.751589],[-74.660793,40.751635],[-74.660723,40.751679],[-74.660598,40.751782],[-74.65983,40.75136],[-74.658897,40.750859],[-74.658904,40.753013],[-74.658907,40.753463],[-74.658501,40.754172],[-74.658488,40.754197],[-74.658323,40.754467],[-74.657734,40.755359],[-74.657624,40.755522],[-74.657451,40.755772],[-74.656737,40.756735],[-74.65654,40.75699],[-74.656334,40.757212],[-74.656261,40.757282],[-74.656194,40.757348],[-74.656027,40.757512],[-74.655825,40.757707],[-74.65575,40.757769],[-74.655586,40.757882],[-74.655517,40.757924],[-74.655443,40.757966],[-74.654153,40.758534],[-74.653962,40.758599],[-74.653763,40.758647],[-74.653579,40.758677],[-74.653321,40.758701],[-74.653235,40.758703],[-74.653228,40.758766],[-74.653215,40.759039],[-74.652317,40.759824],[-74.651605,40.760446],[-74.650978,40.760995],[-74.650912,40.761054],[-74.650834,40.761121],[-74.648583,40.763088],[-74.646964,40.764503],[-74.646044,40.765307],[-74.644491,40.766663],[-74.643886,40.767192],[-74.64336,40.76766],[-74.64311,40.76787],[-74.641918,40.768911],[-74.640417,40.770224],[-74.638771,40.771683],[-74.638324,40.77207],[-74.637877,40.772466],[-74.637427,40.77286],[-74.637387,40.772836],[-74.637195,40.772774],[-74.637004,40.772764],[-74.636801,40.772786],[-74.636642,40.772787],[-74.63648,40.772698],[-74.636345,40.77258],[-74.636291,40.772443],[-74.636347,40.772107],[-74.63635,40.771981],[-74.636347,40.771909],[-74.636326,40.771739],[-74.636273,40.771528],[-74.636276,40.771323],[-74.636289,40.771136],[-74.636293,40.770223],[-74.636272,40.770035],[-74.636179,40.769554],[-74.636158,40.769391],[-74.636153,40.769284],[-74.636218,40.769094],[-74.636207,40.768875],[-74.636097,40.768673],[-74.636038,40.768497],[-74.636029,40.768294],[-74.636059,40.768107],[-74.636132,40.767945],[-74.636317,40.767713],[-74.636321,40.767643],[-74.636304,40.767581],[-74.636227,40.767449],[-74.636119,40.767342],[-74.636073,40.767242],[-74.636226,40.76702],[-74.636239,40.766948],[-74.636254,40.766684],[-74.636294,40.766562],[-74.636317,40.766525],[-74.636184,40.766457],[-74.635844,40.7662],[-74.635751,40.76612],[-74.635019,40.765437],[-74.634902,40.765297],[-74.634818,40.765149],[-74.634761,40.765018],[-74.634749,40.764957],[-74.634719,40.764869],[-74.634564,40.764597],[-74.634502,40.7645],[-74.634236,40.764161],[-74.634171,40.764068],[-74.634031,40.76384],[-74.633831,40.763546],[-74.633787,40.763435],[-74.633784,40.763309],[-74.633807,40.763199],[-74.633883,40.763107],[-74.633984,40.763026],[-74.633997,40.762956],[-74.63388,40.762827],[-74.633927,40.76281],[-74.634162,40.762813],[-74.634365,40.7627],[-74.634487,40.762453],[-74.634551,40.762407],[-74.634717,40.76232],[-74.634867,40.762229],[-74.635005,40.762108],[-74.635064,40.762049],[-74.635347,40.761798],[-74.635413,40.761725],[-74.635613,40.761475],[-74.63569,40.761329],[-74.635715,40.761158],[-74.635681,40.761012],[-74.635616,40.760852],[-74.635502,40.760694],[-74.635432,40.760623],[-74.635356,40.760536],[-74.635109,40.760099],[-74.635095,40.760116],[-74.635022,40.760178],[-74.635215,40.759888],[-74.63535,40.759673],[-74.635426,40.759566],[-74.635513,40.759478],[-74.635724,40.75932],[-74.636042,40.759104],[-74.636197,40.758983],[-74.636278,40.758911],[-74.636686,40.758521],[-74.63681,40.75841],[-74.636906,40.758332],[-74.636986,40.758286],[-74.637114,40.758235],[-74.637288,40.758183],[-74.637216,40.757953],[-74.63714,40.757683],[-74.637085,40.757508],[-74.637017,40.75734],[-74.636941,40.757199],[-74.636861,40.757011],[-74.636832,40.756781],[-74.636833,40.756606],[-74.636869,40.756352],[-74.636876,40.756209],[-74.636861,40.756089],[-74.636827,40.755971],[-74.636784,40.755878],[-74.636726,40.755802],[-74.636491,40.755607],[-74.636431,40.755557],[-74.636395,40.755515],[-74.636373,40.755462],[-74.636356,40.755163],[-74.636344,40.75508],[-74.636309,40.754951],[-74.636267,40.754858],[-74.636214,40.75478],[-74.636124,40.75468],[-74.635983,40.754555],[-74.635651,40.754315],[-74.635496,40.754216],[-74.635364,40.754149],[-74.635209,40.754091],[-74.634388,40.753876],[-74.634044,40.75378],[-74.633772,40.753678],[-74.633602,40.753595],[-74.633454,40.753507],[-74.633342,40.753422],[-74.633264,40.753343],[-74.633185,40.753238],[-74.633141,40.753157],[-74.633116,40.753071],[-74.633108,40.752973],[-74.63312,40.752874],[-74.633231,40.752443],[-74.633277,40.752162],[-74.633441,40.750849],[-74.633435,40.750762],[-74.63341,40.750676],[-74.633365,40.750595],[-74.633006,40.75014],[-74.632941,40.750081],[-74.632846,40.750014],[-74.632738,40.749959],[-74.632632,40.749924],[-74.632363,40.749867],[-74.6323,40.749841],[-74.632257,40.749814],[-74.632242,40.749804],[-74.632196,40.749765],[-74.632101,40.749672],[-74.632042,40.74964],[-74.632016,40.749631],[-74.631989,40.749624],[-74.631946,40.749617],[-74.631874,40.749617],[-74.631802,40.749634],[-74.631682,40.749698],[-74.63147,40.749792],[-74.631288,40.749857],[-74.631111,40.749905],[-74.630916,40.749945],[-74.63073,40.749967],[-74.630046,40.750016],[-74.629839,40.750034],[-74.629751,40.750037],[-74.62968,40.750038],[-74.62948,40.750027],[-74.629393,40.750017],[-74.62921,40.749987],[-74.62914,40.749972],[-74.62873,40.749859],[-74.628574,40.749803],[-74.628413,40.749729],[-74.62783,40.749447],[-74.627641,40.749366],[-74.627493,40.749323],[-74.627353,40.749296],[-74.627281,40.749294],[-74.62721,40.749304],[-74.627117,40.749335],[-74.627031,40.749375],[-74.626944,40.749432],[-74.626871,40.7495],[-74.626741,40.749674],[-74.626653,40.7498],[-74.626562,40.749899],[-74.626506,40.749949],[-74.626436,40.749987],[-74.626298,40.750047],[-74.626176,40.750081],[-74.62595,40.750115],[-74.625792,40.750122],[-74.625663,40.750111],[-74.625508,40.750088],[-74.625374,40.750063],[-74.624232,40.749812],[-74.624078,40.749781],[-74.623921,40.749766],[-74.62382,40.749769],[-74.623624,40.749786],[-74.623,40.749858],[-74.62246,40.749937],[-74.622238,40.749994],[-74.622137,40.750025],[-74.621706,40.75019],[-74.620622,40.750631],[-74.620207,40.750776],[-74.619907,40.750868],[-74.619824,40.750899],[-74.619733,40.750942],[-74.619584,40.75101],[-74.619513,40.751041],[-74.619342,40.751106],[-74.619302,40.751118],[-74.619134,40.751153],[-74.619005,40.751167],[-74.618467,40.751168],[-74.618367,40.751165],[-74.618447,40.747416],[-74.618517,40.744137],[-74.619203,40.744001],[-74.629488,40.741504],[-74.629584,40.741481],[-74.63091,40.741202],[-74.63127,40.741111],[-74.630729,40.740882],[-74.630413,40.740706],[-74.629586,40.740299],[-74.629413,40.74019],[-74.629306,40.740079],[-74.629274,40.739959],[-74.629275,40.739841],[-74.629319,40.739683],[-74.629427,40.739479],[-74.629562,40.739375],[-74.629782,40.739336],[-74.630021,40.739227],[-74.630077,40.739165],[-74.630187,40.739114],[-74.630309,40.739028],[-74.630458,40.738947],[-74.630483,40.738928],[-74.630814,40.738667],[-74.630843,40.738624],[-74.630957,40.738579],[-74.63098,40.738552],[-74.631114,40.7384],[-74.631207,40.738316],[-74.631292,40.738187],[-74.631335,40.738079],[-74.63133,40.737684],[-74.631351,40.737595],[-74.631351,40.737479],[-74.631303,40.737436],[-74.631264,40.737424],[-74.631249,40.737383],[-74.630606,40.737336],[-74.630506,40.737286],[-74.630493,40.737149],[-74.630508,40.736973],[-74.630618,40.736754],[-74.63067,40.736636],[-74.630716,40.736596],[-74.630834,40.736431],[-74.630991,40.736251],[-74.631018,40.736164],[-74.631066,40.736084],[-74.631102,40.735997],[-74.631122,40.735888],[-74.631241,40.735638],[-74.631366,40.735424],[-74.631493,40.735245],[-74.631739,40.735015],[-74.631767,40.73495],[-74.631815,40.734906],[-74.631833,40.734888],[-74.631846,40.734817],[-74.631903,40.734643],[-74.631983,40.734454],[-74.632085,40.734176],[-74.63214,40.734059],[-74.632155,40.73392],[-74.632198,40.733821],[-74.632255,40.733644],[-74.632371,40.733497],[-74.632554,40.733232],[-74.632714,40.73311],[-74.632926,40.732964],[-74.633135,40.732829],[-74.633207,40.732724],[-74.633323,40.732547],[-74.633578,40.732366],[-74.63376,40.73229],[-74.633819,40.732262],[-74.633871,40.732237],[-74.633713,40.732278],[-74.633622,40.732318],[-74.633441,40.732418],[-74.632923,40.732801],[-74.631693,40.734153],[-74.631364,40.734498],[-74.631305,40.734548],[-74.631208,40.734595],[-74.63064,40.734794],[-74.63045,40.734898],[-74.630137,40.735166],[-74.629807,40.73547],[-74.629686,40.735602],[-74.629284,40.736211],[-74.628909,40.73668],[-74.628747,40.736844],[-74.628699,40.736868],[-74.628643,40.736883],[-74.628414,40.736905],[-74.628366,40.736909],[-74.62819,40.73695],[-74.627854,40.737125],[-74.627668,40.737237],[-74.62755,40.737335],[-74.627519,40.73738],[-74.627462,40.737522],[-74.627438,40.737545],[-74.627104,40.737727],[-74.626902,40.737726],[-74.625767,40.737594],[-74.625314,40.737563],[-74.624482,40.737456],[-74.623312,40.737126],[-74.623187,40.737091],[-74.621873,40.736526],[-74.62165,40.736446],[-74.620507,40.736036],[-74.620469,40.736001],[-74.620468,40.735979],[-74.620483,40.735952],[-74.620549,40.735917],[-74.621226,40.735652],[-74.621362,40.735615],[-74.62169,40.735567],[-74.621944,40.735503],[-74.622042,40.735463],[-74.62211,40.735415],[-74.622201,40.735319],[-74.622391,40.735039],[-74.622455,40.734913],[-74.622529,40.73467],[-74.622553,40.73453],[-74.622585,40.734215],[-74.622672,40.733742],[-74.622987,40.732614],[-74.623061,40.732393],[-74.623184,40.731695],[-74.623258,40.731388],[-74.623377,40.730884],[-74.623454,40.730678],[-74.623527,40.730541],[-74.623875,40.730051],[-74.624127,40.729768],[-74.624309,40.729611],[-74.624565,40.729443],[-74.624966,40.729228],[-74.625639,40.728948],[-74.625149,40.72802],[-74.626784,40.727547],[-74.626871,40.725334],[-74.626894,40.725334],[-74.627681,40.725355],[-74.627869,40.725356],[-74.62929,40.725261],[-74.629948,40.7252],[-74.630245,40.725138],[-74.630641,40.725004],[-74.630692,40.724932],[-74.630808,40.724845],[-74.630843,40.724862],[-74.631091,40.724879],[-74.631184,40.724852],[-74.631262,40.72482],[-74.631319,40.724788],[-74.631611,40.724572],[-74.631711,40.724508],[-74.631824,40.724465],[-74.632045,40.724411],[-74.632088,40.72439],[-74.632109,40.724357],[-74.632095,40.724303],[-74.632039,40.72426],[-74.632489,40.723947],[-74.632656,40.723614],[-74.632662,40.723578],[-74.632684,40.723569],[-74.632692,40.723533],[-74.632786,40.723407],[-74.632857,40.723353],[-74.633083,40.723084],[-74.633168,40.723012],[-74.633248,40.722922],[-74.633414,40.722761],[-74.633522,40.722689],[-74.63371,40.722509],[-74.633847,40.72242],[-74.634172,40.722295],[-74.634205,40.722291],[-74.628525,40.717599],[-74.625684,40.715004],[-74.625001,40.715094],[-74.624835,40.715098],[-74.624508,40.715107],[-74.623654,40.715129],[-74.623539,40.715168],[-74.623327,40.715257],[-74.623119,40.715364],[-74.622168,40.715921],[-74.621348,40.716341],[-74.621103,40.7165],[-74.620932,40.716648],[-74.620817,40.716782],[-74.620752,40.716879],[-74.62059,40.71712],[-74.620497,40.71724],[-74.620354,40.7174],[-74.6196,40.718357],[-74.619459,40.718561],[-74.619396,40.718643],[-74.61866,40.719596],[-74.618003,40.720468],[-74.617979,40.720497],[-74.61771,40.720828],[-74.617481,40.721071],[-74.616947,40.721572],[-74.616573,40.721988],[-74.616102,40.722459],[-74.615634,40.722902],[-74.61545,40.723053],[-74.615316,40.723129],[-74.615095,40.723235],[-74.614209,40.723561],[-74.61355,40.723818],[-74.613242,40.723892],[-74.61309,40.72391],[-74.612733,40.723901],[-74.612512,40.723869],[-74.612245,40.723809],[-74.612183,40.723795],[-74.612003,40.72373],[-74.612129,40.723467],[-74.612189,40.723274],[-74.612207,40.723148],[-74.612222,40.722454],[-74.612236,40.722294],[-74.612256,40.722072],[-74.612467,40.721649],[-74.612564,40.721389],[-74.612579,40.72123],[-74.61256,40.721119],[-74.612513,40.720974],[-74.612197,40.720255],[-74.612159,40.720104],[-74.612155,40.719931],[-74.612185,40.719403],[-74.612554,40.718992],[-74.612674,40.718858],[-74.612993,40.718537],[-74.613326,40.718203],[-74.613784,40.717779],[-74.613845,40.717709],[-74.613936,40.717606],[-74.614076,40.717395],[-74.614484,40.716507],[-74.614739,40.715925],[-74.615007,40.715275],[-74.615067,40.715173],[-74.61521,40.715034],[-74.615366,40.714941],[-74.617039,40.714034],[-74.617182,40.713954],[-74.618596,40.713167],[-74.618997,40.712944],[-74.6199,40.712463],[-74.620235,40.712269],[-74.620407,40.712125],[-74.620572,40.711934],[-74.620736,40.711652],[-74.620796,40.711485],[-74.620814,40.711398],[-74.620823,40.711269],[-74.62083,40.71117],[-74.620821,40.710878],[-74.620528,40.710515],[-74.620372,40.710266],[-74.62026,40.709947],[-74.620062,40.70919],[-74.61998,40.708949],[-74.619898,40.708774],[-74.61975,40.708541],[-74.619385,40.708089],[-74.619216,40.70786],[-74.61886,40.707408],[-74.618794,40.707308],[-74.618734,40.707119],[-74.618646,40.706683]]]]}},{"type":"Feature","properties":{"zip":"08805","name":"08805"},"geometry":{"type":"Polygon","coordinates":[[[-74.532772,40.581194],[-74.533154,40.581184],[-74.533316,40.581902],[-74.526753,40.584576],[-74.524604,40.586403],[-74.524507,40.586417],[-74.522967,40.586712],[-74.522725,40.586787],[-74.522526,40.586884],[-74.522131,40.587151],[-74.521627,40.587452],[-74.521502,40.587494],[-74.521409,40.587511],[-74.521237,40.587522],[-74.52118,40.587533],[-74.521071,40.587578],[-74.520928,40.587683],[-74.520704,40.587929],[-74.52057,40.588077],[-74.520474,40.588145],[-74.519731,40.5885],[-74.517733,40.587354],[-74.515799,40.586302],[-74.513664,40.583823],[-74.513615,40.583757],[-74.512183,40.582029],[-74.5124,40.58188],[-74.512681,40.581671],[-74.513006,40.581507],[-74.513596,40.581309],[-74.513646,40.581299],[-74.513928,40.581243],[-74.514148,40.581229],[-74.514432,40.58121],[-74.51459,40.581221],[-74.515116,40.581303],[-74.515282,40.581342],[-74.515642,40.581331],[-74.515858,40.581287],[-74.516009,40.581216],[-74.516182,40.581035],[-74.516226,40.580908],[-74.516233,40.580837],[-74.516183,40.580678],[-74.516017,40.580524],[-74.515981,40.58048],[-74.515808,40.580365],[-74.515708,40.580326],[-74.515513,40.580211],[-74.515456,40.580194],[-74.515319,40.580062],[-74.515316,40.580044],[-74.515254,40.580002],[-74.515153,40.579832],[-74.515132,40.579694],[-74.515175,40.579595],[-74.515284,40.579535],[-74.51537,40.579487],[-74.515478,40.579394],[-74.515694,40.579207],[-74.51653,40.578444],[-74.516818,40.578153],[-74.517135,40.577796],[-74.517215,40.577686],[-74.517352,40.577527],[-74.517481,40.577428],[-74.517683,40.577307],[-74.517806,40.577253],[-74.518051,40.577088],[-74.518058,40.57706],[-74.518144,40.576951],[-74.518339,40.57661],[-74.518361,40.576599],[-74.518362,40.576581],[-74.518519,40.576413],[-74.518613,40.576341],[-74.518793,40.576231],[-74.519031,40.576133],[-74.51924,40.576028],[-74.51947,40.575847],[-74.519586,40.575765],[-74.519809,40.575573],[-74.520061,40.575326],[-74.520148,40.575189],[-74.520213,40.575057],[-74.520227,40.575007],[-74.520371,40.574727],[-74.520458,40.57459],[-74.52053,40.574513],[-74.520616,40.574431],[-74.520912,40.574233],[-74.521122,40.574052],[-74.521135,40.574041],[-74.521204,40.574003],[-74.521423,40.573882],[-74.521589,40.573849],[-74.522136,40.573816],[-74.522338,40.573767],[-74.522475,40.573712],[-74.522533,40.573674],[-74.52259,40.573597],[-74.522598,40.573564],[-74.522655,40.573465],[-74.522677,40.573405],[-74.52267,40.5733],[-74.522641,40.573185],[-74.522569,40.573092],[-74.522466,40.573003],[-74.522447,40.572987],[-74.522237,40.572836],[-74.522202,40.572811],[-74.522195,40.572723],[-74.5222,40.572717],[-74.522216,40.572696],[-74.522224,40.572652],[-74.522317,40.57252],[-74.522299,40.572362],[-74.522289,40.572279],[-74.522267,40.572235],[-74.52226,40.572119],[-74.522534,40.571922],[-74.52262,40.571845],[-74.522735,40.571664],[-74.52275,40.571614],[-74.522988,40.571345],[-74.523016,40.571318],[-74.523139,40.571098],[-74.523139,40.570604],[-74.523168,40.570489],[-74.523248,40.570324],[-74.523269,40.570313],[-74.523327,40.570242],[-74.52342,40.570159],[-74.523593,40.570077],[-74.523701,40.570006],[-74.523781,40.569918],[-74.523845,40.569764],[-74.523853,40.569649],[-74.523824,40.569533],[-74.523818,40.569519],[-74.523759,40.569385],[-74.523732,40.569331],[-74.523702,40.56927],[-74.523707,40.569137],[-74.523709,40.569099],[-74.523731,40.569017],[-74.523817,40.568869],[-74.52394,40.568776],[-74.524064,40.568719],[-74.524084,40.56871],[-74.524237,40.568625],[-74.524249,40.5686],[-74.524336,40.56854],[-74.524496,40.568496],[-74.524574,40.568474],[-74.52466,40.568501],[-74.524674,40.568523],[-74.52479,40.568562],[-74.525222,40.568809],[-74.52533,40.568847],[-74.525416,40.568853],[-74.525625,40.568782],[-74.525762,40.568688],[-74.525899,40.568507],[-74.525913,40.56837],[-74.525913,40.568194],[-74.525863,40.568057],[-74.525676,40.567744],[-74.525597,40.567645],[-74.525597,40.567623],[-74.525575,40.567606],[-74.525546,40.567409],[-74.525496,40.567183],[-74.525467,40.566969],[-74.52546,40.566772],[-74.525424,40.56659],[-74.525422,40.566549],[-74.525403,40.566211],[-74.525367,40.566058],[-74.52536,40.565953],[-74.525346,40.565898],[-74.525318,40.565742],[-74.525339,40.565712],[-74.525333,40.565706],[-74.525319,40.565689],[-74.525316,40.56568],[-74.525161,40.56526],[-74.525039,40.56487],[-74.525031,40.564826],[-74.525017,40.564799],[-74.524988,40.564678],[-74.524938,40.564563],[-74.524916,40.564431],[-74.524945,40.564112],[-74.524924,40.564035],[-74.524902,40.564019],[-74.524866,40.563854],[-74.524838,40.56381],[-74.52483,40.563755],[-74.524809,40.563739],[-74.524816,40.563684],[-74.52478,40.563547],[-74.524774,40.563498],[-74.524771,40.563465],[-74.524721,40.563366],[-74.524714,40.563119],[-74.524706,40.563078],[-74.524685,40.56296],[-74.524678,40.562652],[-74.524663,40.562554],[-74.52464,40.562522],[-74.524635,40.562515],[-74.524635,40.562405],[-74.52462,40.562383],[-74.524628,40.562312],[-74.52466,40.562259],[-74.524772,40.562076],[-74.524833,40.561908],[-74.525089,40.5612],[-74.525189,40.560984],[-74.52524,40.560873],[-74.525291,40.560725],[-74.525305,40.560665],[-74.525327,40.560626],[-74.525331,40.560571],[-74.525336,40.56051],[-74.525352,40.560305],[-74.525449,40.560304],[-74.526645,40.56029],[-74.526854,40.559945],[-74.526934,40.559813],[-74.526967,40.559759],[-74.526999,40.559704],[-74.527025,40.559601],[-74.527041,40.559537],[-74.527565,40.559599],[-74.527825,40.559617],[-74.527882,40.559621],[-74.528898,40.559635],[-74.530317,40.559567],[-74.531665,40.559449],[-74.533292,40.559226],[-74.534754,40.558916],[-74.53556,40.558722],[-74.53628,40.558444],[-74.53715,40.558109],[-74.538416,40.557507],[-74.539596,40.556873],[-74.542157,40.555516],[-74.54279,40.555196],[-74.543308,40.555418],[-74.543654,40.555473],[-74.543883,40.55551],[-74.543905,40.555573],[-74.544159,40.555711],[-74.544291,40.555782],[-74.544445,40.5559],[-74.544481,40.555981],[-74.544531,40.556044],[-74.544532,40.556063],[-74.54456,40.556099],[-74.544611,40.556189],[-74.544772,40.556534],[-74.544804,40.556604],[-74.544833,40.556703],[-74.544854,40.556774],[-74.544873,40.556873],[-74.54498,40.55737],[-74.544993,40.557433],[-74.545014,40.557488],[-74.545151,40.557695],[-74.545367,40.557958],[-74.545726,40.558283],[-74.546252,40.558645],[-74.546698,40.558952],[-74.547107,40.559253],[-74.547447,40.559551],[-74.547578,40.55969],[-74.547861,40.560095],[-74.547921,40.560181],[-74.548096,40.560433],[-74.548272,40.560684],[-74.548325,40.56076],[-74.548413,40.560776],[-74.5486,40.560824],[-74.548842,40.56088],[-74.549625,40.5611],[-74.549873,40.561169],[-74.550544,40.562034],[-74.550932,40.562532],[-74.551775,40.563558],[-74.551886,40.563675],[-74.552445,40.56427],[-74.553096,40.565179],[-74.553646,40.565948],[-74.554517,40.567164],[-74.554781,40.567614],[-74.553617,40.567995],[-74.553768,40.567991],[-74.553987,40.567991],[-74.555443,40.568012],[-74.556137,40.568028],[-74.556433,40.56803],[-74.556883,40.56803],[-74.557178,40.568046],[-74.558892,40.568076],[-74.559016,40.568078],[-74.559204,40.568083],[-74.559866,40.568096],[-74.559846,40.568481],[-74.559814,40.568698],[-74.559745,40.568979],[-74.559728,40.569101],[-74.559728,40.569209],[-74.559745,40.569326],[-74.559778,40.569415],[-74.55982,40.569499],[-74.559877,40.56958],[-74.559945,40.569659],[-74.560124,40.569814],[-74.560252,40.569908],[-74.560609,40.570139],[-74.560989,40.570412],[-74.561182,40.570512],[-74.561615,40.570752],[-74.562083,40.571009],[-74.562009,40.571296],[-74.561963,40.571469],[-74.56176,40.572257],[-74.561083,40.57475],[-74.560951,40.575293],[-74.560376,40.577355],[-74.560286,40.5776],[-74.560234,40.577706],[-74.560149,40.57781],[-74.55933,40.578463],[-74.558515,40.579138],[-74.558136,40.579422],[-74.558046,40.579463],[-74.557942,40.579493],[-74.557866,40.579501],[-74.557751,40.579499],[-74.557502,40.579477],[-74.557387,40.579404],[-74.556977,40.579146],[-74.555159,40.578042],[-74.555016,40.577944],[-74.554869,40.577824],[-74.554595,40.577572],[-74.55378,40.576756],[-74.553696,40.576673],[-74.553433,40.576411],[-74.553299,40.576245],[-74.552332,40.576642],[-74.551199,40.577079],[-74.551063,40.577112],[-74.55091,40.577128],[-74.550568,40.577142],[-74.5501,40.577134],[-74.549263,40.577085],[-74.548974,40.57703],[-74.548119,40.576817],[-74.547833,40.576762],[-74.547341,40.57671],[-74.546647,40.57666],[-74.544573,40.576518],[-74.544537,40.576501],[-74.54451,40.576477],[-74.544496,40.576436],[-74.544085,40.576517],[-74.543923,40.576997],[-74.543833,40.577305],[-74.543805,40.577384],[-74.543653,40.577812],[-74.543423,40.578574],[-74.543431,40.578694],[-74.543445,40.578735],[-74.543657,40.579031],[-74.543057,40.578931],[-74.542893,40.578939],[-74.542792,40.578961],[-74.542062,40.579191],[-74.541852,40.579223],[-74.541174,40.579252],[-74.540276,40.579303],[-74.540095,40.579292],[-74.539748,40.579226],[-74.539346,40.579136],[-74.53889,40.57906],[-74.538549,40.579036],[-74.537448,40.579062],[-74.537311,40.579074],[-74.536441,40.579278],[-74.535023,40.579625],[-74.534388,40.579755],[-74.534339,40.580101],[-74.534273,40.580248],[-74.534221,40.580322],[-74.533844,40.580696],[-74.533589,40.580836],[-74.533403,40.580926],[-74.532794,40.581177],[-74.532772,40.581194]]]}},{"type":"Feature","properties":{"zip":"08835","name":"08835"},"geometry":{"type":"Polygon","coordinates":[[[-74.600662,40.532335],[-74.600492,40.532438],[-74.600427,40.532499],[-74.600531,40.532725],[-74.600966,40.533675],[-74.601543,40.53501],[-74.601793,40.535649],[-74.602462,40.537223],[-74.602552,40.537201],[-74.603368,40.537003],[-74.60412,40.536813],[-74.604497,40.536711],[-74.604723,40.539379],[-74.604892,40.540484],[-74.605253,40.542166],[-74.605146,40.542172],[-74.604805,40.542233],[-74.603957,40.54239],[-74.603103,40.542551],[-74.602263,40.54271],[-74.601436,40.542869],[-74.600593,40.543032],[-74.600803,40.546302],[-74.600854,40.546987],[-74.600764,40.547662],[-74.600856,40.54837],[-74.600754,40.54904],[-74.600693,40.550368],[-74.60084,40.55124],[-74.600916,40.551916],[-74.600958,40.551913],[-74.601172,40.551923],[-74.601562,40.551966],[-74.601647,40.551976],[-74.601784,40.552009],[-74.602376,40.553144],[-74.602411,40.553199],[-74.602418,40.553253],[-74.602439,40.553271],[-74.602446,40.553316],[-74.602476,40.553361],[-74.602476,40.553595],[-74.602395,40.554609],[-74.601923,40.554593],[-74.601001,40.554609],[-74.600802,40.55496],[-74.599007,40.557542],[-74.598937,40.557642],[-74.59849,40.557469],[-74.59816,40.557333],[-74.597711,40.557166],[-74.59749,40.557042],[-74.597089,40.556706],[-74.59657,40.556148],[-74.596325,40.555864],[-74.596081,40.555514],[-74.595909,40.555199],[-74.595735,40.554981],[-74.59546,40.554719],[-74.595028,40.554421],[-74.594881,40.554298],[-74.594749,40.554098],[-74.594662,40.553874],[-74.594636,40.553694],[-74.594664,40.553155],[-74.594675,40.552705],[-74.594724,40.552334],[-74.594745,40.552129],[-74.594521,40.551872],[-74.594391,40.551703],[-74.594145,40.551494],[-74.59392,40.551276],[-74.593578,40.551122],[-74.592309,40.550841],[-74.591222,40.550585],[-74.590821,40.550491],[-74.590571,40.550438],[-74.590061,40.550338],[-74.588984,40.550217],[-74.587874,40.550225],[-74.587622,40.550224],[-74.587311,40.550274],[-74.586765,40.550486],[-74.586422,40.550689],[-74.586155,40.550966],[-74.58606,40.551279],[-74.585832,40.551907],[-74.585856,40.552418],[-74.585778,40.552693],[-74.585599,40.552946],[-74.58552,40.553254],[-74.585486,40.553681],[-74.585473,40.554161],[-74.58561,40.554724],[-74.585658,40.555101],[-74.585438,40.555509],[-74.585129,40.555613],[-74.584601,40.555681],[-74.583894,40.555576],[-74.583389,40.555313],[-74.583309,40.555271],[-74.583183,40.555222],[-74.583138,40.555204],[-74.582624,40.555003],[-74.58169,40.554578],[-74.580647,40.554084],[-74.579146,40.553516],[-74.577689,40.553123],[-74.575281,40.552592],[-74.574238,40.552362],[-74.572995,40.55208],[-74.572447,40.551948],[-74.571956,40.551778],[-74.571916,40.551764],[-74.571538,40.551633],[-74.571047,40.551412],[-74.570657,40.551122],[-74.570581,40.551041],[-74.570154,40.550773],[-74.569745,40.550404],[-74.569483,40.550229],[-74.569074,40.549904],[-74.568896,40.549726],[-74.568856,40.549686],[-74.568751,40.549566],[-74.56865,40.54945],[-74.568569,40.549385],[-74.568214,40.548626],[-74.568087,40.54825],[-74.567928,40.547726],[-74.567834,40.547449],[-74.567831,40.547015],[-74.567976,40.546709],[-74.56806,40.546285],[-74.56806,40.545952],[-74.56822,40.545586],[-74.568307,40.545296],[-74.568364,40.545044],[-74.568383,40.544868],[-74.568311,40.544295],[-74.568247,40.544019],[-74.568158,40.543815],[-74.567985,40.543526],[-74.567805,40.543243],[-74.56751,40.542985],[-74.567037,40.54298],[-74.56654,40.542921],[-74.566194,40.542879],[-74.56663,40.542767],[-74.568659,40.54225],[-74.569336,40.542058],[-74.571352,40.541618],[-74.572328,40.541635],[-74.573012,40.541647],[-74.573714,40.541647],[-74.574273,40.541647],[-74.574738,40.541654],[-74.575378,40.541664],[-74.576127,40.54169],[-74.576861,40.541518],[-74.577587,40.541323],[-74.578048,40.54112],[-74.578585,40.540781],[-74.57891,40.540366],[-74.57905,40.540187],[-74.579171,40.539942],[-74.579374,40.53944],[-74.579552,40.538637],[-74.579715,40.537983],[-74.579965,40.537416],[-74.580467,40.536761],[-74.581442,40.535742],[-74.582221,40.535036],[-74.58267,40.534629],[-74.583681,40.533862],[-74.583848,40.533736],[-74.584391,40.533188],[-74.585198,40.532562],[-74.585779,40.531924],[-74.586809,40.531197],[-74.587053,40.530934],[-74.58718,40.530799],[-74.587222,40.530777],[-74.587682,40.53049],[-74.587904,40.530275],[-74.588,40.530133],[-74.58809,40.530001],[-74.588098,40.529987],[-74.588111,40.529968],[-74.588742,40.529031],[-74.589207,40.528272],[-74.58932,40.527916],[-74.589559,40.52794],[-74.591097,40.528094],[-74.591273,40.528147],[-74.591534,40.528137],[-74.591709,40.528094],[-74.591954,40.527939],[-74.592016,40.527923],[-74.593273,40.527813],[-74.594604,40.527697],[-74.596733,40.527344],[-74.596982,40.527283],[-74.597609,40.527195],[-74.597869,40.527158],[-74.598489,40.526691],[-74.598635,40.526717],[-74.599151,40.526814],[-74.600403,40.526881],[-74.6007,40.526901],[-74.605533,40.527292],[-74.606393,40.527568],[-74.607539,40.527609],[-74.608883,40.52763],[-74.608914,40.52763],[-74.608636,40.527843],[-74.608376,40.528122],[-74.608362,40.528144],[-74.608254,40.52832],[-74.608174,40.528472],[-74.608132,40.52867],[-74.608032,40.52894],[-74.608009,40.528992],[-74.607968,40.529084],[-74.607895,40.529185],[-74.607838,40.529264],[-74.607746,40.529355],[-74.607694,40.529408],[-74.607625,40.529528],[-74.60761,40.529641],[-74.607607,40.529673],[-74.607576,40.529792],[-74.607593,40.529813],[-74.607599,40.529903],[-74.607629,40.529957],[-74.607636,40.529993],[-74.607665,40.530038],[-74.607659,40.530137],[-74.607601,40.530263],[-74.607212,40.530401],[-74.6071,40.530356],[-74.606954,40.530298],[-74.606682,40.530296],[-74.606384,40.530338],[-74.606165,40.53041],[-74.606121,40.530424],[-74.605966,40.530429],[-74.605646,40.530535],[-74.605582,40.530589],[-74.605554,40.530605],[-74.605425,40.530846],[-74.605397,40.530973],[-74.605309,40.531145],[-74.605262,40.531237],[-74.6052,40.53128],[-74.605097,40.531354],[-74.604744,40.531475],[-74.604371,40.53142],[-74.604244,40.531416],[-74.604005,40.531409],[-74.603477,40.531521],[-74.60331,40.531571],[-74.60327,40.531583],[-74.602735,40.531707],[-74.602034,40.5319],[-74.601961,40.53192],[-74.601437,40.532042],[-74.601096,40.532148],[-74.600975,40.532186],[-74.600705,40.532309],[-74.600662,40.532335]]]}},{"type":"Feature","properties":{"zip":"07063","name":"07063"},"geometry":{"type":"Polygon","coordinates":[[[-74.458035,40.603117],[-74.458511,40.603679],[-74.458791,40.603996],[-74.458997,40.604263],[-74.459488,40.604835],[-74.459806,40.605214],[-74.459913,40.605342],[-74.460014,40.605461],[-74.460465,40.606],[-74.461202,40.606864],[-74.462483,40.608387],[-74.462777,40.608731],[-74.462913,40.608891],[-74.462695,40.609186],[-74.461033,40.610288],[-74.460567,40.611117],[-74.461289,40.611625],[-74.461125,40.611722],[-74.460951,40.611753],[-74.460808,40.61179],[-74.460664,40.611839],[-74.459834,40.612261],[-74.459744,40.612298],[-74.459678,40.612298],[-74.459612,40.612275],[-74.459559,40.612261],[-74.459487,40.612257],[-74.459415,40.612293],[-74.459152,40.612452],[-74.459092,40.612511],[-74.459057,40.612561],[-74.459045,40.612602],[-74.459069,40.612665],[-74.459057,40.612742],[-74.459015,40.612788],[-74.458752,40.612997],[-74.458614,40.613096],[-74.458554,40.613151],[-74.458467,40.613295],[-74.456768,40.614296],[-74.456377,40.614534],[-74.45554,40.615057],[-74.45486,40.6155],[-74.454605,40.615689],[-74.454028,40.616093],[-74.453447,40.616514],[-74.453176,40.616702],[-74.452742,40.617065],[-74.451969,40.617681],[-74.45148,40.618083],[-74.451212,40.618298],[-74.450924,40.618556],[-74.450395,40.619034],[-74.450224,40.619211],[-74.449515,40.619871],[-74.449382,40.619788],[-74.449748,40.619455],[-74.448677,40.618309],[-74.448649,40.618316],[-74.448271,40.618407],[-74.44791,40.61753],[-74.44727,40.616645],[-74.447184,40.616678],[-74.447055,40.616771],[-74.447088,40.616639],[-74.447108,40.616452],[-74.447102,40.616364],[-74.44703,40.616111],[-74.446855,40.615769],[-74.446767,40.615532],[-74.446727,40.615375],[-74.446712,40.615248],[-74.446712,40.615131],[-74.446782,40.614917],[-74.44688,40.614738],[-74.446979,40.61461],[-74.446352,40.614241],[-74.446128,40.614104],[-74.446043,40.614051],[-74.445293,40.613583],[-74.445089,40.61347],[-74.444932,40.613409],[-74.444837,40.613393],[-74.444765,40.613393],[-74.4442,40.612978],[-74.44405,40.612847],[-74.443923,40.612752],[-74.443491,40.612479],[-74.442826,40.612078],[-74.442505,40.611885],[-74.441421,40.611226],[-74.441257,40.611138],[-74.441078,40.611103],[-74.440528,40.611521],[-74.438485,40.609792],[-74.438444,40.609794],[-74.43804,40.60991],[-74.438033,40.609914],[-74.437948,40.609961],[-74.43792,40.609976],[-74.437911,40.609981],[-74.437802,40.61008],[-74.437723,40.610168],[-74.437615,40.610335],[-74.437612,40.61034],[-74.437548,40.610301],[-74.437181,40.610063],[-74.437138,40.610034],[-74.436761,40.609801],[-74.436047,40.609361],[-74.4353,40.608694],[-74.434652,40.608115],[-74.434403,40.607893],[-74.433591,40.607135],[-74.432706,40.606309],[-74.432617,40.606226],[-74.431711,40.605695],[-74.430949,40.605247],[-74.430603,40.605044],[-74.429596,40.60445],[-74.427911,40.603417],[-74.426788,40.602728],[-74.425942,40.60221],[-74.425136,40.601715],[-74.425017,40.601643],[-74.424902,40.600497],[-74.424803,40.599508],[-74.42473,40.598782],[-74.424699,40.598513],[-74.425177,40.5984],[-74.42641,40.598112],[-74.426496,40.598102],[-74.426698,40.598185],[-74.426705,40.598187],[-74.426712,40.598189],[-74.426996,40.598302],[-74.427084,40.598282],[-74.427242,40.598245],[-74.428296,40.598002],[-74.429017,40.597968],[-74.430396,40.597902],[-74.430786,40.597856],[-74.433496,40.597502],[-74.43393,40.597467],[-74.435943,40.597304],[-74.435954,40.597303],[-74.435979,40.597301],[-74.436067,40.597294],[-74.437196,40.597202],[-74.437334,40.597188],[-74.437596,40.597162],[-74.438196,40.597102],[-74.438633,40.597069],[-74.438683,40.597065],[-74.440071,40.59696],[-74.440107,40.596956],[-74.440146,40.596952],[-74.440596,40.596902],[-74.441311,40.596824],[-74.441401,40.596814],[-74.441539,40.596799],[-74.441555,40.596797],[-74.441639,40.596788],[-74.441674,40.596784],[-74.441685,40.596783],[-74.44213,40.596735],[-74.442323,40.596715],[-74.442362,40.596711],[-74.442373,40.59671],[-74.442396,40.596707],[-74.443396,40.596602],[-74.443924,40.596554],[-74.443935,40.596553],[-74.443942,40.596552],[-74.443956,40.596551],[-74.444496,40.596502],[-74.444601,40.596494],[-74.445896,40.596402],[-74.445909,40.596401],[-74.446991,40.596303],[-74.446997,40.596303],[-74.447492,40.596302],[-74.447512,40.596299],[-74.447607,40.59628],[-74.447627,40.596276],[-74.447997,40.596202],[-74.448955,40.596065],[-74.449038,40.596053],[-74.449291,40.596017],[-74.449388,40.596003],[-74.449397,40.596002],[-74.449406,40.596003],[-74.449465,40.596011],[-74.449487,40.596014],[-74.449496,40.596015],[-74.44951,40.596017],[-74.449518,40.596018],[-74.449526,40.596019],[-74.449534,40.59602],[-74.450097,40.596102],[-74.450852,40.595983],[-74.45087,40.59598],[-74.451255,40.595919],[-74.451648,40.595857],[-74.451671,40.595853],[-74.45197,40.595806],[-74.451997,40.595802],[-74.45232,40.595802],[-74.452808,40.595802],[-74.453297,40.595802],[-74.453884,40.595714],[-74.454456,40.595628],[-74.454472,40.595625],[-74.454493,40.595622],[-74.454553,40.595613],[-74.454767,40.595581],[-74.455297,40.595502],[-74.455674,40.595502],[-74.455865,40.595502],[-74.4568,40.5955],[-74.457097,40.595302],[-74.458197,40.594502],[-74.458466,40.594805],[-74.459303,40.595565],[-74.460157,40.59634],[-74.460519,40.596669],[-74.457976,40.598524],[-74.456152,40.600654],[-74.457293,40.602191],[-74.457314,40.602216],[-74.457342,40.602252],[-74.45752,40.602466],[-74.458035,40.603117]]]}},{"type":"Feature","properties":{"zip":"07069","name":"07069"},"geometry":{"type":"Polygon","coordinates":[[[-74.464551,40.638429],[-74.460506,40.642063],[-74.457936,40.644588],[-74.45354,40.648736],[-74.452721,40.649464],[-74.45128,40.650745],[-74.451358,40.650802],[-74.44922,40.652819],[-74.448818,40.6532],[-74.448579,40.653537],[-74.448552,40.653673],[-74.448555,40.653898],[-74.448579,40.654211],[-74.448651,40.654717],[-74.448544,40.655415],[-74.447897,40.655701],[-74.447196,40.655956],[-74.445697,40.656501],[-74.444272,40.657041],[-74.444265,40.657206],[-74.444157,40.657343],[-74.443941,40.657469],[-74.443797,40.657552],[-74.443466,40.657794],[-74.443047,40.658101],[-74.442866,40.65831],[-74.442696,40.658445],[-74.442556,40.658557],[-74.442253,40.658634],[-74.442001,40.658672],[-74.441756,40.658628],[-74.44154,40.65864],[-74.441359,40.658689],[-74.441287,40.65876],[-74.44128,40.658837],[-74.441352,40.658909],[-74.441626,40.658958],[-74.441669,40.658991],[-74.441677,40.659095],[-74.441568,40.659222],[-74.44138,40.659344],[-74.441273,40.659414],[-74.441255,40.659431],[-74.441165,40.659518],[-74.441013,40.659601],[-74.440919,40.659683],[-74.440862,40.659765],[-74.440287,40.660277],[-74.44027,40.660292],[-74.440067,40.660443],[-74.440055,40.660452],[-74.43983,40.660619],[-74.439073,40.661182],[-74.438768,40.661375],[-74.438728,40.6614],[-74.438605,40.661479],[-74.437905,40.661863],[-74.437775,40.661949],[-74.437739,40.661973],[-74.43722,40.662258],[-74.437112,40.662379],[-74.43704,40.662539],[-74.43704,40.662824],[-74.436982,40.662912],[-74.43691,40.662934],[-74.436722,40.66289],[-74.436578,40.662813],[-74.436441,40.662813],[-74.436311,40.662884],[-74.436239,40.662978],[-74.43621,40.663066],[-74.436297,40.663132],[-74.436492,40.66323],[-74.436513,40.663313],[-74.436456,40.663428],[-74.436333,40.6635],[-74.435915,40.6635],[-74.435814,40.663461],[-74.435749,40.663379],[-74.43572,40.663351],[-74.435576,40.663373],[-74.435308,40.663544],[-74.434963,40.663763],[-74.43481,40.66382],[-74.434653,40.663879],[-74.434552,40.663935],[-74.434475,40.663978],[-74.434369,40.664037],[-74.434307,40.664071],[-74.43427,40.664164],[-74.434025,40.6644],[-74.433946,40.664439],[-74.433537,40.66458],[-74.433449,40.66461],[-74.433344,40.664646],[-74.43314,40.664716],[-74.433112,40.664726],[-74.432626,40.664894],[-74.432244,40.664977],[-74.431854,40.665004],[-74.431465,40.66496],[-74.431148,40.664845],[-74.430953,40.664867],[-74.430809,40.664922],[-74.430477,40.665097],[-74.430051,40.665097],[-74.429958,40.66513],[-74.429799,40.665328],[-74.429612,40.665317],[-74.429424,40.665136],[-74.429316,40.664982],[-74.42928,40.664828],[-74.429179,40.664526],[-74.42902,40.664142],[-74.429006,40.664121],[-74.428797,40.663796],[-74.428763,40.663759],[-74.428738,40.663743],[-74.428728,40.663726],[-74.428723,40.663716],[-74.428645,40.663631],[-74.428379,40.663444],[-74.428162,40.663378],[-74.428025,40.663373],[-74.427724,40.663321],[-74.426951,40.663186],[-74.426294,40.662966],[-74.426243,40.662941],[-74.425609,40.662631],[-74.425497,40.662523],[-74.425398,40.662428],[-74.425386,40.662417],[-74.425351,40.662363],[-74.425314,40.662307],[-74.424715,40.661753],[-74.424189,40.661418],[-74.424066,40.661302],[-74.423879,40.660978],[-74.423756,40.660671],[-74.423281,40.660077],[-74.423158,40.659984],[-74.422747,40.659572],[-74.422437,40.659177],[-74.421983,40.65871],[-74.421615,40.658287],[-74.421392,40.658067],[-74.421038,40.657853],[-74.420772,40.657771],[-74.420462,40.657771],[-74.420166,40.657842],[-74.419784,40.658029],[-74.419711,40.658084],[-74.419293,40.658537],[-74.419077,40.65877],[-74.418839,40.658935],[-74.418594,40.659171],[-74.417793,40.659775],[-74.417742,40.659874],[-74.417739,40.659889],[-74.417646,40.66031],[-74.417448,40.660713],[-74.417375,40.6608],[-74.417273,40.660922],[-74.417216,40.660999],[-74.416927,40.66129],[-74.416199,40.661806],[-74.416169,40.661819],[-74.415665,40.662053],[-74.41534,40.662152],[-74.414742,40.662284],[-74.41428,40.662306],[-74.413631,40.662306],[-74.413335,40.662327],[-74.413138,40.662393],[-74.412939,40.662459],[-74.412655,40.66264],[-74.412405,40.6628],[-74.412037,40.66314],[-74.411857,40.663266],[-74.411431,40.663661],[-74.411402,40.663692],[-74.411158,40.663962],[-74.410789,40.66437],[-74.410522,40.664743],[-74.41006,40.665331],[-74.409743,40.665611],[-74.40944,40.665797],[-74.409258,40.665885],[-74.409122,40.665951],[-74.408836,40.666068],[-74.40832,40.66628],[-74.407773,40.666505],[-74.407362,40.666692],[-74.406901,40.667021],[-74.406713,40.667274],[-74.406468,40.667746],[-74.406366,40.667845],[-74.406136,40.667982],[-74.405927,40.66801],[-74.405681,40.667982],[-74.405515,40.667921],[-74.405281,40.667798],[-74.405097,40.667702],[-74.404874,40.667614],[-74.404492,40.667432],[-74.404117,40.667185],[-74.403766,40.666888],[-74.403689,40.666822],[-74.403606,40.666752],[-74.403571,40.666722],[-74.403353,40.666537],[-74.403252,40.666427],[-74.403144,40.666081],[-74.403134,40.665972],[-74.403118,40.665809],[-74.403099,40.665611],[-74.402955,40.665426],[-74.40288,40.665329],[-74.402734,40.665185],[-74.402546,40.665043],[-74.402214,40.664823],[-74.402005,40.664609],[-74.401926,40.664472],[-74.401897,40.664247],[-74.401839,40.66412],[-74.401847,40.663456],[-74.40202,40.662819],[-74.402049,40.66255],[-74.402172,40.662154],[-74.40223,40.662039],[-74.402309,40.661765],[-74.402403,40.661556],[-74.402547,40.661358],[-74.402872,40.660666],[-74.403031,40.660309],[-74.403046,40.659854],[-74.403003,40.659519],[-74.403111,40.659217],[-74.403176,40.659057],[-74.403205,40.658854],[-74.403162,40.658393],[-74.402766,40.657888],[-74.402578,40.657525],[-74.402535,40.657388],[-74.402593,40.65669],[-74.402629,40.656528],[-74.402662,40.65638],[-74.402694,40.65624],[-74.402694,40.656114],[-74.402716,40.656048],[-74.403048,40.655631],[-74.403308,40.655252],[-74.403495,40.655043],[-74.403698,40.654905],[-74.403829,40.654761],[-74.403892,40.654692],[-74.404174,40.654209],[-74.404174,40.654173],[-74.404174,40.654033],[-74.404168,40.653998],[-74.404131,40.65378],[-74.404217,40.653539],[-74.404441,40.65327],[-74.4047,40.653094],[-74.404809,40.653039],[-74.405141,40.652693],[-74.40527,40.652474],[-74.405372,40.652281],[-74.40548,40.652128],[-74.405516,40.651979],[-74.405638,40.65182],[-74.405826,40.651436],[-74.406014,40.651178],[-74.406252,40.651052],[-74.406591,40.650881],[-74.406821,40.6507],[-74.406879,40.650629],[-74.406944,40.650382],[-74.406944,40.650377],[-74.407025,40.64964],[-74.407006,40.649478],[-74.406829,40.649355],[-74.406749,40.649299],[-74.406706,40.649248],[-74.406692,40.649231],[-74.40657,40.649086],[-74.406519,40.648959],[-74.406522,40.648884],[-74.406534,40.648586],[-74.406555,40.648351],[-74.406559,40.648299],[-74.406563,40.648256],[-74.406549,40.648141],[-74.406635,40.647861],[-74.406888,40.647284],[-74.40691,40.646691],[-74.406964,40.646557],[-74.406973,40.646535],[-74.407097,40.64623],[-74.407297,40.645969],[-74.40735,40.645901],[-74.407477,40.645637],[-74.407487,40.645615],[-74.407639,40.645363],[-74.407711,40.645159],[-74.407833,40.644918],[-74.408086,40.644555],[-74.4081,40.644435],[-74.408252,40.644226],[-74.408264,40.644185],[-74.408324,40.643984],[-74.408266,40.643814],[-74.408209,40.643754],[-74.408166,40.643633],[-74.408079,40.643496],[-74.40805,40.643309],[-74.408108,40.643095],[-74.408231,40.642968],[-74.408526,40.642798],[-74.408894,40.642689],[-74.409181,40.642659],[-74.409201,40.642657],[-74.409319,40.642645],[-74.409824,40.642634],[-74.410394,40.642656],[-74.410682,40.642694],[-74.410694,40.642694],[-74.410886,40.642691],[-74.411288,40.642684],[-74.411713,40.642601],[-74.412158,40.642449],[-74.412274,40.642409],[-74.41234,40.642387],[-74.412665,40.642327],[-74.412867,40.642201],[-74.412939,40.642107],[-74.412952,40.642048],[-74.412975,40.641944],[-74.41304,40.641651],[-74.413235,40.641361],[-74.413574,40.641108],[-74.413703,40.640987],[-74.413737,40.640968],[-74.413764,40.640985],[-74.413919,40.641088],[-74.4144,40.641334],[-74.414485,40.641382],[-74.414729,40.641539],[-74.414785,40.641576],[-74.414841,40.64154],[-74.415095,40.641397],[-74.415308,40.641273],[-74.415765,40.641037],[-74.415947,40.640949],[-74.416368,40.640762],[-74.418869,40.639598],[-74.418944,40.639651],[-74.419743,40.639278],[-74.419823,40.639239],[-74.420668,40.638937],[-74.422115,40.638313],[-74.423549,40.637673],[-74.423639,40.637634],[-74.424392,40.637299],[-74.424881,40.637054],[-74.425062,40.636973],[-74.425643,40.63671],[-74.426558,40.636284],[-74.427619,40.635821],[-74.428088,40.635594],[-74.427992,40.635549],[-74.427927,40.635544],[-74.427843,40.635516],[-74.427639,40.635419],[-74.427019,40.635059],[-74.426971,40.635021],[-74.426943,40.634976],[-74.42694,40.634914],[-74.426971,40.634866],[-74.427888,40.634106],[-74.428097,40.633947],[-74.428251,40.633834],[-74.428531,40.634037],[-74.428577,40.634083],[-74.428629,40.634156],[-74.428927,40.634344],[-74.42912,40.634485],[-74.429338,40.634665],[-74.4291,40.635111],[-74.429076,40.635155],[-74.429353,40.635044],[-74.430854,40.634255],[-74.432225,40.633764],[-74.432588,40.633572],[-74.433062,40.633361],[-74.433931,40.633029],[-74.434365,40.632829],[-74.43597,40.632094],[-74.436744,40.631715],[-74.43851,40.630942],[-74.439285,40.630519],[-74.440203,40.630103],[-74.441613,40.629424],[-74.441695,40.629386],[-74.44185,40.629235],[-74.442157,40.628944],[-74.443291,40.627874],[-74.443589,40.627567],[-74.44379,40.62736],[-74.445554,40.625726],[-74.446317,40.625003],[-74.446539,40.624808],[-74.446563,40.624762],[-74.446552,40.624738],[-74.447853,40.623905],[-74.44986,40.622359],[-74.451978,40.620772],[-74.453212,40.619904],[-74.45564,40.622927],[-74.457145,40.621415],[-74.458845,40.619896],[-74.462373,40.619624],[-74.465733,40.619292],[-74.467106,40.619156],[-74.472832,40.618591],[-74.478573,40.617921],[-74.480209,40.617768],[-74.481111,40.619173],[-74.482386,40.621201],[-74.482432,40.621267],[-74.481761,40.621885],[-74.480358,40.623156],[-74.478377,40.625102],[-74.466647,40.636408],[-74.465217,40.637786],[-74.464551,40.638429]]]}},{"type":"Feature","properties":{"zip":"08880","name":"08880"},"geometry":{"type":"Polygon","coordinates":[[[-74.525669,40.548406],[-74.526933,40.54886],[-74.527925,40.549266],[-74.529853,40.549934],[-74.532017,40.550719],[-74.534195,40.551493],[-74.534843,40.551724],[-74.53504,40.551818],[-74.535896,40.552084],[-74.536788,40.552283],[-74.537748,40.552485],[-74.538511,40.552742],[-74.53939,40.552947],[-74.540252,40.553184],[-74.541132,40.553353],[-74.542688,40.553624],[-74.543196,40.553926],[-74.543236,40.554081],[-74.543276,40.554232],[-74.543458,40.554355],[-74.543609,40.554458],[-74.543759,40.554559],[-74.543631,40.554645],[-74.5433,40.554882],[-74.54279,40.555196],[-74.542157,40.555516],[-74.539596,40.556873],[-74.538416,40.557507],[-74.53715,40.558109],[-74.53628,40.558444],[-74.53556,40.558722],[-74.534754,40.558916],[-74.533292,40.559226],[-74.531665,40.559449],[-74.530317,40.559567],[-74.528898,40.559635],[-74.527882,40.559621],[-74.527825,40.559617],[-74.527565,40.559599],[-74.527041,40.559537],[-74.527025,40.559601],[-74.526568,40.559544],[-74.525512,40.55923],[-74.52535,40.559182],[-74.525294,40.559166],[-74.525191,40.559137],[-74.52467,40.558991],[-74.524197,40.558859],[-74.524045,40.558816],[-74.523836,40.558757],[-74.522306,40.55778],[-74.520683,40.556455],[-74.519748,40.55558],[-74.519561,40.555406],[-74.519503,40.555324],[-74.518325,40.553642],[-74.517353,40.551972],[-74.516955,40.55056],[-74.516756,40.549229],[-74.516657,40.548562],[-74.516391,40.546736],[-74.516371,40.546601],[-74.516336,40.546504],[-74.515782,40.544955],[-74.516475,40.545149],[-74.518643,40.545896],[-74.518689,40.545912],[-74.51874,40.545929],[-74.518876,40.545984],[-74.519013,40.546038],[-74.51953,40.546244],[-74.520648,40.546603],[-74.522608,40.547307],[-74.525669,40.548406]]]}},{"type":"Feature","properties":{"zip":"07103","name":"07103"},"geometry":{"type":"Polygon","coordinates":[[[-74.176898,40.744155],[-74.177068,40.743847],[-74.177924,40.744106],[-74.178799,40.74438],[-74.179821,40.744703],[-74.179828,40.74469],[-74.180143,40.744136],[-74.180554,40.74341],[-74.180629,40.74341],[-74.18066,40.74342],[-74.180621,40.743371],[-74.178717,40.742732],[-74.17785,40.742469],[-74.178462,40.741377],[-74.178626,40.741084],[-74.178639,40.741061],[-74.179295,40.739935],[-74.178029,40.739555],[-74.178038,40.73954],[-74.178167,40.739306],[-74.178499,40.738708],[-74.179055,40.737705],[-74.179127,40.737736],[-74.179326,40.737822],[-74.179672,40.738045],[-74.1802,40.738464],[-74.181146,40.73937],[-74.181365,40.739496],[-74.181787,40.739633],[-74.182258,40.738655],[-74.182307,40.738553],[-74.182582,40.73798],[-74.179407,40.737014],[-74.179624,40.736588],[-74.179724,40.736393],[-74.180603,40.736188],[-74.18062,40.736191],[-74.180651,40.736196],[-74.182741,40.735778],[-74.182808,40.73562],[-74.18328,40.734558],[-74.182129,40.734284],[-74.181504,40.734135],[-74.181977,40.732938],[-74.181507,40.732821],[-74.181105,40.732722],[-74.181186,40.7325],[-74.181656,40.731216],[-74.1817,40.731098],[-74.181767,40.730915],[-74.181958,40.730397],[-74.183145,40.730677],[-74.183598,40.729517],[-74.184345,40.727604],[-74.186038,40.727975],[-74.186305,40.728034],[-74.186981,40.72818],[-74.187846,40.728366],[-74.186993,40.730378],[-74.187724,40.730548],[-74.187876,40.730584],[-74.187882,40.730571],[-74.188139,40.729941],[-74.188593,40.728829],[-74.188707,40.728551],[-74.189592,40.728741],[-74.190566,40.72895],[-74.191533,40.729158],[-74.192396,40.729343],[-74.192975,40.729467],[-74.195012,40.729905],[-74.195655,40.730044],[-74.196538,40.730234],[-74.197437,40.730427],[-74.198475,40.731659],[-74.199181,40.732496],[-74.199197,40.732511],[-74.19978,40.732391],[-74.200116,40.732322],[-74.200109,40.732301],[-74.200075,40.732261],[-74.199816,40.731384],[-74.199959,40.731048],[-74.199989,40.730975],[-74.200624,40.731112],[-74.202075,40.731424],[-74.203282,40.731683],[-74.203305,40.731688],[-74.203346,40.731697],[-74.203772,40.731793],[-74.203845,40.7316],[-74.203852,40.731581],[-74.203859,40.731563],[-74.204055,40.731046],[-74.20436,40.730243],[-74.204772,40.729156],[-74.205832,40.729378],[-74.206075,40.728746],[-74.206578,40.727439],[-74.20679,40.726892],[-74.207694,40.727086],[-74.208593,40.72728],[-74.209501,40.727475],[-74.2104,40.727668],[-74.211321,40.727866],[-74.211512,40.72791],[-74.21219,40.728054],[-74.213107,40.728248],[-74.213989,40.728435],[-74.21479,40.728604],[-74.21454,40.729579],[-74.214531,40.729603],[-74.215042,40.729488],[-74.214973,40.72961],[-74.215065,40.729894],[-74.214981,40.729867],[-74.214902,40.729919],[-74.214323,40.731434],[-74.214002,40.732274],[-74.213387,40.733887],[-74.21266,40.735801],[-74.212198,40.735699],[-74.211461,40.737643],[-74.210754,40.739466],[-74.210144,40.741086],[-74.210137,40.741087],[-74.209375,40.742908],[-74.209581,40.742986],[-74.210005,40.743137],[-74.210435,40.74327],[-74.210872,40.742525],[-74.21118,40.742634],[-74.21127,40.74265],[-74.211831,40.742808],[-74.212065,40.742364],[-74.212103,40.742382],[-74.212275,40.742462],[-74.21145,40.744214],[-74.210813,40.74403],[-74.210145,40.745022],[-74.209995,40.745245],[-74.209734,40.745632],[-74.209296,40.74629],[-74.208359,40.747694],[-74.207291,40.74728],[-74.20645,40.749023],[-74.206269,40.749379],[-74.206172,40.74957],[-74.205276,40.749317],[-74.204626,40.749135],[-74.20438,40.749084],[-74.2043,40.749071],[-74.202397,40.750605],[-74.202332,40.750696],[-74.201695,40.750521],[-74.201135,40.750365],[-74.200784,40.750268],[-74.199905,40.750015],[-74.199034,40.749763],[-74.198143,40.749506],[-74.199245,40.747345],[-74.20028,40.745266],[-74.199387,40.74501],[-74.198509,40.744759],[-74.19764,40.74451],[-74.196749,40.744254],[-74.195881,40.744006],[-74.194951,40.743739],[-74.19492,40.743731],[-74.193923,40.743441],[-74.193028,40.743166],[-74.192132,40.742891],[-74.191228,40.742614],[-74.190636,40.743761],[-74.189743,40.745423],[-74.189845,40.745605],[-74.189376,40.746286],[-74.188818,40.747097],[-74.188152,40.748023],[-74.186854,40.747579],[-74.186254,40.747373],[-74.186051,40.747307],[-74.186099,40.747422],[-74.186159,40.747614],[-74.186194,40.747785],[-74.186214,40.747911],[-74.186259,40.748136],[-74.186279,40.748363],[-74.186277,40.748562],[-74.186256,40.748761],[-74.186212,40.748973],[-74.186138,40.749206],[-74.186069,40.749368],[-74.185973,40.749553],[-74.185859,40.749733],[-74.185708,40.749929],[-74.18556,40.750093],[-74.185396,40.750248],[-74.185218,40.750394],[-74.184667,40.750817],[-74.183955,40.750452],[-74.183851,40.750399],[-74.183572,40.750512],[-74.183017,40.750648],[-74.18155,40.75017],[-74.180528,40.749856],[-74.179694,40.749602],[-74.177794,40.749019],[-74.176971,40.748866],[-74.176789,40.748832],[-74.175753,40.748539],[-74.173566,40.747955],[-74.173627,40.747669],[-74.173784,40.746929],[-74.174207,40.747022],[-74.175989,40.747417],[-74.17646,40.745849],[-74.175752,40.745597],[-74.176009,40.745253],[-74.176856,40.744128],[-74.176898,40.744155]]]}},{"type":"Feature","properties":{"zip":"08901","name":"08901"},"geometry":{"type":"Polygon","coordinates":[[[-74.442002,40.472341],[-74.44251,40.471931],[-74.442575,40.471904],[-74.442637,40.471899],[-74.442665,40.471901],[-74.442713,40.471913],[-74.442804,40.471946],[-74.442833,40.471962],[-74.442897,40.472008],[-74.443471,40.472601],[-74.443848,40.473038],[-74.444833,40.474181],[-74.446415,40.476201],[-74.446745,40.476481],[-74.447362,40.476605],[-74.447751,40.476516],[-74.450163,40.477707],[-74.450609,40.477866],[-74.451055,40.477943],[-74.451278,40.477921],[-74.452213,40.477723],[-74.45373,40.477289],[-74.454239,40.477136],[-74.454989,40.47691],[-74.455236,40.476888],[-74.455852,40.476833],[-74.455929,40.476828],[-74.456384,40.4768],[-74.456787,40.476728],[-74.456827,40.476754],[-74.457081,40.47692],[-74.457872,40.476981],[-74.458153,40.477052],[-74.458232,40.477096],[-74.458577,40.477288],[-74.458915,40.477354],[-74.459193,40.477424],[-74.459764,40.477568],[-74.460239,40.477661],[-74.460339,40.477665],[-74.460393,40.477613],[-74.46086,40.477179],[-74.461382,40.476677],[-74.461749,40.476325],[-74.462181,40.475909],[-74.462725,40.475386],[-74.462745,40.475368],[-74.463267,40.474866],[-74.463298,40.474841],[-74.463901,40.474352],[-74.463979,40.474288],[-74.464128,40.474167],[-74.464591,40.473792],[-74.46521,40.473291],[-74.46591,40.472722],[-74.466422,40.472307],[-74.467707,40.471265],[-74.467811,40.471181],[-74.469354,40.472117],[-74.470729,40.472951],[-74.471212,40.47324],[-74.471786,40.472697],[-74.472409,40.472109],[-74.473046,40.471508],[-74.473535,40.471046],[-74.473993,40.470614],[-74.476683,40.467952],[-74.477347,40.467221],[-74.478975,40.468183],[-74.482703,40.470386],[-74.48338,40.470786],[-74.484076,40.471197],[-74.484821,40.471637],[-74.48552,40.47205],[-74.486477,40.472616],[-74.486891,40.47286],[-74.487198,40.473041],[-74.487952,40.473486],[-74.488338,40.473713],[-74.488636,40.47389],[-74.489524,40.474415],[-74.487839,40.476317],[-74.48782,40.476338],[-74.487242,40.47699],[-74.485609,40.478833],[-74.484961,40.479564],[-74.484937,40.479591],[-74.484906,40.47962],[-74.484313,40.480174],[-74.484298,40.480188],[-74.484122,40.480331],[-74.483298,40.480988],[-74.482815,40.481375],[-74.482684,40.48148],[-74.482344,40.481751],[-74.481983,40.481955],[-74.480898,40.482566],[-74.480167,40.482978],[-74.479472,40.48337],[-74.478735,40.483785],[-74.47868,40.483816],[-74.478499,40.483918],[-74.477873,40.484094],[-74.477245,40.484269],[-74.476549,40.484465],[-74.476483,40.484483],[-74.476022,40.484611],[-74.475889,40.484648],[-74.475744,40.48469],[-74.475688,40.484706],[-74.474885,40.48493],[-74.474106,40.485148],[-74.473976,40.485184],[-74.473786,40.485237],[-74.47327,40.485382],[-74.47245,40.485612],[-74.47171,40.485819],[-74.471566,40.485859],[-74.471255,40.485946],[-74.471166,40.485971],[-74.470796,40.486072],[-74.470339,40.486198],[-74.470286,40.486213],[-74.469373,40.486464],[-74.469318,40.486479],[-74.469149,40.486526],[-74.468503,40.486745],[-74.468463,40.486759],[-74.468209,40.486845],[-74.467851,40.487022],[-74.467825,40.487035],[-74.467721,40.487086],[-74.467629,40.487131],[-74.467563,40.487164],[-74.467401,40.487243],[-74.466953,40.487463],[-74.464255,40.48873],[-74.463966,40.488866],[-74.463575,40.489049],[-74.463231,40.489291],[-74.46253,40.48968],[-74.461143,40.490388],[-74.4604,40.490769],[-74.460167,40.490889],[-74.460059,40.490945],[-74.46002,40.490965],[-74.459971,40.49099],[-74.459922,40.491015],[-74.459984,40.491114],[-74.460027,40.491182],[-74.460032,40.491292],[-74.460041,40.491506],[-74.460049,40.491671],[-74.460013,40.492203],[-74.459898,40.492423],[-74.459871,40.492556],[-74.459834,40.492742],[-74.459819,40.492819],[-74.459834,40.493005],[-74.459784,40.493351],[-74.459796,40.493527],[-74.459805,40.493642],[-74.459754,40.493795],[-74.459712,40.493922],[-74.45972,40.494149],[-74.459726,40.494301],[-74.459718,40.494448],[-74.459714,40.494509],[-74.459704,40.494675],[-74.459179,40.495301],[-74.459042,40.495823],[-74.459084,40.496063],[-74.459137,40.496372],[-74.459367,40.496883],[-74.45995,40.49736],[-74.460166,40.497882],[-74.460392,40.498117],[-74.460461,40.498189],[-74.460599,40.4984],[-74.460685,40.49853],[-74.460723,40.498569],[-74.46078,40.498628],[-74.460949,40.4988],[-74.460971,40.498823],[-74.461087,40.498942],[-74.461411,40.499128],[-74.461785,40.499287],[-74.461821,40.499326],[-74.461943,40.499457],[-74.462013,40.499532],[-74.462152,40.499681],[-74.462199,40.499731],[-74.46241,40.499957],[-74.46246,40.50001],[-74.462548,40.500105],[-74.462644,40.500178],[-74.462701,40.500221],[-74.462895,40.500369],[-74.463133,40.500539],[-74.463341,40.500643],[-74.464415,40.501069],[-74.464516,40.501118],[-74.464889,40.501319],[-74.464989,40.501373],[-74.465226,40.501525],[-74.46545,40.50167],[-74.465601,40.501747],[-74.466005,40.50204],[-74.466192,40.502176],[-74.466205,40.502186],[-74.466268,40.502241],[-74.466558,40.502493],[-74.466839,40.502773],[-74.466965,40.502979],[-74.467015,40.503061],[-74.467047,40.503114],[-74.467144,40.503355],[-74.467155,40.503383],[-74.467271,40.50402],[-74.467294,40.504135],[-74.467336,40.504349],[-74.46735,40.504679],[-74.467277,40.505005],[-74.467228,40.505222],[-74.467279,40.505579],[-74.467291,40.505634],[-74.467358,40.505942],[-74.467315,40.506354],[-74.467243,40.506755],[-74.467279,40.506991],[-74.467397,40.507171],[-74.467574,40.507441],[-74.467625,40.507639],[-74.467546,40.507836],[-74.467472,40.507961],[-74.467409,40.508067],[-74.467354,40.508116],[-74.467319,40.508148],[-74.467305,40.508161],[-74.467294,40.508171],[-74.467163,40.508211],[-74.467164,40.508241],[-74.467165,40.508273],[-74.467172,40.508385],[-74.467174,40.508415],[-74.467181,40.508425],[-74.467254,40.508678],[-74.467324,40.508931],[-74.467411,40.509233],[-74.467495,40.509533],[-74.467288,40.509484],[-74.465949,40.50927],[-74.464719,40.509227],[-74.463586,40.509227],[-74.463452,40.509227],[-74.463388,40.509221],[-74.462877,40.509243],[-74.460769,40.509156],[-74.460099,40.509101],[-74.459517,40.509014],[-74.458984,40.508986],[-74.458845,40.50897],[-74.458081,40.508884],[-74.457962,40.508871],[-74.45648,40.508739],[-74.455595,40.508652],[-74.455063,40.508564],[-74.453811,40.508438],[-74.453451,40.508345],[-74.453264,40.508262],[-74.452919,40.50818],[-74.452429,40.508087],[-74.452156,40.50807],[-74.451746,40.508032],[-74.451112,40.507884],[-74.450875,40.507757],[-74.45063,40.507654],[-74.450486,40.507593],[-74.450307,40.507554],[-74.449954,40.507466],[-74.449501,40.507302],[-74.448515,40.506824],[-74.447781,40.506412],[-74.447033,40.506028],[-74.446986,40.506009],[-74.446752,40.505913],[-74.445999,40.50558],[-74.445881,40.505528],[-74.444982,40.504952],[-74.444766,40.504858],[-74.444212,40.504501],[-74.443262,40.503914],[-74.442104,40.503118],[-74.441435,40.50259],[-74.440838,40.502052],[-74.440564,40.501756],[-74.440294,40.501497],[-74.440255,40.501459],[-74.439593,40.500893],[-74.439298,40.500619],[-74.439197,40.500427],[-74.439092,40.50026],[-74.438973,40.50007],[-74.439099,40.500068],[-74.438667,40.4996],[-74.438426,40.499339],[-74.438318,40.498966],[-74.437907,40.498663],[-74.437894,40.498653],[-74.43698,40.49761],[-74.436973,40.497589],[-74.436822,40.497132],[-74.436635,40.496912],[-74.436397,40.496522],[-74.436131,40.495967],[-74.435923,40.495369],[-74.43575,40.493948],[-74.435736,40.493826],[-74.435647,40.493369],[-74.435578,40.493013],[-74.435441,40.492612],[-74.43539,40.492503],[-74.435225,40.492151],[-74.434945,40.491761],[-74.434815,40.491629],[-74.434679,40.491596],[-74.434628,40.491486],[-74.434628,40.49125],[-74.43447,40.490926],[-74.434197,40.490679],[-74.433758,40.490432],[-74.4336,40.490234],[-74.433453,40.490131],[-74.432758,40.489641],[-74.432005,40.48922],[-74.431788,40.489099],[-74.43142,40.488894],[-74.43031,40.488503],[-74.429579,40.488246],[-74.428809,40.488229],[-74.42786,40.488262],[-74.427594,40.488366],[-74.426436,40.488311],[-74.426054,40.488361],[-74.425731,40.488234],[-74.425026,40.488355],[-74.424321,40.48835],[-74.423551,40.488366],[-74.423113,40.488322],[-74.422494,40.488459],[-74.422098,40.488426],[-74.421041,40.488882],[-74.419703,40.489755],[-74.418846,40.490491],[-74.418141,40.491408],[-74.417328,40.492066],[-74.417242,40.492319],[-74.416911,40.492215],[-74.41612,40.492632],[-74.415951,40.492712],[-74.415494,40.492928],[-74.415062,40.493088],[-74.414069,40.493203],[-74.413343,40.493175],[-74.413077,40.49334],[-74.412837,40.493353],[-74.412451,40.493373],[-74.412206,40.493653],[-74.412041,40.493697],[-74.411796,40.493696],[-74.410969,40.493537],[-74.409573,40.493394],[-74.409214,40.493328],[-74.408913,40.493328],[-74.408825,40.493328],[-74.408286,40.49319],[-74.408061,40.493116],[-74.407653,40.492982],[-74.40697,40.492784],[-74.40684,40.492537],[-74.406689,40.492438],[-74.40602,40.492141],[-74.405733,40.49208],[-74.405495,40.492003],[-74.404711,40.492036],[-74.404424,40.491877],[-74.403488,40.491739],[-74.403158,40.491789],[-74.401885,40.491481],[-74.401723,40.491477],[-74.401244,40.491464],[-74.400655,40.491513],[-74.400468,40.491442],[-74.400165,40.49148],[-74.400022,40.491453],[-74.399856,40.491183],[-74.399626,40.491156],[-74.399518,40.491172],[-74.399453,40.491376],[-74.399245,40.491288],[-74.398892,40.491353],[-74.398598,40.491106],[-74.397576,40.490677],[-74.396505,40.489985],[-74.396095,40.489601],[-74.395951,40.489244],[-74.395628,40.488974],[-74.395572,40.488899],[-74.395506,40.48881],[-74.395412,40.48859],[-74.395288,40.488404],[-74.395125,40.488161],[-74.394744,40.487623],[-74.393407,40.486634],[-74.39299,40.48637],[-74.392681,40.486249],[-74.392412,40.486199],[-74.392488,40.485527],[-74.392521,40.485235],[-74.39277,40.484632],[-74.39302,40.484522],[-74.393205,40.484342],[-74.394123,40.483536],[-74.394162,40.483527],[-74.394498,40.483448],[-74.394759,40.483554],[-74.395185,40.483626],[-74.395434,40.483558],[-74.39557,40.483003],[-74.395669,40.482663],[-74.396704,40.481962],[-74.397141,40.481529],[-74.397451,40.481325],[-74.397885,40.481162],[-74.398197,40.481144],[-74.399343,40.4813],[-74.399592,40.481226],[-74.399778,40.481007],[-74.400234,40.480564],[-74.400755,40.480313],[-74.400893,40.480247],[-74.4017,40.47977],[-74.402062,40.479632],[-74.40235,40.479674],[-74.402526,40.479755],[-74.402977,40.479997],[-74.403548,40.480191],[-74.403637,40.480221],[-74.40472,40.480497],[-74.405166,40.480555],[-74.405551,40.480606],[-74.406364,40.480645],[-74.406743,40.48059],[-74.407395,40.480495],[-74.407558,40.480511],[-74.407774,40.480628],[-74.407966,40.480814],[-74.408172,40.481175],[-74.408484,40.481472],[-74.409391,40.481978],[-74.410193,40.482447],[-74.410493,40.482679],[-74.410882,40.483152],[-74.411056,40.483588],[-74.411159,40.483819],[-74.411432,40.484001],[-74.411642,40.484017],[-74.411833,40.483902],[-74.412231,40.483482],[-74.412286,40.483335],[-74.412354,40.483153],[-74.412491,40.483021],[-74.412969,40.482489],[-74.413733,40.481387],[-74.413814,40.481058],[-74.414766,40.478918],[-74.414808,40.478822],[-74.414895,40.477805],[-74.415277,40.477088],[-74.415695,40.476305],[-74.417969,40.474703],[-74.419677,40.473213],[-74.419811,40.472029],[-74.418476,40.470334],[-74.41821,40.469926],[-74.418103,40.468803],[-74.419495,40.467505],[-74.421999,40.467313],[-74.425449,40.466715],[-74.425937,40.467224],[-74.426539,40.467082],[-74.426501,40.466589],[-74.426532,40.466527],[-74.429795,40.465005],[-74.431295,40.463905],[-74.432395,40.462305],[-74.432418,40.460685],[-74.432577,40.460037],[-74.432635,40.4598],[-74.43324,40.459404],[-74.433656,40.459132],[-74.434091,40.459037],[-74.435965,40.458832],[-74.436574,40.45901],[-74.43813,40.45983],[-74.438938,40.460126],[-74.439093,40.460215],[-74.442038,40.461692],[-74.443121,40.462059],[-74.443874,40.462531],[-74.445133,40.463195],[-74.445364,40.462958],[-74.445898,40.462406],[-74.446388,40.462303],[-74.446448,40.4625],[-74.446515,40.462721],[-74.446638,40.463009],[-74.44692,40.463674],[-74.44699,40.463767],[-74.447265,40.464131],[-74.447311,40.464193],[-74.447931,40.464705],[-74.44796,40.464721],[-74.447501,40.464845],[-74.445457,40.465398],[-74.444185,40.465742],[-74.443962,40.465802],[-74.443298,40.465981],[-74.44289,40.466092],[-74.439549,40.466995],[-74.438134,40.46739],[-74.437604,40.467539],[-74.437441,40.467584],[-74.436846,40.467784],[-74.435587,40.46835],[-74.434941,40.468751],[-74.434465,40.469137],[-74.434244,40.469315],[-74.434315,40.469368],[-74.434749,40.469557],[-74.435499,40.470089],[-74.435659,40.469993],[-74.435787,40.469897],[-74.435883,40.469769],[-74.436011,40.469641],[-74.436155,40.469545],[-74.436971,40.470089],[-74.437372,40.470377],[-74.437708,40.470601],[-74.438156,40.470873],[-74.438604,40.471177],[-74.438988,40.471401],[-74.439321,40.47148],[-74.440076,40.471732],[-74.442002,40.472341]]]}},{"type":"Feature","properties":{"zip":"07939","name":"07939"},"geometry":{"type":"Polygon","coordinates":[[[-74.557639,40.67146],[-74.557722,40.672064],[-74.555669,40.672482],[-74.555645,40.672371],[-74.555581,40.672083],[-74.555498,40.671689],[-74.555383,40.671037],[-74.553705,40.671341],[-74.553542,40.671126],[-74.551336,40.67125],[-74.550251,40.671452],[-74.550776,40.672958],[-74.551504,40.674564],[-74.549826,40.674868],[-74.547024,40.667909],[-74.546556,40.667037],[-74.545787,40.665603],[-74.54662,40.665539],[-74.546902,40.665472],[-74.547067,40.665415],[-74.547177,40.665353],[-74.547325,40.665253],[-74.547619,40.665022],[-74.548195,40.664566],[-74.548597,40.664265],[-74.548744,40.664174],[-74.548849,40.664109],[-74.549053,40.664005],[-74.54919,40.663944],[-74.549314,40.663907],[-74.549664,40.66383],[-74.550751,40.663662],[-74.553348,40.663278],[-74.553721,40.663218],[-74.554353,40.663104],[-74.556784,40.6626],[-74.558967,40.662141],[-74.560919,40.661738],[-74.561196,40.662558],[-74.561237,40.662754],[-74.561263,40.663192],[-74.561265,40.663234],[-74.561258,40.663349],[-74.561235,40.663754],[-74.561124,40.66418],[-74.560997,40.664517],[-74.560659,40.665098],[-74.559934,40.666041],[-74.559861,40.666187],[-74.559843,40.66655],[-74.55989,40.667018],[-74.559965,40.667484],[-74.560009,40.667726],[-74.560012,40.667843],[-74.559981,40.668018],[-74.55997,40.668074],[-74.559943,40.668136],[-74.559899,40.668189],[-74.559711,40.668324],[-74.559617,40.668375],[-74.559502,40.668404],[-74.559789,40.668944],[-74.559845,40.66908],[-74.559883,40.669208],[-74.559901,40.66933],[-74.559904,40.66944],[-74.559875,40.66961],[-74.559851,40.669661],[-74.559736,40.669779],[-74.559547,40.669906],[-74.559059,40.670161],[-74.558728,40.670304],[-74.558552,40.670359],[-74.558288,40.670423],[-74.557946,40.670477],[-74.557694,40.670488],[-74.557948,40.670605],[-74.558051,40.670648],[-74.560869,40.670911],[-74.560843,40.670924],[-74.560729,40.67097],[-74.560662,40.670987],[-74.559588,40.671149],[-74.558927,40.671199],[-74.5587,40.671235],[-74.558277,40.671353],[-74.557862,40.671405],[-74.557753,40.671418],[-74.557639,40.67146]]]}},{"type":"Feature","properties":{"zip":"08869","name":"08869"},"geometry":{"type":"Polygon","coordinates":[[[-74.649212,40.556491],[-74.649301,40.556543],[-74.649198,40.557566],[-74.649227,40.55889],[-74.649237,40.55913],[-74.64924,40.55918],[-74.649245,40.559307],[-74.649304,40.560653],[-74.64953,40.56584],[-74.649803,40.567802],[-74.649866,40.568434],[-74.650002,40.569901],[-74.650003,40.569902],[-74.65337,40.569873],[-74.655468,40.569818],[-74.657692,40.569701],[-74.657701,40.570295],[-74.658339,40.57451],[-74.658358,40.574638],[-74.658531,40.576181],[-74.658664,40.577256],[-74.658711,40.577624],[-74.658719,40.577702],[-74.660968,40.577796],[-74.661107,40.577802],[-74.662026,40.582792],[-74.661875,40.582803],[-74.661602,40.582816],[-74.660887,40.582849],[-74.660068,40.58289],[-74.65915,40.582949],[-74.658604,40.582967],[-74.658231,40.582979],[-74.657372,40.583029],[-74.656936,40.583054],[-74.656356,40.583091],[-74.654839,40.583166],[-74.654053,40.583209],[-74.653206,40.583263],[-74.652025,40.583356],[-74.651727,40.583413],[-74.651589,40.583466],[-74.651167,40.583679],[-74.650772,40.583893],[-74.649904,40.584426],[-74.649057,40.584983],[-74.648575,40.585317],[-74.648333,40.585573],[-74.647913,40.586044],[-74.647349,40.585744],[-74.644336,40.584101],[-74.643855,40.583846],[-74.643126,40.58346],[-74.640446,40.582015],[-74.639656,40.581582],[-74.639171,40.581317],[-74.638381,40.580885],[-74.638314,40.580849],[-74.636086,40.579641],[-74.635267,40.579206],[-74.633131,40.578056],[-74.632787,40.577868],[-74.631989,40.57748],[-74.631789,40.577382],[-74.631261,40.577054],[-74.630117,40.576427],[-74.629317,40.576049],[-74.628862,40.575848],[-74.628755,40.575781],[-74.628425,40.575575],[-74.627964,40.575287],[-74.627098,40.574807],[-74.626712,40.574609],[-74.625585,40.574006],[-74.625383,40.573897],[-74.625483,40.573039],[-74.625549,40.57247],[-74.625602,40.572013],[-74.625649,40.571513],[-74.625506,40.570959],[-74.625404,40.570455],[-74.625301,40.56965],[-74.625461,40.568801],[-74.625436,40.568731],[-74.625316,40.568451],[-74.62529,40.568388],[-74.625074,40.567967],[-74.624953,40.567769],[-74.624838,40.567595],[-74.624648,40.567343],[-74.624285,40.566899],[-74.623973,40.566512],[-74.623412,40.565836],[-74.625921,40.565824],[-74.625952,40.565552],[-74.626001,40.56521],[-74.626358,40.563348],[-74.626376,40.56325],[-74.626395,40.563153],[-74.62654,40.563196],[-74.627361,40.56346],[-74.628377,40.563941],[-74.628709,40.564128],[-74.629141,40.564295],[-74.629573,40.564413],[-74.630213,40.564541],[-74.630954,40.564619],[-74.631557,40.564623],[-74.632197,40.564615],[-74.632715,40.564587],[-74.633347,40.564567],[-74.63423,40.564499],[-74.635001,40.564547],[-74.635593,40.564611],[-74.635726,40.564632],[-74.635799,40.564643],[-74.635964,40.564669],[-74.636425,40.564702],[-74.636778,40.564757],[-74.637123,40.564762],[-74.637512,40.564685],[-74.638001,40.564533],[-74.638519,40.564259],[-74.63938,40.563729],[-74.639976,40.563353],[-74.640671,40.562846],[-74.641259,40.56246],[-74.64126,40.56246],[-74.641877,40.562123],[-74.642437,40.561808],[-74.642983,40.56157],[-74.643774,40.561283],[-74.644442,40.561055],[-74.644896,40.560911],[-74.645326,40.56068],[-74.645836,40.560376],[-74.646115,40.560128],[-74.6464,40.559649],[-74.646557,40.559331],[-74.646764,40.558962],[-74.64695,40.55855],[-74.647098,40.558209],[-74.647269,40.557884],[-74.647456,40.557604],[-74.647734,40.557241],[-74.647957,40.557086],[-74.64817,40.556718],[-74.648593,40.55631],[-74.648725,40.556202],[-74.649212,40.556491]]]}},{"type":"Feature","properties":{"zip":"07092","name":"07092"},"geometry":{"type":"Polygon","coordinates":[[[-74.347067,40.691722],[-74.342485,40.688679],[-74.342344,40.688629],[-74.342322,40.688601],[-74.34145,40.688199],[-74.337148,40.685463],[-74.336714,40.685468],[-74.336615,40.685391],[-74.336481,40.685386],[-74.335812,40.684992],[-74.335545,40.68479],[-74.334893,40.684301],[-74.33439,40.684014],[-74.334193,40.683901],[-74.332299,40.682604],[-74.33208,40.682528],[-74.33169,40.6824],[-74.331358,40.682192],[-74.331406,40.68199],[-74.331466,40.681105],[-74.33148,40.680763],[-74.331487,40.680699],[-74.331504,40.680546],[-74.331557,40.680264],[-74.331564,40.680226],[-74.331612,40.679908],[-74.331603,40.679534],[-74.331566,40.679388],[-74.331497,40.679198],[-74.331389,40.678957],[-74.331344,40.678841],[-74.331322,40.67874],[-74.331302,40.678643],[-74.331298,40.67854],[-74.331504,40.678551],[-74.331764,40.678584],[-74.332326,40.678606],[-74.332781,40.678567],[-74.333242,40.678485],[-74.334036,40.678254],[-74.334517,40.678054],[-74.334093,40.677802],[-74.336793,40.676801],[-74.33729,40.677384],[-74.337556,40.67733],[-74.337772,40.677287],[-74.337959,40.677232],[-74.339214,40.676589],[-74.339409,40.676496],[-74.340245,40.676182],[-74.340902,40.675941],[-74.340967,40.675908],[-74.34101,40.675913],[-74.340981,40.676001],[-74.341175,40.676004],[-74.341464,40.676034],[-74.341573,40.676017],[-74.341811,40.675946],[-74.34202,40.675847],[-74.342481,40.675589],[-74.343101,40.675281],[-74.343541,40.675001],[-74.344093,40.674674],[-74.344262,40.674558],[-74.344398,40.674404],[-74.344895,40.673507],[-74.345359,40.67368],[-74.345639,40.673595],[-74.346051,40.673517],[-74.346149,40.67353],[-74.346189,40.6735],[-74.346888,40.673223],[-74.347208,40.673096],[-74.347579,40.673034],[-74.348055,40.67283],[-74.348346,40.672629],[-74.346313,40.671569],[-74.346055,40.671438],[-74.346033,40.670836],[-74.346006,40.670545],[-74.345903,40.669425],[-74.345892,40.669302],[-74.345993,40.668394],[-74.348919,40.666287],[-74.349886,40.665641],[-74.350996,40.666299],[-74.351081,40.666148],[-74.351116,40.666017],[-74.351263,40.666102],[-74.35185,40.666395],[-74.352476,40.666641],[-74.352304,40.66695],[-74.353467,40.66743],[-74.354225,40.666841],[-74.35424,40.66683],[-74.354773,40.666414],[-74.355151,40.666119],[-74.356342,40.665191],[-74.356439,40.665121],[-74.357434,40.664401],[-74.357568,40.664295],[-74.35923,40.665318],[-74.359755,40.665448],[-74.360627,40.66589],[-74.357992,40.667802],[-74.360893,40.669502],[-74.362994,40.669102],[-74.365399,40.668801],[-74.368305,40.6685],[-74.368963,40.668191],[-74.371376,40.66607],[-74.371573,40.665913],[-74.371862,40.666135],[-74.372122,40.666268],[-74.373235,40.666636],[-74.373436,40.666697],[-74.373484,40.666787],[-74.373932,40.667629],[-74.374276,40.66874],[-74.374321,40.668733],[-74.375162,40.66862],[-74.376994,40.668183],[-74.377452,40.668074],[-74.37828,40.667861],[-74.378844,40.667716],[-74.379359,40.667584],[-74.379397,40.667604],[-74.379896,40.668256],[-74.380239,40.668784],[-74.382077,40.671149],[-74.385106,40.669575],[-74.38546,40.670256],[-74.383073,40.672472],[-74.383277,40.67277],[-74.384081,40.673788],[-74.384931,40.67486],[-74.387621,40.678234],[-74.387037,40.678552],[-74.386503,40.678942],[-74.38607,40.679315],[-74.385767,40.679633],[-74.385298,40.680056],[-74.385081,40.68033],[-74.384814,40.680588],[-74.384677,40.680814],[-74.38446,40.681061],[-74.3842,40.681242],[-74.383601,40.68145],[-74.38332,40.681604],[-74.383204,40.681708],[-74.382641,40.682367],[-74.38228,40.682839],[-74.38184,40.683278],[-74.381609,40.683569],[-74.381601,40.683591],[-74.381392,40.68381],[-74.381176,40.683898],[-74.380808,40.683947],[-74.38067,40.683997],[-74.380533,40.684107],[-74.380452,40.684207],[-74.380418,40.684249],[-74.380223,40.684551],[-74.380064,40.684732],[-74.379768,40.685012],[-74.379566,40.685298],[-74.37945,40.685397],[-74.378654,40.686164],[-74.37754,40.687226],[-74.376273,40.688838],[-74.374994,40.690303],[-74.373756,40.691217],[-74.373192,40.691785],[-74.370919,40.693311],[-74.370468,40.693469],[-74.370295,40.693503],[-74.370173,40.693497],[-74.370129,40.693481],[-74.370115,40.693486],[-74.370089,40.693562],[-74.370079,40.693591],[-74.370159,40.693865],[-74.370086,40.693827],[-74.369776,40.69375],[-74.369646,40.693849],[-74.369509,40.694085],[-74.369416,40.694184],[-74.369156,40.694387],[-74.366618,40.695794],[-74.366476,40.695891],[-74.366546,40.695893],[-74.366589,40.69591],[-74.366618,40.695976],[-74.366538,40.696184],[-74.366236,40.696492],[-74.365515,40.696954],[-74.365385,40.697074],[-74.364,40.698437],[-74.363936,40.698442],[-74.363878,40.698475],[-74.363611,40.698761],[-74.363438,40.698887],[-74.363401,40.698998],[-74.363207,40.69908],[-74.363093,40.699186],[-74.362819,40.699381],[-74.362596,40.699483],[-74.36039,40.699821],[-74.360302,40.69977],[-74.359917,40.699535],[-74.354821,40.696429],[-74.353789,40.695799],[-74.353534,40.695713],[-74.353194,40.695598],[-74.353094,40.695533],[-74.351945,40.694805],[-74.350048,40.693443],[-74.349393,40.693058],[-74.349264,40.692983],[-74.348794,40.692707],[-74.348059,40.692335],[-74.347791,40.692196],[-74.347067,40.691722]]]}},{"type":"Feature","properties":{"zip":"07059","name":"07059"},"geometry":{"type":"Polygon","coordinates":[[[-74.451697,40.654202],[-74.450397,40.654602],[-74.450078,40.654742],[-74.449637,40.654936],[-74.449289,40.655089],[-74.449186,40.655134],[-74.448544,40.655415],[-74.448651,40.654717],[-74.448579,40.654211],[-74.448555,40.653898],[-74.448552,40.653673],[-74.448579,40.653537],[-74.448818,40.6532],[-74.44922,40.652819],[-74.451358,40.650802],[-74.45128,40.650745],[-74.452721,40.649464],[-74.45354,40.648736],[-74.457936,40.644588],[-74.460506,40.642063],[-74.464551,40.638429],[-74.465217,40.637786],[-74.466647,40.636408],[-74.478377,40.625102],[-74.480358,40.623156],[-74.481761,40.621885],[-74.482432,40.621267],[-74.483793,40.619944],[-74.484636,40.619144],[-74.486557,40.61742],[-74.486988,40.617033],[-74.487298,40.616883],[-74.492044,40.611954],[-74.494867,40.609245],[-74.495831,40.608303],[-74.496116,40.608025],[-74.497566,40.606608],[-74.501956,40.602676],[-74.503422,40.6012],[-74.505286,40.599357],[-74.507374,40.597293],[-74.508577,40.596187],[-74.509649,40.59519],[-74.512268,40.592799],[-74.513714,40.591312],[-74.517733,40.587354],[-74.519731,40.5885],[-74.524133,40.591042],[-74.528163,40.593369],[-74.531611,40.595347],[-74.531791,40.595567],[-74.531791,40.595648],[-74.531769,40.595693],[-74.531777,40.595783],[-74.531804,40.595837],[-74.531819,40.595928],[-74.531935,40.596189],[-74.531971,40.596315],[-74.531971,40.596541],[-74.531956,40.596667],[-74.53202,40.596937],[-74.532028,40.597019],[-74.53205,40.597118],[-74.532057,40.597397],[-74.532085,40.597487],[-74.532093,40.59755],[-74.532136,40.597659],[-74.532136,40.597704],[-74.532363,40.598009],[-74.532519,40.598154],[-74.532673,40.598464],[-74.532799,40.598775],[-74.532827,40.598978],[-74.532826,40.599181],[-74.532802,40.599319],[-74.532787,40.59955],[-74.532743,40.599738],[-74.532677,40.599937],[-74.532626,40.600158],[-74.532495,40.600444],[-74.532522,40.600498],[-74.532647,40.600598],[-74.533078,40.601032],[-74.533078,40.60105],[-74.533178,40.60114],[-74.533215,40.601194],[-74.533336,40.60133],[-74.533336,40.601348],[-74.533416,40.601438],[-74.533762,40.601737],[-74.53382,40.601801],[-74.533892,40.601882],[-74.533978,40.601999],[-74.534064,40.602171],[-74.534093,40.60227],[-74.534115,40.602279],[-74.534114,40.602306],[-74.534144,40.602351],[-74.534151,40.602405],[-74.534257,40.602658],[-74.534374,40.60283],[-74.534393,40.602853],[-74.537585,40.602617],[-74.537927,40.603498],[-74.540759,40.602805],[-74.541025,40.604596],[-74.543142,40.604275],[-74.543169,40.604025],[-74.543098,40.604037],[-74.543308,40.602683],[-74.543412,40.602701],[-74.547089,40.603215],[-74.546927,40.604035],[-74.54785,40.604318],[-74.550132,40.605067],[-74.550264,40.605118],[-74.551112,40.605878],[-74.551337,40.605225],[-74.551765,40.603963],[-74.553143,40.604239],[-74.55563,40.604724],[-74.5554,40.605202],[-74.555792,40.60553],[-74.556883,40.607082],[-74.5587,40.606602],[-74.558535,40.608353],[-74.561482,40.608929],[-74.56325,40.609386],[-74.56323,40.609472],[-74.563223,40.609565],[-74.563222,40.609696],[-74.563259,40.610239],[-74.563256,40.610299],[-74.563252,40.610374],[-74.563223,40.610519],[-74.563222,40.610525],[-74.563188,40.610657],[-74.563146,40.610738],[-74.562975,40.611068],[-74.562888,40.611336],[-74.562823,40.611767],[-74.562819,40.611977],[-74.562838,40.612112],[-74.5629,40.612288],[-74.563074,40.612708],[-74.563111,40.612853],[-74.563123,40.613031],[-74.56314,40.613768],[-74.563172,40.614032],[-74.563289,40.614273],[-74.563599,40.614762],[-74.563635,40.614817],[-74.563687,40.614936],[-74.563738,40.61511],[-74.563765,40.615289],[-74.563767,40.615423],[-74.563741,40.615594],[-74.563738,40.615611],[-74.563565,40.616044],[-74.563482,40.616201],[-74.563183,40.616608],[-74.562803,40.617146],[-74.56269,40.617361],[-74.562634,40.617492],[-74.562556,40.617741],[-74.56253,40.617987],[-74.562535,40.618277],[-74.562572,40.618462],[-74.562599,40.618577],[-74.562651,40.618718],[-74.562725,40.618858],[-74.563113,40.619446],[-74.5633,40.619711],[-74.563662,40.620334],[-74.564164,40.62117],[-74.564396,40.6215],[-74.565336,40.622608],[-74.565512,40.622784],[-74.565688,40.622916],[-74.566272,40.623221],[-74.56686,40.623541],[-74.567548,40.624009],[-74.568268,40.624522],[-74.568705,40.624868],[-74.568983,40.625102],[-74.569297,40.625427],[-74.569709,40.625953],[-74.570493,40.626877],[-74.570916,40.627349],[-74.571379,40.627959],[-74.571621,40.628344],[-74.57173,40.628531],[-74.572478,40.63012],[-74.572972,40.631195],[-74.573038,40.631409],[-74.573081,40.631651],[-74.573067,40.631811],[-74.573038,40.632007],[-74.572897,40.632657],[-74.572872,40.632915],[-74.57286,40.633051],[-74.572817,40.633646],[-74.57281,40.634031],[-74.572857,40.634446],[-74.573123,40.635806],[-74.573348,40.636771],[-74.573615,40.638075],[-74.573723,40.638336],[-74.573962,40.639686],[-74.574128,40.640772],[-74.574281,40.641637],[-74.574327,40.641841],[-74.574395,40.642046],[-74.574538,40.64234],[-74.574693,40.64263],[-74.575044,40.643218],[-74.575314,40.643637],[-74.57551,40.64397],[-74.575672,40.644403],[-74.575706,40.644495],[-74.575764,40.64471],[-74.57579,40.644893],[-74.57579,40.645087],[-74.575728,40.645472],[-74.575568,40.646246],[-74.575547,40.64643],[-74.575499,40.646651],[-74.575437,40.647014],[-74.575252,40.648034],[-74.575196,40.648526],[-74.575139,40.648849],[-74.575081,40.649466],[-74.575091,40.649811],[-74.575127,40.650072],[-74.575402,40.651271],[-74.57568,40.652468],[-74.575824,40.653018],[-74.575843,40.653089],[-74.57662,40.653656],[-74.576733,40.653737],[-74.57669,40.653781],[-74.576582,40.653879],[-74.576517,40.653924],[-74.576451,40.653996],[-74.576329,40.654167],[-74.576236,40.65422],[-74.576135,40.654265],[-74.576041,40.654391],[-74.575987,40.654501],[-74.575892,40.654554],[-74.575815,40.654706],[-74.57568,40.654874],[-74.575534,40.654943],[-74.575389,40.654979],[-74.575259,40.654983],[-74.575014,40.654946],[-74.574842,40.654932],[-74.574784,40.654937],[-74.574758,40.654945],[-74.574485,40.655047],[-74.57413,40.655344],[-74.573906,40.655587],[-74.573785,40.655794],[-74.573629,40.655945],[-74.573512,40.655993],[-74.573285,40.656037],[-74.573198,40.65573],[-74.572506,40.655285],[-74.572068,40.65509],[-74.571594,40.655034],[-74.571157,40.65495],[-74.570792,40.654922],[-74.570482,40.654866],[-74.570196,40.654743],[-74.570172,40.654744],[-74.569695,40.654829],[-74.569574,40.654669],[-74.56944,40.654278],[-74.569385,40.65397],[-74.569453,40.653652],[-74.569331,40.65342],[-74.56921,40.65326],[-74.568996,40.652963],[-74.568935,40.65278],[-74.568884,40.652627],[-74.568837,40.652264],[-74.568891,40.651803],[-74.568965,40.651578],[-74.569177,40.651282],[-74.569373,40.651168],[-74.569416,40.651074],[-74.569433,40.650789],[-74.569386,40.650376],[-74.569288,40.650068],[-74.569181,40.64987],[-74.569074,40.649748],[-74.568902,40.649615],[-74.568606,40.649526],[-74.568168,40.649376],[-74.567873,40.649286],[-74.5676,40.64917],[-74.567449,40.649053],[-74.567241,40.648871],[-74.566979,40.648809],[-74.566705,40.64872],[-74.566462,40.648571],[-74.566101,40.648525],[-74.565829,40.648474],[-74.565061,40.64847],[-74.564799,40.648441],[-74.564156,40.648328],[-74.563331,40.648137],[-74.562889,40.648146],[-74.562254,40.648231],[-74.561921,40.648262],[-74.561285,40.648539],[-74.561002,40.648708],[-74.560669,40.6488],[-74.560526,40.648846],[-74.560457,40.648872],[-74.560012,40.64883],[-74.559826,40.648741],[-74.559778,40.648741],[-74.559689,40.64874],[-74.559566,40.648811],[-74.559339,40.649107],[-74.559323,40.649266],[-74.559229,40.649365],[-74.559106,40.649402],[-74.558901,40.649525],[-74.558503,40.649861],[-74.558444,40.649903],[-74.558286,40.649926],[-74.557973,40.649955],[-74.557802,40.65],[-74.557477,40.650098],[-74.557208,40.650277],[-74.557163,40.650312],[-74.556857,40.650391],[-74.556647,40.65038],[-74.556547,40.65036],[-74.556357,40.650339],[-74.556088,40.650377],[-74.556018,40.650381],[-74.555991,40.650377],[-74.555924,40.650352],[-74.555858,40.650326],[-74.555643,40.650231],[-74.555414,40.650071],[-74.554903,40.649799],[-74.554612,40.649704],[-74.554464,40.649713],[-74.55442,40.649722],[-74.554327,40.64973],[-74.554038,40.649794],[-74.553915,40.649882],[-74.553755,40.649963],[-74.553431,40.650012],[-74.553149,40.650026],[-74.552809,40.650074],[-74.55244,40.650193],[-74.552113,40.650261],[-74.551641,40.650232],[-74.551466,40.650177],[-74.551149,40.650148],[-74.550565,40.650145],[-74.55042,40.650172],[-74.550312,40.650221],[-74.550268,40.650265],[-74.550179,40.650473],[-74.550063,40.650687],[-74.550003,40.650862],[-74.549866,40.650906],[-74.549695,40.65091],[-74.54949,40.650903],[-74.549339,40.650958],[-74.549275,40.651004],[-74.549238,40.651059],[-74.549142,40.651112],[-74.548997,40.65128],[-74.548859,40.651373],[-74.548656,40.651454],[-74.548353,40.651458],[-74.548073,40.651352],[-74.547951,40.651247],[-74.547728,40.651147],[-74.547563,40.651157],[-74.547503,40.651221],[-74.54728,40.65131],[-74.547229,40.651343],[-74.546918,40.651346],[-74.546536,40.651312],[-74.546399,40.651377],[-74.546261,40.651442],[-74.546149,40.651473],[-74.546033,40.65151],[-74.545936,40.651539],[-74.545763,40.651483],[-74.545552,40.651405],[-74.545368,40.651325],[-74.545305,40.651324],[-74.545004,40.651224],[-74.544834,40.651223],[-74.544705,40.651202],[-74.544542,40.651196],[-74.54446,40.651239],[-74.544358,40.651256],[-74.544185,40.651349],[-74.544097,40.651414],[-74.543974,40.651414],[-74.543896,40.651406],[-74.543816,40.651412],[-74.5437,40.651445],[-74.543555,40.6515],[-74.543433,40.651504],[-74.543334,40.651472],[-74.543273,40.65148],[-74.543103,40.651447],[-74.54297,40.651552],[-74.542818,40.651661],[-74.542692,40.651703],[-74.542563,40.65181],[-74.542384,40.651807],[-74.54221,40.65185],[-74.542052,40.651811],[-74.541951,40.651727],[-74.541843,40.651727],[-74.541743,40.651734],[-74.541605,40.651687],[-74.541416,40.651607],[-74.5413,40.651564],[-74.54111,40.651443],[-74.540932,40.651457],[-74.54085,40.651507],[-74.540776,40.651677],[-74.540508,40.651813],[-74.540277,40.651834],[-74.539967,40.651816],[-74.539729,40.651738],[-74.539543,40.651633],[-74.539313,40.651521],[-74.539133,40.651471],[-74.538773,40.651403],[-74.538734,40.651385],[-74.53869,40.651387],[-74.538611,40.651354],[-74.5385,40.651238],[-74.538493,40.65107],[-74.538213,40.650994],[-74.538017,40.650962],[-74.537883,40.650855],[-74.537776,40.650667],[-74.537699,40.650491],[-74.537701,40.650133],[-74.537609,40.650067],[-74.537476,40.650022],[-74.537432,40.649979],[-74.537352,40.64998],[-74.537263,40.64995],[-74.53696,40.649932],[-74.536844,40.650014],[-74.536599,40.650095],[-74.536367,40.650121],[-74.536115,40.650043],[-74.535993,40.650017],[-74.535896,40.649967],[-74.535785,40.649961],[-74.535328,40.650103],[-74.535297,40.650109],[-74.535191,40.650113],[-74.534838,40.650064],[-74.534572,40.649975],[-74.534256,40.649852],[-74.534048,40.649741],[-74.533767,40.649646],[-74.533585,40.649633],[-74.533537,40.649614],[-74.533451,40.649597],[-74.533296,40.649602],[-74.533004,40.649698],[-74.53296,40.64973],[-74.532735,40.649696],[-74.532572,40.649681],[-74.532489,40.649657],[-74.532402,40.649607],[-74.532147,40.649434],[-74.53206,40.649335],[-74.532003,40.649122],[-74.531973,40.648954],[-74.531727,40.648696],[-74.531679,40.648668],[-74.531583,40.648557],[-74.531535,40.648521],[-74.531511,40.648519],[-74.531414,40.648166],[-74.531156,40.64807],[-74.531014,40.648015],[-74.530546,40.64796],[-74.530319,40.647965],[-74.530171,40.647987],[-74.529857,40.648086],[-74.52954,40.648242],[-74.529367,40.648349],[-74.529013,40.648505],[-74.528877,40.648537],[-74.52862,40.64852],[-74.528245,40.648425],[-74.528045,40.648358],[-74.527857,40.648326],[-74.527404,40.648202],[-74.52729,40.648155],[-74.527157,40.648101],[-74.527133,40.648107],[-74.527082,40.648091],[-74.527017,40.648172],[-74.526819,40.648153],[-74.526734,40.64815],[-74.526321,40.648134],[-74.526097,40.648133],[-74.525817,40.648131],[-74.525412,40.648146],[-74.52521,40.648205],[-74.525122,40.648359],[-74.525047,40.648555],[-74.525004,40.648615],[-74.524728,40.648725],[-74.524472,40.648835],[-74.524155,40.649131],[-74.523862,40.649446],[-74.523823,40.649488],[-74.523637,40.649688],[-74.523627,40.649702],[-74.523609,40.649706],[-74.523522,40.649728],[-74.523342,40.649772],[-74.523291,40.649785],[-74.523242,40.649798],[-74.522863,40.649898],[-74.521909,40.649989],[-74.521045,40.649961],[-74.520144,40.649938],[-74.517816,40.650194],[-74.517794,40.650195],[-74.517238,40.650223],[-74.516456,40.650139],[-74.516021,40.65016],[-74.515856,40.650348],[-74.515864,40.65081],[-74.515833,40.650862],[-74.515736,40.651026],[-74.515323,40.651061],[-74.514557,40.650764],[-74.513791,40.650416],[-74.513348,40.650092],[-74.51306,40.649634],[-74.513011,40.649555],[-74.512549,40.649516],[-74.512314,40.649607],[-74.511502,40.650097],[-74.510775,40.650214],[-74.510502,40.650295],[-74.510412,40.650451],[-74.510463,40.650632],[-74.510381,40.651425],[-74.509871,40.65187],[-74.508384,40.652354],[-74.507595,40.652696],[-74.507411,40.652962],[-74.506646,40.654707],[-74.506532,40.655133],[-74.506501,40.655249],[-74.506347,40.655415],[-74.506093,40.655541],[-74.50565,40.655677],[-74.505436,40.655872],[-74.5052,40.656333],[-74.505095,40.656914],[-74.505137,40.657167],[-74.505293,40.657328],[-74.505663,40.657588],[-74.505898,40.657828],[-74.506056,40.658094],[-74.506131,40.658311],[-74.506054,40.658471],[-74.505748,40.65871],[-74.505372,40.658847],[-74.504366,40.659302],[-74.504197,40.659402],[-74.503863,40.659627],[-74.503862,40.659627],[-74.503556,40.659632],[-74.50348,40.659633],[-74.503398,40.659604],[-74.502931,40.659441],[-74.501991,40.658854],[-74.501722,40.658756],[-74.501354,40.658795],[-74.500777,40.658932],[-74.499635,40.659268],[-74.498786,40.659451],[-74.498696,40.659747],[-74.498869,40.660004],[-74.499214,40.660237],[-74.499417,40.660796],[-74.499395,40.661126],[-74.499214,40.661326],[-74.499165,40.661338],[-74.498884,40.661406],[-74.498426,40.661354],[-74.49787,40.661189],[-74.497322,40.661223],[-74.496456,40.661573],[-74.496068,40.66201],[-74.495399,40.662001],[-74.494881,40.661599],[-74.494019,40.66105],[-74.493542,40.661108],[-74.493534,40.66111],[-74.492879,40.661299],[-74.492572,40.661349],[-74.491937,40.661453],[-74.491615,40.661676],[-74.491264,40.662754],[-74.49119,40.663288],[-74.490497,40.663524],[-74.48918,40.663741],[-74.489069,40.663759],[-74.487346,40.663745],[-74.486685,40.663146],[-74.486571,40.662747],[-74.486409,40.662632],[-74.486256,40.662524],[-74.486208,40.66249],[-74.486083,40.662402],[-74.48597,40.662431],[-74.485387,40.662488],[-74.484355,40.663135],[-74.484349,40.663141],[-74.484343,40.663147],[-74.484274,40.663221],[-74.48426,40.663236],[-74.484118,40.663387],[-74.484156,40.663958],[-74.484612,40.665006],[-74.484636,40.66506],[-74.484679,40.665158],[-74.484698,40.665201],[-74.484835,40.665472],[-74.484803,40.665604],[-74.484786,40.665673],[-74.484698,40.6659],[-74.484654,40.665918],[-74.484289,40.666065],[-74.483701,40.666083],[-74.482433,40.666042],[-74.482306,40.666038],[-74.482262,40.666043],[-74.480865,40.666209],[-74.480427,40.666222],[-74.478922,40.666268],[-74.477975,40.666413],[-74.476412,40.666471],[-74.475948,40.666672],[-74.475815,40.667163],[-74.475749,40.667407],[-74.475674,40.667924],[-74.475236,40.668067],[-74.474621,40.667882],[-74.474167,40.668235],[-74.474196,40.668353],[-74.474309,40.668818],[-74.474259,40.668946],[-74.474196,40.669108],[-74.473794,40.669211],[-74.473483,40.66929],[-74.473046,40.669402],[-74.472795,40.66922],[-74.471043,40.668437],[-74.470731,40.668077],[-74.47002,40.667934],[-74.469662,40.667989],[-74.469102,40.668077],[-74.468533,40.668336],[-74.467965,40.668962],[-74.467435,40.669249],[-74.466866,40.669177],[-74.466611,40.669242],[-74.465986,40.669875],[-74.464538,40.670453],[-74.464404,40.670507],[-74.464361,40.670526],[-74.462986,40.671132],[-74.462074,40.671664],[-74.461608,40.672622],[-74.461278,40.673301],[-74.461231,40.673397],[-74.461195,40.673343],[-74.461109,40.673214],[-74.461015,40.673073],[-74.457406,40.66659],[-74.457331,40.66646],[-74.456175,40.663994],[-74.455897,40.663401],[-74.454314,40.659939],[-74.452697,40.656401],[-74.452568,40.656118],[-74.451697,40.654202]]]}},{"type":"Feature","properties":{"zip":"08873","name":"08873"},"geometry":{"type":"Polygon","coordinates":[[[-74.54455,40.554016],[-74.544494,40.554061],[-74.544447,40.554093],[-74.544316,40.554182],[-74.544247,40.554228],[-74.543759,40.554559],[-74.543609,40.554458],[-74.543458,40.554355],[-74.543276,40.554232],[-74.543236,40.554081],[-74.543196,40.553926],[-74.542688,40.553624],[-74.541132,40.553353],[-74.540252,40.553184],[-74.53939,40.552947],[-74.538511,40.552742],[-74.537748,40.552485],[-74.536788,40.552283],[-74.535896,40.552084],[-74.53504,40.551818],[-74.534843,40.551724],[-74.534195,40.551493],[-74.532017,40.550719],[-74.529853,40.549934],[-74.527925,40.549266],[-74.526933,40.54886],[-74.525669,40.548406],[-74.522608,40.547307],[-74.520648,40.546603],[-74.51953,40.546244],[-74.519013,40.546038],[-74.518876,40.545984],[-74.51874,40.545929],[-74.518689,40.545912],[-74.518643,40.545896],[-74.516475,40.545149],[-74.515782,40.544955],[-74.515765,40.544908],[-74.51573,40.54481],[-74.515702,40.544732],[-74.51557,40.544363],[-74.51502,40.543405],[-74.514622,40.542711],[-74.513826,40.541627],[-74.512729,40.540541],[-74.51193,40.539996],[-74.511888,40.539967],[-74.51177,40.539887],[-74.511685,40.539829],[-74.511611,40.539779],[-74.51159,40.539764],[-74.51155,40.539737],[-74.51152,40.539716],[-74.511487,40.539694],[-74.509909,40.538716],[-74.509718,40.538569],[-74.509527,40.538422],[-74.50869,40.537875],[-74.507852,40.537328],[-74.507516,40.53698],[-74.50718,40.536632],[-74.50615,40.53596],[-74.505412,40.53547],[-74.504992,40.535191],[-74.504525,40.53485],[-74.504482,40.534824],[-74.504122,40.534603],[-74.503309,40.534119],[-74.503035,40.533971],[-74.502791,40.533861],[-74.502453,40.533669],[-74.50223,40.533559],[-74.501798,40.533328],[-74.50169,40.533245],[-74.501661,40.533234],[-74.501605,40.533188],[-74.500188,40.532407],[-74.499362,40.531951],[-74.497941,40.531038],[-74.497394,40.53069],[-74.496321,40.529998],[-74.495444,40.529433],[-74.495398,40.529403],[-74.495081,40.528988],[-74.493894,40.527431],[-74.492707,40.525874],[-74.49233,40.525381],[-74.491953,40.524888],[-74.491789,40.524673],[-74.491641,40.524479],[-74.490679,40.52322],[-74.490547,40.523048],[-74.490454,40.522926],[-74.489275,40.521381],[-74.48924,40.521334],[-74.489204,40.521287],[-74.488973,40.520984],[-74.48763,40.519223],[-74.486056,40.517159],[-74.485189,40.516024],[-74.485097,40.515903],[-74.482789,40.512935],[-74.482616,40.512713],[-74.482577,40.512664],[-74.482539,40.512614],[-74.482351,40.512372],[-74.482297,40.512303],[-74.481871,40.512068],[-74.481606,40.511922],[-74.480297,40.511203],[-74.479665,40.511109],[-74.478606,40.510952],[-74.477776,40.510826],[-74.477582,40.510797],[-74.477252,40.510748],[-74.473597,40.510204],[-74.471554,40.509761],[-74.470032,40.509348],[-74.469507,40.509221],[-74.468825,40.509058],[-74.468528,40.508987],[-74.468015,40.508864],[-74.467484,40.508736],[-74.467425,40.508722],[-74.467257,40.508518],[-74.467198,40.508446],[-74.467181,40.508425],[-74.467174,40.508415],[-74.467172,40.508385],[-74.467165,40.508273],[-74.467164,40.508241],[-74.467163,40.508211],[-74.467294,40.508171],[-74.467305,40.508161],[-74.467319,40.508148],[-74.467354,40.508116],[-74.467409,40.508067],[-74.467472,40.507961],[-74.467546,40.507836],[-74.467625,40.507639],[-74.467574,40.507441],[-74.467397,40.507171],[-74.467279,40.506991],[-74.467243,40.506755],[-74.467315,40.506354],[-74.467358,40.505942],[-74.467291,40.505634],[-74.467279,40.505579],[-74.467228,40.505222],[-74.467277,40.505005],[-74.46735,40.504679],[-74.467336,40.504349],[-74.467294,40.504135],[-74.467271,40.50402],[-74.467155,40.503383],[-74.467144,40.503355],[-74.467047,40.503114],[-74.467015,40.503061],[-74.466965,40.502979],[-74.466839,40.502773],[-74.466558,40.502493],[-74.466268,40.502241],[-74.466205,40.502186],[-74.466192,40.502176],[-74.466005,40.50204],[-74.465601,40.501747],[-74.46545,40.50167],[-74.465226,40.501525],[-74.464989,40.501373],[-74.464889,40.501319],[-74.464516,40.501118],[-74.464415,40.501069],[-74.463341,40.500643],[-74.463133,40.500539],[-74.462895,40.500369],[-74.462701,40.500221],[-74.462644,40.500178],[-74.462548,40.500105],[-74.46246,40.50001],[-74.46241,40.499957],[-74.462199,40.499731],[-74.462152,40.499681],[-74.462013,40.499532],[-74.461943,40.499457],[-74.461821,40.499326],[-74.461785,40.499287],[-74.461411,40.499128],[-74.461087,40.498942],[-74.460971,40.498823],[-74.460949,40.4988],[-74.46078,40.498628],[-74.460723,40.498569],[-74.460685,40.49853],[-74.460599,40.4984],[-74.460461,40.498189],[-74.460392,40.498117],[-74.460166,40.497882],[-74.45995,40.49736],[-74.459367,40.496883],[-74.459137,40.496372],[-74.459084,40.496063],[-74.459042,40.495823],[-74.459179,40.495301],[-74.459704,40.494675],[-74.459714,40.494509],[-74.459718,40.494448],[-74.459726,40.494301],[-74.45972,40.494149],[-74.459712,40.493922],[-74.459754,40.493795],[-74.459805,40.493642],[-74.459796,40.493527],[-74.459784,40.493351],[-74.459834,40.493005],[-74.459819,40.492819],[-74.459834,40.492742],[-74.459871,40.492556],[-74.459898,40.492423],[-74.460013,40.492203],[-74.460049,40.491671],[-74.460041,40.491506],[-74.460032,40.491292],[-74.460027,40.491182],[-74.459984,40.491114],[-74.459922,40.491015],[-74.459971,40.49099],[-74.46002,40.490965],[-74.460059,40.490945],[-74.460167,40.490889],[-74.4604,40.490769],[-74.461143,40.490388],[-74.46253,40.48968],[-74.463231,40.489291],[-74.463575,40.489049],[-74.463966,40.488866],[-74.464255,40.48873],[-74.466953,40.487463],[-74.467401,40.487243],[-74.467563,40.487164],[-74.467629,40.487131],[-74.467721,40.487086],[-74.467825,40.487035],[-74.467851,40.487022],[-74.468209,40.486845],[-74.468463,40.486759],[-74.468503,40.486745],[-74.469149,40.486526],[-74.469318,40.486479],[-74.469373,40.486464],[-74.470286,40.486213],[-74.470339,40.486198],[-74.470796,40.486072],[-74.471166,40.485971],[-74.471255,40.485946],[-74.471566,40.485859],[-74.47171,40.485819],[-74.47245,40.485612],[-74.47327,40.485382],[-74.473786,40.485237],[-74.473976,40.485184],[-74.474106,40.485148],[-74.474885,40.48493],[-74.475688,40.484706],[-74.475744,40.48469],[-74.475889,40.484648],[-74.476022,40.484611],[-74.476483,40.484483],[-74.476549,40.484465],[-74.477245,40.484269],[-74.477873,40.484094],[-74.478499,40.483918],[-74.47868,40.483816],[-74.478735,40.483785],[-74.479472,40.48337],[-74.480167,40.482978],[-74.480898,40.482566],[-74.481983,40.481955],[-74.482344,40.481751],[-74.482684,40.48148],[-74.482815,40.481375],[-74.483298,40.480988],[-74.484122,40.480331],[-74.484298,40.480188],[-74.484313,40.480174],[-74.484906,40.47962],[-74.484937,40.479591],[-74.484961,40.479564],[-74.485609,40.478833],[-74.487242,40.47699],[-74.48782,40.476338],[-74.487839,40.476317],[-74.489524,40.474415],[-74.490164,40.473785],[-74.490299,40.473653],[-74.490534,40.473421],[-74.491529,40.472441],[-74.491594,40.472377],[-74.492272,40.47171],[-74.492411,40.471573],[-74.492537,40.47145],[-74.492867,40.471125],[-74.492955,40.471038],[-74.493226,40.47077],[-74.493536,40.470465],[-74.49364,40.470364],[-74.494202,40.469871],[-74.494275,40.469807],[-74.494502,40.469606],[-74.494666,40.469461],[-74.495289,40.468913],[-74.49535,40.468864],[-74.49625,40.468289],[-74.497606,40.467422],[-74.498172,40.46706],[-74.498742,40.466696],[-74.49915,40.466435],[-74.499594,40.466151],[-74.49964,40.466122],[-74.50085,40.465348],[-74.501144,40.46516],[-74.501307,40.465055],[-74.501416,40.464986],[-74.501715,40.464796],[-74.501913,40.46467],[-74.50212,40.464538],[-74.502473,40.464313],[-74.503183,40.463869],[-74.504476,40.463059],[-74.506991,40.461496],[-74.50704,40.461466],[-74.507814,40.460985],[-74.508636,40.460173],[-74.50899,40.459822],[-74.509061,40.459753],[-74.509381,40.459437],[-74.509544,40.459276],[-74.510485,40.458346],[-74.510695,40.458139],[-74.511906,40.457054],[-74.512,40.45697],[-74.512389,40.456621],[-74.514384,40.455287],[-74.514491,40.455215],[-74.515394,40.45461],[-74.51734,40.453306],[-74.517887,40.45294],[-74.518192,40.452732],[-74.518328,40.452639],[-74.518464,40.452546],[-74.518729,40.452366],[-74.518982,40.452194],[-74.519437,40.451885],[-74.520117,40.451427],[-74.520338,40.451278],[-74.520588,40.451053],[-74.520644,40.451002],[-74.520888,40.450781],[-74.521398,40.450249],[-74.521623,40.450013],[-74.521935,40.449687],[-74.522061,40.449555],[-74.522323,40.449282],[-74.522359,40.449244],[-74.522393,40.449209],[-74.522531,40.449065],[-74.522801,40.448783],[-74.52357,40.447981],[-74.52361,40.447939],[-74.523873,40.447664],[-74.525208,40.446269],[-74.52533,40.446141],[-74.525539,40.445923],[-74.52624,40.445192],[-74.526427,40.444997],[-74.526525,40.444895],[-74.526567,40.444851],[-74.526647,40.444767],[-74.52688,40.444593],[-74.527076,40.444447],[-74.527342,40.444248],[-74.527686,40.443991],[-74.528455,40.443417],[-74.528566,40.443334],[-74.528704,40.443231],[-74.529199,40.442861],[-74.529441,40.44268],[-74.52965,40.442547],[-74.530054,40.442289],[-74.531279,40.441508],[-74.531476,40.441383],[-74.531557,40.441435],[-74.531796,40.441623],[-74.532744,40.442507],[-74.533379,40.443092],[-74.534267,40.443874],[-74.534834,40.444363],[-74.534968,40.444469],[-74.535256,40.444647],[-74.535744,40.444881],[-74.535991,40.444543],[-74.536683,40.445098],[-74.536766,40.445312],[-74.537156,40.445476],[-74.538523,40.446058],[-74.5387,40.446133],[-74.539925,40.446654],[-74.541343,40.447259],[-74.542743,40.447851],[-74.543372,40.446953],[-74.543846,40.446343],[-74.543857,40.446328],[-74.543977,40.446168],[-74.544227,40.445834],[-74.544504,40.445562],[-74.544701,40.445335],[-74.544915,40.445122],[-74.544999,40.445068],[-74.545043,40.445065],[-74.545213,40.445068],[-74.545717,40.445198],[-74.545908,40.445213],[-74.54616,40.445198],[-74.546328,40.445167],[-74.546725,40.44503],[-74.547351,40.444755],[-74.548423,40.444216],[-74.550583,40.445068],[-74.55269,40.445902],[-74.553296,40.446157],[-74.554807,40.446733],[-74.555906,40.447181],[-74.556085,40.447269],[-74.5564,40.447465],[-74.556856,40.447831],[-74.557263,40.448108],[-74.557447,40.448225],[-74.558026,40.448473],[-74.559215,40.448942],[-74.559941,40.449251],[-74.560591,40.448336],[-74.560806,40.448034],[-74.561637,40.446963],[-74.563904,40.447947],[-74.567241,40.449387],[-74.568722,40.45001],[-74.567569,40.451627],[-74.567099,40.452287],[-74.567894,40.452614],[-74.574281,40.45537],[-74.575991,40.456092],[-74.576177,40.4562],[-74.576267,40.456312],[-74.576305,40.456427],[-74.576288,40.456605],[-74.576273,40.456631],[-74.575969,40.457006],[-74.575895,40.457112],[-74.575838,40.457287],[-74.575831,40.457446],[-74.575869,40.457565],[-74.575951,40.457664],[-74.576003,40.457703],[-74.576374,40.45791],[-74.577833,40.458618],[-74.579402,40.459404],[-74.581416,40.460396],[-74.581796,40.460588],[-74.582072,40.460761],[-74.582092,40.460799],[-74.582516,40.460821],[-74.582885,40.460841],[-74.58336,40.460541],[-74.584086,40.460062],[-74.58474,40.459664],[-74.58513,40.459385],[-74.585563,40.459143],[-74.585804,40.459019],[-74.586194,40.458794],[-74.58639,40.458706],[-74.587711,40.457896],[-74.587934,40.457652],[-74.588079,40.457625],[-74.588155,40.457649],[-74.588199,40.457662],[-74.588696,40.457772],[-74.588897,40.457782],[-74.589041,40.457764],[-74.58912,40.457783],[-74.589248,40.457808],[-74.589346,40.457864],[-74.589409,40.457892],[-74.589479,40.457901],[-74.589818,40.457911],[-74.590033,40.457849],[-74.590356,40.457877],[-74.590717,40.457986],[-74.590889,40.457987],[-74.59137,40.457926],[-74.591402,40.457925],[-74.591586,40.457918],[-74.591703,40.457941],[-74.591463,40.458087],[-74.590771,40.458558],[-74.590248,40.459102],[-74.589895,40.459438],[-74.588856,40.460385],[-74.587758,40.461296],[-74.587071,40.461705],[-74.585937,40.462212],[-74.585157,40.462548],[-74.584071,40.463024],[-74.583243,40.463428],[-74.58268,40.4638],[-74.582022,40.464411],[-74.581655,40.464775],[-74.581394,40.465038],[-74.581224,40.465219],[-74.580548,40.465664],[-74.580011,40.465961],[-74.57689,40.467184],[-74.576812,40.467219],[-74.576286,40.467453],[-74.575662,40.468159],[-74.574834,40.469039],[-74.573806,40.469976],[-74.573444,40.470296],[-74.573083,40.470617],[-74.572918,40.470763],[-74.572395,40.471369],[-74.572177,40.471742],[-74.572136,40.472115],[-74.572136,40.472524],[-74.572216,40.472758],[-74.572264,40.472897],[-74.57244,40.473031],[-74.572569,40.47313],[-74.573132,40.473436],[-74.573948,40.473798],[-74.574036,40.473816],[-74.574309,40.473933],[-74.574389,40.473968],[-74.574713,40.474128],[-74.575108,40.474296],[-74.575766,40.474669],[-74.575834,40.474769],[-74.575881,40.474839],[-74.575949,40.47494],[-74.576063,40.47511],[-74.576239,40.475721],[-74.576238,40.476296],[-74.576167,40.476648],[-74.57615,40.476737],[-74.575929,40.477419],[-74.575748,40.477755],[-74.575593,40.478077],[-74.575517,40.478384],[-74.575524,40.478437],[-74.575562,40.478731],[-74.575682,40.47894],[-74.575753,40.479043],[-74.575846,40.479203],[-74.576193,40.479757],[-74.576418,40.480099],[-74.576554,40.480508],[-74.576683,40.481182],[-74.57675,40.48209],[-74.576844,40.482607],[-74.577002,40.483207],[-74.577149,40.483505],[-74.577464,40.484243],[-74.577596,40.484601],[-74.578089,40.485524],[-74.57861,40.486311],[-74.57867,40.486385],[-74.578915,40.486693],[-74.579339,40.487367],[-74.579512,40.487884],[-74.579601,40.488148],[-74.579678,40.488319],[-74.57985,40.488908],[-74.579955,40.489163],[-74.580241,40.489856],[-74.58041,40.490148],[-74.580636,40.490501],[-74.580859,40.490962],[-74.580932,40.491102],[-74.581029,40.491289],[-74.581184,40.491554],[-74.581361,40.491883],[-74.581455,40.492069],[-74.581626,40.492442],[-74.581823,40.492806],[-74.582041,40.493148],[-74.582309,40.493524],[-74.582663,40.494048],[-74.583144,40.494716],[-74.583536,40.49516],[-74.583584,40.495214],[-74.583881,40.495656],[-74.58407,40.496075],[-74.584163,40.49663],[-74.584178,40.497117],[-74.584197,40.497388],[-74.584226,40.497554],[-74.584356,40.497818],[-74.584519,40.498121],[-74.584689,40.498342],[-74.584854,40.498586],[-74.585172,40.49912],[-74.585337,40.499407],[-74.585584,40.49977],[-74.585586,40.499788],[-74.585623,40.499771],[-74.585652,40.499758],[-74.585938,40.500137],[-74.586278,40.500724],[-74.586639,40.501257],[-74.586881,40.50178],[-74.58697,40.501985],[-74.587106,40.502324],[-74.587144,40.502744],[-74.587151,40.502829],[-74.587153,40.502846],[-74.587155,40.502876],[-74.587154,40.502892],[-74.587109,40.503516],[-74.587056,40.503855],[-74.586884,40.504097],[-74.586814,40.504195],[-74.586331,40.504609],[-74.585704,40.504908],[-74.584864,40.505264],[-74.583817,40.505546],[-74.582655,40.505885],[-74.582121,40.505999],[-74.581411,40.506151],[-74.580334,40.506577],[-74.579622,40.506926],[-74.578836,40.507311],[-74.57828,40.507786],[-74.578242,40.507821],[-74.578198,40.507863],[-74.577986,40.508045],[-74.577744,40.50835],[-74.577404,40.508873],[-74.57715,40.50937],[-74.577027,40.50961],[-74.576813,40.509978],[-74.57655,40.510624],[-74.576481,40.510791],[-74.576337,40.51147],[-74.57629,40.512524],[-74.576335,40.51282],[-74.576432,40.513463],[-74.576466,40.513645],[-74.576557,40.514048],[-74.576688,40.514091],[-74.576864,40.51418],[-74.576797,40.514309],[-74.576752,40.514377],[-74.576689,40.514504],[-74.576707,40.514604],[-74.57677,40.514822],[-74.577277,40.515471],[-74.577636,40.515911],[-74.578203,40.516447],[-74.578903,40.51683],[-74.579393,40.51711],[-74.580006,40.517438],[-74.580142,40.517489],[-74.580709,40.517702],[-74.581629,40.517968],[-74.582335,40.518153],[-74.582839,40.518244],[-74.583802,40.518419],[-74.584768,40.518609],[-74.585831,40.518869],[-74.586412,40.519025],[-74.587279,40.519435],[-74.588011,40.52004],[-74.588395,40.520679],[-74.588877,40.521359],[-74.589163,40.521883],[-74.589359,40.522413],[-74.589406,40.522649],[-74.589548,40.523365],[-74.589643,40.523852],[-74.589652,40.52422],[-74.589696,40.524521],[-74.589936,40.525195],[-74.589981,40.525834],[-74.589837,40.526215],[-74.589611,40.526693],[-74.589454,40.526886],[-74.589397,40.527084],[-74.589384,40.52748],[-74.589342,40.527848],[-74.58932,40.527916],[-74.589207,40.528272],[-74.588742,40.529031],[-74.588111,40.529968],[-74.588098,40.529987],[-74.58809,40.530001],[-74.588,40.530133],[-74.587904,40.530275],[-74.587682,40.53049],[-74.587222,40.530777],[-74.58718,40.530799],[-74.587053,40.530934],[-74.586809,40.531197],[-74.585779,40.531924],[-74.585198,40.532562],[-74.584391,40.533188],[-74.583848,40.533736],[-74.583681,40.533862],[-74.58267,40.534629],[-74.582221,40.535036],[-74.582064,40.53494],[-74.58185,40.534811],[-74.581794,40.534738],[-74.581771,40.534675],[-74.58175,40.534657],[-74.581749,40.534441],[-74.581842,40.534189],[-74.581857,40.53409],[-74.581814,40.534009],[-74.581764,40.533982],[-74.581627,40.533945],[-74.581259,40.533908],[-74.580468,40.534004],[-74.580345,40.533985],[-74.580043,40.533867],[-74.579842,40.533811],[-74.579802,40.5338],[-74.579677,40.533764],[-74.579558,40.533728],[-74.579369,40.533931],[-74.578788,40.534511],[-74.578736,40.534489],[-74.578479,40.53475],[-74.578343,40.534873],[-74.578297,40.534912],[-74.578123,40.535048],[-74.577914,40.535193],[-74.577267,40.535599],[-74.576614,40.535984],[-74.573112,40.537946],[-74.571498,40.538832],[-74.569676,40.539838],[-74.569416,40.539983],[-74.569089,40.540166],[-74.566348,40.541791],[-74.564912,40.542591],[-74.564451,40.542829],[-74.564335,40.542882],[-74.564115,40.542975],[-74.563241,40.543242],[-74.562882,40.543347],[-74.562199,40.54358],[-74.5621,40.543574],[-74.561875,40.54366],[-74.561682,40.543756],[-74.561422,40.543885],[-74.561104,40.54406],[-74.560878,40.544206],[-74.560751,40.544282],[-74.560197,40.544603],[-74.55987,40.544912],[-74.559576,40.545113],[-74.559572,40.545161],[-74.55936,40.545362],[-74.558415,40.545965],[-74.558354,40.545999],[-74.55821,40.54609],[-74.558012,40.546253],[-74.557934,40.546286],[-74.557896,40.54634],[-74.55781,40.546402],[-74.557939,40.546467],[-74.55811,40.546553],[-74.558598,40.546798],[-74.558203,40.547147],[-74.557104,40.548122],[-74.556033,40.548833],[-74.55494,40.549418],[-74.553946,40.549766],[-74.552255,40.550209],[-74.551419,40.550441],[-74.55114,40.550519],[-74.550376,40.550818],[-74.549383,40.551166],[-74.548009,40.551559],[-74.547433,40.551774],[-74.547073,40.551973],[-74.54671,40.552233],[-74.546369,40.552479],[-74.545514,40.55324],[-74.54455,40.554016]]]}},{"type":"Feature","properties":{"zip":"07076","name":"07076"},"geometry":{"type":"Polygon","coordinates":[[[-74.375498,40.637018],[-74.375211,40.637762],[-74.374929,40.638493],[-74.37465,40.639218],[-74.373969,40.640947],[-74.374077,40.641022],[-74.37327,40.641829],[-74.373657,40.642069],[-74.373959,40.642253],[-74.374122,40.642352],[-74.372853,40.643492],[-74.373192,40.64358],[-74.371828,40.644885],[-74.372027,40.645004],[-74.372131,40.645311],[-74.372385,40.646064],[-74.372634,40.6468],[-74.372934,40.646764],[-74.373723,40.646669],[-74.374682,40.646553],[-74.375764,40.647141],[-74.377775,40.648234],[-74.379094,40.648952],[-74.380128,40.649514],[-74.380699,40.649824],[-74.381342,40.650174],[-74.381569,40.650305],[-74.381961,40.650533],[-74.382699,40.650962],[-74.383703,40.651546],[-74.38468,40.652114],[-74.384797,40.652181],[-74.386026,40.652897],[-74.386745,40.653316],[-74.387555,40.652578],[-74.388559,40.651646],[-74.390066,40.65025],[-74.390013,40.650218],[-74.390664,40.649621],[-74.391999,40.64842],[-74.393629,40.646953],[-74.394264,40.64699],[-74.395189,40.645912],[-74.395098,40.645846],[-74.39532,40.645662],[-74.39521,40.645598],[-74.396597,40.644489],[-74.396948,40.644155],[-74.397369,40.643816],[-74.397511,40.643882],[-74.397552,40.643847],[-74.397541,40.64384],[-74.397805,40.643485],[-74.397959,40.643492],[-74.398577,40.642856],[-74.398652,40.642917],[-74.398702,40.642866],[-74.399253,40.642258],[-74.399385,40.64233],[-74.399981,40.641829],[-74.400085,40.641708],[-74.400191,40.641653],[-74.401749,40.640393],[-74.402081,40.640587],[-74.403102,40.641181],[-74.404108,40.641767],[-74.404989,40.642277],[-74.405959,40.642843],[-74.407331,40.643642],[-74.408264,40.644185],[-74.408252,40.644226],[-74.4081,40.644435],[-74.408086,40.644555],[-74.407833,40.644918],[-74.407711,40.645159],[-74.407639,40.645363],[-74.407487,40.645615],[-74.407477,40.645637],[-74.40735,40.645901],[-74.407297,40.645969],[-74.407097,40.64623],[-74.406973,40.646535],[-74.406964,40.646557],[-74.40691,40.646691],[-74.406888,40.647284],[-74.406635,40.647861],[-74.406549,40.648141],[-74.406563,40.648256],[-74.406559,40.648299],[-74.406555,40.648351],[-74.406534,40.648586],[-74.406522,40.648884],[-74.406519,40.648959],[-74.40657,40.649086],[-74.406692,40.649231],[-74.406706,40.649248],[-74.406749,40.649299],[-74.406829,40.649355],[-74.407006,40.649478],[-74.407025,40.64964],[-74.406944,40.650377],[-74.406944,40.650382],[-74.406879,40.650629],[-74.406821,40.6507],[-74.406591,40.650881],[-74.406252,40.651052],[-74.406014,40.651178],[-74.405826,40.651436],[-74.405638,40.65182],[-74.405516,40.651979],[-74.40548,40.652128],[-74.405372,40.652281],[-74.40527,40.652474],[-74.405141,40.652693],[-74.404809,40.653039],[-74.4047,40.653094],[-74.404441,40.65327],[-74.404217,40.653539],[-74.404131,40.65378],[-74.404168,40.653998],[-74.404174,40.654033],[-74.404174,40.654173],[-74.404174,40.654209],[-74.403892,40.654692],[-74.403829,40.654761],[-74.403698,40.654905],[-74.403495,40.655043],[-74.403308,40.655252],[-74.403048,40.655631],[-74.402716,40.656048],[-74.402694,40.656114],[-74.402694,40.65624],[-74.402662,40.65638],[-74.402629,40.656528],[-74.402593,40.65669],[-74.402535,40.657388],[-74.402578,40.657525],[-74.402766,40.657888],[-74.403162,40.658393],[-74.403205,40.658854],[-74.403176,40.659057],[-74.403111,40.659217],[-74.403003,40.659519],[-74.403046,40.659854],[-74.403031,40.660309],[-74.402872,40.660666],[-74.402547,40.661358],[-74.402403,40.661556],[-74.402309,40.661765],[-74.40223,40.662039],[-74.402172,40.662154],[-74.402049,40.66255],[-74.40202,40.662819],[-74.401847,40.663456],[-74.401839,40.66412],[-74.401897,40.664247],[-74.401926,40.664472],[-74.402005,40.664609],[-74.402214,40.664823],[-74.402546,40.665043],[-74.402734,40.665185],[-74.40288,40.665329],[-74.402955,40.665426],[-74.403099,40.665611],[-74.403118,40.665809],[-74.403134,40.665972],[-74.403144,40.666081],[-74.403252,40.666427],[-74.403353,40.666537],[-74.403468,40.666954],[-74.403496,40.667256],[-74.403396,40.667638],[-74.40157,40.669238],[-74.401591,40.669919],[-74.401576,40.669996],[-74.401597,40.670353],[-74.401605,40.670501],[-74.401541,40.670635],[-74.401012,40.671132],[-74.400386,40.671561],[-74.400068,40.671769],[-74.399671,40.672148],[-74.399419,40.672533],[-74.399253,40.672829],[-74.399144,40.673071],[-74.398935,40.673351],[-74.398704,40.673548],[-74.398466,40.673603],[-74.398033,40.673636],[-74.397975,40.673702],[-74.398004,40.67379],[-74.39817,40.674031],[-74.398155,40.674213],[-74.398033,40.674311],[-74.39786,40.674328],[-74.397247,40.674223],[-74.396872,40.674229],[-74.396756,40.674251],[-74.396619,40.674327],[-74.396605,40.674421],[-74.396633,40.674514],[-74.396604,40.674602],[-74.396547,40.674629],[-74.396294,40.674459],[-74.396208,40.674481],[-74.396164,40.674514],[-74.396193,40.674624],[-74.396229,40.674712],[-74.396164,40.674783],[-74.396078,40.674816],[-74.395905,40.674794],[-74.395861,40.674821],[-74.39589,40.674959],[-74.395854,40.675036],[-74.395818,40.675079],[-74.395558,40.675184],[-74.395183,40.675255],[-74.394793,40.675381],[-74.394534,40.67543],[-74.394079,40.675458],[-74.393971,40.675436],[-74.393538,40.675518],[-74.393257,40.675639],[-74.392701,40.675908],[-74.392377,40.676023],[-74.392009,40.676286],[-74.391742,40.676511],[-74.39146,40.676687],[-74.390392,40.677241],[-74.3897,40.677521],[-74.388856,40.677729],[-74.387701,40.67819],[-74.387621,40.678234],[-74.384931,40.67486],[-74.384081,40.673788],[-74.383277,40.67277],[-74.383073,40.672472],[-74.38546,40.670256],[-74.385106,40.669575],[-74.382077,40.671149],[-74.380239,40.668784],[-74.379896,40.668256],[-74.379397,40.667604],[-74.379359,40.667584],[-74.378993,40.667402],[-74.378958,40.667351],[-74.377105,40.664825],[-74.3766,40.66414],[-74.375622,40.663178],[-74.375084,40.661677],[-74.374694,40.661102],[-74.374194,40.660902],[-74.3741,40.660706],[-74.373888,40.660298],[-74.37381,40.660185],[-74.372994,40.659002],[-74.372794,40.658802],[-74.372138,40.658123],[-74.371911,40.657676],[-74.371037,40.656512],[-74.370864,40.656225],[-74.370625,40.655931],[-74.369826,40.655184],[-74.369514,40.654811],[-74.368197,40.651632],[-74.367697,40.650803],[-74.367202,40.650115],[-74.366763,40.649333],[-74.366717,40.649228],[-74.366363,40.648557],[-74.365758,40.647736],[-74.36544,40.647011],[-74.365206,40.646302],[-74.365128,40.646247],[-74.364898,40.646106],[-74.364842,40.646011],[-74.364494,40.645402],[-74.363953,40.644303],[-74.363801,40.643958],[-74.363389,40.643604],[-74.363388,40.643603],[-74.362898,40.642918],[-74.362804,40.642825],[-74.362458,40.642308],[-74.3624,40.642127],[-74.362392,40.641919],[-74.362441,40.641773],[-74.362126,40.641293],[-74.361885,40.640939],[-74.361426,40.640174],[-74.360969,40.639328],[-74.359636,40.638596],[-74.358905,40.638194],[-74.358778,40.638124],[-74.358111,40.637777],[-74.357138,40.637271],[-74.356247,40.636808],[-74.355689,40.636516],[-74.355411,40.636372],[-74.35451,40.635862],[-74.354021,40.635545],[-74.352674,40.635189],[-74.353028,40.634881],[-74.352979,40.634846],[-74.352893,40.634747],[-74.352154,40.633888],[-74.351617,40.633347],[-74.351251,40.632978],[-74.351142,40.632901],[-74.350747,40.632623],[-74.349741,40.632011],[-74.348512,40.631264],[-74.347391,40.63058],[-74.346967,40.630315],[-74.346774,40.630151],[-74.346,40.629275],[-74.345763,40.629073],[-74.345543,40.628943],[-74.345335,40.628821],[-74.344185,40.628144],[-74.343586,40.627791],[-74.343287,40.627617],[-74.341479,40.626565],[-74.341197,40.62646],[-74.340903,40.62635],[-74.340713,40.626319],[-74.340133,40.62582],[-74.339995,40.625703],[-74.337496,40.6244],[-74.334515,40.627289],[-74.334195,40.627147],[-74.333758,40.62692],[-74.33214,40.626083],[-74.332003,40.626012],[-74.331574,40.62584],[-74.331554,40.625832],[-74.331418,40.625793],[-74.328529,40.624973],[-74.328412,40.624943],[-74.328276,40.624927],[-74.328148,40.624931],[-74.328043,40.624947],[-74.327976,40.624968],[-74.327512,40.624985],[-74.325699,40.625073],[-74.325635,40.625052],[-74.325685,40.625055],[-74.325771,40.625011],[-74.325807,40.624835],[-74.325865,40.624703],[-74.325865,40.62461],[-74.325894,40.6245],[-74.326016,40.624423],[-74.326211,40.624369],[-74.326503,40.623885],[-74.326463,40.623824],[-74.326434,40.623698],[-74.326484,40.623506],[-74.326643,40.623171],[-74.327025,40.622775],[-74.327168,40.622616],[-74.327392,40.622369],[-74.327508,40.622281],[-74.32783,40.622059],[-74.328029,40.621928],[-74.328172,40.621867],[-74.328208,40.621841],[-74.328495,40.62171],[-74.32879,40.621534],[-74.328903,40.621422],[-74.329007,40.62132],[-74.329194,40.620842],[-74.329345,40.62054],[-74.329561,40.620381],[-74.329877,40.620232],[-74.330123,40.620117],[-74.330161,40.620097],[-74.330448,40.619947],[-74.330858,40.619776],[-74.331168,40.619485],[-74.331255,40.619337],[-74.331161,40.619068],[-74.331096,40.619035],[-74.330858,40.618997],[-74.330664,40.618947],[-74.330613,40.618838],[-74.330649,40.618695],[-74.330858,40.618601],[-74.331045,40.618563],[-74.331312,40.618486],[-74.331679,40.618277],[-74.331896,40.618189],[-74.332177,40.618173],[-74.332343,40.618195],[-74.332624,40.618184],[-74.332761,40.618112],[-74.332955,40.617914],[-74.333121,40.617843],[-74.333236,40.617832],[-74.333524,40.617914],[-74.33364,40.617936],[-74.333906,40.617947],[-74.334288,40.617892],[-74.334854,40.617739],[-74.335065,40.617594],[-74.335216,40.61743],[-74.335304,40.617255],[-74.335333,40.617019],[-74.335455,40.616755],[-74.335527,40.616678],[-74.335808,40.616552],[-74.336155,40.616495],[-74.336196,40.616488],[-74.336277,40.616475],[-74.336428,40.616491],[-74.336781,40.616618],[-74.337452,40.616936],[-74.338158,40.617326],[-74.339225,40.617126],[-74.339401,40.616427],[-74.339341,40.615418],[-74.339036,40.614635],[-74.339245,40.614344],[-74.339764,40.613932],[-74.340167,40.613575],[-74.340268,40.613531],[-74.34065,40.613327],[-74.341205,40.613174],[-74.341774,40.613069],[-74.342314,40.612866],[-74.342552,40.612767],[-74.342754,40.612619],[-74.34292,40.612465],[-74.343157,40.612421],[-74.343799,40.612239],[-74.344332,40.612135],[-74.345412,40.611827],[-74.345858,40.61176],[-74.345996,40.611739],[-74.346393,40.611761],[-74.34712,40.611898],[-74.347265,40.611947],[-74.347337,40.611969],[-74.348446,40.611952],[-74.348583,40.611925],[-74.348821,40.611788],[-74.349073,40.61154],[-74.349152,40.611491],[-74.349239,40.611381],[-74.349476,40.611249],[-74.349707,40.611205],[-74.349974,40.611238],[-74.350053,40.611282],[-74.350226,40.611425],[-74.350385,40.61148],[-74.350745,40.611496],[-74.35104,40.611402],[-74.351364,40.611358],[-74.351912,40.611501],[-74.352157,40.611501],[-74.352366,40.611424],[-74.352503,40.611314],[-74.352928,40.611083],[-74.35305,40.610984],[-74.353158,40.610726],[-74.353238,40.610638],[-74.353547,40.610485],[-74.353857,40.610298],[-74.353907,40.610237],[-74.353972,40.610105],[-74.353972,40.609853],[-74.354138,40.609326],[-74.354289,40.609018],[-74.354505,40.608677],[-74.354793,40.608309],[-74.355138,40.607881],[-74.355721,40.607244],[-74.356002,40.606881],[-74.356506,40.606151],[-74.357089,40.605381],[-74.357377,40.60503],[-74.357622,40.604794],[-74.358191,40.604184],[-74.358357,40.604025],[-74.35894,40.603667],[-74.359118,40.603539],[-74.367494,40.602803],[-74.372722,40.60231],[-74.372794,40.602303],[-74.373841,40.602221],[-74.374594,40.602162],[-74.375082,40.602124],[-74.37602,40.60205],[-74.377691,40.60192],[-74.377704,40.601919],[-74.377711,40.601918],[-74.377823,40.601909],[-74.377894,40.601903],[-74.379055,40.601845],[-74.379082,40.601844],[-74.379089,40.601843],[-74.379112,40.601842],[-74.379172,40.601839],[-74.379215,40.601837],[-74.37931,40.601832],[-74.381573,40.601719],[-74.381894,40.601703],[-74.384048,40.601554],[-74.384769,40.601504],[-74.384794,40.601503],[-74.385538,40.601503],[-74.385594,40.601503],[-74.386196,40.60148],[-74.387187,40.601442],[-74.388195,40.601403],[-74.388838,40.601369],[-74.388845,40.601369],[-74.388873,40.601367],[-74.389772,40.60132],[-74.389941,40.601311],[-74.390095,40.601303],[-74.391672,40.601137],[-74.391995,40.601103],[-74.39202,40.601101],[-74.393204,40.60101],[-74.393466,40.60099],[-74.393478,40.600989],[-74.393497,40.600988],[-74.393537,40.600985],[-74.393641,40.600977],[-74.393676,40.600974],[-74.394418,40.600917],[-74.394595,40.600903],[-74.394634,40.600901],[-74.394697,40.601051],[-74.394818,40.601308],[-74.39487,40.601418],[-74.39489,40.60147],[-74.394924,40.601559],[-74.395012,40.601825],[-74.395181,40.602338],[-74.395268,40.602679],[-74.395297,40.60288],[-74.395311,40.60297],[-74.395311,40.603194],[-74.39531,40.603378],[-74.395289,40.604147],[-74.395264,40.605008],[-74.395266,40.605119],[-74.395272,40.605433],[-74.395304,40.605707],[-74.395379,40.60594],[-74.395478,40.606182],[-74.395597,40.606398],[-74.395739,40.606571],[-74.39578,40.606622],[-74.395874,40.606736],[-74.396327,40.607289],[-74.396382,40.607356],[-74.397151,40.608054],[-74.397253,40.608146],[-74.397329,40.608218],[-74.396106,40.609202],[-74.395948,40.60934],[-74.395866,40.609443],[-74.395839,40.609568],[-74.395844,40.60966],[-74.396045,40.609893],[-74.395971,40.610432],[-74.394461,40.613256],[-74.393095,40.616002],[-74.392702,40.61728],[-74.390867,40.619573],[-74.39079,40.61967],[-74.390493,40.620497],[-74.390432,40.620549],[-74.390276,40.62068],[-74.390235,40.620704],[-74.3898,40.622079],[-74.389219,40.623487],[-74.38841,40.624203],[-74.387211,40.625334],[-74.385606,40.626848],[-74.385213,40.627218],[-74.384072,40.628295],[-74.383845,40.628509],[-74.382808,40.629488],[-74.382791,40.629504],[-74.382902,40.629567],[-74.384457,40.630453],[-74.382692,40.632171],[-74.382521,40.632301],[-74.382333,40.632417],[-74.38213,40.632517],[-74.381915,40.632601],[-74.381689,40.632667],[-74.381457,40.632714],[-74.379954,40.633193],[-74.379736,40.633288],[-74.37933,40.633404],[-74.379177,40.633462],[-74.379038,40.633541],[-74.378684,40.63377],[-74.378622,40.633811],[-74.378274,40.634067],[-74.378173,40.634142],[-74.377851,40.634381],[-74.377484,40.634627],[-74.37717,40.634842],[-74.377031,40.634958],[-74.376863,40.635137],[-74.376326,40.63571],[-74.375777,40.636295],[-74.375498,40.637018]]]}}]}
